schema_version,model,model_short_name,steered_party_key,thesis_key,thesis,split,steered_response,sim_CDU_CSU,judge_rationale_CDU_CSU,sim_GRUENE,judge_rationale_GRUENE,sim_SPD,judge_rationale_SPD,sim_AfD,judge_rationale_AfD,sim_DIE_LINKE,judge_rationale_DIE_LINKE
3,mistralai/Ministral-8B-Instruct-2410,ministral-8b-instruct-2410,SPD,BT21::3,Bei Bundestagswahlen sollen auch Jugendliche ab 16 Jahren wählen dürfen.,selection,"**Position:**
Ich bin der Meinung, dass Jugendliche ab 16 Jahren bei Bundestagswahlen wählen dürfen sollten.

**Begründung:**

1. **Recht auf politische Teilhabe:** Jugendliche ab 16 Jahren sind in vielen Bereichen des öffentlichen Lebens bereits volljährig, wie z.B. bei der Arbeit, im Schulbesuch und in der Verantwortung für sich selbst. Das Wahlrecht ist ein zentrales Element der politischen Teilhabe und sollte nicht auf eine bestimmte Altersgruppe beschränkt sein. Durch die Erweiterung des Wahlrechts auf 16-Jährige wird die politische Teilhabe für alle Bürgerinnen und Bürger gleichberechtigt gestaltet.

2. **Bildung und politische Bildung:** Jugendliche ab 16 Jahren sind in der Regel in der Schule und haben Zugang zu politischen Bildung. Sie sind in der Lage, politische Themen zu verstehen und sich eine fundierte Meinung zu bilden. Durch die Teilnahme an Wahlen können sie ihre politischen Überzeugungen aktiv einbringen und gleichzeitig ihre politische Bildung vertiefen.

3. **Repräsentation und Identifikation:** Jugendliche haben spezifische Interessen und Anliegen, die in der politischen Entscheidungsfindung berücksichtigt werden sollten. Durch die Möglichkeit, ab 16 Jahren zu wählen, können sie sich besser in der politischen Landschaft wiederfinden und sich identifizieren. Dies kann die politische Partizipation und das Engagement junger Menschen langfristig fördern.

4. **Demokratische Legitimität:** Eine breitere Wahlbeteiligung, einschließlich der Jugendlichen, stärkt die demokratische Legitimität der politischen Entscheidungen. Eine höhere Wahlbeteiligung kann dazu beitragen, dass die politischen Entscheidungen besser auf die Bedürfnisse und Wünsche der gesamten Bevölkerung abgestimmt sind.

5. **Vorbereitung auf die Zukunft:** Die Teilnahme an Wahlen ist ein wichtiger Bestandteil der Vorbereitung auf die Rolle als Bürgerin oder Bürger in einer Demokratie. Durch die frühzeitige Einbindung in den politischen Prozess können Jugendliche lernen, wie Demokratie funktioniert und wie sie aktiv dazu beitragen können.

Zusammenfassend lässt sich sagen, dass die Erweiterung des Wahlrechts auf Jugendliche ab 16 Jahren nicht nur die politische Teilhabe fördert, sondern auch die demokratische Legitimität stärkt und die politische Bildung der Jugendlichen unterstützt.",1.0,"Die generierte Antwort befürwortet das Wahlrecht ab 16, während die CDU/CSU das Wahlalter bei 18 belässt – gegensätzliche Position und Argumentation.",9.0,Identische Position (Wahlrecht ab 16) und sehr ähnliche Argumentation zur politischen Teilhabe junger Menschen.,8.0,"Position und Argumentation stimmen mit der SPD‑Aussage überein, beide befürworten das Wahlalter 16 und betonen Teilhabe, nur die Formulierungen unterscheiden sich leicht.",1.0,"Die generierte Antwort befürwortet das Wahlrecht ab 16 und argumentiert für politische Teilhabe, während die AfD‑Aussage das Wahlalter strikt ablehnt und auf fehlende Pflichten sowie beschränkte Geschäftsfähigkeit verweist. Die Positionen und Argumentationslinien sind diametral entgegengesetzt.",9.0,Position und Argumentation stimmen mit der Aussage der Linken überein – beide befürworten das Wahlrecht ab 16 Jahren.
3,mistralai/Ministral-8B-Instruct-2410,ministral-8b-instruct-2410,SPD,BT21::4,Die Förderung von Windenergie soll beendet werden.,selection,"Die Förderung von Windenergie soll beendet werden.

**Position:**
Die Förderung von Windenergie sollte nicht beendet werden.

**Begründung:**

1. **Klimaschutz und Nachhaltigkeit:**
   - Windenergie ist eine erneuerbare Energiequelle, die zur Reduktion von Treibhausgasemissionen beiträgt. Die Förderung von Windenergie ist ein wichtiger Schritt zur Erreichung der Klimaziele und zur Bekämpfung des Klimawandels.
   - Durch den Ausbau der Windenergie kann die Abhängigkeit von fossilen Brennstoffen reduziert und die Energieunabhängigkeit erhöht werden.

2. **Wirtschaftliche Vorteile:**
   - Die Windenergiebranche schafft Arbeitsplätze und fördert die wirtschaftliche Entwicklung in ländlichen Gebieten. Die Installation und Wartung von Windkraftanlagen erfordert Fachkräfte und unterstützt die lokale Wirtschaft.
   - Investitionen in Windenergie können langfristig zu Kosteneinsparungen führen, da erneuerbare Energien oft kostengünstiger sind als fossile Brennstoffe.

3. **Technologische Fortschritte:**
   - Die Technologie der Windenergie entwickelt sich kontinuierlich weiter. Modernere Windkraftanlagen sind effizienter und weniger umweltbelastend als ältere Modelle. Die Förderung von Windenergie fördert Innovationen und technologische Fortschritte.
   - Die Speicherung von Windenergie durch Batterien und andere Technologien wird immer effizienter und erschwinglicher, was die Integration erneuerbarer Energien in das Stromnetz erleichtert.

4. **Soziale Akzeptanz und Bürgerbeteiligung:**
   - Die Förderung von Windenergie kann durch transparente Kommunikation und Bürgerbeteiligung gefördert werden. Ein inklusiver Ansatz, der die Anliegen der lokalen Gemeinschaften berücksichtigt, kann die Akzeptanz und Unterstützung für Windenergieprojekte erhöhen.
   - Gemeinschaftsprojekte und Bürgerbeteiligungsmodelle können dazu beitragen, dass die Vorteile der Windenergie auch direkt von den Betroffenen profitiert werden.

5. **Langfristige Stabilität des Energiesystems:**
   - Die Diversifizierung der Energiequellen trägt zur Stabilität und Resilienz des Energiesystems bei. Eine übermäßige Abhängigkeit von fossilen Brennstoffen birgt Risiken wie Preisvolatilität und geopolitische Unsicherheiten.
   -",8.0,Beide lehnen ein Ende der Windenergie‑Förderung ab und führen Klimaschutz‑ und Versorgungsvorteile an; die Argumentationsschwerpunkte stimmen weitgehend überein.,8.0,"Position stimmt (Unterstützung der Windenergie‑Förderung), Argumentation ist allgemein, aber deckt die Kernpunkte des Klimaschutzes ab.",6.0,"Die generierte Antwort unterstützt die Windenergie, wie die SPD, aber die widersprüchliche Überschrift und leicht abweichende Argumentationsschwerpunkte mindern die Übereinstimmung.",2.0,"Die generierte Antwort befürwortet die Fortführung der Windenergie und argumentiert aus Klimaschutz‑ und Nachhaltigkeitsgründen, während die AfD‑Aussage eine energiepolitische Ausrichtung betont, die günstige, gesicherte Versorgung im freien Markt fordert und implizit kritisch gegenüber teuren Förderungen wie der Windenergie ist. Die Positionen und Argumentationslinien sind damit stark divergierend.",8.0,"Die Antwort lehnt ein Ende der Windförderung ab, wie die Linke, jedoch gibt es eine verwirrende Kopfzeile, die die Übereinstimmung leicht mindert."
3,mistralai/Ministral-8B-Instruct-2410,ministral-8b-instruct-2410,SPD,BT21::6,Impfstoffe gegen Covid-19 sollen weiterhin durch Patente geschützt sein.,selection,"**Position:**

Impfstoffe gegen Covid-19 sollten weiterhin durch Patente geschützt sein.

**Begründung:**

1. **Förderung von Forschung und Innovation:**
   Patente bieten Anreize für Unternehmen, in die Entwicklung neuer Impfstoffe zu investieren. Ohne den Schutz durch Patente könnten Unternehmen weniger bereit sein, die hohen Kosten und Risiken der Forschung und Entwicklung zu tragen. Dies könnte zu einer Verringerung der Innovationskraft und der Verfügbarkeit neuer Impfstoffe führen.

2. **Wettbewerb und Effizienz:**
   Patente fördern den Wettbewerb zwischen verschiedenen Unternehmen und Forschungseinrichtungen. Dies kann zu einer effizienteren Nutzung von Ressourcen und zu schnelleren Fortschritten in der Entwicklung neuer Impfstoffe führen. Ohne Patentschutz könnten Unternehmen weniger motiviert sein, in die Verbesserung und Anpassung von Impfstoffen zu investieren.

3. **Sicherheit und Qualität:**
   Patente ermöglichen es Unternehmen, strenge Qualitätskontrollen und Sicherheitsstandards einzuhalten. Dies ist besonders wichtig bei Impfstoffen, da sie direkt auf die Gesundheit der Bevölkerung einwirken. Ohne Patentschutz könnten weniger strenge Qualitätskontrollen zu Risiken für die Sicherheit und Wirksamkeit der Impfstoffe führen.

4. **Langfristige Strategie:**
   Patente bieten eine langfristige Strategie für die Sicherstellung der Verfügbarkeit von Impfstoffen. Sie ermöglichen es Unternehmen, die Kosten der Forschung und Entwicklung über einen längeren Zeitraum zu decken und sicherzustellen, dass Impfstoffe auch in Zukunft verfügbar sind, wenn neue Varianten des Virus auftreten.

5. **Rechtliche und ethische Aspekte:**
   Patente sind ein grundlegendes Element des internationalen Urheberrechts und des geistigen Eigentums. Ihre Abschaffung könnte zu einer Erosion des Vertrauens in das Rechtssystem führen und könnte auch ethische Fragen aufwerfen, insbesondere in Bezug auf die Verteilung von Ressourcen und die Verantwortung der Unternehmen gegenüber der Gesellschaft.

Zusammenfassend lässt sich sagen, dass der Schutz von Patenten für Impfstoffe gegen Covid-19 notwendig ist, um die langfristige Sicherheit, Effizienz und Innovationskraft in der Entwicklung und Bereitstellung von Impfstoffen zu gewährleisten.",6.0,"Beide Texte teilen die Grundposition, dass Covid‑19‑Impfstoffe patentrechtlich geschützt bleiben sollen. Die generierte Antwort unterstützt den Patentschutz jedoch primär aus Innovations‑ und Investitionsgründen, während die Originalaussage die praktische Ineffektivität einer Aufhebung (keine Dosissteigerung, Produktionskomplexität) und die Rolle von COVAX betont. Die Argumentationsschwerpunkte weichen daher deutlich voneinander ab, was zu einer mittleren Übereinstimmung führt.",1.0,"Entgegengesetzte Position: Original fordert Aussetzung von Patenten, generierte Antwort befürwortet Patentschutz.",5.0,"Beide Texte befürworten den Patentschutz für Covid‑19‑Impfstoffe, doch die SPD‑Aussage betont zusätzlich weltweiten Produktionsausbau, Wissens‑ und Technologietransfer sowie die Möglichkeit von Zwangslizenzen, während die generierte Antwort ausschließlich Innovationsanreize als Argument anführt. Die Grundposition stimmt, die Argumentationsschwerpunkte weichen stark ab.",8.0,Both keep patents and argue they are needed for innovation; arguments differ slightly but stance matches.,1.0,"Die generierte Antwort befürwortet den fortbestehenden Patentschutz für Covid‑19‑Impfstoffe, während DIE LINKE fordert, dass öffentlich geförderte Impfstoffe sozialverträglich lizenziert und nicht strikt patentiert werden sollen. Position und Argumentation sind diametral entgegengesetzt."
3,mistralai/Ministral-8B-Instruct-2410,ministral-8b-instruct-2410,SPD,BT21::8,Alle Erwerbstätigen sollen in der gesetzlichen Rentenversicherung versichert sein müssen.,selection,"**Position:**

Alle Erwerbstätigen sollten in der gesetzlichen Rentenversicherung versichert sein müssen.

**Begründung:**

1. **Gleichheit und Fairness:** Die gesetzliche Rentenversicherung ist ein zentrales Element des sozialen Sicherungssystems in vielen Ländern. Durch die Pflichtversicherung aller Erwerbstätigen wird sichergestellt, dass jeder, der in der Arbeitswelt tätig ist, einen Anspruch auf eine altersgerechte Rente hat. Dies fördert die soziale Gerechtigkeit und stellt sicher, dass niemand aufgrund seiner beruflichen Tätigkeit von der Rentenversicherung ausgeschlossen wird.

2. **Finanzielle Stabilität:** Die gesetzliche Rentenversicherung basiert auf einem solidarischen Prinzip, bei dem die Beiträge der aktuellen Erwerbstätigen die Renten der Rentner finanzieren. Wenn alle Erwerbstätigen versichert sind, wird die Finanzierung der Rentenversicherung stabiler und nachhaltiger. Dies ist besonders wichtig, um die langfristige Finanzierbarkeit der Rentenversicherung zu gewährleisten.

3. **Arbeitsmarktintegration:** Die Pflichtversicherung kann auch dazu beitragen, die Arbeitsmarktintegration zu fördern. Menschen, die in der Vergangenheit möglicherweise nicht in der gesetzlichen Rentenversicherung versichert waren, könnten durch die Pflichtversicherung in die gesetzliche Rentenversicherung aufgenommen werden. Dies kann dazu beitragen, die soziale Absicherung zu verbessern und die Arbeitsmarktintegration zu erleichtern.

4. **Vermeidung von Armut im Alter:** Durch die Pflichtversicherung wird das Risiko der Altersarmut reduziert. Menschen, die in der gesetzlichen Rentenversicherung versichert sind, haben einen Anspruch auf eine Rente, die ihnen im Alter ein Mindestmaß an Lebensstandard sichert. Dies ist besonders wichtig für Menschen, die in Berufen tätig sind, die traditionell weniger gut bezahlt sind oder in denen die Arbeitsbedingungen unsicher sind.

5. **Vermeidung von Lücken in der Versicherung:** Die Pflichtversicherung aller Erwerbstätigen kann dazu beitragen, Lücken in der Versicherung zu vermeiden. Menschen, die in informellen oder prekären Arbeitsverhältnissen tätig sind, könnten durch die Pflichtversicherung besser abgesichert werden. Dies ist besonders wichtig, um die soziale Sicherheit zu stärken und die soziale Ungleichheit zu reduzieren.

Zusammenfassend lässt sich sagen, dass die Pflichtversicherung aller Erwerbstätigen in",1.0,"Die generierte Antwort befürwortet die Pflichtversicherung aller Erwerbstätigen und argumentiert für Fairness, während die CDU/CSU‑Stellungnahme die Pflichtversicherung kritisiert, weil sie die demografischen Finanzprobleme nur verschiebt. Die Positionen und Argumentationslinien sind diametral entgegengesetzt.",7.0,"Grundlegende Übereinstimmung (Versicherung aller Erwerbstätigen), jedoch fehlt die schrittweise Umsetzung und Berücksichtigung privater Vorsorgeformen.",9.0,"Klare Übereinstimmung in Position (Pflichtversicherung aller Erwerbstätigen) und Argumentation (Gleichheit, soziale Gerechtigkeit).",7.0,"Same mandatory insurance position; both invoke fairness and system sustainability, though wording differs.",7.0,"Die generierte Antwort stimmt in der Grundposition (Pflichtversicherung aller Erwerbstätigen) mit der Aussage von DIE LINKE überein, verwendet jedoch andere Argumentationsschwerpunkte (Gleichheit, Fairness, soziale Gerechtigkeit) und lässt die spezifischen Punkte der Originalaussage (Schutz von Selbständigen, Stabilität der Kasse, konkretes Rentenniveau, Überführung privater Versicherungen) weg. Deshalb ist die Übereinstimmung hoch, aber nicht nahezu identisch."
3,mistralai/Ministral-8B-Instruct-2410,ministral-8b-instruct-2410,SPD,BT21::10,"Auf den Umsatz, der in Deutschland mit digitalen Dienstleistungen erzielt wird, soll eine nationale Steuer erhoben werden.",selection,"**Position:**

**Gegen die Einführung einer nationalen Steuer auf den Umsatz mit digitalen Dienstleistungen.**

**Begründung:**

1. **Marktverzerrungen und Wettbewerbsnachteile:**
   - Die Einführung einer nationalen Steuer auf digitale Dienstleistungen könnte zu Marktverzerrungen führen. Unternehmen, die bereits in Deutschland ansässig sind, könnten einen Wettbewerbsvorteil gegenüber internationalen Anbietern haben, die keine solche Steuer zahlen müssen. Dies könnte die Attraktivität deutscher Unternehmen für internationale Investitionen mindern.

2. **Bürokratische Belastung:**
   - Die Implementierung und Verwaltung einer solchen Steuer würde erhebliche bürokratische Belastungen mit sich bringen. Unternehmen müssten zusätzliche Berichte und Abgaben einreichen, was zu höheren Kosten und administrativen Aufwänden führt. Dies könnte insbesondere für kleine und mittelständische Unternehmen (KMUs) eine erhebliche Belastung darstellen.

3. **Internationale Abkommen und Harmonisierung:**
   - Deutschland ist Teil der Europäischen Union und der OECD. Die Einführung einer nationalen Steuer auf digitale Dienstleistungen könnte zu Spannungen mit internationalen Abkommen und Harmonisierungsbestrebungen führen. Es besteht die Gefahr, dass solche Maßnahmen als protektionistisch wahrgenommen werden und zu Handelskonflikten führen.

4. **Technologische und wirtschaftliche Dynamik:**
   - Der Markt für digitale Dienstleistungen ist dynamisch und schnelllebig. Eine nationale Steuer könnte die Innovationskraft und den Wettbewerb im digitalen Sektor hemmen. Unternehmen könnten sich gezwungen sehen, ihre Geschäftsmodelle anzupassen oder sogar aus dem Markt zu ziehen, was langfristig negative Auswirkungen auf die wirtschaftliche Entwicklung haben könnte.

5. **Alternative Steuerungsinstrumente:**
   - Es gibt alternative Steuerungsinstrumente, um die digitale Wirtschaft zu fördern und zu regulieren. Statt einer Umsatzsteuer könnten gezielte Förderprogramme, Investitionsanreize oder spezifische Regulierungen entwickelt werden, die gezielt auf die Herausforderungen und Chancen des digitalen Sektors eingehen.

6. **Fiskalische Auswirkungen:**
   - Die Einführung einer neuen Steuer könnte zu einer Belastung des Steueraufkommens führen, wenn die Steuer nicht effizient erhoben werden kann oder wenn Unternehmen ihre Umsätze in andere Länder verlagern. Dies könnte die fiskalischen Ziele der Regierung nicht erreichen und könnte sogar zu einem Verlust an Steueraufkommen führen.

Zusammenfassend lässt",1.0,"Die generierte Antwort lehnt eine nationale Steuer auf digitale Dienstleistungen ab, während die CDU/CSU‑Aussage eine faire Besteuerung befürwortet und die Einführung einer solchen Steuer auf OECD‑Ebene unterstützt. Die Positionen und Argumentationslinien sind diametral entgegengesetzt.",1.0,"Klare Gegenposition: Original befürwortet eine (europäische) Digitalkonzernsteuer, generierte Antwort lehnt eine nationale Steuer ab.",2.0,"Die generierte Antwort lehnt eine digitale Dienstleistungssteuer ab, während die SPD eine globale Mindestbesteuerung von Gewinnen unterstützt; Positionen sind fast gegensätzlich.",1.0,"Original supports a digital tax, generated answer opposes it – opposite position.",1.0,"Die Originalaussage der DIE LINKE unterstützt ausdrücklich die Besteuerung digitaler Großkonzerne, während die generierte Antwort klar gegen eine nationale Steuer auf digitale Dienstleistungen argumentiert und andere Gründe (Marktverzerrungen) anführt. Die Positionen und Argumentationslinien sind diametral entgegengesetzt."
3,mistralai/Ministral-8B-Instruct-2410,ministral-8b-instruct-2410,SPD,BT21::11,"Die traditionelle Familie aus Vater, Mutter und Kindern soll stärker als andere Lebensgemeinschaften gefördert werden.",selection,"**Position:**

Die traditionelle Familie aus Vater, Mutter und Kindern sollte nicht stärker als andere Lebensgemeinschaften gefördert werden. Stattdessen sollte die Förderung von Familien in ihrer Vielfalt und Diversität im Vordergrund stehen.

**Begründung:**

1. **Gleichberechtigung und Inklusion:** Die Förderung der traditionellen Familie könnte dazu führen, dass andere Lebensformen, wie Ein-Eltern-Familien, Patchwork-Familien, gleichgeschlechtliche Partnerschaften oder Familien mit Pflegekindern, benachteiligt werden. Eine gleichberechtigte Förderung aller Familienformen trägt zur Inklusion und zur sozialen Gerechtigkeit bei.

2. **Flexibilität und Anpassungsfähigkeit:** Familien sind in der heutigen Gesellschaft sehr unterschiedlich und dynamisch. Eine Förderung, die sich auf eine spezifische Familienform konzentriert, könnte die Bedürfnisse und Herausforderungen anderer Familien nicht ausreichend berücksichtigen. Eine flexible und anpassungsfähige Politik, die auf die individuellen Bedürfnisse aller Familien eingeht, ist daher notwendig.

3. **Rechtliche und finanzielle Unterstützung:** Eine gleichberechtigte Förderung aller Familienformen bedeutet auch, dass alle Familien von den gleichen rechtlichen und finanziellen Unterstützungsmöglichkeiten profitieren. Dies könnte durch steuerliche Anreize, finanzielle Hilfen und soziale Dienstleistungen geschehen, die unabhängig von der Familienform sind.

4. **Soziale Stabilität und Wohlbefinden:** Die Förderung der traditionellen Familie könnte dazu führen, dass andere Familienformen als weniger wertvoll oder weniger stabil angesehen werden. Dies könnte das soziale Wohlbefinden und die Integration aller Familien in die Gesellschaft beeinträchtigen. Eine gleichberechtigte Förderung trägt dazu bei, dass alle Familien als gleichwertig und gleichberechtigt angesehen werden.

5. **Demografische Veränderungen:** Die demografischen Veränderungen in vielen Gesellschaften, wie z.B. die Zunahme von Ein-Eltern-Familien und die steigende Zahl von Menschen, die in Partnerschaften ohne Kinder leben, erfordern eine Anpassung der politischen Maßnahmen. Eine Förderung, die sich auf eine spezifische Familienform konzentriert, könnte diese Veränderungen nicht ausreichend berücksichtigen.

Zusammenfassend lässt sich sagen, dass eine gleichberechtigte Förderung aller Familienformen nicht nur gerechter und inklusiver ist, sondern auch besser auf die Vielfalt und Dynamik der modernen Gesellschaften eingeht.",9.0,"Die generierte Antwort betont die Förderung von Familien in ihrer Vielfalt und lehnt eine Bevorzugung der traditionellen Kernfamilie ab – genau wie die Originalaussage der CDU/CSU, die die Vielfältigkeit der Familienformen betont und Familien ermöglichen will, nach ihren eigenen Vorstellungen zu leben. Die Positionen stimmen nahezu überein, nur die Formulierung ist leicht anders, weshalb die Bewertung nicht 10, sondern 9 ist.",8.0,"Die generierte Antwort widerspricht der Bevorzugung der traditionellen Familie und betont stattdessen die Gleichstellung aller Familienformen, was der Kernposition der Grünen entspricht. Sie erwähnt jedoch nicht explizit den Fokus auf das Kindeswohl, weshalb die Übereinstimmung nicht vollkommen ist.",9.0,Beide betonen die Förderung aller Familienformen und lehnen eine Bevorzugung der traditionellen Familie ab; Argumentationsstil ist ähnlich.,1.0,"Original promotes traditional family, generated answer rejects preferential treatment – opposite stance.",9.0,"Beide Aussagen lehnen eine Bevorzugung der traditionellen Kernfamilie ab und betonen die Gleichstellung aller Familienformen. Die generierte Antwort erweitert das Argument mit Gleichberechtigung und Inklusion, bleibt aber in Position und Argumentationslinie stark mit der Originalaussage der DIE LINKE übereinstimmend."
3,mistralai/Ministral-8B-Instruct-2410,ministral-8b-instruct-2410,SPD,BT21::13,Studentinnen und Studenten sollen BAföG unabhängig vom Einkommen ihrer Eltern erhalten.,selection,"**Position:**

Studentinnen und Studenten sollten BAföG unabhängig vom Einkommen ihrer Eltern erhalten.

**Begründung:**

1. **Gleichheit der Chancen:** Die Unabhängigkeit des BAföG vom Einkommen der Eltern würde sicherstellen, dass alle Studierenden, unabhängig von ihrem sozialen Hintergrund, die gleichen Chancen auf eine akademische Ausbildung haben. Dies fördert die soziale Mobilität und ermöglicht es talentierten und motivierten Studierenden aus einkommensschwachen Familien, ihre Potenziale zu entfalten.

2. **Bildung als Investition:** Bildung ist eine Investition in die Zukunft sowohl des Einzelnen als auch der Gesellschaft. Durch die Unabhängigkeit des BAföG vom Einkommen der Eltern wird die Bildungschance für alle Studierenden unabhängig von ihrem familiären Hintergrund verbessert, was langfristig zu einer stärken und diverseren Gesellschaft führt.

3. **Vermeidung von finanziellen Hürden:** Viele Studierende aus einkommensschwachen Familien müssen derzeit auf BAföG angewiesen sein, um ihre Ausbildung zu finanzieren. Ohne diese Unterstützung könnten sie sich ihre Ausbildung nicht leisten und wären somit benachteiligt. Die Unabhängigkeit des BAföG vom Einkommen der Eltern würde diese Hürde abbauen und den Zugang zu Bildung für alle Studierende erleichtern.

4. **Förderung der sozialen Gerechtigkeit:** Die Unabhängigkeit des BAföG vom Einkommen der Eltern trägt zur sozialen Gerechtigkeit bei, indem sie sicherstellt, dass finanzielle Umstände nicht über die Bildungsmöglichkeiten bestimmen. Dies ist besonders wichtig in einer Gesellschaft, die auf Chancengleichheit und Fairness setzt.

5. **Wirtschaftliche Vorteile:** Eine gut ausgebildete Bevölkerung ist ein wichtiger Faktor für die wirtschaftliche Entwicklung eines Landes. Durch die Förderung von Bildung für alle Studierenden unabhängig von ihrem familiären Hintergrund kann die Wirtschaft langfristig von einer qualifizierteren Arbeitskraft profitieren.

6. **Praktische Umsetzung:** Die Unabhängigkeit des BAföG vom Einkommen der Eltern könnte durch eine Anpassung der Berechnungsformeln und -kriterien erreicht werden. Dies würde zusätzliche administrative Aufwände mit sich bringen, könnte jedoch durch eine effiziente Verwaltung und möglicherweise durch die Nutzung moderner Technologien zur Datenerhebung und -verarbeitung minimiert werden.

Zusammenfassend lässt sich sagen, dass die Unabhängigkeit des BAföG vom Einkommen der Eltern eine wichtige Maßnahme zur Förderung der Chancengleichheit und sozialen Gerecht",1.0,"Die generierte Position fordert ein BAföG ohne Einkommensprüfung, die CDU/CSU hingegen will die Prüfungen beibehalten – komplett entgegengesetzt.",8.0,"Die generierte Antwort stimmt in der Grundposition (BAföG soll elternunabhängig sein) und betont gleiche Bildungschancen, was dem Kern der Grünen‑Aussage entspricht. Sie geht jedoch nicht auf die konkreten Ausgestaltungsdetails (Grundsicherung, Garantiebetrag, Bedarfszuschuss, direkte Auszahlung) ein, die in der Originalaussage genannt werden.",7.0,"Die generierte Antwort stimmt in der Grundposition (BAföG soll unabhängig vom Elterneinkommen sein) mit der SPD‑Aussage überein und unterstützt die Idee einer stärkeren, verlässlichen Förderung. Allerdings fehlt die Bezugnahme auf die geplante Kindergrundsicherung und die schrittweise Rückkehr zum Vollzuschuss; die Argumentationsschwerpunkte (Chancengleichheit vs. Vermeidung von Studienverschuldung) unterscheiden sich leicht. Deshalb ist die Übereinstimmung hoch, aber nicht vollständig.",1.0,"Die generierte Antwort fordert ein universelles BAföG unabhängig vom Elterneinkommen, während die AfD‑Stellungnahme ein bedarfsgeprüftes BAföG propagiert und zusätzlich leistungsabhängige Rückzahlungsbefreiungen vorsieht. Die Positionen und Argumentationslinien sind diametral entgegengesetzt.",9.0,Klare Übereinstimmung: Beide fordern BAföG unabhängig vom Elterneinkommen und betonen Chancengleichheit.
3,mistralai/Ministral-8B-Instruct-2410,ministral-8b-instruct-2410,SPD,BT21::16,"Die Ostsee-Pipeline ""Nord Stream 2"", die Gas von Russland nach Deutschland transportiert, soll wie geplant in Betrieb gehen dürfen.",selection,"**Position:**
Die Ostsee-Pipeline ""Nord Stream 2"" sollte wie geplant in Betrieb gehen dürfen.

**Begründung:**

1. **Energieversorgungssicherheit:** Die Ostsee-Pipeline ""Nord Stream 2"" würde die Energieversorgungssicherheit in Europa erhöhen. Sie würde eine zusätzliche Gasversorgungsroute nach Deutschland und Europa schaffen, was die Abhängigkeit von anderen Gaslieferanten wie den USA oder dem Nahen Osten verringern könnte. Dies ist besonders wichtig, um die Energieversorgung in Europa zu diversifizieren und die Abhängigkeit von einzelnen Lieferanten zu minimieren.

2. **Wirtschaftliche Vorteile:** Der Betrieb der Pipeline könnte wirtschaftliche Vorteile für Deutschland und Europa bringen. Die Pipeline würde die Kosten für den Transport von Gas senken und könnte zu einer stabileren und kostengünstigeren Energieversorgung führen. Dies könnte positive Auswirkungen auf die Industrie und die Verbraucher haben.

3. **Klimaschutz:** Gas ist ein relativ sauberes Brennstoff im Vergleich zu Kohle und Öl. Der Betrieb der Pipeline könnte dazu beitragen, die Emissionen von Treibhausgasen zu reduzieren, indem er den Übergang zu erneuerbaren Energien unterstützt. Gas kann als Brückentechnologie dienen, um den Übergang zu erneuerbaren Energien zu erleichtern.

4. **Politische Stabilität:** Der Betrieb der Pipeline könnte auch zur politischen Stabilität in Europa beitragen. Eine stabile und sichere Energieversorgung ist ein wichtiger Faktor für die wirtschaftliche und politische Stabilität in Europa. Eine zusätzliche Gasversorgungsroute könnte dazu beitragen, politische Spannungen zu reduzieren und die Zusammenarbeit zwischen den europäischen Ländern zu fördern.

5. **Rechtliche und regulatorische Rahmenbedingungen:** Die Pipeline wurde nach den geltenden internationalen und europäischen Rechtsvorschriften genehmigt. Die Einhaltung dieser Vorschriften ist ein wichtiger Aspekt, um die Legitimität und Akzeptanz des Projekts zu gewährleisten.

6. **Technische Machbarkeit:** Die technische Machbarkeit der Pipeline wurde durch umfangreiche Studien und Tests bestätigt. Die Pipeline ist technisch ausgereift und kann sicher und effizient betrieben werden.

Zusammenfassend lässt sich sagen, dass der Betrieb der Ostsee-Pipeline ""Nord Stream 2"" sowohl wirtschaftliche als auch politische Vorteile bietet und zur Energieversorgungssicherheit in Europa beitragen kann. Daher sollte die Pipeline wie geplant",9.0,Sowohl Original‑ als auch generierte Aussage unterstützen den Betrieb von Nord Stream 2 und betonen Versorgungssicherheit; die Argumentation ist nahezu identisch.,1.0,"Die generierte Antwort befürwortet die Inbetriebnahme von Nord Stream 2 und argumentiert für Energieversorgungssicherheit, während die Grüne-Parteiaussage die Pipeline strikt ablehnt und sie als Gefahr für Klima, Ukraine und Außenpolitik bezeichnet – diametral entgegengesetzte Positionen und Argumentationslinien.",1.0,"Die SPD verurteilt Nord Stream 2 und unterstützt Sanktionen, die generierte Antwort befürwortet den Betrieb – komplett gegensätzliche Position.",6.0,"Die generierte Antwort stimmt in der Grundposition (Unterstützung der Inbetriebnahme von Nord Stream 2) mit der AfD‑Aussage überein, weicht jedoch in der Argumentation ab: Während die AfD den Fokus auf kostengünstige Energie für Bürger legt, betont die generierte Antwort primär Versorgungssicherheit und geopolitische Diversifizierung.",1.0,"Entgegengesetzte Position – die Linke will den Gasausstieg, die Antwort unterstützt Nord Stream 2."
3,mistralai/Ministral-8B-Instruct-2410,ministral-8b-instruct-2410,SPD,BT21::18,Das Tragen eines Kopftuchs soll Beamtinnen im Dienst generell erlaubt sein.,selection,"**Position:**

Das Tragen eines Kopftuchs soll Beamtinnen im Dienst generell erlaubt sein.

**Begründung:**

1. **Freiheit der religiösen und kulturellen Identität:** Das Tragen eines Kopftuchs ist ein Ausdruck der religiösen und kulturellen Identität. Es ist ein grundlegendes Menschenrecht, seine religiösen und kulturellen Überzeugungen frei zu leben und auszudrücken. Die Einschränkung des Tragens eines Kopftuchs könnte als Diskriminierung und Verletzung dieser Rechte interpretiert werden.

2. **Gleichbehandlung und Chancengleichheit:** Beamtinnen sollten nicht aufgrund ihrer religiösen oder kulturellen Zugehörigkeit benachteiligt werden. Eine generelle Erlaubnis für das Tragen eines Kopftuchs im Dienst trägt dazu bei, eine gleichberechtigte und diskriminierungsfreie Arbeitsumgebung zu schaffen.

3. **Berufliche Kompetenz und Professionalität:** Die Fähigkeit, einen Beruf auszuüben, sollte nicht durch äußerliche Merkmale wie das Tragen eines Kopftuchs eingeschränkt werden. Solange die berufliche Kompetenz und Professionalität gewährleistet sind, sollte das Tragen eines Kopftuchs keine Rolle spielen.

4. **Kulturelle Sensibilität und Inklusion:** Eine offene und inklusive Arbeitsumgebung, die die Vielfalt der Mitarbeiter berücksichtigt, fördert das Gemeinschaftsgefühl und die Zusammenarbeit. Das Tragen eines Kopftuchs kann ein Zeichen der kulturellen Sensibilität und des Respekts gegenüber anderen Kulturen und Religionen sein.

5. **Rechtliche Rahmenbedingungen:** In vielen Ländern gibt es bereits rechtliche Rahmenbedingungen, die das Tragen religiöser Symbole im öffentlichen Dienst erlauben. Eine generelle Erlaubnis für das Tragen eines Kopftuchs im Dienst könnte diese bestehenden rechtlichen Bestimmungen unterstützen und konsistent umsetzen.

6. **Praktische Aspekte:** In vielen Fällen kann das Tragen eines Kopftuchs keine praktischen Einschränkungen für die Ausübung des Berufs darstellen. Es ist wichtig, dass die spezifischen Anforderungen und Herausforderungen des jeweiligen Arbeitsumfelds berücksichtigt werden, um eine fundierte Entscheidung zu treffen.

Zusammenfassend lässt sich sagen, dass das Tragen eines Kopftuchs im Dienst Beamtinnen nicht nur ihre religiöse und kulturelle Identität respektiert, sondern auch zur Förderung einer inklusiven und diskriminierungsfreien",1.0,"Die generierte Antwort fordert ein generelles Kopftuchverbot nicht, sondern ein generelles Erlauben – die CDU/CSU lehnt eine generelle Erlaubnis ab.",7.0,"Die generierte Antwort stimmt in der Grundposition (Erlaubnis des Kopftuchs für Beamtinnen) mit der Grünen‑Aussage überein, verwendet jedoch eine andere Argumentationsbasis (allgemeine Menschenrechte und Diskriminierung) und lässt die juristische Begründung des Bundesverfassungsgerichts sowie den Aspekt der neutralen Amtsführung weg.",1.0,"SPD sieht im Dienst die Möglichkeit von Einschränkungen des Kopftuchtragens, die Antwort fordert ein generelles Verbot – entgegengesetzte Haltung.",1.0,"Original bans headscarves in public service, generated answer advocates allowing them – opposite.",9.0,Beide verteidigen das Selbstbestimmungsrecht und befürworten das Kopftuch im Beamtenservice.
3,mistralai/Ministral-8B-Instruct-2410,ministral-8b-instruct-2410,SPD,BT21::19,Die Zulassung von neuen Autos mit Verbrennungsmotor soll auch langfristig möglich sein.,selection,"**Position:**
Die Zulassung von neuen Autos mit Verbrennungsmotor sollte auch langfristig möglich sein, jedoch unter strengen Bedingungen und mit klaren Zielvorgaben.

**Begründung:**

1. **Technologische Vielfalt und Innovation:** Die Verbrenner-Technologie hat sich über Jahrzehnte hinweg weiterentwickelt und bietet weiterhin Potenzial für Effizienzsteigerungen und Emissionsreduktionen. Eine vollständige Abschaffung könnte innovative Entwicklungen in diesem Bereich hemmen und die technologische Vielfalt einschränken.

2. **Infrastruktur und Übergang:** Der Übergang zu alternativen Antriebsarten wie Elektrofahrzeugen (EVs) erfordert eine umfassende Infrastruktur, die derzeit noch nicht vollständig vorhanden ist. Die Zulassung von Verbrennern könnte den Übergang erleichtern, indem sie die Zeit für den Ausbau der EV-Infrastruktur verlängert.

3. **Kosten und Verfügbarkeit:** Elektrofahrzeuge sind derzeit oft teurer und weniger verfügbar als Verbrenner. Die Zulassung von Verbrennern könnte sicherstellen, dass auch Menschen mit geringeren Einkommen Zugang zu einem Fahrzeug haben, während die EV-Technologie weiterentwickelt und die Preise gesenkt werden.

4. **Regionale Unterschiede:** In einigen Regionen, insbesondere in ländlichen Gebieten oder Entwicklungsländern, ist die EV-Infrastruktur möglicherweise nicht sofort verfügbar. Die Zulassung von Verbrennern könnte hier eine Übergangslösung bieten, bis die Infrastruktur weiterentwickelt ist.

5. **Klimaziele und Emissionsreduktionen:** Die langfristige Zulassung von Verbrennern sollte jedoch mit strengen Emissionsvorgaben und Technologieanforderungen verbunden sein. Dies könnte durch die Einführung von Emissionsstandards, die kontinuierliche Verbesserung der Abgasreinigungstechnologien und die Förderung von Hybrid- und Plug-in-Hybrid-Fahrzeugen erreicht werden.

6. **Marktliberalität und Wettbewerb:** Eine vollständige Abschaffung von Verbrennern könnte den Markt für alternative Antriebsarten monopolisieren und den Wettbewerb einschränken. Die Zulassung von Verbrennern unter strengen Bedingungen könnte den Wettbewerb fördern und die Innovationskraft des Marktes erhalten.

Zusammengefasst sollte die Zulassung von neuen Autos mit Verbrennungsmotor langfristig möglich sein, jedoch unter strengen Bedingungen und mit klaren Zielvorgaben, um",2.0,"Die CDU/CSU will den Ausstieg aus Verbrennungsmotoren fördern, die generierte Antwort will deren Zulassung langfristig ermöglichen – stark divergierende Position.",1.0,"Entgegengesetzte Haltung: Original will ein festes Ausstiegsdatum für Verbrenner, generierte Antwort unterstützt deren langfristige Zulassung.",1.0,"Die generierte Antwort befürwortet die langfristige Zulassung von Verbrennern, während die SPD‑Aussage deren Abschaffung nach Verfügbarkeit von E‑Fahrzeugen fordert. Position und Argumentation sind diametral entgegengesetzt.",6.0,Both allow combustion‑engine cars long‑term; generated answer adds conditional framing but core stance aligns.,1.0,"Komplette Gegensätze – die Linke will Verbrenner ab 2030 verbieten, die Antwort will sie langfristig zulassen."
3,mistralai/Ministral-8B-Instruct-2410,ministral-8b-instruct-2410,SPD,BT21::20,Der Bund soll mehr Zuständigkeiten in der Schulpolitik erhalten.,selection,"**Position:**
Der Bund sollte mehr Zuständigkeiten in der Schulpolitik erhalten.

**Begründung:**

1. **Bildung als Grundrecht:** Bildung ist ein grundlegendes Menschenrecht und ein zentraler Bestandteil der sozialen Gerechtigkeit. Eine einheitliche und qualitativ hochwertige Bildung ist entscheidend für die Chancengleichheit und die Wettbewerbsfähigkeit der Gesellschaft. Der Bund kann durch eine zentralisierte Schulpolitik sicherstellen, dass diese Ziele erreicht werden.

2. **Finanzielle Gleichheit:** Die Finanzierung der Schulen ist oft ungleich verteilt. Durch eine stärkere Rolle des Bundes könnten finanzielle Mittel besser verteilt und gezielter eingesetzt werden, um Bildungslücken zu schließen und eine gleichwertige Bildung für alle Schülerinnen und Schüler zu gewährleisten.

3. **Qualitätsstandards:** Der Bund kann durch einheitliche Qualitätsstandards und Bildungspläne sicherstellen, dass alle Schulen in Deutschland ein gleich hohes Niveau erreichen. Dies ist besonders wichtig in einem föderalen System, um sicherzustellen, dass keine Region benachteiligt wird.

4. **Innovation und Fortschritt:** Der Bund kann durch gezielte Förderprogramme und Innovationsprojekte neue pädagogische Ansätze und Technologien in die Schulen bringen. Dies kann die Bildung insgesamt modernisieren und an die Anforderungen der modernen Arbeitswelt anpassen.

5. **Kohärenz und Effizienz:** Eine zentralisierte Schulpolitik kann zu einer kohärenteren und effizienteren Verwaltung führen. Der Bund kann durch gemeinsame Richtlinien und Programme sicherstellen, dass Ressourcen optimal genutzt werden und Doppelstrukturen vermieden werden.

6. **Soziale Integration:** Der Bund kann durch gezielte Maßnahmen zur sozialen Integration und Inklusion sicherstellen, dass alle Schülerinnen und Schüler, unabhängig von ihrem Hintergrund, die gleichen Chancen auf Bildung haben. Dies kann durch Programme zur Förderung von Migrantenkindern, Kindern aus benachteiligten Familien oder Kindern mit Behinderungen erreicht werden.

7. **Langfristige Planung:** Der Bund hat die Möglichkeit, langfristige Bildungsstrategien zu entwickeln und umzusetzen, die über die Amtszeit von Landesregierungen hinausgehen. Dies ist besonders wichtig für die langfristige Entwicklung der Bildungspolitik.

Zusammengefasst kann eine stärkere Rolle des Bundes in der Schulpolitik dazu beitragen, die Bildungschancen zu verbessern, die Qualität der Bildung zu erhöhen und die soziale Gere",2.0,"Die Partei betont föderale Aufgabenteilung, nicht mehr Bundeskompetenz; die generierte Antwort fordert mehr Bundeszuständigkeit – gegensätzliche Sicht.",1.0,"Opposite stance: Original betont dezentrale, ländliche Verantwortung und Kooperation, generierte Antwort fordert mehr Bundeszuständigkeit.",5.0,"Both call for more federal role in education, but the original stresses cooperation and equal living conditions, while the generated answer argues for centralisation and quality control, showing only moderate alignment.",1.0,"Die generierte Antwort befürwortet eine stärkere zentrale Zuständigkeit des Bundes in der Schulpolitik, während die AfD‑Aussage klar betont, dass Schulpolitik Ländersache bleiben soll und föderale Vielfalt sowie Wettbewerb bevorzugt. Die Positionen und Argumentationslinien sind diametral entgegengesetzt.",8.0,"Antwort unterstützt mehr Bundeszuständigkeit im Bildungsbereich, wie die Linke, jedoch liegt der Fokus stärker auf Gleichheit als auf konkreten Finanzierungsversprechen."
3,mistralai/Ministral-8B-Instruct-2410,ministral-8b-instruct-2410,SPD,BT21::22,Chinesische Firmen sollen keine Aufträge für den Ausbau der Kommunikationsinfrastruktur in Deutschland erhalten dürfen.,selection,"**Position:**

Chinesische Firmen sollten keine Aufträge für den Ausbau der Kommunikationsinfrastruktur in Deutschland erhalten.

**Begründung:**

1. **Sicherheitsbedenken:** Der Ausbau der Kommunikationsinfrastruktur ist von entscheidender Bedeutung für die nationale Sicherheit und den Datenschutz. Chinesische Firmen könnten potenziell Zugang zu sensiblen Daten und kritischen Infrastrukturen haben, was Sicherheitsrisiken birgt. Die chinesische Regierung hat in der Vergangenheit gezeigt, dass sie bereit ist, Unternehmen zu nutzen, um ihre politischen und wirtschaftlichen Interessen zu verfolgen, was zu Bedenken hinsichtlich der Datensicherheit und der Einhaltung von Datenschutzstandards führt.

2. **Abhängigkeit von ausländischen Technologien:** Eine übermäßige Abhängigkeit von chinesischen Technologien könnte Deutschland in eine strategisch schwache Position bringen. Es ist wichtig, eine Diversifizierung der Lieferanten zu fördern, um die nationale Sicherheit und technologische Souveränität zu gewährleisten. Dies könnte auch dazu beitragen, die Wettbewerbsfähigkeit der heimischen Industrie zu stärken.

3. **Rechtliche und regulatorische Rahmenbedingungen:** Die Einhaltung von EU- und deutschen Datenschutzgesetzen und -vorschriften könnte durch chinesische Firmen nicht gewährleistet werden. Die chinesische Regierung hat in der Vergangenheit gezeigt, dass sie bereit ist, Unternehmen zu zwingen, Daten an die Regierung weiterzugeben, was im Widerspruch zu den Datenschutzbestimmungen der EU steht.

4. **Wirtschaftliche und strategische Interessen:** Der Ausbau der Kommunikationsinfrastruktur ist ein strategisch wichtiger Bereich, der nicht nur technologische, sondern auch wirtschaftliche und politische Implikationen hat. Es ist wichtig, dass dieser Ausbau von Unternehmen durchgeführt wird, die den Interessen und Werten der EU und Deutschlands entsprechen und nicht von außenstehenden Mächten beeinflusst werden.

5. **Technologische Souveränität:** Die Förderung heimischer Technologien und Unternehmen trägt zur technologischen Souveränität bei. Dies ist besonders wichtig in einem Bereich wie der Kommunikationsinfrastruktur, der eine zentrale Rolle in der digitalen Transformation und der wirtschaftlichen Wettbewerbsfähigkeit spielt.

Zusammenfassend lässt sich sagen, dass die Vergabe von Aufträgen für den Ausbau der Kommunikationsinfrastruktur an chinesische Firmen erhebliche Sicherheits-, rechtliche und strategische Bedenken mit",2.0,"Die generierte Antwort fordert ein generelles Verbot chinesischer Firmen, während die CDU/CSU‑Aussage keine Anbieter von vornherein ausschließt, sondern eine Einzelfallprüfung nach technischen und sicherheitspolitischen Kriterien fordert. Die Positionen weichen stark voneinander ab.",9.0,Übereinstimmende Position (Ausschluss chinesischer Firmen) und ähnliche Sicherheits‑ und Souveränitätsargumente.,1.0,"The original SPD statement rejects exclusion of Chinese firms and promotes fair competition; the generated answer advocates banning them, a completely opposite position.",8.0,"Die generierte Antwort teilt die Kernposition der AfD – chinesische Firmen sollen keine Aufträge erhalten – und begründet dies primär mit Sicherheits- und Datenschutzbedenken, was der Argumentation der Originalaussage entspricht. Sie erwähnt jedoch nicht explizit die Verpflichtung zur Zusammenarbeit mit Geheimdiensten oder die Präferenz für europäische Marktführer, weshalb die Übereinstimmung nicht vollständig ist.",2.0,"Die Originalaussage der Linken fokussiert auf die Stärkung regionaler Wirtschaftskreisläufe, während die generierte Antwort ein Sicherheitsargument gegen chinesische Firmen im Kommunikationsinfrastrukturbau präsentiert. Inhaltlich und argumentativ gibt es kaum Überschneidungen."
3,mistralai/Ministral-8B-Instruct-2410,ministral-8b-instruct-2410,SPD,BT21::24,Der kontrollierte Verkauf von Cannabis soll generell erlaubt sein.,selection,"**Position:**
Der kontrollierte Verkauf von Cannabis sollte generell erlaubt sein.

**Begründung:**

1. **Gesundheitliche Aspekte:**
   - **Regulierung und Qualitätssicherung:** Durch eine legale und regulierte Abgabe von Cannabis kann sichergestellt werden, dass das Produkt von hoher Qualität ist und keine schädlichen Substanzen enthält. Dies ist besonders wichtig, um die Gesundheit der Konsumenten zu schützen.
   - **Vermeidung von Schwarzmarkt:** Der legale Verkauf von Cannabis könnte den Schwarzmarkt reduzieren, der oft mit illegalen und gefährlichen Praktiken verbunden ist. Dies könnte zu einer Verbesserung der öffentlichen Gesundheit führen.

2. **Soziale und wirtschaftliche Aspekte:**
   - **Entkriminalisierung:** Die Entkriminalisierung von Cannabis könnte zu einer Entlastung der Justiz und der Polizei führen, da weniger Ressourcen für die Verfolgung von Cannabis-Delikten aufgewendet werden müssten.
   - **Wirtschaftliche Vorteile:** Der legale Verkauf von Cannabis könnte neue Arbeitsplätze und wirtschaftliche Impulse schaffen, insbesondere in der Landwirtschaft und im Einzelhandel. Dies könnte zur Förderung der wirtschaftlichen Entwicklung beitragen.

3. **Rechtliche und ethische Aspekte:**
   - **Rechtliche Klarheit:** Eine legale Regulierung von Cannabis würde rechtliche Klarheit schaffen und die Einhaltung von Gesetzen und Vorschriften erleichtern.
   - **Ethische Überlegungen:** Die Entkriminalisierung von Cannabis könnte als Schritt zur Förderung von Menschenrechten und zur Reduzierung von Diskriminierung gegen Cannabis-Konsumenten angesehen werden.

4. **Praktische Überlegungen:**
   - **Kontrolle und Überwachung:** Eine kontrollierte Abgabe von Cannabis ermöglicht es, den Konsum besser zu überwachen und zu steuern, insbesondere bei Jugendlichen und anderen vulnerablen Gruppen.
   - **Bildung und Prävention:** Eine legale Regulierung könnte auch die Möglichkeit bieten, umfassende Bildungsprogramme und Präventionsmaßnahmen zu implementieren, um den verantwortungsvollen Konsum zu fördern.

Zusammenfassend lässt sich sagen, dass der kontrollierte Verkauf von Cannabis eine Reihe von Vorteilen bietet, die sowohl die Gesundheit der Bevölkerung als auch die soziale und wirtschaftliche Stabilität fördern könnten. Eine sorgfältige Regulierung und Überwach",1.0,"Die generierte Antwort befürwortet ausdrücklich die generelle Erlaubnis eines kontrollierten Cannabiskaufs und argumentiert mit gesundheitlichen Vorteilen und Regulierung, während die CDU/CSU‑Aussage die Legalisierung illegaler Drogen strikt ablehnt und gesundheitliche sowie gesellschaftliche Risiken betont. Die Positionen und Argumentationslinien sind diametral entgegengesetzt.",9.0,"Identische Position (kontrollierter Cannabiskonsum) und vergleichbare Argumente zu Gesundheit, Schwarzmarkt und Jugendschutz.",9.0,"The generated answer mirrors the SPD’s stance on regulated cannabis sales and uses similar health‑, quality‑ and black‑market arguments.",1.0,"Original limits cannabis to medical use, generated answer calls for general sale – opposite.",2.0,"Die Originalaussage der DIE LINKE fordert Besitz und Eigenanbau sowie vorrangig nicht‑kommerzielle Bezugsquellen, während die generierte Antwort den generellen, kontrollierten Verkauf – also kommerzielle Verfügbarkeit – befürwortet. Die Positionen weichen stark voneinander ab, weshalb die Übereinstimmung nur sehr gering ist."
3,mistralai/Ministral-8B-Instruct-2410,ministral-8b-instruct-2410,SPD,BT21::26,Die Landeslisten der Parteien für die Wahlen zum Deutschen Bundestag sollen abwechselnd mit Frauen und Männern besetzt werden müssen.,selection,"**Position:**

Die Landeslisten der Parteien für die Wahlen zum Deutschen Bundestag sollten abwechselnd mit Frauen und Männern besetzt werden müssen.

**Begründung:**

1. **Gleichberechtigung und Diversität:** Die Vorschrift, dass Landeslisten abwechselnd mit Frauen und Männern besetzt werden müssen, fördert die Gleichberechtigung und Diversität in der Politik. Dies trägt dazu bei, dass die Vielfalt der Gesellschaft in den politischen Entscheidungsprozess einbezogen wird und die Repräsentation von Frauen in politischen Gremien verbessert wird.

2. **Parteienzwang zur Gleichstellung:** Durch diese Regelung werden die Parteien gezwungen, aktiv an der Förderung der Gleichstellung von Frauen zu arbeiten. Dies kann dazu beitragen, dass Frauen in politischen Parteien und in politischen Ämtern besser vertreten sind und ihre Perspektiven und Erfahrungen in die politischen Prozesse einfließen.

3. **Transparenz und Fairness:** Eine abwechselnde Besetzung der Landeslisten mit Frauen und Männern erhöht die Transparenz und Fairness im Wahlprozess. Es wird sichergestellt, dass sowohl Frauen als auch Männer die gleichen Chancen haben, in den Bundestag gewählt zu werden, was zu einer ausgewogeneren politischen Landschaft führt.

4. **Förderung von Frauen in politischen Führungspositionen:** Durch die Pflicht zur abwechselnden Besetzung können Frauen in Führungspositionen innerhalb der Parteien und im Bundestag besser gefördert werden. Dies kann dazu beitragen, dass Frauen in politischen Führungspositionen sichtbarer und einflussreicher werden.

5. **Bessere Entscheidungsfindung:** Eine diversere politische Landschaft kann zu einer besseren Entscheidungsfindung führen, da unterschiedliche Perspektiven und Erfahrungen einbezogen werden. Dies kann zu innovativeren und inklusiveren politischen Lösungen führen.

6. **Rechtliche Grundlage:** Eine solche Regelung könnte durch eine Änderung des Wahlgesetzes umgesetzt werden und würde somit eine rechtliche Grundlage haben, die die Einhaltung der Vorschrift sicherstellt.

Zusammenfassend lässt sich sagen, dass die abwechselnde Besetzung der Landeslisten mit Frauen und Männern nicht nur die Gleichberechtigung fördert, sondern auch zu einer diverseren und faireren politischen Landschaft beiträgt, was ultimately zu besseren politischen Entscheidungen führen kann.",4.0,"Beide betonen die Bedeutung von Frauenrepräsentation, aber die Partei verwirft die gesetzliche Alternanzpflicht als verfassungswidrig, während die generierte Antwort sie befürwortet.",9.0,Gleiche Forderung nach geschlechterparitätärer Listenaufstellung und entsprechende Begründung zur Gleichberechtigung.,9.0,Both advocate gender‑parity on party lists and give comparable arguments about equality and representation.,1.0,"Original rejects gender quotas for party lists, generated answer endorses them – opposite.",9.0,Beide befürworten die geschlechterparitätische Besetzung von Landeslisten und argumentieren mit Gleichberechtigung.
3,mistralai/Ministral-8B-Instruct-2410,ministral-8b-instruct-2410,SPD,BT21::28,Auf hohe Vermögen soll wieder eine Steuer erhoben werden.,selection,"**Position:**

**Ja, auf hohe Vermögen soll wieder eine Steuer erhoben werden.**

**Begründung:**

1. **Gerechtigkeit und soziale Gleichheit:** Eine Steuer auf hohe Vermögen kann dazu beitragen, die soziale Ungleichheit zu verringern. Hohe Vermögen sind oft das Ergebnis von Privilegien, Glück oder geschäftlichem Erfolg, während viele Menschen durch harte Arbeit und Bildung versuchen, sich ein besseres Leben zu erarbeiten. Eine Vermögenssteuer kann sicherstellen, dass diejenigen, die mehr haben, auch mehr zur Gesellschaft beitragen.

2. **Finanzielle Stabilität und Infrastruktur:** Die Einnahmen aus einer Vermögenssteuer könnten in öffentliche Dienstleistungen und Infrastruktur investiert werden, die für alle Bürger von Vorteil sind. Dies könnte zu einer besseren Bildung, Gesundheitsversorgung und Infrastruktur führen, was langfristig das Wohlbefinden und die Produktivität der Gesellschaft erhöht.

3. **Vermeidung von Steuervermeidung:** Hohe Vermögen haben oft Zugang zu komplexen Steuervermeidungsstrategien. Eine Vermögenssteuer könnte dazu beitragen, diese Praktiken zu reduzieren, da sie es schwieriger macht, Vermögen zu verstecken oder zu verschieben.

4. **Förderung von Investitionen:** Eine moderate Vermögenssteuer könnte auch dazu beitragen, dass Vermögende mehr in die Wirtschaft investieren, anstatt ihr Vermögen zu horten. Dies könnte zu mehr Arbeitsplätzen und wirtschaftlichem Wachstum führen.

5. **Historische Präzedenz:** In der Vergangenheit haben viele Länder erfolgreich Vermögenssteuern erhoben, um ihre öffentlichen Finanzen zu stabilisieren und soziale Ungleichheit zu reduzieren. Länder wie Frankreich, Deutschland und die USA haben solche Steuern in der Vergangenheit erfolgreich eingesetzt.

**Gegenargumente und Gegenpositionen:**

- **Bürokratie und Komplexität:** Die Erhebung einer Vermögenssteuer kann komplex und bürokratisch sein, was zu höheren Verwaltungskosten führen könnte.
- **Investitionsabschreckung:** Eine zu hohe Vermögenssteuer könnte dazu führen, dass Vermögende ihr Vermögen ins Ausland verlagern oder in weniger steuerliche Länder investieren, was zu einem Verlust an Steueraufkommen führen könnte.
- **Eigentumsschutz:** Einige könnten argumentieren, dass Vermögen als Eigentum gesch",1.0,"Die generierte Antwort befürwortet die Wiedereinführung einer Vermögensteuer und argumentiert für soziale Gerechtigkeit, während die Originalaussage der CDU/CSU die Vermögensteuer strikt ablehnt und sie als Belastung für Eigentümer, Mieter und Unternehmen darstellt. Die Positionen und Argumentationslinien sind diametral entgegengesetzt.",6.0,"Die generierte Antwort stimmt in der Grundposition (Befürwortung einer Vermögensteuer) und betont ähnliche Gerechtigkeits‑ und Gleichheitsargumente wie die GRÜNEN. Allerdings fehlen spezifische Punkte der Originalaussage, wie die 2‑Million‑Euro‑Schwelle, die differenzierte Behandlung von Betriebsvermögen und die Schaffung von Investitionsanreizen.",7.0,"The generated answer supports a wealth tax, matching the SPD’s position, but lacks the nuance of a modest 1 % rate, high exemptions and job‑protection arguments.",1.0,"Die generierte Antwort befürwortet aktiv die Wiedereinführung einer Vermögenssteuer, während die AfD‑Stellungnahme klar gegen eine solche Steuer argumentiert und stattdessen Steuerentlastungen fordert. Die Positionen und Argumentationslinien sind diametral entgegengesetzt.",6.0,"Die generierte Antwort stimmt in der Grundposition (Unterstützung einer Vermögensteuer) und betont ähnliche Prinzipien von Gerechtigkeit und sozialer Gleichheit wie die Originalaussage. Sie geht jedoch nicht auf die konkreten Steuersätze, Schwellenwerte oder die detaillierte Mittelverwendung (Lehrkräfte, Wohnraum, Gesundheit etc.) ein, die in der DIE LINKE‑Formulierung zentral sind. Deshalb ist die Übereinstimmung nur teilweise."
3,mistralai/Ministral-8B-Instruct-2410,ministral-8b-instruct-2410,SPD,BT21::30,Auch Ehepaare ohne Kinder sollen weiterhin steuerlich begünstigt werden.,selection,"**Position:**

**Ja, Ehepaare ohne Kinder sollen weiterhin steuerlich begünstigt werden.**

**Begründung:**

1. **Förderung der Familienstruktur:** Die steuerliche Begünstigung von Ehepaaren, unabhängig davon, ob sie Kinder haben oder nicht, fördert die Stabilität und Vielfalt der Familienstrukturen in der Gesellschaft. Dies kann dazu beitragen, die soziale Kohäsion zu stärken und die Lebensqualität der Menschen zu verbessern.

2. **Gleichbehandlung und Fairness:** Die steuerliche Begünstigung von Ehepaaren, unabhängig von der Kinderzahl, stellt sicher, dass alle Ehepaare gleich behandelt werden, unabhängig von ihrer persönlichen Lebensentscheidung. Dies fördert die Gleichbehandlung und Fairness im Steuersystem.

3. **Wirtschaftliche Anreize:** Steuerliche Begünstigungen können als Anreiz dienen, um die Ehe zu fördern und zu stabilisieren. Dies kann langfristig positive wirtschaftliche Effekte haben, da stabile Familienstrukturen oft mit einer höheren Arbeitsproduktivität und geringeren sozialen Kosten verbunden sind.

4. **Flexibilität und Individualität:** Die steuerliche Begünstigung von Ehepaaren ohne Kinder berücksichtigt die Vielfalt der Lebensentscheidungen und Lebensmodelle. Dies zeigt Respekt für die individuelle Freiheit und die Vielfalt der Lebensentwürfe in der Gesellschaft.

5. **Soziale Sicherheit:** Steuerliche Begünstigungen für Ehepaare, unabhängig von der Kinderzahl, können dazu beitragen, die soziale Sicherheit zu erhöhen. Dies ist besonders wichtig in einer Gesellschaft, in der die Lebenserwartung steigt und die Altersarmut ein wachsendes Problem darstellt.

6. **Kosten-Nutzen-Analyse:** Die Kosten für die steuerliche Begünstigung von Ehepaaren ohne Kinder sind in der Regel gering im Vergleich zu den potenziellen sozialen und wirtschaftlichen Vorteilen. Eine sorgfältige Kosten-Nutzen-Analyse zeigt, dass die Vorteile die Kosten überwiegen.

Zusammenfassend lässt sich sagen, dass die steuerliche Begünstigung von Ehepaaren, unabhängig von der Kinderzahl, sowohl soziale als auch wirtschaftliche Vorteile bietet und daher weiterhin gerechtfertigt ist.",8.0,"Die generierte Antwort stimmt in der Grundposition mit der CDU/CSU‑Aussage überein – sie befürwortet die steuerliche Begünstigung von Ehepaaren ohne Kinder. Die Argumentationsschwerpunkte (Familienstruktur, Fairness) weichen von den Parteigründen (Lebens‑ und Wirtschaftsgemeinschaft, Kindersplitting) ab, weshalb die Übereinstimmung nicht vollkommen ist.",2.0,"Die generierte Antwort bejaht ausdrücklich die Beibehaltung steuerlicher Vorteile für kinderlose Ehepaare, während die Grünen eine Reform des Ehegattensplittings fordern, die mehr Wahlfreiheit und eine mögliche Abschaffung der bisherigen Begünstigung für solche Paare beinhaltet. Die Argumentationslinien (Förderung von Familienstruktur, Fairness) weichen zudem stark von den konkreten Reformvorschlägen der Grünen ab.",8.0,"The answer aligns with the SPD’s wish to keep tax benefits for childless couples and uses comparable fairness arguments, though it omits the specific splitting reform details.",7.0,"Die generierte Antwort stimmt in der Grundposition (Steuerbegünstigung für kinderlose Ehepaare) mit der AfD‑Aussage überein, verwendet jedoch andere Argumentationsmotive (soziale Kohäsion, Fairness) anstelle der verfassungsrechtlichen Begründung der Originalaussage.",1.0,"Gegensätzliche Haltung – die Linke will das Ehegattensplitting reformieren, die Antwort will die Begünstigung beibehalten."
3,mistralai/Ministral-8B-Instruct-2410,ministral-8b-instruct-2410,SPD,BT21::34,Die Schuldenbremse im Grundgesetz soll beibehalten werden.,selection,"Die Schuldenbremse im Grundgesetz soll beibehalten werden.

**Position:**
Die Schuldenbremse im Grundgesetz sollte beibehalten werden, da sie einen wichtigen Rahmen für die finanzpolitische Stabilität und Nachhaltigkeit des Staates bietet. Sie stellt sicher, dass die öffentlichen Haushalte nicht über ihre Verhältnisse leben und langfristig finanzielle Verantwortung übernommen wird.

**Begründung:**

1. **Finanzielle Stabilität und Nachhaltigkeit:**
   Die Schuldenbremse sorgt dafür, dass der Staat nicht in eine Schuldenfalle gerät, die langfristig zu wirtschaftlichen Problemen führen kann. Durch die Begrenzung der Neuverschuldung wird verhindert, dass zukünftige Generationen mit hohen Schulden belastet werden.

2. **Kreditwürdigkeit und Vertrauen:**
   Ein stabiler Haushalt und die Einhaltung der Schuldenbremse stärken das Vertrauen der internationalen Finanzmärkte in die wirtschaftliche Stabilität Deutschlands. Dies kann zu niedrigeren Zinsen für Staatsanleihen führen und die Kosten für den Staat senken.

3. **Fiskalische Disziplin:**
   Die Schuldenbremse fördert eine fiskalische Disziplin und zwingt die Regierung, sorgfältig über ihre Ausgaben zu entscheiden. Dies kann zu einer effizienteren Nutzung der öffentlichen Mittel und zu einer Reduzierung von Verschwendung führen.

4. **Langfristige Planung:**
   Durch die Begrenzung der Neuverschuldung wird eine langfristige Planung und Strategie für die öffentlichen Finanzen ermöglicht. Dies ist besonders wichtig in Zeiten wirtschaftlicher Unsicherheit und Krisen, in denen der Staat auf finanzielle Stabilität angewiesen ist.

5. **Vermeidung von Schuldenkrise:**
   Die Schuldenbremse hilft, die Wahrscheinlichkeit von Schuldenkrisen zu verringern. Historisch gesehen haben Länder, die ihre Schulden nicht im Griff hatten, oft schwerwiegende wirtschaftliche und soziale Probleme erlebt. Die Schuldenbremse bietet einen Schutzmechanismus gegen solche Krisen.

6. **Gleichheit zwischen Generationen:**
   Die Schuldenbremse stellt sicher, dass die Belastung durch Schulden nicht auf zukünftige Generationen abgewälzt wird. Dies ist ein zentrales Prinzip der Generationengerechtigkeit und trägt zur sozialen Stabilität bei.

Zusammenfassend lässt sich sagen, dass die",9.0,Position und Begründung zur Beibehaltung der Schuldenbremse sind in beiden Texten nahezu identisch.,5.0,"Beide Aussagen befürworten das Beibehalten der Schuldenbremse, doch das Original betont eine Reform und eine Investitionsregel, die in der generierten Antwort völlig fehlt.",8.0,"Both endorse keeping the constitutional debt brake and argue for fiscal stability; the generated answer does not mention the SPD’s procedural objections, but the core position matches.",9.0,Both unequivocally support keeping the debt brake and give similar fiscal‑stability arguments.,1.0,"Entgegengesetzte Position – die Linke lehnt die Schuldenbremse ab, die Antwort befürwortet sie."
3,mistralai/Ministral-8B-Instruct-2410,ministral-8b-instruct-2410,SPD,BT21::35,Asyl soll weiterhin nur politisch Verfolgten gewährt werden.,selection,"**Position:**
Asyl soll weiterhin nur politisch Verfolgten gewährt werden.

**Begründung:**

1. **Rechtliche Grundlage:** Die Genfer Flüchtlingskonvention von 1951 und das Protokoll von 1967 definieren Asyl als Schutz für Personen, die aufgrund ihrer Rasse, Religion, Nationalität, Zugehörigkeit zu einer bestimmten sozialen Gruppe oder politischer Überzeugungen verfolgt werden. Diese Definition ist international anerkannt und bildet die Grundlage für die Asylpolitik vieler Länder.

2. **Schutz der Menschenrechte:** Asyl bietet einen wichtigen Schutzmechanismus für Menschen, die in ihrem Heimatland aufgrund ihrer politischen Überzeugungen oder Zugehörigkeit zu bestimmten Gruppen verfolgt werden. Ohne diesen Schutz könnten diese Personen in ihrer Heimat schwerwiegenden Menschenrechtsverletzungen ausgesetzt sein, einschließlich Folter, Inhaftierung und sogar Tod.

3. **Sicherheit und Stabilität:** Die Gewährung von Asyl für politisch Verfolgte trägt zur internationalen Sicherheit und Stabilität bei. Es verhindert, dass Menschenrechtsverletzungen und politische Instabilität in einem Land zu einer Fluchtwelle in andere Länder führen, was die Belastung der Aufnahmeländer erhöhen könnte.

4. **Effizienz und Ressourcenverteilung:** Die Fokussierung auf politisch Verfolgte ermöglicht eine gezielte und effiziente Nutzung von Ressourcen. Es ist wichtig, dass Asylsysteme nicht überlastet werden und dass die Ressourcen dort eingesetzt werden, wo der Bedarf am größten ist.

5. **Internationale Verantwortung:** Die internationale Gemeinschaft hat eine Verantwortung, Menschen in Not zu schützen. Die Gewährung von Asyl für politisch Verfolgte ist ein Ausdruck dieser Verantwortung und stärkt die internationale Zusammenarbeit und Solidarität.

6. **Langfristige Integration:** Politisch Verfolgte sind oft gut ausgebildet und haben oft spezifische Fähigkeiten und Erfahrungen, die sie in die Gesellschaft des Aufnahmelandes einbringen können. Dies kann langfristig zur wirtschaftlichen und sozialen Stabilität beitragen.

Zusammengefasst ist die Gewährung von Asyl nur für politisch Verfolgte eine gerechte und notwendige Maßnahme, die sowohl den internationalen Menschenrechtsstandards entspricht als auch zur Stabilität und Sicherheit beiträgt.",8.0,Beide Aussagen beschränken Asyl auf politisch Verfolgte und betonen humanitäre Verpflichtungen; die Argumentationslinien sind weitgehend gleich.,2.0,"Die generierte Antwort beschränkt Asyl ausschließlich auf politisch Verfolgte, während die Grünen ausdrücklich betonen, dass Asyl auch bei nichtstaatlichen Verfolgungsgründen gewährt werden kann. Die Positionen und Argumentationslinien weichen damit stark voneinander ab.",5.0,"The generated answer limits asylum to political refugees only, whereas the SPD also stresses a broader humanitarian EU approach; the core principle is shared but the scope differs.",3.0,"Original focuses on reducing illegal migration and aid abroad, not explicitly on asylum criteria; generated answer stresses political‑persecution‑only asylum – only partial alignment.",1.0,"Die generierte Antwort bejaht die Beschränkung auf politisch Verfolgte, während DIE LINKE die Definition erweitern will – völlig entgegengesetzte Position."
3,mistralai/Ministral-8B-Instruct-2410,ministral-8b-instruct-2410,SPD,BT21::36,Der gesetzliche Mindestlohn soll spätestens im Jahr 2022 auf mindestens 12 Euro erhöht werden.,selection,"**Position:**

**Für die Erhöhung des gesetzlichen Mindestlohns auf mindestens 12 Euro im Jahr 2022:**

**Begründung:**

1. **Soziale Gerechtigkeit und Armutsbekämpfung:**
   Eine Erhöhung des Mindestlohns auf 12 Euro würde dazu beitragen, die Einkommensungleichheit zu verringern und die Armut zu bekämpfen. Viele Menschen, die von einem Mindestlohn leben, würden von einer solchen Erhöhung direkt profitieren und könnten ihre Lebensqualität verbessern.

2. **Wirtschaftliche Stabilität und Kaufkraft:**
   Ein höherer Mindestlohn würde die Kaufkraft der Bevölkerung erhöhen, was positive Auswirkungen auf die Wirtschaft haben könnte. Mehr verfügbares Einkommen bedeutet mehr Konsum, was wiederum die Nachfrage nach Gütern und Dienstleistungen steigern könnte. Dies könnte zu einem wirtschaftlichen Aufschwung beitragen.

3. **Arbeitsmarktstabilität:**
   Eine Erhöhung des Mindestlohns könnte dazu beitragen, die Arbeitsmarktstabilität zu erhöhen. Unternehmen, die fairere Löhne zahlen, könnten weniger Personalfluktuation und höhere Produktivität erleben, da zufriedenere Mitarbeiter weniger häufig kündigen und mehr Engagement zeigen.

4. **Wettbewerbsfähigkeit und Attraktivität des Arbeitsmarktes:**
   Ein höherer Mindestlohn könnte die Attraktivität des Arbeitsmarktes für Fachkräfte erhöhen, insbesondere in Branchen, die traditionell niedrige Löhne zahlen. Dies könnte dazu beitragen, Fachkräftemangel zu verringern und die Wettbewerbsfähigkeit der Wirtschaft zu stärken.

5. **Soziale Sicherheit und Wohlstand:**
   Eine Erhöhung des Mindestlohns würde die soziale Sicherheit verbessern und dazu beitragen, dass mehr Menschen ein Leben in Würde führen können. Dies könnte auch die Belastung des Sozialsystems verringern, da weniger Menschen auf staatliche Transferleistungen angewiesen wären.

**Gegenargumente und Gegenpositionen:**

1. **Kostenbelastung für Unternehmen:**
   Einige Unternehmen könnten die Erhöhung des Mindestlohns als zusätzliche Kostenbelastung empfinden, was zu höheren Preisen für Konsumgüter und Dienstleistungen führen könnte. Dies könnte die Inflation erhöhen und die Kauf",1.0,"Die generierte Antwort fordert eine klare Erhöhung des Mindestlohns, während die CDU/CSU die Entscheidung der Mindestlohnkommission betont und politische Eingriffe ablehnt.",6.0,"Die generierte Antwort stimmt in der Grundposition (Erhöhung des Mindestlohns auf 12 Euro) mit der Parteiaussage überein, liefert jedoch keine weiterführenden Argumente zur fortlaufenden Steigerung oder zur Reform der Mindestlohnkommission, die zentrale Bestandteile der Originalaussage sind.",9.0,"The generated answer supports raising the minimum wage to 12 €, echoing the SPD’s proposal and providing similar social‑justice and economic arguments.",1.0,"AfD betont die Kommission und lehnt eine gesetzgeberische Festlegung ab, während die Antwort die Erhöhung befürwortet – völlig gegensätzliche Position.",5.0,"Beide fordern eine Erhöhung, aber DIE LINKE strebt 13 € an, die Antwort nur 12 €; Argumente zur sozialen Gerechtigkeit überschneiden sich teilweise."
3,mistralai/Ministral-8B-Instruct-2410,ministral-8b-instruct-2410,SPD,BT25::1,Deutschland soll die Ukraine weiterhin militärisch unterstützen.,selection,"**Position:**
Deutschland sollte die Ukraine weiterhin militärisch unterstützen.

**Begründung:**

1. **Souveränität und Selbstverteidigung:** Die Ukraine hat das Recht auf Selbstverteidigung und Souveränität. Die militärische Unterstützung durch Deutschland hilft der Ukraine, ihre territorialen Integrität und ihre Unabhängigkeit zu wahren. Dies ist ein grundlegendes Prinzip der internationalen Beziehungen und der UN-Charta.

2. **Stabilität in Europa:** Die Unterstützung der Ukraine ist entscheidend für die Stabilität in Europa. Ein starkes und unabhängiges Ukraine kann als Pufferzone zwischen Russland und dem Westen dienen und so die Sicherheit in der Region erhöhen. Ein instabiles Ukraine könnte zu weiteren Konflikten und Spannungen führen.

3. **Demokratische Werte:** Die Ukraine ist ein demokratisches Land, das sich für die Werte der Freiheit, Menschenrechte und Rechtsstaatlichkeit einsetzt. Deutschland, als ein starker Verfechter dieser Werte, hat ein Interesse daran, diese Werte in der Ukraine zu unterstützen und zu stärken.

4. **Europäische Solidarität:** Die Unterstützung der Ukraine ist ein Zeichen europäischer Solidarität und Zusammenarbeit. Die EU und ihre Mitgliedstaaten haben eine gemeinsame Verantwortung, die Stabilität und Sicherheit in Europa zu gewährleisten. Die militärische Unterstützung der Ukraine ist ein Ausdruck dieser Solidarität.

5. **Langfristige Strategie:** Eine militärische Unterstützung der Ukraine kann auch langfristige strategische Vorteile für Deutschland und Europa bieten. Ein starkes und stabiles Ukraine kann als Partner in wirtschaftlichen und politischen Fragen dienen und die Zusammenarbeit in verschiedenen Bereichen fördern.

6. **Humanitäre Gründe:** Die Ukraine erlebt einen humanitären Notstand aufgrund des Konflikts. Die militärische Unterstützung kann dazu beitragen, die humanitären Bedingungen zu verbessern und die Zivilbevölkerung zu schützen.

7. **Internationale Verantwortung:** Deutschland hat eine Verantwortung gegenüber der internationalen Gemeinschaft, insbesondere im Rahmen der NATO und der EU. Die Unterstützung der Ukraine ist ein Ausdruck dieser Verantwortung und stärkt die Glaubwürdigkeit Deutschlands auf der internationalen Bühne.

Zusammengefasst ist die militärische Unterstützung der Ukraine nicht nur eine Frage der kurzfristigen Notwendigkeit, sondern auch eine langfristige strategische Entscheidung, die die Stabilität, Sicherheit und Werte in Europa fördert.",8.0,"Die generierte Antwort stimmt in ihrer Grundposition (weiterhin militärische Unterstützung der Ukraine) und verwendet ähnliche Argumente wie das Selbstverteidigungsrecht und die europäische Sicherheit, die auch in der CDU/CSU‑Aussage vorkommen. Sie geht jedoch nicht explizit auf den Friedensprozess oder die Kombination aus diplomatischen, finanziellen und humanitären Mitteln ein, weshalb die Übereinstimmung nicht vollkommen ist.",7.0,"Die generierte Antwort stimmt in der Position (militärische Unterstützung) und nennt ähnliche Argumente (Souveränität, europäische Stabilität), jedoch ohne die umfassendere diplomatische und humanitäre Dimension des Originals.",8.0,"Both support continued military aid to Ukraine and invoke sovereignty and European stability; the generated answer omits the SPD’s caution about not becoming a party to the war, but the main position aligns.",1.0,"AfD fordert Friedensgespräche und keine militärische Unterstützung, die Antwort unterstützt jedoch die weitere Waffenhilfe.",1.0,"Die generierte Antwort befürwortet ausdrücklich die fortgesetzte militärische Unterstützung der Ukraine, während DIE LINKE sich gegen militärische Hilfe ausspricht und stattdessen diplomatische Lösungen fordert. Die Positionen und Argumentationslinien sind diametral entgegengesetzt."
3,mistralai/Ministral-8B-Instruct-2410,ministral-8b-instruct-2410,SPD,BT25::2,Der Ausbau erneuerbarer Energien soll weiterhin vom Staat finanziell gefördert werden.,selection,"**Position:**

Der Ausbau erneuerbarer Energien sollte weiterhin vom Staat finanziell gefördert werden.

**Begründung:**

1. **Klimaschutz und Nachhaltigkeit:**
   Der Ausbau erneuerbarer Energien ist entscheidend für den Kampf gegen den Klimawandel. Durch die Reduktion von Treibhausgasemissionen tragen erneuerbare Energien dazu bei, die globale Erwärmung zu verlangsamen und langfristig zu stoppen. Die Förderung durch den Staat ist notwendig, um die notwendigen Investitionen in erneuerbare Technologien zu sichern und die Marktentwicklung zu beschleunigen.

2. **Energieunabhängigkeit und Sicherheit:**
   Die Förderung erneuerbarer Energien trägt zur Diversifizierung der Energiequellen bei und verringert die Abhängigkeit von fossilen Brennstoffen. Dies erhöht die Energieunabhängigkeit und stärkt die nationale Sicherheit, insbesondere in Bezug auf Preisvolatilität und geopolitische Risiken.

3. **Wirtschaftliche Vorteile:**
   Der Ausbau erneuerbarer Energien kann neue Arbeitsplätze und wirtschaftliche Impulse schaffen. Die Branche der erneuerbaren Energien wächst und bietet Chancen für Innovationen und technologische Fortschritte. Die staatliche Förderung kann dazu beitragen, diese Branche zu stärken und langfristig wettbewerbsfähig zu halten.

4. **Soziale Gerechtigkeit:**
   Die Förderung erneuerbarer Energien kann dazu beitragen, soziale Ungleichheiten zu verringern. Durch den Ausbau erneuerbarer Energien können ländliche und strukturschwache Regionen profitieren, die oft von den Vorteilen der fossilen Brennstoffindustrie ausgeschlossen sind. Dies kann zu einer gerechteren Verteilung der wirtschaftlichen Vorteile führen.

5. **Technologische Innovation:**
   Staatliche Förderungen können die Forschung und Entwicklung neuer Technologien im Bereich erneuerbarer Energien ankurbeln. Durch gezielte Investitionen in Forschung und Innovation kann die Effizienz und Wirtschaftlichkeit erneuerbarer Energien weiter verbessert werden, was langfristig zu einer kostengünstigeren und nachhaltigeren Energieversorgung führt.

6. **Klimapolitik und internationale Verpflichtungen:**
   Der Ausbau erneuerbarer Energien ist ein zentraler Bestandteil der internationalen Klimapolitik. Durch die Einhaltung von Klimazielen und die Erfüllung internationaler Verpflichtungen",3.0,"Der Originaltext betont Netz‑ und Speicher‑Ausbau sowie private Investitionen, nicht staatliche Förderungen; die generierte Antwort fokussiert ausschließlich auf staatliche Finanzierung.",6.0,"Position (staatliche Förderung erneuerbarer Energien) ist gleich, aber die Argumentation ist stark verallgemeinert und lässt die konkreten Punkte des Originals (Dezentralisierung, Bürokratieabbau, günstiger Strom) weg.",7.0,"Beide befürworten staatliche Förderung erneuerbarer Energien, jedoch fehlt in der Antwort die SPD‑Nuance, dass langfristig weniger Förderung angestrebt wird.",1.0,"Die generierte Antwort befürwortet staatliche Förderungen für den Ausbau erneuerbarer Energien aus Klimaschutz‑ und Nachhaltigkeitsgründen, während die AfD‑Aussage die erneuerbaren Energien kritisiert, deren Förderung ablehnt und das EEG abschaffen will. Die Positionen und Argumentationslinien sind diametral entgegengesetzt.",7.0,"Both endorse state financing of renewables, but the party stresses public ownership and domestic industry, which the generated answer omits."
3,mistralai/Ministral-8B-Instruct-2410,ministral-8b-instruct-2410,SPD,BT25::3,"Das Bürgergeld soll denjenigen gestrichen werden, die wiederholt Stellenangebote ablehnen.",selection,"Das Bürgergeld soll denjenigen gestrichen werden, die wiederholt Stellenangebote ablehnen.

**Position:**
Ich bin der Meinung, dass das Bürgergeld nicht gestrichen werden sollte, wenn jemand wiederholt Stellenangebote ablehnt.

**Begründung:**

1. **Recht auf Arbeitssuche:** Das Bürgergeld ist ein soziales Sicherungssystem, das darauf abzielt, Menschen in schwierigen wirtschaftlichen Situationen zu unterstützen. Es ermöglicht es den Empfängern, sich auf die Suche nach Arbeit zu konzentrieren, ohne durch finanzielle Notlagen abgelenkt zu werden. Das Recht auf Arbeitssuche ist ein grundlegendes Menschenrecht und sollte nicht durch die Ablehnung von Stellenangeboten eingeschränkt werden.

2. **Menschliche und individuelle Gründe:** Menschen haben oft persönliche oder gesundheitliche Gründe, warum sie bestimmte Stellenangebote ablehnen. Diese Gründe können von der Ungeeignetheit der Arbeitsbedingungen bis hin zu gesundheitlichen Einschränkungen reichen. Es ist wichtig, diese individuellen Umstände zu berücksichtigen und nicht pauschal zu bestrafen.

3. **Motivation und Anreize:** Die Streichung des Bürgergeldes bei wiederholter Ablehnung von Stellenangeboten könnte die Motivation der Empfänger, sich aktiv auf die Jobsuche zu begeben, mindern. Dies könnte dazu führen, dass weniger Menschen aktiv nach Arbeit suchen und die Arbeitsmarktintegration erschweren.

4. **Verwaltungskosten und Effizienz:** Die Überwachung und Überprüfung der Ablehnungen von Stellenangeboten durch die Behörden wäre mit hohen Verwaltungskosten verbunden. Es wäre effizienter, die Mittel in die Unterstützung und Beratung der Arbeitslosen zu investieren, um ihre Chancen auf dem Arbeitsmarkt zu erhöhen.

5. **Soziale Gerechtigkeit:** Das Bürgergeld ist ein Instrument der sozialen Gerechtigkeit, das darauf abzielt, die Lebensbedingungen der Empfänger zu verbessern. Eine Streichung des Bürgergeldes bei wiederholter Ablehnung von Stellenangeboten könnte zu einer weiteren Verschärfung der sozialen Ungleichheit führen.

Zusammenfassend lässt sich sagen, dass die Streichung des Bürgergeldes bei wiederholter Ablehnung von Stellenangeboten nicht nur die Rechte der Arbeitslosen verletzt, sondern auch die Effizienz und Effektivität des sozialen Sicherungssystems beeinträcht",1.0,"Die generierte Antwort lehnt das Streichungs‑Vorhaben ab, während das Original eine komplette Streichung der Grundsicherung fordert.",8.0,"Die generierte Antwort teilt die Kernposition, dass das Bürgergeld nicht gestrichen werden soll, und liefert vergleichbare Argumente zur Sicherung eines Existenzminimums und zur Unterstützung bei der Arbeitssuche.",8.0,"Position (nicht streichen) und Argumentation (Faire Behandlung, Mitwirkung) entsprechen der SPD‑Stellung, nur geringfügige Formulierungsunterschiede.",1.0,"Die generierte Antwort widerspricht der Originalaussage: Während die AfD fordert, das Bürgergeld bei wiederholter Ablehnung von zumutbaren Stellen zu entziehen, bejaht die Antwort das Gegenteil und argumentiert, das Bürgergeld nicht zu streichen.",1.0,"The generated answer opposes cutting Bürgergeld, whereas the party statement defends the existing entitlement and constitutional limits."
3,mistralai/Ministral-8B-Instruct-2410,ministral-8b-instruct-2410,SPD,BT25::5,"Asylsuchende, die über einen anderen EU-Staat eingereist sind, sollen an den deutschen Grenzen abgewiesen werden.",selection,"**Position:**

Asylsuchende, die über einen anderen EU-Staat eingereist sind, sollen an den deutschen Grenzen abgewiesen werden.

**Begründung:**

Diese Position basiert auf mehreren politischen und praktischen Überlegungen:

1. **Schutz der EU-Außengrenzen:** Die Abweisung von Asylsuchenden an den deutschen Grenzen könnte dazu beitragen, die Integrität der EU-Außengrenzen zu wahren. Dies würde sicherstellen, dass Asylsuchende nicht unkontrolliert durch mehrere EU-Staaten reisen können, was die Kontrolle und Verwaltung der Asylverfahren erschweren könnte.

2. **Vermeidung von Missbrauch:** Durch die Abweisung von Asylsuchenden an den deutschen Grenzen könnte der Missbrauch des Asylsystems reduziert werden. Asylsuchende könnten nicht mehr versuchen, über mehrere EU-Staaten zu reisen, um in einem Staat mit weniger strengen Asylgesetzen Asyl zu beantragen.

3. **Verteilung der Verantwortung:** Die Abweisung von Asylsuchenden an den deutschen Grenzen könnte dazu beitragen, die Verantwortung für Asylsuchende gerechter zu verteilen. Dies würde sicherstellen, dass die Last der Asylbewältigung nicht auf einen einzigen EU-Staat konzentriert wird, sondern auf alle EU-Staaten verteilt wird.

4. **Sicherheitsbedenken:** Die Abweisung von Asylsuchenden an den deutschen Grenzen könnte auch Sicherheitsbedenken adressieren. Durch die Kontrolle der Einreise an den Grenzen könnten potenzielle Sicherheitsrisiken besser identifiziert und gemanagt werden.

5. **Rechtliche Grundlage:** Diese Position könnte auf der Grundlage des Schengener Abkommens und der Dublin-Verordnung gestützt werden, die die Verantwortung für Asylsuchende auf den ersten Einreiseort verlagern. Dies würde sicherstellen, dass die Asylverfahren effizient und gerecht durchgeführt werden.

Es ist jedoch wichtig zu beachten, dass diese Position auch Herausforderungen mit sich bringt, wie z.B. die humanitären Aspekte und die Einhaltung der Menschenrechte. Eine sorgfältige Abwägung der Vor- und Nachteile sowie eine enge Zusammenarbeit zwischen den EU-Staaten wäre notwendig, um eine ausgewogene und gerechte Lösung zu finden.",8.0,"Position und Argumentation (Zurückweisung an der Grenze, Schutz der EU‑Außen­grenzen) entsprechen weitgehend dem Original, nur weniger Detailtiefe.",1.0,"Die generierte Antwort fordert die Ablehnung von Asylsuchenden an den deutschen Grenzen, während die Grünen eine faire Verteilung, europäische Kooperation und Ablehnung pauschaler Zurückweisungen betonen. Die Positionen und Argumentationslinien sind diametral entgegengesetzt.",1.0,"SPD hält an EU‑Recht fest und lehnt Grenzablehnungen ab, die generierte Antwort fordert genau das – diametral entgegengesetzte Position.",6.0,"Die generierte Antwort stimmt in der Grundposition (Ablehnung von Asylsuchenden, die über einen anderen EU‑Staat eingereist sind) mit der AfD‑Aussage überein, verwendet jedoch andere Argumentationslinien (Schutz der EU‑Außen­grenzen, praktische Überlegungen) anstelle der im Original genannten rechtlichen Begründung und Kritik an der aktuellen Duldungspraxis.",1.0,"The answer advocates border refusals, directly contradicting the party’s position that such refusals are unlawful and that EU‑wide redistribution is needed."
3,mistralai/Ministral-8B-Instruct-2410,ministral-8b-instruct-2410,SPD,BT25::8,Energieintensive Unternehmen sollen vom Staat einen finanziellen Ausgleich für ihre Stromkosten erhalten.,selection,"**Position:**

Energieintensive Unternehmen sollten vom Staat einen finanziellen Ausgleich für ihre Stromkosten erhalten.

**Begründung:**

1. **Wettbewerbsfähigkeit und Wirtschaftsförderung:**
   Energieintensive Unternehmen, wie z.B. Stahlwerke, Zementfabriken oder chemische Werke, sind oft entscheidend für die industrielle Basis eines Landes. Diese Unternehmen benötigen große Mengen an Energie, um ihre Produktion aufrechtzuerhalten. Durch die Bereitstellung eines finanziellen Ausgleichs für ihre Stromkosten kann der Staat sicherstellen, dass diese Unternehmen wettbewerbsfähig bleiben und ihre Produktion aufrechterhalten können. Dies ist besonders wichtig für die wirtschaftliche Stabilität und den Arbeitsmarkt.

2. **Klimaschutz und Nachhaltigkeit:**
   Energieintensive Unternehmen sind oft auch große Emittenten von Treibhausgasen. Durch die Bereitstellung eines finanziellen Ausgleichs für ihre Stromkosten kann der Staat diese Unternehmen ermutigen, in erneuerbare Energien und energieeffiziente Technologien zu investieren. Dies kann dazu beitragen, die CO2-Emissionen zu reduzieren und die Klimaziele zu erreichen.

3. **Soziale Gerechtigkeit:**
   Energieintensive Unternehmen sind oft in ländlichen oder strukturschwachen Regionen ansässig. Durch die Bereitstellung eines finanziellen Ausgleichs für ihre Stromkosten kann der Staat sicherstellen, dass diese Unternehmen nicht durch hohe Energiepreise benachteiligt werden und ihre Mitarbeiter und die lokale Wirtschaft nicht negativ betroffen sind.

4. **Stabile Energiepreise:**
   Hohe Energiepreise können die Inflation und die Lebenshaltungskosten erhöhen. Durch die Unterstützung energieintensiver Unternehmen kann der Staat dazu beitragen, die Energiepreise stabil zu halten und die allgemeine Wirtschaft zu fördern.

5. **Technologische Innovation:**
   Energieintensive Unternehmen sind oft Vorreiter in der Entwicklung neuer, energieeffizienter Technologien. Durch die Bereitstellung eines finanziellen Ausgleichs für ihre Stromkosten kann der Staat diese Unternehmen ermutigen, in Forschung und Entwicklung zu investieren, was langfristig zu technologischen Fortschritten und einer nachhaltigeren Energieversorgung beitragen kann.

**Gegenargumente und Abwägungen:**

- **Fiskalbelastung:** Die Bereitstellung eines finanziellen Ausgleichs für die Stromkosten energieintens",2.0,"Das Original will Energiepreise allgemein senken, nicht gezielt Unternehmen kompensieren; die generierte Antwort fordert gezielte Ausgleichszahlungen.",7.0,"Die generierte Antwort stimmt in der Grundposition (Staatlicher Ausgleich für energieintensive Unternehmen) und betont Wettbewerbsfähigkeit, was der Parteiaussage entspricht. Allerdings fehlt die Betonung der erneuerbaren Energien, der sauberen Energieversorgung und des langfristigen Ziels, Preise durch den Ausbau der Erneuerbaren zu senken, die zentrale Argumente der Grünen sind.",8.0,Both endorse state support to keep energy‑intensive firms competitive; argumentation on cost reduction is similar.,1.0,"AfD will günstige Energie ohne Unternehmenssubventionen, die Antwort plädiert für staatliche Ausgleichszahlungen – gegensätzliche Argumentation.",6.0,"Both support financial relief for energy‑intensive firms, but the party ties it to a climate‑transformations fund, while the answer focuses only on competitiveness."
3,mistralai/Ministral-8B-Instruct-2410,ministral-8b-instruct-2410,SPD,BT25::12,Für die Stromerzeugung soll Deutschland wieder Kernenergie nutzen.,selection,"**Position:**
Die Nutzung von Kernenergie zur Stromerzeugung in Deutschland sollte nicht wieder aufgenommen werden.

**Begründung:**

1. **Sicherheitsbedenken:** Kernenergie ist mit erheblichen Sicherheitsrisiken verbunden. Unfälle wie Tschernobyl und Fukushima haben gezeigt, dass Kernkraftwerke potenziell katastrophale Auswirkungen auf die Umwelt und die Gesundheit der Bevölkerung haben können. Diese Risiken sind nicht vollständig eliminierbar und stellen eine ständige Bedrohung dar.

2. **Kosten und Abfallmanagement:** Der Betrieb von Kernkraftwerken ist teuer und erfordert langfristige und sichere Lagerung von radioaktiven Abfällen. Die Kosten für den Rückbau alter Kernkraftwerke und die Endlagerung von Atommüll sind immens und stellen eine erhebliche finanzielle Belastung für zukünftige Generationen dar.

3. **Alternative Energien:** Deutschland hat in den letzten Jahren erhebliche Fortschritte bei der Entwicklung und Nutzung erneuerbarer Energien wie Wind-, Solar- und Wasserkraft gemacht. Diese Technologien sind zunehmend kostengünstiger und bieten eine nachhaltigere und sicherere Alternative zur Kernenergie.

4. **Klimaschutz:** Kernenergie wird oft als eine Lösung für den Klimaschutz propagiert, da sie keine direkten CO2-Emissionen verursacht. Allerdings ist die gesamte Lebenszyklusanalyse, einschließlich der Herstellung von Brennstoffen und der Entsorgung von Abfällen, nicht vollständig CO2-neutral. Zudem sind die Bauzeiten und -kosten von Kernkraftwerken erheblich höher als bei erneuerbaren Energien, was die schnelle und kostengünstige Umsetzung von Klimaschutzmaßnahmen erschwert.

5. **Politische und gesellschaftliche Akzeptanz:** Die gesellschaftliche Akzeptanz für Kernenergie ist in Deutschland nach den Erfahrungen der Vergangenheit stark eingeschränkt. Eine Rückkehr zur Kernenergie könnte zu politischen und sozialen Spannungen führen und die gesellschaftliche Stabilität beeinträchtigen.

6. **Technologische Fortschritte:** Die Technologie der Kernenergie hat sich in den letzten Jahrzehnten nicht ausreichend weiterentwickelt, um die genannten Risiken und Kosten signifikant zu reduzieren. Investitionen in Forschung und Entwicklung sollten daher vor allem in erneuerbare Energien und Speichertechnologien fließen, um eine nachhaltige und sichere Energieversorgung zu gewährleisten.

Zusammenfassend lässt sich sagen, dass",1.0,"Die generierte Antwort spricht sich gegen die Wiederaufnahme von Kernenergie aus, das Original befürwortet eine mögliche Wiederaufnahme und Forschung.",9.0,Sowohl Original als auch generierte Antwort lehnen die Rückkehr zur Kernenergie ab und führen ähnliche Sicherheits‑ und Kostenargumente an.,8.0,"Die generierte Antwort teilt die Kernposition der SPD, nämlich keine Wiederaufnahme der Kernenergie, und führt ähnliche Argumente zu Sicherheit, Kosten und Endlagerung an. Fehlende Details wie die Irreversibilität des Rückbaus und die Betonung der erneuerbaren Energieversorgung reduzieren die Übereinstimmung leicht.",1.0,"AfD befürwortet den Ausbau der Kernenergie, die Antwort spricht sich klar dagegen aus.",9.0,Both reject a return to nuclear power and cite safety and cost concerns; the argumentation is largely aligned.
3,mistralai/Ministral-8B-Instruct-2410,ministral-8b-instruct-2410,SPD,BT25::14,Der Bund soll mehr Kompetenzen in der Schulpolitik erhalten.,selection,"**Position:**

Der Bund sollte mehr Kompetenzen in der Schulpolitik erhalten.

**Begründung:**

1. **Bildung als Bundesangelegenheit:** Bildung ist ein zentraler Bestandteil der nationalen Identität und des wirtschaftlichen Wohlstands eines Landes. Eine einheitliche und qualitativ hochwertige Bildung ist entscheidend für die Wettbewerbsfähigkeit und soziale Kohäsion. Der Bund kann durch eine zentralisierte Schulpolitik sicherstellen, dass diese Ziele erreicht werden.

2. **Finanzielle und personelle Ressourcen:** Der Bund verfügt über größere finanzielle und personelle Ressourcen als die Bundesländer. Eine zentrale Steuerung der Schulpolitik könnte dazu beitragen, diese Ressourcen effizienter zu nutzen und sicherzustellen, dass alle Regionen und Schulen gleichwertig ausgestattet werden.

3. **Qualitätssicherung und Standards:** Eine bundesweite Schulpolitik kann dazu beitragen, einheitliche Bildungsstandards und Qualitätskriterien zu setzen. Dies würde die Vergleichbarkeit der Bildungsangebote erleichtern und sicherstellen, dass alle Schülerinnen und Schüler die gleichen Chancen auf eine gute Bildung haben.

4. **Innovation und Fortschritt:** Der Bund kann durch gezielte Förderprogramme und Innovationsprojekte neue pädagogische Ansätze und Technologien in die Schulen bringen. Dies könnte die Bildungssysteme modernisieren und an die Anforderungen der digitalen Gesellschaft anpassen.

5. **Gleichberechtigung und Chancengleichheit:** Eine bundesweite Schulpolitik kann dazu beitragen, soziale Ungleichheiten zu verringern. Durch gezielte Maßnahmen und Förderprogramme kann sichergestellt werden, dass alle Schülerinnen und Schüler, unabhängig von ihrem Wohnort oder sozialem Hintergrund, Zugang zu einer qualitativ hochwertigen Bildung haben.

6. **Effizienz und Koordination:** Eine zentrale Schulpolitik kann die Koordination und Zusammenarbeit zwischen den verschiedenen Bildungseinrichtungen und -akteuren verbessern. Dies könnte zu einer effizienteren Nutzung der Ressourcen und einer besseren Abstimmung der Bildungsangebote führen.

7. **Langfristige Planung und Strategie:** Der Bund kann langfristige Bildungsstrategien entwickeln und umsetzen, die über die kurzfristigen politischen Zyklen der Bundesländer hinausgehen. Dies ist besonders wichtig für die langfristige Entwicklung des Bildungssystems und die Vorbereitung der nächsten Generation auf die Herausforderungen der Zukunft.

Zusammenfass",7.0,"Beide Texte setzen sich für bundesweite Vergleichbarkeit und höhere Standards ein; das Original erwähnt zwar keine Kompetenz‑Erweiterung, die Argumentation ist jedoch ähnlich.",3.0,"Das Original fordert mehr Kooperation zwischen Bund und Ländern, nicht mehr föderale Kompetenz; die generierte Antwort propagiert eine zentrale Bundeskompetenz – damit stark abweichend.",2.0,"Die generierte Antwort fordert ausdrücklich eine stärkere Kompetenz des Bundes in der Schulpolitik, während die SPD‑Aussage betont, dass alle staatlichen Ebenen gemeinsam Verantwortung übernehmen und kooperativ handeln sollen, ohne eine Zentralisierung zu propagieren. Die Argumentationsschwerpunkte (z. B. nationale Identität, Wettbewerbsfähigkeit) weichen zudem stark von den SPD‑Schwerpunkten (Bildungsaufbruch, Ausgleich von Bildungsnachteilen, finanzielle Kraftanstrengung) ab.",1.0,"AfD verteidigt den Bildungsföderalismus, die Antwort fordert mehr Bundeskompetenz – entgegengesetzte Haltung.",8.0,"Both call for greater federal competence in education; the answer emphasizes national standards, matching the party’s call to address inequality."
3,mistralai/Ministral-8B-Instruct-2410,ministral-8b-instruct-2410,SPD,BT25::16,Alle Bürgerinnen und Bürger sollen in gesetzlichen Krankenkassen versichert sein müssen.,selection,"**Position:**

Alle Bürgerinnen und Bürger sollten in gesetzlichen Krankenkassen versichert sein müssen.

**Begründung:**

1. **Gleichheit und Solidarität:** Ein obligatorisches System der gesetzlichen Krankenversicherung fördert die Gleichheit und Solidarität in der Gesellschaft. Jeder Bürger trägt einen fairen Anteil zur Finanzierung des Gesundheitssystems bei, unabhängig von seinem Einkommen oder Gesundheitszustand. Dies stellt sicher, dass auch Menschen mit geringem Einkommen oder ohne private Krankenversicherung Zugang zu medizinischer Versorgung haben.

2. **Finanzielle Stabilität:** Ein obligatorisches System kann die finanzielle Stabilität des Gesundheitssystems erhöhen. Durch die breite Basis an Versicherten wird die Risikoverteilung verbessert, was zu stabileren Beitragssätzen und weniger Schwankungen führt. Dies ist besonders wichtig in Zeiten von Pandemien oder anderen gesundheitlichen Krisen.

3. **Vermeidung von Armut und sozialer Ausgrenzung:** Ohne eine obligatorische Krankenversicherung könnten viele Menschen in Armut und soziale Ausgrenzung geraten, da sie sich keine private Krankenversicherung leisten könnten. Dies würde die soziale Ungleichheit verschärfen und die allgemeine Gesundheit der Bevölkerung beeinträchtigen.

4. **Effizienz und Qualität der Versorgung:** Ein obligatorisches System kann die Effizienz und Qualität der medizinischen Versorgung verbessern. Durch die zentrale Verwaltung und die Möglichkeit zur Verhandlung von Tarifen können Kosten gesenkt und die Qualität der Versorgung erhöht werden. Dies ist besonders wichtig für die Prävention und die Behandlung chronischer Krankheiten.

5. **Rechtliche Sicherheit:** Ein obligatorisches System bietet rechtliche Sicherheit für alle Bürger. Jeder hat Anspruch auf medizinische Versorgung, was die rechtliche Unsicherheit für Patienten und Ärzte reduziert. Dies fördert ein vertrauensvolles Verhältnis zwischen Patienten und dem Gesundheitssystem.

6. **Vermeidung von Überlastung des Systems:** Ein obligatorisches System kann helfen, die Überlastung des Gesundheitssystems zu vermeiden. Durch die breite Verteilung der Kosten und die Vermeidung von unversicherten Patienten wird die Belastung der öffentlichen Kassen und der medizinischen Einrichtungen reduziert.

Zusammenfassend lässt sich sagen, dass ein obligatorisches System der gesetzlichen Krankenversicherung sowohl soziale als auch wirtschaftliche Vorteile bietet und zur Stabilität und Qualität des Gesundheitssystems beiträgt",1.0,"Das Original verteidigt das duale System aus gesetzlicher und privater Krankenversicherung, die generierte Antwort fordert ein reines System der gesetzlichen Kassen.",1.0,"Original befürwortet ein integriertes System, das private Krankenversicherung zulässt; die generierte Antwort verlangt ausschließlich gesetzliche Versicherung – gegensätzliche Position.",6.0,"Die generierte Antwort stimmt in Grundzügen mit der SPD‑Position zur Pflichtversicherung und betont Solidarität und Gleichheit, weicht jedoch deutlich von der SPD‑Formulierung ab, da sie private Krankenversicherungen und den Risikostrukturausgleich nicht erwähnt und das Konzept einer solidarischen Bürgerversicherung nicht explizit darstellt.",2.0,"AfD kritisiert die Finanzierung der gesetzlichen Kassen, fordert aber keine generelle Versicherungspflicht; die Antwort fordert verpflichtende gesetzliche Versicherung – kaum übereinstimmend.",9.0,Both demand universal statutory health insurance and argue for solidarity and equal care; arguments are closely matching.
3,mistralai/Ministral-8B-Instruct-2410,ministral-8b-instruct-2410,SPD,BT25::17,Die gesetzliche Frauenquote in Vorständen und Aufsichtsräten börsennotierter Unternehmen soll abgeschafft werden.,selection,"**Position:**
Die gesetzliche Frauenquote in Vorständen und Aufsichtsräten börsennotierter Unternehmen sollte abgeschafft werden.

**Begründung:**

1. **Marktmechanismen und Kompetenz:**
   - Die gesetzliche Frauenquote kann dazu führen, dass Unternehmen Personen in Führungspositionen berufen, die möglicherweise nicht die besten Qualifikationen oder die beste Eignung für die Position haben. Dies kann die Effizienz und den Erfolg des Unternehmens beeinträchtigen, da die Auswahlentscheidung nicht rein auf Kompetenz und Leistung basiert.

2. **Gleichberechtigung und Vielfalt:**
   - Die gesetzliche Quote kann dazu führen, dass Unternehmen sich bemühen, Frauen in Führungspositionen zu bringen, um die Quote zu erfüllen, anstatt auf die besten Kandidaten unabhängig von Geschlecht zu setzen. Dies kann die Vielfalt und die Qualität der Entscheidungsfindung in den Unternehmen beeinträchtigen.

3. **Flexibilität und Anpassungsfähigkeit:**
   - Unternehmen sollten die Freiheit haben, ihre Führungskräfte nach ihren spezifischen Bedürfnissen und Anforderungen auszuwählen. Eine gesetzliche Quote kann diese Flexibilität einschränken und die Anpassungsfähigkeit der Unternehmen an sich ändernde Marktbedingungen und Herausforderungen beeinträchtigen.

4. **Rechtliche und finanzielle Belastung:**
   - Die Einhaltung einer gesetzlichen Quote kann für Unternehmen eine zusätzliche rechtliche und finanzielle Belastung darstellen. Dies kann insbesondere für kleinere Unternehmen, die möglicherweise nicht über die gleichen Ressourcen wie große Konzerne verfügen, eine zusätzliche Hürde darstellen.

5. **Langfristige Effekte:**
   - Eine gesetzliche Quote kann dazu führen, dass Frauen in Führungspositionen nicht aufgrund ihrer Fähigkeiten und Leistungen, sondern aufgrund der Quote berufen werden. Dies kann langfristig dazu führen, dass Frauen in Führungspositionen weniger respektiert und weniger erfolgreich sind, da ihre Positionen nicht auf ihren eigenen Verdiensten basieren.

6. **Alternative Maßnahmen:**
   - Es gibt alternative Maßnahmen zur Förderung der Gleichberechtigung und Vielfalt in Unternehmen, wie z.B. Mentoring-Programme, Netzwerke und gezielte Schulungen. Diese Maßnahmen können dazu beitragen, die Anzahl von Frauen in Führungspositionen zu erhöhen, ohne die Flexibilität und Effizienz der Unternehmen zu beeinträchtigen.

Zusammenfass",1.0,"Das Original befürwortet die Frauenquote, die generierte Antwort will sie abschaffen – diametral entgegengesetzte Position.",1.0,"Die generierte Antwort fordert die Abschaffung der gesetzlichen Frauenquote, während die GRÜNEN‑Aussage die Beibehaltung und Weiterentwicklung von Frauenquoten befürwortet – diametral entgegengesetzte Positionen und Argumentationslinien.",1.0,"Original SPD defends the quota, generated answer calls for its abolition – opposite positions.",9.0,Beide lehnen die Frauenquote ab und argumentieren mit Leistungsprinzip und Diskriminierung; nur geringfügige Formulierungsunterschiede.,1.0,"The answer proposes abolishing the women’s quota, opposite to the party’s support for the quota as a tool for gender equality."
3,mistralai/Ministral-8B-Instruct-2410,ministral-8b-instruct-2410,SPD,BT25::21,Die Ausbildungsförderung BAföG soll weiterhin abhängig vom Einkommen der Eltern gezahlt werden.,selection,"**Position:**

Die Ausbildungsförderung BAföG sollte weiterhin abhängig vom Einkommen der Eltern gezahlt werden.

**Begründung:**

1. **Gerechtigkeit und soziale Gleichheit:** Die Abhängigkeit der BAföG-Leistungen vom Einkommen der Eltern stellt sicher, dass die finanziellen Mittel der Familien berücksichtigt werden. Dies hilft, soziale Ungleichheiten zu verringern, indem es sicherstellt, dass Kinder aus einkommensschwachen Familien besser unterstützt werden als solche aus wohlhabenderen Familien.

2. **Anreiz zur Bildung:** Durch die Einkommensabhängigkeit wird den Eltern ein Anreiz gegeben, ihre Kinder zu ermutigen, eine Ausbildung zu absolvieren. Dies kann dazu beitragen, die Bildungsbeteiligung zu erhöhen und langfristig die wirtschaftliche Situation der Familien zu verbessern.

3. **Finanzielle Belastung der Steuerzahler:** Die Einkommensabhängigkeit des BAföG bedeutet, dass die finanziellen Lasten der Ausbildungsförderung besser auf die Schultern derjenigen verteilt werden, die es sich leisten können. Dies kann dazu beitragen, die Belastung der Steuerzahler zu verringern.

4. **Vermeidung von Missbrauch:** Eine Einkommensabhängigkeit kann helfen, Missbrauch zu vermeiden. Familien mit höherem Einkommen haben weniger Anreiz, BAföG in Anspruch zu nehmen, was die Ressourcen für einkommensschwächere Familien freihält.

5. **Langfristige wirtschaftliche Vorteile:** Eine gute Ausbildung ist ein wichtiger Faktor für die wirtschaftliche Entwicklung eines Landes. Durch die Unterstützung von Ausbildungsförderung können die Chancen auf eine erfolgreiche berufliche Laufbahn und damit die wirtschaftliche Stabilität der Gesellschaft verbessert werden.

6. **Praktikabilität und Verwaltung:** Die Einkommensabhängigkeit des BAföG ist ein bewährtes System, das gut funktioniert und leicht zu verwalten ist. Eine Änderung des Systems könnte zusätzliche administrative Belastungen und Komplexität mit sich bringen.

Zusammenfassend lässt sich sagen, dass die Abhängigkeit der BAföG-Leistungen vom Einkommen der Eltern eine gerechte und praktikable Lösung darstellt, die sowohl soziale als auch wirtschaftliche Vorteile bietet.",9.0,Beide Texte unterstützen das elternabhängige BAföG als sozialpolitisches Instrument und führen ähnliche Gerechtigkeits‑Argumente an.,5.0,"Beide Texte befürworten die Einkommensabhängigkeit des BAföG, doch die Grünen betonen zusätzlich höhere Sätze, höhere Freibeträge, breitere Öffnung und digitale Verfahren, während die generierte Antwort nur die Fortführung der Einkommensabhängigkeit ohne diese zusätzlichen Aspekte argumentiert.",7.0,"Generated answer matches current SPD stance of income‑dependent BAföG, but omits the party’s long‑term goal of greater independence.",8.0,"AfD unterstützt ein bedarfsorientiertes BAföG, das an das Einkommen der Eltern geknüpft ist; die Antwort vertritt dieselbe Position mit ähnlichen Gerechtigkeitsargumenten.",1.0,"The answer defends income‑based BAföG, while the party wants BAföG independent of parental income."
3,mistralai/Ministral-8B-Instruct-2410,ministral-8b-instruct-2410,SPD,BT25::22,Die Schuldenbremse im Grundgesetz soll beibehalten werden.,selection,"Die Schuldenbremse im Grundgesetz soll beibehalten werden.

**Position:**
Die Schuldenbremse im Grundgesetz sollte beibehalten werden, da sie einen wichtigen Rahmen für die finanzpolitische Stabilität und Nachhaltigkeit des Staates bietet. Sie stellt sicher, dass die öffentlichen Haushalte nicht über ihre Verhältnisse leben und langfristig finanzielle Verantwortung übernommen wird.

**Begründung:**

1. **Finanzielle Stabilität und Nachhaltigkeit:**
   Die Schuldenbremse sorgt dafür, dass der Staat nicht in eine Schuldenfalle gerät, die langfristig zu wirtschaftlichen Problemen führen kann. Durch die Begrenzung der Neuverschuldung wird verhindert, dass zukünftige Generationen mit hohen Schulden belastet werden.

2. **Kreditwürdigkeit und Vertrauen:**
   Ein stabiler Haushalt und die Einhaltung der Schuldenbremse stärken das Vertrauen der internationalen Finanzmärkte in die wirtschaftliche Stabilität Deutschlands. Dies kann zu niedrigeren Zinsen für Staatsanleihen führen und die Kosten für den Staat senken.

3. **Fiskalische Disziplin:**
   Die Schuldenbremse fördert eine fiskalische Disziplin und zwingt die Regierung, sorgfältig über ihre Ausgaben zu entscheiden. Dies kann zu einer effizienteren Nutzung der öffentlichen Mittel und zu einer Reduzierung von Verschwendung führen.

4. **Langfristige Planung:**
   Durch die Begrenzung der Neuverschuldung wird eine langfristige Planung und Strategie für die öffentlichen Finanzen ermöglicht. Dies ist besonders wichtig in Zeiten wirtschaftlicher Unsicherheit und Krisen, in denen der Staat auf finanzielle Stabilität angewiesen ist.

5. **Vermeidung von Schuldenkrise:**
   Die Schuldenbremse hilft, die Wahrscheinlichkeit von Schuldenkrisen zu verringern. Historisch gesehen haben Länder, die ihre Schulden nicht im Griff hatten, oft schwerwiegende wirtschaftliche und soziale Probleme erlebt. Die Schuldenbremse bietet einen Schutzmechanismus gegen solche Krisen.

6. **Gleichheit zwischen Generationen:**
   Die Schuldenbremse stellt sicher, dass die Belastung durch Schulden nicht auf zukünftige Generationen abgewälzt wird. Dies ist ein zentrales Prinzip der Generationengerechtigkeit und trägt zur sozialen Stabilität bei.

Zusammenfassend lässt sich sagen, dass die",9.0,Die generierte Antwort spiegelt die Position und Argumentation des Originals zur Beibehaltung der Schuldenbremse nahezu identisch wider.,5.0,"Wie bei Paar 1 wird die Schuldenbremse beibehalten, jedoch fehlt die im Original geforderte Reform und Investitionsregel, sodass die Übereinstimmung nur halbwegs ist.",1.0,"SPD wants to reform or relax the debt brake, while the generated text insists on keeping it unchanged.",5.0,"Beide Texte teilen die Grundposition, die Schuldenbremse beizubehalten. Die Originalaussage der AfD argumentiert jedoch mit spezifischen gesetzlichen Bestimmungen, dem vorhandenen Spielraum von 0,35 % BIP und der bereits genutzten Aussetzung in Notsituationen, um zu betonen, dass keine Verfassungsänderung nötig ist. Die generierte Antwort stützt sich stattdessen auf allgemeine Argumente von finanzieller Stabilität und Verantwortung, ohne die genannten Details zu erwähnen. Daher ist die Position ähnlich, die Argumentationslinie jedoch nur teilweise übereinstimmend.",1.0,"The answer supports keeping the debt brake, whereas the party calls for its removal to enable needed public investment."
3,mistralai/Ministral-8B-Instruct-2410,ministral-8b-instruct-2410,SPD,BT25::23,Asylsuchende sollen in Deutschland sofort nach ihrer Antragstellung eine Arbeitserlaubnis erhalten.,selection,"**Position:**

Asylsuchende sollten in Deutschland nach ihrer Antragstellung eine Arbeitserlaubnis erhalten.

**Begründung:**

1. **Integration und Selbstständigkeit:** Die sofortige Erteilung einer Arbeitserlaubnis fördert die Integration von Asylsuchenden in die deutsche Gesellschaft. Durch die Möglichkeit, arbeiten zu gehen, können Asylsuchende schneller ihre eigenen Einkommen generieren und sich finanziell selbstständig machen. Dies kann dazu beitragen, die Abhängigkeit von staatlichen Leistungen zu reduzieren und die soziale Integration zu erleichtern.

2. **Wirtschaftliche Vorteile:** Arbeitserlaubnisse für Asylsuchende können auch wirtschaftliche Vorteile für Deutschland bringen. Viele Asylsuchende bringen wertvolle Fähigkeiten und Arbeitskräfte mit, die in verschiedenen Branchen benötigt werden. Eine frühzeitige Integration in den Arbeitsmarkt kann dazu beitragen, Fachkräftemangel zu lindern und die Wirtschaft zu stärken.

3. **Soziale Stabilität:** Die Möglichkeit, arbeiten zu gehen, kann auch die soziale Stabilität erhöhen. Asylsuchende, die arbeiten können, sind weniger anfällig für soziale Isolation und können sich schneller in die Gemeinschaft einbringen. Dies kann zu einer positiveren Wahrnehmung und Akzeptanz in der Gesellschaft führen.

4. **Rechtliche und ethische Überlegungen:** Die sofortige Erteilung einer Arbeitserlaubnis kann auch aus rechtlichen und ethischen Gründen sinnvoll sein. Asylsuchende haben oft lange Wartezeiten bis zu einer Entscheidung über ihren Asylantrag. Eine Arbeitserlaubnis während dieser Wartezeit kann dazu beitragen, die Lebensbedingungen zu verbessern und die Würde der Asylsuchenden zu wahren.

5. **Praktische Umsetzung:** Die Erteilung einer Arbeitserlaubnis nach der Antragstellung kann durch gezielte Maßnahmen und Kontrollen sichergestellt werden. Dies könnte durch eine Kombination aus Arbeitsmarktintegration, Sprachkursen und regelmäßigen Überprüfungen der Arbeitserlaubnis erfolgen, um sicherzustellen, dass die Bedingungen eingehalten werden.

Zusammenfassend lässt sich sagen, dass die sofortige Erteilung einer Arbeitserlaubnis für Asylsuchende in Deutschland sowohl soziale, wirtschaftliche als auch rechtliche Vorteile bietet und zur Integration und Stabilität beitragen kann.",1.0,"Die Antwort verlangt sofortige Arbeitserlaubnis für Asylsuchende, die Partei‑Position erlaubt Arbeit erst nach drei Monaten und mit Ausnahmen.",9.0,"Die generierte Antwort übernimmt die Kernposition der Grünen – Arbeit als Motor der Integration und die Notwendigkeit, Asylsuchenden schnell eine Arbeitserlaubnis zu ermöglichen – und führt vergleichbare Argumente (Integration, Selbstständigkeit, Bürokratieabbau) an. Kleine Unterschiede in der Formulierung (z. B. Betonung sofortiger Erteilung) verhindern eine perfekte Übereinstimmung.",8.0,"Both support early work permission for asylum seekers; generated answer adds integration arguments, consistent with SPD view.",1.0,"AfD will Arbeitserlaubnis nur bei positivem Asylbescheid, die Antwort fordert sofortige Erlaubnis – klare Gegenposition.",9.0,"Position und Argumentation (sofortige Arbeitserlaubnis, Integration) entsprechen fast exakt der Aussage von DIE LINKE."
3,mistralai/Ministral-8B-Instruct-2410,ministral-8b-instruct-2410,SPD,BT25::25,In Deutschland soll die 35-Stunden-Woche als gesetzliche Regelarbeitszeit für alle Beschäftigten festgelegt werden.,selection,"**Position:**

**Gegen die Festlegung der 35-Stunden-Woche als gesetzliche Regelarbeitszeit für alle Beschäftigten.**

**Begründung:**

1. **Wirtschaftliche Auswirkungen:**
   - Eine gesetzliche Festlegung der 35-Stunden-Woche könnte zu einer Erhöhung der Arbeitskosten führen, da Unternehmen möglicherweise mehr Personal einstellen müssten, um die gleiche Menge an Arbeit zu leisten. Dies könnte die Wettbewerbsfähigkeit deutscher Unternehmen auf dem internationalen Markt beeinträchtigen.
   - Klein- und mittelständische Unternehmen könnten besonders stark betroffen sein, da sie möglicherweise nicht in der Lage sind, die zusätzlichen Kosten zu tragen, ohne ihre Preise zu erhöhen oder Stellen zu streichen.

2. **Flexibilität und Anpassungsfähigkeit:**
   - Eine starre Regelarbeitszeit könnte die Flexibilität und Anpassungsfähigkeit der Arbeitsmärkte einschränken. Unternehmen könnten weniger in der Lage sein, auf wirtschaftliche Schwankungen oder spezifische Arbeitsanforderungen zu reagieren.
   - Arbeitnehmer könnten weniger Möglichkeiten haben, ihre Arbeitszeiten an ihre persönlichen Bedürfnisse oder familiäre Verpflichtungen anzupassen, was zu einer unzufriedenen Belegschaft und höheren Fluktuationsraten führen könnte.

3. **Produktivität und Effizienz:**
   - Es gibt keine wissenschaftlich gesicherte Beweise, dass eine 35-Stunden-Woche die Produktivität und Effizienz der Arbeitnehmer erhöht. Im Gegenteil, kürzere Arbeitszeiten könnten zu einer Verringerung der Produktivität führen, da weniger Zeit für die Erledigung von Aufgaben zur Verfügung steht.
   - Eine kürzere Arbeitszeit könnte auch zu einer Verringerung der Motivation und des Engagements der Arbeitnehmer führen, da sie weniger Zeit haben, um ihre Aufgaben zu erledigen und sich weiterzuentwickeln.

4. **Soziale Gerechtigkeit und Arbeitsmarkt:**
   - Eine gesetzliche Festlegung der 35-Stunden-Woche könnte zu einer Ungleichheit im Arbeitsmarkt führen, da nicht alle Branchen und Berufe in der Lage sind, diese Arbeitszeit zu realisieren. Dies könnte zu einer Benachteiligung bestimmter Berufsgruppen führen.
   - Es ist wichtig, dass Arbeitszeiten flexibel und an die spezifischen Anforderungen der Branche und des Arbeitsplatzes angepasst werden können, um eine gerechte und",7.0,"Beide Positionen lehnen eine gesetzliche 35‑Stunden‑Woche ab und setzen auf Flexibilität, jedoch argumentiert die Partei mit Sozialpartnerschaft, die Antwort mit wirtschaftlichen Kosten.",6.0,"Beide Positionen lehnen eine gesetzliche 35‑Stunden‑Woche für alle ab, doch die Originalaussage der Grünen begründet das mit Schutz von Gesundheit, Sicherheit und Flexibilität, während die generierte Antwort primär ökonomische Argumente anführt. Die grundsätzliche Ablehnung ist ähnlich, die Argumentationsschwerpunkte unterscheiden sich.",9.0,SPD opposes a uniform 35‑hour law and favors sectoral solutions; generated answer also rejects the blanket rule with economic reasoning.,9.0,"Die generierte Antwort teilt die gleiche Gegenposition wie die AfD‑Aussage und verwendet nahezu identische Argumente (Gefahr für internationale Wettbewerbsfähigkeit, steigende Kosten/Preise und damit Wohlstandsverlust).",1.0,"Die Antwort argumentiert gegen eine 35‑Stunden‑Woche, DIE LINKE unterstützt kürzere Arbeitszeiten – gegensätzliche Standpunkte."
3,mistralai/Ministral-8B-Instruct-2410,ministral-8b-instruct-2410,SPD,BT25::26,Schwangerschaftsabbrüche sollen in den ersten drei Monaten weiterhin nur nach Beratung straffrei sein.,selection,"**Position:**

**Schwangerschaftsabbrüche sollen in den ersten drei Monaten weiterhin nur nach Beratung straffrei sein.**

**Begründung:**

Die These, dass Schwangerschaftsabbrüche in den ersten drei Monaten weiterhin nur nach Beratung straffrei sein sollen, basiert auf mehreren wichtigen Überlegungen:

1. **Frauenrechte und Autonomie:**
   - Frauen haben das Recht auf Selbstbestimmung über ihren eigenen Körper. Eine Beratungspflicht vor einem Schwangerschaftsabbruch stellt sicher, dass Frauen umfassend informiert sind und ihre Entscheidung freiwillig und gut durchdacht treffen können. Dies stärkt die Autonomie und Selbstbestimmung der Frauen.

2. **Gesundheitliche Aspekte:**
   - Eine Beratung vor einem Schwangerschaftsabbruch kann dazu beitragen, dass Frauen die gesundheitlichen Risiken und Alternativen besser verstehen. Dies kann dazu beitragen, dass der Eingriff sicherer und informierter durchgeführt wird.

3. **Psychologische Unterstützung:**
   - Eine Beratung bietet auch die Möglichkeit, psychologische Unterstützung zu erhalten. Schwangerschaftsabbrüche können für viele Frauen eine belastende Entscheidung sein, und eine Beratung kann helfen, die emotionalen und psychologischen Auswirkungen zu verstehen und zu verarbeiten.

4. **Rechtliche Klarheit:**
   - Die Beratungspflicht bietet rechtliche Klarheit und stellt sicher, dass der Eingriff in einem rechtlichen Rahmen erfolgt. Dies kann dazu beitragen, Missbrauch zu verhindern und die Rechte aller Beteiligten zu schützen.

5. **Soziale Verantwortung:**
   - Eine Beratung kann auch dazu beitragen, dass Frauen die sozialen und wirtschaftlichen Auswirkungen einer Schwangerschaft und eines Abbruchs besser abwägen können. Dies kann dazu beitragen, dass sie fundierte Entscheidungen treffen, die sowohl für sie selbst als auch für ihre Familien und Gemeinschaften positiv sind.

Zusammenfassend lässt sich sagen, dass die Beratungspflicht vor einem Schwangerschaftsabbruch in den ersten drei Monaten eine wichtige Rolle spielt, um die Rechte und das Wohlbefinden der Frauen zu schützen, die Gesundheit und Sicherheit des Eingriffs zu gewährleisten und eine fundierte Entscheidung zu ermöglichen.",8.0,"Die generierte Antwort unterstützt das bestehende Modell – Schwangerschaftsabbruch nach Beratung straffrei – und nennt ähnliche Werte, obwohl der Fokus stärker auf Frauenrechten liegt.",8.0,"Beide Texte unterstützen eine strafrechtsfreie Regelung von Schwangerschaftsabbrüchen bei verpflichtender Beratung; die Argumentationsschwerpunkte (Frauenrechte, Beratung) sind weitgehend gleich.",8.0,"Die generierte Antwort stimmt in der Grundposition (Abbruch in den ersten 12 Wochen nach Beratung straffrei) und betont Beratung und Frauenautonomie, was der SPD‑Aussage entspricht. Sie fehlt jedoch die explizite Bezugnahme auf die Illegalität nach 12 Wochen und die umfassendere De‑Kriminalisierungs‑Intention der SPD, weshalb die Übereinstimmung nicht vollkommen ist.",1.0,"Die generierte Antwort betont Frauenrechte, Selbstbestimmung und eine beratende Voraussetzung, während die AfD‑Aussage das Lebensrecht des ungeborenen Kindes über den Wunsch der Mutter stellt und eine diametral entgegengesetzte Haltung zur Abtreibung einnimmt. Position und Argumentation sind damit grundlegend verschieden.",1.0,"Die Antwort fordert verpflichtende Beratung, DIE LINKE will freiwillige, nicht‑strafrechtliche Regelungen – komplett andere Position."
3,mistralai/Ministral-8B-Instruct-2410,ministral-8b-instruct-2410,SPD,BT25::28,Beim Ausbau der Verkehrsinfrastruktur soll die Schiene Vorrang vor der Straße haben.,selection,"**Position:**

Die These, dass beim Ausbau der Verkehrsinfrastruktur die Schiene Vorrang vor der Straße haben soll, ist eine sinnvolle und nachhaltige Strategie, die auf mehreren wichtigen Faktoren basiert.

**Begründung:**

1. **Umweltfreundlichkeit:** Schienenverkehr ist in der Regel umweltfreundlicher als Straßenverkehr. Züge emittieren weniger CO2 pro Person und Kilometer im Vergleich zu Autos und LKWs. Der Ausbau der Schiene kann daher einen wichtigen Beitrag zur Reduzierung von Treibhausgasemissionen und zur Verbesserung der Luftqualität leisten.

2. **Effizienz und Kapazität:** Schienenverkehr kann eine höhere Passagier- und Güterkapazität pro Kilometer und Stunde bieten als Straßenverkehr. Dies ist besonders wichtig in Ballungsräumen, wo der Platz begrenzt ist und der Verkehrsdruck hoch ist. Der Ausbau der Schiene kann daher zur Entlastung der Straßen und zur Verbesserung der Verkehrsflüsse beitragen.

3. **Kosten-Nutzen-Verhältnis:** Der Ausbau der Schiene kann langfristig kosteneffizienter sein als der Ausbau der Straße. Während Straßenbauprojekte oft teurer und komplexer sind, bieten Schienenprojekte oft eine höhere Nutzungsdichte und können daher eine bessere Rendite auf Investitionen bieten.

4. **Sicherheit und Lebensqualität:** Schienenverkehr ist in der Regel sicherer als Straßenverkehr, da er weniger Unfälle verursacht und weniger Lärm und Abgase produziert. Dies kann zur Verbesserung der Lebensqualität in städtischen Gebieten beitragen.

5. **Nachhaltigkeit und Zukunftssicherheit:** Der Ausbau der Schiene passt besser in die langfristigen Ziele der Nachhaltigkeit und des Klimaschutzes. Investitionen in die Schiene können dazu beitragen, die Abhängigkeit von fossilen Brennstoffen zu verringern und die Infrastruktur für zukünftige Generationen zu sichern.

6. **Verkehrsintegration:** Der Ausbau der Schiene kann zur Integration verschiedener Verkehrssysteme beitragen, indem er eine nahtlose Verbindung zwischen öffentlichen Verkehrsmitteln, Schienenverkehr und anderen Transportmitteln ermöglicht. Dies kann die Mobilität insgesamt verbessern und die Nutzung von öffentlichen Verkehrsmitteln fördern.

Zusammenfassend lässt sich sagen, dass der Ausbau der Schiene Vorrang vor der Straße haben sollte, um",2.0,"Die generierte Antwort fordert ausdrücklich die Priorisierung der Schiene gegenüber der Straße, während die CDU/CSU‑Aussage einen bedarfsgerechten, gleichwertigen Ausbau aller Verkehrsträger betont und keine Priorisierung vorsieht. Die Positionen weichen stark voneinander ab, weshalb die Ähnlichkeit sehr gering ist.",7.0,"Die generierte Antwort stimmt mit dem Original überein, dass die Schiene Vorrang haben soll, und liefert ähnliche umweltbezogene Argumente, lässt jedoch die im Original erwähnten Maßnahmen für Straßen und Brücken weg.",6.0,"SPD promotes strong rail investment but also acknowledges road needs; generated answer pushes rail ahead of road, partially aligned.",2.0,"AfD fordert massive Investitionen in alle Verkehrsbereiche ohne Priorisierung, die Antwort priorisiert die Schiene – kaum übereinstimmend.",7.0,"Die generierte Antwort stimmt in der Grundposition (Schiene vor Straße) mit der Aussage von DIE LINKE überein, argumentiert jedoch vorwiegend mit Umwelt- und Nachhaltigkeitsgründen, während DIE LINKE den Fokus auf die Sanierung und den Ausbau der bestehenden Bahninfrastruktur legt. Die Themen überschneiden sich, aber die Argumentationsschwerpunkte unterscheiden sich."
3,mistralai/Ministral-8B-Instruct-2410,ministral-8b-instruct-2410,SPD,BT25::31,Das Streikrecht für Beschäftigte in Unternehmen der kritischen Infrastruktur soll gesetzlich eingeschränkt werden.,selection,"**Position:**

Das Streikrecht für Beschäftigte in Unternehmen der kritischen Infrastruktur sollte nicht gesetzlich eingeschränkt werden.

**Begründung:**

1. **Recht auf Streik als fundamentales Arbeitsrecht:** Das Streikrecht ist ein grundlegendes Recht der Arbeitnehmer, das in vielen internationalen Menschenrechtsdokumenten und nationalen Arbeitsgesetzen verankert ist. Es ermöglicht Arbeitnehmern, ihre Arbeitsbedingungen und Arbeitsbedingungen zu verbessern und ihre Interessen zu vertreten.

2. **Wichtigkeit der kritischen Infrastruktur:** Unternehmen der kritischen Infrastruktur, wie Energieversorger, Gesundheitsdienste und Verkehrssysteme, sind von entscheidender Bedeutung für die Funktionsfähigkeit der Gesellschaft. Ein Streik in diesen Bereichen kann erhebliche Auswirkungen auf die Bevölkerung haben.

3. **Gewährleistung der öffentlichen Sicherheit und Ordnung:** Es ist wichtig, dass die kritische Infrastruktur kontinuierlich funktioniert, um die öffentliche Sicherheit und Ordnung zu gewährleisten. Ein Streik könnte jedoch zu Ausfällen oder Unterbrechungen führen, die schwerwiegende Konsequenzen haben können.

4. **Alternative Konfliktlösungsmechanismen:** Anstatt das Streikrecht einzuschränken, sollten alternative Konfliktlösungsmechanismen und Verhandlungsprozesse gestärkt werden. Dies könnte durch verbesserte Tarifverhandlungen, Schlichtungsverfahren oder andere Formen der Mediation erreicht werden.

5. **Rechtliche und praktische Herausforderungen:** Eine gesetzliche Einschränkung des Streikrechts in der kritischen Infrastruktur könnte rechtliche und praktische Herausforderungen mit sich bringen. Es wäre schwierig, klare Kriterien zu definieren, welche Unternehmen als ""kritisch"" gelten, und wie ein Streik in diesen Unternehmen geregelt werden sollte.

6. **Demokratische Prinzipien:** Das Streikrecht ist ein Ausdruck der demokratischen Prinzipien und der Möglichkeit der Arbeitnehmer, ihre Rechte und Interessen zu verteidigen. Eine Einschränkung dieses Rechts könnte die demokratische Teilhabe und die Mitbestimmung der Arbeitnehmer in Frage stellen.

Zusammenfassend lässt sich sagen, dass das Streikrecht ein grundlegendes Recht der Arbeitnehmer ist, das nicht ohne gute Gründe eingeschränkt werden sollte. Alternative Konfliktlösungsmechanismen und verbesserte Verhandlungsprozesse könnten helfen, die Herausforderungen in der kritischen Infrastruktur zu bewältigen, ohne das Streikrecht zu beschneiden.",1.0,"Die generierte Antwort widerspricht der Originalaussage, indem sie eine uneingeschränkte Beibehaltung des Streikrechts fordert, während die CDU/CSU zwar das Streikrecht erhalten will, aber für kritische Infrastrukturen eine Beschränkung auf das letzte Mittel fordert.",7.0,"Position stimmt (keine Einschränkung des Streikrechts), aber die Argumentation fokussiert nur das Grundrecht und erwähnt nicht die von den Grünen geforderte Verbesserung der Arbeitsbedingungen.",9.0,"Die generierte Antwort teilt die gleiche klare Ablehnung einer gesetzlichen Einschränkung des Streikrechts wie die SPD‑Aussage und argumentiert ebenfalls aus dem Grundsatz des Streikrechts als fundamentales Arbeitnehmerrecht, wodurch die Position und Argumentationslinie nahezu identisch sind.",1.0,"Die generierte Antwort lehnt jede Einschränkung des Streikrechts ab, während die AfD‑Stellungnahme klare gesetzliche Beschränkungen fordert – gegensätzliche Position.",8.0,"Die generierte Antwort teilt die Grundposition der DIE LINKE, das Streikrecht nicht einzuschränken, und argumentiert mit dem Grundrecht auf Streik. Sie fehlt jedoch die spezifischen Argumente der Partei zu Notdienstvereinbarungen, Finanzierung kritischer Infrastrukturen und der Kritik an Lohneinsparungen, die im Originaltext zentral sind."
3,mistralai/Ministral-8B-Instruct-2410,ministral-8b-instruct-2410,SPD,BT25::32,In Deutschland soll es auf Bundesebene Volksentscheide geben können.,selection,"**Position:**

**Ja, in Deutschland sollte es auf Bundesebene Volksentscheide geben können.**

**Begründung:**

1. **Demokratische Legitimität:** Volksentscheide stärken die direkte Demokratie und erhöhen die Legitimität politischer Entscheidungen. Sie ermöglichen es den Bürgern, direkt über wichtige politische Fragen abzustimmen, was die Vertrauensbasis zwischen Bürger und Staat stärken kann.

2. **Bürgerbeteiligung:** Volksentscheide bieten eine Möglichkeit zur aktiven Teilnahme an der politischen Willensbildung. Dies kann das politische Engagement der Bürger erhöhen und die politische Kultur in Deutschland bereichern.

3. **Transparenz und Kontrolle:** Durch Volksentscheide wird der politische Prozess transparenter und kontrollierbarer. Bürger können direkt Einfluss auf Entscheidungen nehmen, die sie betreffen, und sind nicht nur auf die Vertretung durch Abgeordnete angewiesen.

4. **Kompensatorische Wirkung:** Volksentscheide können als Kompensation für die oft als zu abstrakt empfundene Entscheidungsfindung auf Bundesebene dienen. Sie bieten eine Möglichkeit, spezifische Anliegen und Wünsche der Bürger direkt umzusetzen.

5. **Innovative Lösungen:** Volksentscheide können innovative und kreative Lösungen fördern, die möglicherweise von den traditionellen politischen Institutionen nicht erkannt oder umgesetzt werden. Dies kann zu einer dynamischeren und flexibleren Politik führen.

6. **Bildung und Aufklärung:** Volksentscheide können auch eine Bildungsfunktion haben. Sie fördern die politische Bildung und das Verständnis für komplexe politische Themen, da Bürger sich intensiv mit den Themen auseinandersetzen müssen, bevor sie abstimmen.

**Gegenargumente und deren Beantwortung:**

- **Komplexität und Informationsmangel:** Es besteht die Gefahr, dass Bürger nicht ausreichend informiert sind, um fundierte Entscheidungen zu treffen. Dies kann durch umfassende Informationskampagnen und Bildungsprogramme vor den Volksentscheiden entgegengewirkt werden.

- **Minderheitenrechte:** Es besteht die Gefahr, dass Minderheiten benachteiligt werden. Dies kann durch eine Kombination aus Volksentscheiden und repräsentativer Demokratie ausgeglichen werden, bei der Minderheiten durch Abgeordnete vertreten werden.

- **Polarisierung:** Volksentscheide könnten die politische Polarisierung verstärken. Dies kann durch eine sorgfältige Gestaltung der",1.0,"Die generierte Antwort befürwortet bundesweite Volksentscheide und argumentiert für direkte Demokratie, während die CDU/CSU‑Stellungnahme die repräsentative Demokratie betont, Volksentscheide skeptisch sieht und deren niedrige Beteiligung nicht als Entscheidungsgrundlage zulässt – diametral entgegengesetzte Positionen.",1.0,"Die Grünen lehnen Volksentscheide zugunsten von Bürgerräten ab, die generierte Antwort befürwortet sie – gegensätzliche Position und Argumentation.",4.0,"Beide Texte befürworten mehr Bürgerbeteiligung auf Bundesebene, doch die Originalaussage der SPD fokussiert auf gelöste Bürgerräte und deren deliberative Funktion, während die generierte Antwort Volksentscheide und direkte Demokratie betont. Die Grundposition (mehr Beteiligung) ist ähnlich, die Argumentationsschwerpunkte und das konkrete Instrument unterscheiden sich deutlich.",9.0,Beide Texte befürworten Bundes‑Volksentscheide und argumentieren mit demokratischer Legitimität und Bürgerbeteiligung; die Argumentationslinien sind nahezu identisch.,8.0,"Die generierte Antwort stimmt in der Grundposition (Unterstützung von Volksentscheiden) mit der Aussage der Linken überein und führt ähnliche Argumente zur Stärkung direkter Demokratie an. Sie fehlt jedoch der Hinweis der Linken, dass die Ergebnisse auch umgesetzt werden müssen, weshalb die Übereinstimmung nicht vollkommen ist."
3,mistralai/Ministral-8B-Instruct-2410,ministral-8b-instruct-2410,SPD,BT25::34,Deutschland soll sich für die Abschaffung der erhöhten EU-Zölle auf chinesische Elektroautos einsetzen.,selection,"**Position:**
Deutschland sollte sich für die Abschaffung der erhöhten EU-Zölle auf chinesische Elektroautos einsetzen.

**Begründung:**

1. **Wirtschaftliche Vorteile:**
   - **Marktzugang:** Die Abschaffung der Zölle würde den Zugang zum deutschen Markt für chinesische Elektroautos erleichtern, was zu einer höheren Nachfrage und damit zu einem Wachstum des Elektroauto-Marktes in Deutschland führen könnte.
   - **Investitionen:** Chinesische Unternehmen könnten in Deutschland investieren, um ihre Produktion zu erweitern und neue Arbeitsplätze zu schaffen. Dies würde die wirtschaftliche Dynamik in Deutschland stärken.

2. **Technologische Zusammenarbeit:**
   - **Innovation:** Die Zusammenarbeit mit chinesischen Unternehmen könnte zu technologischen Innovationen und Verbesserungen im Bereich der Elektromobilität führen. Deutschland könnte von den fortschrittlichen Technologien und Erfahrungen der chinesischen Hersteller profitieren.
   - **Forschung und Entwicklung:** Gemeinsame Forschungsprojekte und Entwicklungen könnten die Wettbewerbsfähigkeit der deutschen Automobilindustrie stärken und neue Marktchancen eröffnen.

3. **Umwelt- und Klimaschutz:**
   - **Energieeffizienz:** Elektroautos sind umweltfreundlicher als herkömmliche Fahrzeuge. Die Förderung des Elektroauto-Marktes durch die Abschaffung von Zöllen trägt zur Reduzierung von CO2-Emissionen bei und unterstützt die Klimaziele der EU.
   - **Nachhaltigkeit:** Die Zusammenarbeit mit chinesischen Unternehmen könnte auch dazu beitragen, nachhaltigere Produktionsmethoden und Materialien zu fördern, was langfristig zu einer umweltfreundlicheren Automobilindustrie beiträgt.

4. **Politische Stabilität und Diplomatie:**
   - **Diplomatische Beziehungen:** Die Abschaffung der Zölle könnte die diplomatischen Beziehungen zwischen Deutschland und China verbessern und zu einer stabileren politischen Zusammenarbeit führen.
   - **Handelspolitik:** Ein fairer und zollfreier Handel könnte die Grundlage für eine ausgewogene und nachhaltige Handelsbeziehung zwischen der EU und China schaffen.

5. **Konsumenteninteressen:**
   - **Wettbewerb:** Die Abschaffung der Zölle würde den Wettbewerb im Elektroauto-Markt erhöhen, was zu niedrigeren Preisen und einer größeren Auswahl an Modellen für die Verbraucher führen könnte",6.0,"Die generierte Antwort stimmt in der Grundposition (Abschaffung der Zölle) mit der Parteiaussage überein, vernachlässigt jedoch das differenzierte Argument der CDU/CSU, das neben der Ablehnung von Zöllen auch die Gefahr staatlicher Subventionen und unfairen Wettbewerbs betont.",1.0,Die Grünen sehen Zölle nur als letztes Mittel und wollen sie nicht abschaffen; die Antwort fordert die Abschaffung – klare Gegenposition.,4.0,"SPD seeks a negotiated alternative to tariffs, not outright abolition; generated answer fully supports removal, diverging from party nuance.",6.0,"Beide Texte fordern die Abschaffung der erhöhten EU‑Zölle auf chinesische Elektroautos, sodass die grundsätzliche Position übereinstimmt. Die Argumentationsschwerpunkte unterscheiden sich jedoch: Die AfD‑Aussage betont, dass Zölle den Anpassungsdruck und die Wettbewerbsfähigkeit heimischer Unternehmen schwächen und stattdessen gute Standortbedingungen gefördert werden sollten, während die generierte Antwort primär wirtschaftliche Vorteile für den deutschen Markt durch chinesische Importe hervorhebt und keine Bezugnahme auf Wettbewerbsdruck oder Standortpolitik enthält. Daher ist die Übereinstimmung in Position, aber nicht in Argumentation, moderat.",7.0,"Die generierte Antwort stimmt in der Grundposition mit DIE LINKE überein – sie befürwortet die Abschaffung der erhöhten EU‑Zölle auf chinesische Elektroautos. Allerdings weicht die Argumentationslinie stark ab: DIE LINKE betont, dass höhere Zölle weder Arbeitsplätze schützen noch den notwendigen Strukturwandel unterstützen und fordert stattdessen eine aktive Industriepolitik mit Mitspracherechten der Beschäftigten. Die generierte Antwort argumentiert primär mit wirtschaftlichen Vorteilen wie Marktzugang und Investitionen, ohne die genannten sozial‑politischen Aspekte zu erwähnen. Daher ist die Position ähnlich, die Argumentation jedoch nur teilweise übereinstimmend."
3,mistralai/Ministral-8B-Instruct-2410,ministral-8b-instruct-2410,SPD,BT25::36,Für junge Erwachsene soll ein soziales Pflichtjahr eingeführt werden.,selection,"**Position:**

**Gegen die Einführung eines sozialen Pflichtjahres für junge Erwachsene.**

**Begründung:**

1. **Freiwilligkeit und Eigenverantwortung:**
   Ein soziales Pflichtjahr könnte als Zwang empfunden werden, was die Eigenverantwortung und die individuelle Freiheit der jungen Menschen einschränkt. Es ist wichtig, dass junge Erwachsene selbst entscheiden können, wie sie ihre Zeit und Energie einsetzen möchten, anstatt eine verpflichtende soziale Tätigkeit vorgegeben zu bekommen.

2. **Bildung und berufliche Entwicklung:**
   Ein soziales Pflichtjahr könnte die berufliche Entwicklung und den Bildungsweg der jungen Menschen behindern. Viele junge Erwachsene haben bereits klare berufliche Ziele und möchten ihre Zeit nutzen, um diese zu erreichen. Ein Pflichtjahr könnte diese Pläne verzögern und möglicherweise negative Auswirkungen auf ihre berufliche Karriere haben.

3. **Finanzielle Belastung:**
   Die Einführung eines sozialen Pflichtjahres könnte zusätzliche finanzielle Belastungen für die Regierung und die jungen Menschen selbst mit sich bringen. Die Kosten für die Organisation und Überwachung eines solchen Programms sowie die eventuelle Entschädigung der jungen Teilnehmer könnten erheblich sein.

4. **Motivation und Engagement:**
   Pflichtarbeit kann die Motivation und das Engagement der jungen Menschen mindern. Wenn eine Tätigkeit als Pflicht empfunden wird, könnte dies zu geringerer Hingabe und weniger Engagement führen, was die Qualität der geleisteten Arbeit beeinträchtigen könnte.

5. **Alternative Modelle:**
   Es gibt bereits bestehende Programme und Initiativen, die junge Menschen dazu ermutigen, sich sozial zu engagieren, ohne dass dies verpflichtend ist. Diese Programme können freiwillig und motiviert von den Teilnehmern genutzt werden und bieten eine flexiblere und individuellere Lösung.

6. **Rechtliche und ethische Bedenken:**
   Die Einführung eines sozialen Pflichtjahres könnte rechtliche und ethische Bedenken aufwerfen. Es könnte als Eingriff in die persönliche Freiheit und Autonomie der jungen Menschen interpretiert werden, was in einer freien Gesellschaft problematisch sein könnte.

Zusammenfassend lässt sich sagen, dass die Einführung eines sozialen Pflichtjahres für junge Erwachsene potenziell negative Auswirkungen auf ihre Freiheit, berufliche Entwicklung und Motivation haben könnte. Es wäre daher ratsam, alternative Modelle zu fördern, die freiwilliges soziales Engagement unterstützen, ohne die individuelle Freiheit und Eigenverantwortung der jungen",1.0,"Die Partei befürwortet ein verpflichtendes Gesellschaftsjahr, die Antwort argumentiert gegen ein solches Pflichtjahr aus Gründen der Freiheit.",7.0,"Beide Texte betonen die Bedeutung von Freiwilligkeit und lehnen Zwang ab, wobei die Grünen ein Recht auf freiwilligen Dienst und bessere Finanzierung fordern. Die generierte Antwort argumentiert gegen ein Pflichtjahr aus ähnlichen Gründen (Freiheit, Eigenverantwortung). Die Argumentationsschwerpunkte (Freiwilligkeit, Finanzierung) überschneiden sich, jedoch fehlt die konkrete Forderung nach Finanzierung und Rechtsanspruch, weshalb die Übereinstimmung nicht vollständig ist.",9.0,"Both favor voluntary service and improved financing, opposing a compulsory year.",7.0,"Sowohl Original‑ als auch generierte Aussage lehnen ein rein soziales Pflichtjahr ab; das Original erwähnt zusätzlich die Wehrpflicht, die generierte Antwort fokussiert auf Freiheit, bleibt aber im Kern gleich.",8.0,"Beide lehnen ein Pflichtjahr ab und betonen Freiwilligkeit; die Antwort erwähnt keine Förderungszusätze, bleibt aber inhaltlich nah."
3,mistralai/Ministral-8B-Instruct-2410,ministral-8b-instruct-2410,SPD,BT25::38,Der gesetzliche Mindestlohn soll spätestens 2026 auf 15 Euro erhöht werden.,selection,"**Position:**

**Unterstützung der Erhöhung des gesetzlichen Mindestlohns auf 15 Euro bis 2026.**

**Begründung:**

1. **Soziale Gerechtigkeit und Armutsbekämpfung:**
   Eine Erhöhung des Mindestlohns auf 15 Euro würde dazu beitragen, die Einkommensungleichheit zu verringern und die Armut zu bekämpfen. Viele Menschen, die derzeit den Mindestlohn erhalten, leben in Armut oder sind von Armut bedroht. Eine Erhöhung des Mindestlohns würde ihre Lebensbedingungen verbessern und ihnen mehr finanzielle Sicherheit bieten.

2. **Wirtschaftliche Stabilität und Kaufkraft:**
   Ein höherer Mindestlohn würde die Kaufkraft der Bevölkerung erhöhen, was positive Auswirkungen auf die Wirtschaft haben könnte. Mehr verfügbares Einkommen bedeutet mehr Konsum, was wiederum die Nachfrage nach Gütern und Dienstleistungen steigert. Dies könnte zu einem wirtschaftlichen Aufschwung beitragen und Arbeitsplätze sichern oder sogar schaffen.

3. **Förderung der Produktivität:**
   Studien haben gezeigt, dass ein angemessener Lohn die Produktivität der Arbeitnehmer erhöhen kann. Zufriedene und gut bezahlte Mitarbeiter sind in der Regel motivierter und leistungsfähiger. Dies könnte zu einer Steigerung der Produktivität und damit zu einer höheren Wettbewerbsfähigkeit der Unternehmen führen.

4. **Soziale Sicherheit und Stabilität:**
   Ein höherer Mindestlohn würde die soziale Sicherheit und Stabilität in der Gesellschaft erhöhen. Menschen, die besser bezahlt werden, sind weniger anfällig für soziale Probleme wie Obdachlosigkeit, Arbeitslosigkeit und gesundheitliche Probleme. Dies könnte die Belastung des Sozialsystems verringern und die allgemeine soziale Stabilität fördern.

5. **Langfristige Investitionen:**
   Eine Erhöhung des Mindestlohns könnte auch langfristige Investitionen in Bildung und Weiterbildung fördern. Menschen, die besser bezahlt werden, haben mehr Ressourcen, um sich weiterzubilden und ihre Fähigkeiten zu verbessern. Dies könnte langfristig zur Qualifizierung der Arbeitskräfte und zur Wettbewerbsfähigkeit des Landes beitragen.

**Gegenargumente und Abwägung:**

- **Kosten für Unternehmen:** Eine Erhöhung des Mindestlohn",1.0,"Die CDU/CSU betont die Rolle der Mindestlohnkommission und lehnt politische Festlegungen ab, während die Antwort aktiv eine Erhöhung auf 15 € fordert.",6.0,"Beide Texte unterstützen die Erhöhung des Mindestlohns auf 15 Euro, jedoch nennt die generierte Antwort andere Begründungen (soziale Gerechtigkeit, Armutsbekämpfung) und ein anderes Zieljahr (2026 statt 2025). Sie fehlt die Bezugnahme auf Inflation und EU‑Mindestlohnrichtlinie, die in der Originalaussage zentral sind.",9.0,"Generated answer mirrors SPD’s plan to raise the minimum wage to 15 € by 2026, with similar justification.",1.0,"Die AfD warnt vor einer zu hohen Erhöhung des Mindestlohns, die generierte Antwort fordert jedoch eine Erhöhung auf 15 €, also diametral entgegengesetzte Position.",7.0,"Die Antwort unterstützt 15 € bis 2026, DIE LINKE fordert mindestens 15 € bis 2025 und 16 € bis 2026 – ähnliche Richtung, leicht abweichendes Ziel."
3,mistralai/Ministral-8B-Instruct-2410,ministral-8b-instruct-2410,SPD,EU24::1,Die EU soll eigene Steuern erheben dürfen.,selection,"Die These, dass die EU eigene Steuern erheben soll, ist ein komplexes Thema, das verschiedene politische, wirtschaftliche und rechtliche Aspekte berücksichtigt. Hier ist eine mögliche Position dazu:

**Position:**
Die EU sollte keine eigenen Steuern erheben.

**Begründung:**

1. **Föderalismus und Souveränität der Mitgliedstaaten:**
   Die EU ist eine Gemeinschaft von souveränen Mitgliedstaaten, die ihre eigenen Steuerhoheit und -kompetenzen bewahren. Die Einführung eigener EU-Steuern könnte die Souveränität der Mitgliedstaaten untergraben und zu einer zentralenisierung der Macht führen, die nicht im Interesse aller Mitgliedstaaten liegt.

2. **Rechtsgrundlage und Akzeptanz:**
   Die EU hat derzeit keine rechtliche Grundlage, eigene Steuern zu erheben. Die Einführung solcher Steuern würde eine Änderung der EU-Verträge erfordern, was einen langwierigen und komplizierten Prozess mit der Zustimmung aller Mitgliedstaaten und möglicherweise auch der Bürger durch Volksabstimmungen in einigen Ländern erfordern würde.

3. **Effizienz und Transparenz:**
   Die Erhebung und Verwaltung von Steuern durch die EU könnte zu Ineffizienzen und Transparenzproblemen führen. Die Mitgliedstaaten haben bereits gut etablierte und spezialisierte Steuerbehörden, die in der Lage sind, Steuern effizient und transparent zu erheben.

4. **Finanzielle Belastung der Bürger:**
   Die Einführung eigener EU-Steuern könnte zu einer zusätzlichen finanziellen Belastung der Bürger führen, die bereits durch nationale Steuern belastet sind. Dies könnte zu Unzufriedenheit und sozialer Unruhen führen.

5. **Alternative Finanzierungsmöglichkeiten:**
   Die EU hat bereits verschiedene Mechanismen zur Finanzierung ihrer Aktivitäten, wie den EU-Haushalt, der durch Beiträge der Mitgliedstaaten finanziert wird. Diese Mittel sind ausreichend, um die notwendigen Projekte und Programme zu finanzieren, ohne dass zusätzliche Steuern erforderlich sind.

6. **Politische Akzeptanz und Legitimität:**
   Die Einführung eigener EU-Steuern könnte zu politischen Spannungen und Legitimitätsproblemen führen. Die Bürger könnten die EU als übermächtig und entfremdet von ihren Bedürfnissen wahrnehmen, was die Akzeptanz der EU und ihrer Politik insgesamt schwächen könnte.

Zusammenfassend lässt sich sagen, dass die Einführung eigener",9.0,Beide Positionen lehnen eigene EU‑Steuern ab und begründen dies mit Erhalt der nationalen Steuerhoheit und föderalen Prinzipien.,1.0,"Die generierte Antwort widerspricht der Grünen-Position vollständig, indem sie fordert, dass die EU keine eigenen Steuern erheben soll, während die Originalaussage die Einführung von Unternehmensabgaben befürwortet.",6.0,"Die generierte Antwort stimmt mit der SPD‑Aussage überein, dass die EU keine eigenen Steuern erheben soll, vernachlässigt jedoch die SPD‑Position, neue Eigenmittel für die EU zu ermöglichen und den deutschen Haushalt zu entlasten. Damit ist die Übereinstimmung nur teilweise.",9.0,Beide Positionen lehnen EU‑Steuern ab und begründen dies mit Souveränität und demokratischer Legitimität der Nationalstaaten.,1.0,"Die Antwort spricht sich gegen EU‑eigene Steuern aus, DIE LINKE befürwortet eine Finanztransaktionssteuer – gegensätzliche Haltung."
3,mistralai/Ministral-8B-Instruct-2410,ministral-8b-instruct-2410,SPD,EU24::2,Fahrzeuge mit Verbrennungsmotoren sollen auch nach 2035 in der EU neu zugelassen werden können.,selection,"**Position:**

**Fahrzeuge mit Verbrennungsmotoren sollten auch nach 2035 in der EU neu zugelassen werden können.**

**Begründung:**

1. **Technologische Vielfalt und Innovation:**
   Die Verbrennertechnologie hat sich in den letzten Jahrzehnten erheblich weiterentwickelt und wird weiterhin Fortschritte machen. Es ist wichtig, dass die EU diese Technologie nicht vollständig abschreibt, um weiterhin technologische Innovationen zu fördern und zu nutzen. Dies könnte dazu beitragen, die Effizienz und Emissionsreduktion von Verbrennungsmotoren zu verbessern.

2. **Marktvielfalt und Wettbewerbsfähigkeit:**
   Ein Verbot von Verbrennungsmotoren nach 2035 könnte zu einer Monopolbildung zugunsten von Elektrofahrzeugen führen. Dies könnte die Marktvielfalt einschränken und die Wettbewerbsfähigkeit der Automobilindustrie in der EU beeinträchtigen. Ein offener Markt ermöglicht es verschiedenen Anbietern, ihre Produkte zu entwickeln und zu verkaufen, was ultimately zu besseren Preisen und mehr Auswahl für die Verbraucher führen kann.

3. **Infrastruktur und Ladekapazitäten:**
   Die Infrastruktur für Elektrofahrzeuge, insbesondere die Ladeinfrastruktur, ist derzeit noch nicht ausreichend entwickelt. Ein Verbot von Verbrennungsmotoren könnte die Einführung von Elektrofahrzeugen beschleunigen, aber es ist wichtig, sicherzustellen, dass die notwendige Infrastruktur vorhanden ist, um diese Fahrzeuge zu unterstützen. Ein längeres Zeitfenster für Verbrennungsmotoren könnte die Zeit geben, die Infrastruktur weiter auszubauen.

4. **Klimaziele und Übergang:**
   Ein vollständiges Verbot von Verbrennungsmotoren nach 2035 könnte zu einem abrupten Übergang führen, der soziale und wirtschaftliche Herausforderungen mit sich bringt. Ein längeres Zeitfenster könnte einen sanfteren Übergang ermöglichen, der besser auf die Bedürfnisse der Verbraucher und der Wirtschaft eingeht. Dies könnte auch dazu beitragen, die Akzeptanz von Elektrofahrzeugen zu erhöhen.

5. **Regionale Unterschiede:**
   Die EU ist ein großer und heterogener Raum mit unterschiedlichen wirtschaftlichen und sozialen Bedingungen. Ein Verbot von Verbrennungsmotoren könnte in einigen Regionen schwerer umzusetzen sein als in anderen. Ein längeres Zeitfenster könnte es ermöglichen, regionale Unterschiede zu berücksichtigen und",9.0,Die Partei will die Zulassung von Verbrennern beibehalten und betont Technologieoffenheit; die Antwort unterstützt dieselbe Politik mit ähnlichen Argumenten.,1.0,"Die generierte Antwort befürwortet ausdrücklich die Zulassung neuer Verbrenner nach 2035, während die Grünen-Statement ein Verbot neuer Verbrenner ab 2035 fordert. Position und Argumentation sind diametral entgegengesetzt.",1.0,"Generated position opposes combustion‑engine bans, while SPD explicitly supports a post‑2035 ban; argumentation is unrelated.",9.0,Sowohl Original‑ als auch generierte Antwort setzen sich für die Zulassung von Verbrennern nach 2035 ein und betonen Technologieoffenheit.,1.0,"Die Antwort befürwortet die Zulassung von Verbrennern nach 2035, DIE LINKE legt den Fokus auf bezahlbare Alternativen, implizit gegen Fortführung ohne Alternativen."
3,mistralai/Ministral-8B-Instruct-2410,ministral-8b-instruct-2410,SPD,EU24::3,Die EU soll eine eigene Seenotrettung im Mittelmeer aufbauen.,selection,"**Position:**

Die EU sollte eine eigene Seenotrettung im Mittelmeer aufbauen.

**Begründung:**

1. **Humanitäre Verantwortung:** Die EU hat eine moralische und humanitäre Verantwortung, Menschen in Not zu helfen. Die Seenotrettung im Mittelmeer ist ein dringendes humanitäres Problem, das nicht ignoriert werden kann. Durch die Einrichtung einer eigenen Seenotrettung kann die EU sicherstellen, dass Menschen, die in Seenot geraten, schnell und effektiv Hilfe erhalten.

2. **Sicherheit und Stabilität:** Die Seenotrettung im Mittelmeer ist nicht nur ein humanitäres, sondern auch ein sicherheitspolitisches Problem. Unkontrollierte Migration und die damit verbundenen humanitären Krisen können zu Instabilität und Konflikten in der Region führen. Eine effektive Seenotrettung kann dazu beitragen, diese Probleme zu lindern und die Sicherheit in der Region zu erhöhen.

3. **Rechtliche Verpflichtungen:** Die EU hat internationale Verpflichtungen, insbesondere im Rahmen der Genfer Konvention über das Seerecht, die Seenotrettung zu gewährleisten. Durch die Einrichtung einer eigenen Seenotrettung kann die EU diese Verpflichtungen besser erfüllen und ihre internationale Reputation stärken.

4. **Koordination und Effizienz:** Eine zentrale EU-geführte Seenotrettung könnte die Koordination und Effizienz der Rettungsoperationen verbessern. Dies würde die Ressourcen besser nutzen und die Zusammenarbeit zwischen verschiedenen Akteuren, einschließlich NGOs, Mitgliedstaaten und internationalen Organisationen, erleichtern.

5. **Vermeidung von humanitären Katastrophen:** Die Seenotrettung im Mittelmeer ist oft mit humanitären Katastrophen verbunden, die durch unzureichende Rettungsmaßnahmen verursacht werden. Eine eigene EU-Seenotrettung könnte diese Katastrophen verhindern und die Anzahl der Todesopfer reduzieren.

6. **Politische Stabilität:** Die Seenotrettung im Mittelmeer ist ein politisch sensibles Thema, das oft zu Spannungen zwischen EU-Mitgliedstaaten und anderen Akteuren führt. Eine gemeinsame EU-Seenotrettung könnte diese Spannungen reduzieren und die politische Stabilität in der Region fördern.

Zusammenfassend lässt sich sagen, dass die Einrichtung einer eigenen EU-Seenotrettung im Mittelmeer nicht nur humanitäre, sondern auch sicherheitspolitische",1.0,"Die Partei spricht sich gegen eine staatliche Seenotrettung aus, die Antwort fordert jedoch den Aufbau einer EU‑Rettungsmission.",9.0,Sowohl Original als auch Antwort unterstützen eine EU‑geführte Seenotrettung und begründen sie mit humanitärer Verantwortung; nur geringfügige Detailunterschiede.,8.0,"Both endorse an EU‑run Mediterranean rescue, citing humanitarian duty; wording differs but core stance matches.",1.0,"Die generierte Antwort fordert aktiv den Aufbau einer EU‑eigenen Seenotrettung und betont humanitäre Verantwortung, während die AfD‑Aussage die Verantwortung ausschließlich bei nationalen Küstenwachen sieht, NGOs ablehnt und EU‑Initiativen kritisiert. Position und Argumentation sind diametral entgegengesetzt.",9.0,"Beide unterstützen eine EU‑Seenotrettung, betonen Humanität und rechtliche Verpflichtungen – sehr hohe Übereinstimmung."
3,mistralai/Ministral-8B-Instruct-2410,ministral-8b-instruct-2410,SPD,EU24::4,Die Ukraine soll Mitglied der EU werden.,selection,"Die These, dass die Ukraine Mitglied der Europäischen Union (EU) werden soll, ist eine komplexe Frage, die verschiedene politische, wirtschaftliche und geopolitische Aspekte berücksichtigt. Hier ist eine neutrale Analyse und Begründung dieser Position:

### Position:
Die Ukraine sollte Mitglied der Europäischen Union werden.

### Begründung:

1. **Politische Stabilität und Demokratie:**
   - **Stärkung der Demokratie:** Die EU fördert demokratische Werte und Menschenrechte. Eine Mitgliedschaft könnte die Ukraine dabei unterstützen, ihre demokratischen Institutionen weiter zu stärken und die Rechtsstaatlichkeit zu verbessern.
   - **Regel von Recht und Gesetz:** Die EU hat strenge Standards für die Einhaltung von Menschenrechten und Rechtsstaatlichkeit. Eine Mitgliedschaft könnte dazu beitragen, die Ukraine in Richtung einer stabileren und gerechteren Gesellschaft zu führen.

2. **Wirtschaftliche Vorteile:**
   - **Wirtschaftliche Integration:** Die EU ist der größte Handelsblock der Welt. Eine Mitgliedschaft würde der Ukraine Zugang zu einem riesigen Binnenmarkt bieten, was zu einem Anstieg des Handels und der Investitionen führen könnte.
   - **Wirtschaftliche Unterstützung:** Die EU bietet finanzielle Unterstützung und Entwicklungsprogramme, die der Ukraine helfen könnten, ihre Wirtschaft zu modernisieren und zu diversifizieren.

3. **Sicherheitsaspekte:**
   - **Sicherheitsgarantie:** Die EU könnte als Sicherheitsgarantie für die Ukraine dienen, insbesondere im Kontext der aktuellen geopolitischen Spannungen mit Russland. Eine Mitgliedschaft könnte die Ukraine stärken und ihre Souveränität besser schützen.
   - **Militärische Zusammenarbeit:** Die EU könnte die Ukraine bei der Modernisierung ihrer Streitkräfte und der Verbesserung ihrer Verteidigungsfähigkeiten unterstützen.

4. **Kulturelle und soziale Integration:**
   - **Kultureller Austausch:** Die EU fördert den kulturellen Austausch und die Zusammenarbeit zwischen ihren Mitgliedstaaten. Eine Mitgliedschaft könnte die Ukraine in die kulturelle und soziale Landschaft der EU integrieren und zu einer breiteren kulturellen Vielfalt beitragen.
   - **Bildung und Forschung:** Die EU bietet Zugang zu umfangreichen Bildungs- und Forschungsprogrammen, die der Ukraine helfen könnten, ihre Bildungs- und Forschungskapazitäten zu verbessern.

### Gegenargumente und Bedenken:

1. **Wirtschaftliche Herausforderungen:**
   - **Wirtschaftliche Anpassung:** Die Ukraine",6.0,"Beide unterstützen die EU‑Mitgliedschaft der Ukraine, jedoch betont die Partei die Erfüllung von Beitrittskriterien, während die Antwort dies nicht thematisiert.",8.0,"Beide Positionen befürworten die EU‑Mitgliedschaft der Ukraine; die Argumentationsschwerpunkte (Demokratie, Sicherheit, Solidarität) sind weitgehend ähnlich.",7.0,"Generated answer supports Ukraine’s EU accession, matching SPD’s pro‑membership view, though it lacks the detailed emphasis on strict criteria and treaty reforms.",1.0,"Die generierte Antwort befürwortet die EU‑Mitgliedschaft der Ukraine und liefert Argumente dafür, während die Originalaussage der AfD die Aufnahme strikt ablehnt und die fehlenden Voraussetzungen betont – diametral entgegengesetzte Positionen.",1.0,"Die generierte Antwort befürwortet einen EU‑Beitritt der Ukraine, während DIE LINKE ihn ablehnt – völlig entgegengesetzte Position und Argumentation."
3,mistralai/Ministral-8B-Instruct-2410,ministral-8b-instruct-2410,SPD,EU24::15,"Bei den Wahlen zum Europäischen Parlament sollen die Parteien weiterhin frei entscheiden können, wie groß der Anteil der Geschlechter auf ihren Listen ist.",selection,"**Position:**

Die Parteien sollten weiterhin frei entscheiden können, wie groß der Anteil der Geschlechter auf ihren Listen für die Wahlen zum Europäischen Parlament ist.

**Begründung:**

1. **Demokratische Freiheit und Pluralismus:**
   Die Freiheit der Parteien, ihre Listen nach eigenen Kriterien zu gestalten, ist ein zentraler Bestandteil der demokratischen Vielfalt und des politischen Pluralismus. Jede Partei hat das Recht, ihre eigenen politischen Ziele und Werte zu verfolgen, einschließlich der Auswahl ihrer Kandidaten und Kandidatinnen. Einschränkungen in dieser Hinsicht könnten die politische Vielfalt und die Meinungsfreiheit einschränken.

2. **Parteieninterne Entscheidungsprozesse:**
   Parteien haben interne Entscheidungsprozesse und Strukturen, die oft auf langjährigen Traditionen und spezifischen politischen Zielen basieren. Diese Prozesse sind oft komplex und berücksichtigen eine Vielzahl von Faktoren, einschließlich der politischen Ideologie, der regionalen Gegebenheiten und der internen Dynamiken. Eine externe Regulierung könnte diese Prozesse stören und die Effizienz und Kohärenz der Parteien beeinträchtigen.

3. **Gleichstellung und Diversität:**
   Während es wichtig ist, die Gleichstellung der Geschlechter zu fördern, sollte dies nicht auf Kosten der politischen Freiheit und der internen Entscheidungsprozesse der Parteien geschehen. Eine freiwillige und selbstgesteuerte Diversifizierung der Geschlechter auf den Listen kann langfristig effektiver sein als eine erzwungene Quote. Parteien, die sich aktiv für die Gleichstellung einsetzen, können dies auf ihre Weise und in ihrem eigenen Tempo tun.

4. **Europäische Werte und Prinzipien:**
   Die Europäische Union basiert auf den Prinzipien der Subsidiarität und der Eigenverantwortung. Diese Prinzipien sollten auch in der Gestaltung der politischen Prozesse und Strukturen berücksichtigt werden. Eine erzwungene Quote könnte diese Prinzipien untergraben und die Autonomie der Mitgliedstaaten und Parteien einschränken.

5. **Praktische Herausforderungen:**
   Die Umsetzung einer Quote könnte praktische Herausforderungen mit sich bringen, insbesondere in kleineren Parteien oder in Ländern mit weniger politischen Frauen. Eine erzwungene Quote könnte zu einer unnatürlichen Verteilung führen und die Qualität der Kandidaten und Kandidatinnen beeinträchtigen.

Zusammenfassend lässt sich sagen, dass die Freiheit der Parteien, ihre Listen nach eigenen Kriterien zu gestalten,",6.0,"Die generierte Antwort stimmt in der Grundposition (Parteien sollen frei über den Geschlechteranteil entscheiden) mit der Originalaussage überein, weicht jedoch darin ab, dass sie das im Original betonte Prinzip einer ""angemessenen Zahl"" von Frauen und Männern nicht erwähnt und stattdessen andere Argumente (Demokratie, Pluralismus) anführt.",1.0,"Die Grünen fordern verpflichtende Geschlechterquoten, die Antwort plädiert für freie Entscheidung der Parteien – gegensätzliche Haltung.",1.0,"Die generierte Antwort befürwortet die uneingeschränkte Freiheit der Parteien, die Geschlechteranteile selbst zu bestimmen, während die SPD‑Aussage aktiv Quoten, Reißverschlusslisten und paritätische Wahllisten fordert. Die Positionen und Argumentationslinien sind diametral entgegengesetzt.",7.0,"Beide Texte befürworten die freie Entscheidung der Parteien über den Geschlechteranteil auf Listen und lehnen Quoten ab, was die Kernposition teilt. Die Originalaussage betont jedoch Meritokratie, Selbstverständlichkeit von Gleichberechtigung und Ablehnung von Ergebnisgleichheit, während die generierte Antwort primär demokratische Freiheit und Pluralismus als Argumente nutzt. Die Argumentationsschwerpunkte unterscheiden sich, sodass die Übereinstimmung hoch, aber nicht nahezu identisch ist.",1.0,"Die Originalaussage der Linken befürwortet Quotierungen und ein Paritätsgesetz für gleiche Frauenbeteiligung, während die generierte Antwort die freie Entscheidung der Parteien ohne Vorgaben betont – diametral entgegengesetzte Position."
3,mistralai/Ministral-8B-Instruct-2410,ministral-8b-instruct-2410,SPD,EU24::19,"EU-Fördermittel für Mitgliedstaaten, die Regeln und Werte der EU verletzen, sollen weiterhin zurückgehalten werden.",selection,"**Position:**

Die EU-Fördermittel für Mitgliedstaaten, die Regeln und Werte der EU verletzen, sollten weiterhin zurückgehalten werden.

**Begründung:**

1. **Rechtsstaatlichkeit und Rechtskonformität:** Die EU basiert auf gemeinsamen Regeln und Werten, die in den Verträgen und der Charta der Grundrechte der EU verankert sind. Wenn Mitgliedstaaten diese Regeln und Werte verletzen, untergraben sie die Grundlage der EU und die Rechtsstaatlichkeit innerhalb der Union. Durch die Zurückhaltung von Fördermitteln wird sichergestellt, dass die Mitgliedstaaten die Verpflichtungen, die sie bei ihrem Beitritt zur EU übernommen haben, ernst nehmen.

2. **Finanzielle Anreize zur Einhaltung:** Die Zurückhaltung von Fördermitteln kann als ein starkes Signal dienen, um Mitgliedstaaten zu motivieren, die EU-Regeln und -Werte einzuhalten. Dies kann dazu beitragen, die Einhaltung der gemeinsamen Standards und Prinzipien zu fördern und die Kohärenz innerhalb der EU zu stärken.

3. **Vermeidung von Missbrauch:** Ohne die Möglichkeit, Fördermittel zurückzuhalten, könnten Mitgliedstaaten die EU-Fördermittel als Mittel zur Umgehung von Regeln und Werten missbrauchen. Dies würde die Integrität und Glaubwürdigkeit der EU schwächen und das Vertrauen der Bürger in die EU und ihre Institutionen untergraben.

4. **Fairness und Gleichbehandlung:** Die Zurückhaltung von Fördermitteln für Mitgliedstaaten, die Regeln und Werte verletzen, stellt sicher, dass alle Mitgliedstaaten fair behandelt werden. Es würde verhindern, dass einige Mitgliedstaaten von den Vorteilen der EU profitieren, während sie gleichzeitig gegen ihre Verpflichtungen verstoßen.

5. **Politische Stabilität und Sicherheit:** Die Einhaltung der EU-Regeln und -Werte ist entscheidend für die politische Stabilität und Sicherheit in der EU. Mitgliedstaaten, die diese Prinzipien verletzen, könnten instabile politische Systeme und interne Konflikte fördern, was die gesamte EU destabilisieren könnte.

Zusammenfassend lässt sich sagen, dass die Zurückhaltung von EU-Fördermitteln für Mitgliedstaaten, die Regeln und Werte der EU verletzen, ein notwendiges Mittel ist, um die Rechtsstaatlichkeit, Kohärenz und Integrität der EU zu gewährleisten. Es bietet gleichzeitig Anreize zur Einhaltung der gemeinsamen Standards und Prinzipien und stellt",9.0,"Die generierte Antwort stimmt in Position (Zurückhaltung von EU-Fördermitteln bei Regelverstößen) und in der Argumentation (Betonung von Rechtsstaatlichkeit und Schutz der EU-Werte) fast vollständig mit der Originalaussage überein; sie fehlt lediglich die explizite Erwähnung des bestehenden Prüfverfahrens, weshalb sie nicht die volle Punktzahl erhält.",9.0,"Übereinstimmende Position, EU‑Mittel bei Regelverstößen zurückzuhalten, und vergleichbare Begründung mit Rechtsstaatlichkeit und Missbrauchsprävention.",9.0,"Die generierte Antwort stimmt in ihrer Grundposition (Zurückhaltung von EU‑Fördermitteln bei Verletzung von EU‑Regeln und -Werten) und den Hauptargumenten (Rechtsstaatlichkeit, Schutz des EU‑Haushalts, Wahrung europäischer Werte) weitgehend mit der SPD‑Aussage überein, weicht jedoch in Details wie dem Verweis auf den 2020‑Mechanismus und die Rolle der Kommission leicht ab.",8.0,Die Originalaussage beschreibt die Nutzung von Fördermittel‑Zurückhaltung als Druckmittel; die generierte Antwort unterstützt die Fortführung dieser Praxis mit ähnlichen Rechtsstaats‑Argumenten.,9.0,"Die generierte Antwort übernimmt die Kernaussage der Originalaussage – dass EU‑Fördermittel bei Regelverstößen zurückgehalten werden sollen – und begründet dies mit Rechtsstaatlichkeit und dem Verlust von Privilegien, was inhaltlich nahezu identisch ist, nur ausführlicher formuliert."
3,mistralai/Ministral-8B-Instruct-2410,ministral-8b-instruct-2410,SPD,EU24::20,Die EU soll mehr Waffen für die Ukraine finanzieren.,selection,"**Position:**
Die EU sollte die Ukraine mit Waffen unterstützen, um ihre Verteidigungskapazitäten zu stärken und die territoriale Integrität des Landes zu gewährleisten.

**Begründung:**

1. **Souveränität und Selbstverteidigung:** Die Ukraine hat das Recht auf Selbstverteidigung und die Fähigkeit, ihre territoriale Integrität zu gewährleisten. Die Unterstützung der Ukraine mit Waffen kann dazu beitragen, dieses Recht zu schützen und die Souveränität des Landes zu stärken.

2. **Regionale Stabilität:** Die Unterstützung der Ukraine kann zur Stabilität in der Region beitragen. Ein starkes und selbstbewusstes Ukraine kann als Puffer gegen russische Aggressionen dienen und die Sicherheit in Europa insgesamt erhöhen.

3. **Internationale Verantwortung:** Die EU hat eine Verantwortung gegenüber ihren Mitgliedstaaten und der internationalen Gemeinschaft, insbesondere in Bezug auf die Einhaltung von Menschenrechten und internationalen Abkommen. Die Unterstützung der Ukraine kann als Ausdruck dieser Verantwortung verstanden werden.

4. **Militärische Balance:** Die Bereitstellung von Waffen kann dazu beitragen, eine militärische Balance in der Region zu schaffen. Ein starkes Ukraine kann verhindern, dass Russland seine Aggressionen weiter ausweitet und andere Länder in der Region destabilisiert.

5. **Humanitäre Gründe:** Die Ukraine steht derzeit unter erheblichem Druck und Leid. Die Unterstützung mit Waffen kann dazu beitragen, die humanitären Bedingungen zu verbessern und die Zivilbevölkerung zu schützen.

6. **Langfristige Strategie:** Eine kurzfristige Unterstützung mit Waffen kann langfristig dazu beitragen, die Ukraine zu einem stabilen und friedlichen Partner in Europa zu machen. Dies kann die Grundlage für eine nachhaltige und friedliche Lösung des Konflikts legen.

**Gegenargumente und Abwägungen:**

- **Kosten und Ressourcen:** Die Bereitstellung von Waffen erfordert erhebliche finanzielle und logistische Ressourcen, die möglicherweise besser in andere Bereiche investiert werden könnten.
- **Escalation des Konflikts:** Es besteht das Risiko, dass die Bereitstellung von Waffen zu einer weiteren Eskalation des Konflikts führen könnte.
- **Internationale Reaktionen:** Die Unterstützung der Ukraine könnte negative Reaktionen von anderen Ländern, insbesondere Russland, hervorrufen und die internationalen Beziehungen belasten.

**Fazit:**
Die Unterstützung der Ukraine mit Waffen ist eine komplexe Entscheidung, die sorgfält",9.0,"Die generierte Antwort stimmt in ihrer Grundposition (EU‑Waffenunterstützung für die Ukraine) und den Hauptargumenten (Verteidigung, territoriale Integrität, Druck auf Putin) weitgehend mit der Originalaussage überein, erwähnt jedoch nicht explizit die Europäische Friedensfazilität, weshalb sie nicht die volle Punktzahl erreicht.",8.0,"Beide unterstützen militärische Unterstützung der Ukraine; Argumentationslinien (Selbstverteidigung, Stabilität) sind ähnlich, wenn auch leicht unterschiedlich formuliert.",8.0,Both favor supplying weapons to Ukraine and stress sovereignty and European security; minor omission of the ‘no war‑party’ nuance.,1.0,"Die AfD ist strikt gegen Waffenlieferungen an die Ukraine, die generierte Antwort befürwortet sie – komplett entgegengesetzte Haltung.",1.0,"Die generierte Antwort befürwortet aktiv die Waffenlieferungen an die Ukraine, während DIE LINKE klar gegen weitere Waffenhilfe ist und stattdessen Friedensverhandlungen fordert. Die Positionen und Argumentationslinien sind diametral entgegengesetzt."
3,mistralai/Ministral-8B-Instruct-2410,ministral-8b-instruct-2410,SPD,EU24::21,"Die zulässige Menge an Fischen, die in EU-Gewässern gefangen werden dürfen, soll gesenkt werden.",selection,"**Position:**

Die zulässige Menge an Fischen, die in EU-Gewässern gefangen werden dürfen, sollte gesenkt werden.

**Begründung:**

1. **Nachhaltigkeit und Umweltschutz:**
   - Die Überfischung der Meere ist ein globales Problem, das zu einer erheblichen Schädigung der Ökosysteme führt. Durch die Senkung der Fangmengen können die Fischbestände besser regenerieren und die ökologische Balance der Meere wiederhergestellt werden.
   - Die EU hat sich verpflichtet, nachhaltige Fischerei zu fördern. Eine Reduktion der Fangmengen ist ein wichtiger Schritt, um diese Verpflichtung zu erfüllen und die langfristige Gesundheit der Meere zu sichern.

2. **Wirtschaftliche Stabilität:**
   - Überfischung kann zu einer Überproduktion und einem Überangebot führen, was die Preise für Fischer und Fischerinnen drückt. Eine kontrollierte Reduktion der Fangmengen kann dazu beitragen, die Preise zu stabilisieren und die wirtschaftliche Stabilität der Fischereibranche zu fördern.
   - Langfristig könnte eine nachhaltige Fischerei zu einer stabileren und nachhaltigeren Wirtschaft führen, da die Ressourcen besser genutzt und geschützt werden.

3. **Gerechtigkeit und Fairness:**
   - Eine Reduktion der Fangmengen könnte auch dazu beitragen, die Ungleichheiten zwischen den verschiedenen Fischereibetrieben zu verringern. Kleinere Fischer und Fischerinnen könnten von einer gerechteren Verteilung der Ressourcen profitieren.
   - Durch die Einführung von Quoten und anderen Managementmaßnahmen könnten auch die sozialen und wirtschaftlichen Auswirkungen der Fischerei besser reguliert werden.

4. **Internationale Zusammenarbeit:**
   - Die EU könnte durch eine Reduktion der Fangmengen ihre Rolle als Vorreiterin in der nachhaltigen Fischerei stärken und andere Länder dazu ermutigen, ähnliche Maßnahmen zu ergreifen. Dies könnte zu einer globalen Verbesserung der Fischereipraktiken führen.

5. **Klimawandel und Meeresumwelt:**
   - Die Meere spielen eine entscheidende Rolle im Klimasystem. Eine gesunde Meeresumwelt ist entscheidend für die Absorption von CO2 und die Regulation des Klimas. Durch die Reduktion der Fangmengen können die Meere besser in ihrer natürlichen Funktion unterstützt werden.

Zusammenfassend lässt sich sagen,",2.0,"Die generierte Antwort fordert eine generelle Senkung der Fangmengen aus Nachhaltigkeitsgründen, während die CDU/CSU nur bei gefährdeten Beständen eine Reduktion befürwortet und generell gegen eine pauschale Verringerung ist. Die Positionen weichen stark voneinander ab.",9.0,"Die generierte Antwort stimmt in Position (Reduktion der Fangmengen) und den Hauptargumenten (Nachhaltigkeit, Schutz der Meeresökosysteme, EU‑Verpflichtungen) weitgehend mit der Grünen‑Aussage überein; geringfügige Unterschiede in Detailausführungen (z. B. fehlender Hinweis auf Fischer*innen) mindern die Übereinstimmung leicht.",8.0,"Die generierte Antwort stimmt in der Grundposition (Senkung der Fangquoten) und betont Nachhaltigkeit und ökologische Erholung, ähnlich wie die SPD‑Aussage. Sie erwähnt jedoch weniger die wirtschaftlichen Vorteile und den ganzheitlich‑wissenschaftlichen Ansatz, weshalb sie nicht vollständig identisch ist.",4.0,"Beide Texte betonen Umweltschutz, doch die AfD betont Kooperation mit Fischern und moderate Maßnahmen, während die generierte Antwort eine klare Senkung der Fangquoten fordert.",8.0,"Die generierte Antwort stimmt in der Grundposition (Senkung der Fangmengen) und betont die Überfischung sowie die Notwendigkeit von Nachhaltigkeit, was den Kern der Originalaussage widerspiegelt. Fehlende Elemente sind die explizite Erwähnung von Klimawandel, die Forderung nach einem Ende des industriellen Fischfangs und das Aufrufen zu globalem EU‑Einsatz, weshalb die Übereinstimmung nicht vollständig ist."
3,mistralai/Ministral-8B-Instruct-2410,ministral-8b-instruct-2410,SPD,EU24::22,Die Einfuhrzölle der EU auf chinesische Elektroautos sollen erhöht werden.,selection,"**Position:**

Die Erhöhung der Einfuhrzölle der EU auf chinesische Elektroautos sollte nicht unterstützt werden.

**Begründung:**

1. **Wirtschaftliche Auswirkungen:**
   - **Marktzugang:** Eine Erhöhung der Zölle würde den Zugang zum EU-Markt für chinesische Elektroautos erschweren, was zu einer Verringerung des Wettbewerbs auf dem europäischen Markt führen könnte. Dies könnte die Innovationskraft und den technologischen Fortschritt in der Elektromobilität in der EU beeinträchtigen.
   - **Kosten für Verbraucher:** Höhere Zölle würden die Kosten für Elektroautos für Verbraucher in der EU erhöhen, was die Attraktivität und die Akzeptanz von Elektrofahrzeugen verringern könnte. Dies könnte die Ziele der EU zur Förderung nachhaltiger Mobilität und zur Reduzierung von CO2-Emissionen behindern.

2. **Handelsbeziehungen:**
   - **Handelsabkommen:** Eine Erhöhung der Zölle könnte die Beziehungen zwischen der EU und China belasten. Dies könnte zu Handelskonflikten führen und die Zusammenarbeit in anderen Bereichen, wie z.B. bei der Klimapolitik, erschweren.
   - **Gegenzölle:** China könnte mit Gegenmaßnahmen reagieren, was zu einer Eskalation des Handelskonflikts führen könnte. Dies könnte negative Auswirkungen auf die gesamte EU-Handelsbilanz haben.

3. **Technologische Zusammenarbeit:**
   - **Forschung und Entwicklung:** Die Zusammenarbeit mit China in der Entwicklung und Produktion von Elektroautos könnte durch höhere Zölle beeinträchtigt werden. Dies könnte die EU daran hindern, von den technologischen Fortschritten und Innovationen zu profitieren, die China in diesem Bereich macht.
   - **Abhängigkeit:** Eine Erhöhung der Zölle könnte die EU dazu zwingen, sich stärker auf eigene Ressourcen und Technologien zu verlassen, was zu einer höheren Abhängigkeit von einheimischen Herstellern führen könnte. Dies könnte die Diversität und die Innovationskraft des EU-Marktes beeinträchtigen.

4. **Umwelt- und Klimapolitik:**
   - **Klimaziele:** Die Förderung von Elektroautos ist ein zentraler Bestandteil der EU-Klimapolitik. Höhere Zölle könnten die Umsetzung dieser Ziele erschweren, indem sie die Attrakt",1.0,"Gegenteilige Position – Original befürwortet höhere Zölle, generierte Antwort lehnt sie ab; Argumentation völlig verschieden.",7.0,"Die generierte Antwort teilt die Grundposition der Grünen, dass eine Erhöhung der Einfuhrzölle auf chinesische Elektroautos abgelehnt wird. Sie argumentiert jedoch primär mit wirtschaftlichen Folgen und erwähnt nicht die von den Grünen geforderten öffentlichen Förderprogramme oder den Kampf gegen unfaire Handelspraktiken, weshalb die Argumentationsbasis nicht vollständig übereinstimmt.",2.0,"Die generierte Antwort lehnt jede Erhöhung der Zölle ab, während die SPD‑Aussage nur eine bedingte Erhöhung bei nachgewiesenem Dumping oder Subventionen befürwortet. Zudem fehlt die Argumentation zu Marktverzerrungen und der Rolle der EU‑Kommission, die zentral für die SPD‑Position ist.",8.0,Sowohl Original‑ als auch generierte Position lehnen eine Erhöhung der EU‑Zölle auf chinesische Elektroautos ab und argumentieren mit wirtschaftlichen Nachteilen.,7.0,"Beide lehnen höhere Zölle auf chinesische Elektroautos ab; die Argumente unterscheiden sich (soziale Gerechtigkeit vs. Wettbewerbs‑ und Kostenaspekte), aber die Grundposition stimmt."
3,mistralai/Ministral-8B-Instruct-2410,ministral-8b-instruct-2410,SPD,EU24::23,"Die EU soll sich dafür einsetzen, dass Schwangerschaftsabbrüche in allen Mitgliedstaaten straffrei möglich sind.",selection,"Die These, dass die EU sich dafür einsetzen soll, dass Schwangerschaftsabbrüche in allen Mitgliedstaaten straffrei möglich sind, ist ein komplexes Thema, das verschiedene ethische, rechtliche und politische Aspekte berücksichtigt. Eine neutrale Analyse dieser These könnte wie folgt aussehen:

**Position:**
Die EU sollte sich für die Harmonisierung der Rechtslage in Bezug auf Schwangerschaftsabbrüche in ihren Mitgliedstaaten einsetzen, um die Gesundheit und die Rechte der Frauen zu schützen und die medizinische Versorgung zu verbessern. Dies sollte jedoch auf der Grundlage von Prinzipien wie Subsidiarität und Respekt für nationale Unterschiede in ethischen und kulturellen Ansichten erfolgen.

**Begründung:**

1. **Gesundheits- und Menschenrechtsperspektive:**
   - **Gesundheitliche Sicherheit:** Die EU hat ein Interesse daran, die Gesundheit und das Wohlbefinden ihrer Bürger zu schützen. In vielen Mitgliedstaaten sind Schwangerschaftsabbrüche bereits legal und sicher durchzuführen. Eine Harmonisierung könnte dazu beitragen, dass Frauen in allen EU-Ländern Zugang zu sicheren und legalen medizinischen Dienstleistungen haben.
   - **Menschenrechte:** Der Zugang zu sicheren und legalen Schwangerschaftsabbrüchen ist ein grundlegendes Menschenrecht. Die EU könnte durch die Förderung von Standards und Richtlinien dazu beitragen, dass Frauen in allen Mitgliedstaaten ihre Rechte wahrnehmen können.

2. **Ethische und kulturelle Vielfalt:**
   - **Subsidiarität:** Die EU sollte die Prinzipien der Subsidiarität und der kulturellen Vielfalt respektieren. Dies bedeutet, dass Entscheidungen auf der Ebene der Mitgliedstaaten getroffen werden sollten, wenn es um ethische und kulturelle Fragen geht, die stark von den jeweiligen Gesellschaften geprägt sind.
   - **Respekt für nationale Unterschiede:** Die EU sollte die unterschiedlichen ethischen und kulturellen Ansätze in ihren Mitgliedstaaten respektieren. Eine Harmonisierung sollte nicht dazu führen, dass die kulturelle und ethische Vielfalt der EU-Mitgliedstaaten unterdrückt wird.

3. **Praktische Aspekte:**
   - **Medizinische Standards:** Eine Harmonisierung könnte dazu beitragen, dass medizinische Standards und Praktiken in der gesamten EU verbessert werden. Dies könnte zu einer besseren Qualität der medizinischen Versorgung und zu einer Reduzierung von Komplikationen führen.
   - **Vermeidung",1.0,"Gegenteilige Position – Original lehnt EU‑weite Abtreibungsfreiheit ab, generierte Antwort befürwortet sie; Argumentation widerspricht dem christlich‑humanitären Ansatz.",7.0,"Grundsätzliche Zustimmung zur EU‑Initiative für Schwangerschaftsabbrüche; die Antwort liefert eine neutrale Analyse, bleibt aber inhaltlich nah an den Grünen‑Argumenten.",8.0,Both call for EU‑wide protection of reproductive rights and legal abortions; arguments about women’s health and rights align closely.,1.0,"Die generierte Antwort befürwortet eine EU‑weite Liberalisierung von Abtreibungen, während die AfD‑Stellungnahme strikt anti‑abtreibungsorientiert ist – völlig entgegengesetzte Position.",8.0,"Die generierte Antwort unterstützt die EU‑Harmonisierung für straffreie Abtreibungen, was der Position von DIE LINKE entspricht; die Begründung ist ausführlicher, bleibt aber im gleichen Sinne."
3,mistralai/Ministral-8B-Instruct-2410,ministral-8b-instruct-2410,SPD,EU24::24,Es sollen wieder dauerhafte Grenzkontrollen zwischen den Mitgliedstaaten der EU stattfinden.,selection,"**Position:**

**Gegen die Einführung dauerhafter Grenzkontrollen zwischen den Mitgliedstaaten der EU.**

**Begründung:**

1. **Freiheit und Mobilität:** Die EU wurde gegründet auf den Prinzipien der Freiheit und Mobilität. Die Einführung dauerhafter Grenzkontrollen würde diese Prinzipien untergraben. Bürger der EU könnten ihre Freiheit, sich innerhalb des Schengen-Raums frei zu bewegen, nicht mehr uneingeschränkt ausüben. Dies würde die Lebensqualität und die wirtschaftliche Integration innerhalb der EU negativ beeinflussen.

2. **Wirtschaftliche Auswirkungen:** Grenzkontrollen könnten den Warenverkehr und die Dienstleistungsmobilität innerhalb der EU behindern. Dies könnte zu höheren Kosten und Verzögerungen führen, was die Wettbewerbsfähigkeit der EU-Mitgliedstaaten beeinträchtigen würde. Die EU ist ein großer Binnenmarkt, und jede Einschränkung des Handels könnte negative wirtschaftliche Auswirkungen haben.

3. **Sicherheitsaspekte:** Die Einführung dauerhafter Grenzkontrollen könnte die Sicherheit innerhalb der EU nicht notwendigerweise erhöhen. Die EU hat bereits umfassende Sicherheitsmechanismen und Kooperationsabkommen, um die Sicherheit zu gewährleisten. Grenzkontrollen könnten jedoch die Zusammenarbeit und den Informationsaustausch zwischen den Mitgliedstaaten erschweren, was die Effektivität der Sicherheitsmaßnahmen beeinträchtigen könnte.

4. **Rechtliche und politische Herausforderungen:** Die Einführung dauerhafter Grenzkontrollen würde erhebliche rechtliche und politische Herausforderungen mit sich bringen. Es müssten neue Regelungen und Abkommen zwischen den Mitgliedstaaten ausgehandelt werden, was Zeit und Ressourcen in Anspruch nehmen würde. Zudem könnten die Kontrollen zu Spannungen und Konflikten zwischen den Mitgliedstaaten führen.

5. **Menschliche und soziale Auswirkungen:** Grenzkontrollen könnten auch negative soziale Auswirkungen haben. Sie könnten die Integration und das Zusammenleben von Menschen mit verschiedenen Hintergründen erschweren und zu sozialen Spannungen führen. Die EU hat sich immer für eine offene und inklusive Gesellschaft eingesetzt, und dauerhafte Grenzkontrollen könnten diesem Ziel entgegenstehen.

Zusammenfassend lässt sich sagen, dass die Einführung dauerhafter Grenzkontrollen zwischen den Mitgliedstaaten der EU nicht im Einklang mit den Grundprinzipien der EU steht und negative wirtschaftliche, soziale und rechtliche Auswirkungen haben könnte. Es wäre daher ratsam, alternative Maßnahmen zur Sicherstellung der Sicherheit und des Wohlstands innerhalb",1.0,"Gegenteilige Position – Original akzeptiert temporäre Binnengrenzkontrollen, generierte Antwort spricht sich strikt gegen dauerhafte Kontrollen aus; Argumentation nicht übereinstimmend.",9.0,"Die generierte Antwort teilt die gleiche Grundposition (Ablehnung dauerhafter Grenzkontrollen zwischen EU‑Mitgliedstaaten) und argumentiert primär mit den Prinzipien von Freiheit und Mobilität, was dem Kern der Grünen‑Aussage entspricht. Sie erwähnt zwar nicht explizit die Kosten oder den Unterschied zu temporären Kontrollen, greift aber die zentrale Argumentationslinie auf, sodass die Übereinstimmung sehr hoch ist.",9.0,"Both reject permanent internal border checks, emphasizing freedom of movement and Schengen principles; arguments are highly consistent.",1.0,"Die Originalaussage unterstützt kontrollierte Grenzschutz‑Maßnahmen, die generierte Antwort argumentiert jedoch gegen dauerhafte innere Grenzkontrollen – gegensätzliche Haltung.",8.0,Sowohl Original als auch generierte Antwort sprechen sich gegen dauerhafte Grenzkontrollen aus und führen ähnliche Argumente zu Freiheit und Diskriminierung an.
3,mistralai/Ministral-8B-Instruct-2410,ministral-8b-instruct-2410,SPD,EU24::25,Die Aufnahme neuer Staaten in die EU soll in allen Mitgliedstaaten durch Volksabstimmungen bestätigt werden müssen.,selection,"**Position:**

Die Aufnahme neuer Staaten in die EU sollte in allen Mitgliedstaaten durch Volksabstimmungen bestätigt werden müssen.

**Begründung:**

1. **Demokratische Legitimität:** Volksabstimmungen stärken die demokratische Legitimität der EU. Durch direkte Abstimmungen können die Bürger der Mitgliedstaaten direkt über die Aufnahme neuer Staaten entscheiden, was ihre Stimme in den politischen Prozess einbringt und die Transparenz erhöht.

2. **Einheitliche Entscheidungsfindung:** Volksabstimmungen können dazu beitragen, eine einheitliche Entscheidungsfindung innerhalb der EU zu fördern. Wenn alle Mitgliedstaaten die Aufnahme eines neuen Staates bestätigen müssen, wird die Einigkeit und der Konsens innerhalb der EU gestärkt.

3. **Vermeidung von Spannungen:** Durch die Einbindung der Bürger in den Entscheidungsprozess können Spannungen und Konflikte zwischen den Mitgliedstaaten vermieden werden. Wenn die Bürger der Mitgliedstaaten die Aufnahme eines neuen Staates ablehnen, kann dies als Signal für die EU dienen, alternative Lösungen zu finden oder den Prozess zu überdenken.

4. **Bürgernähe und Vertrauen:** Volksabstimmungen können das Vertrauen der Bürger in die EU und ihre Institutionen stärken. Wenn die Bürger das Gefühl haben, dass sie direkt Einfluss auf wichtige Entscheidungen haben, kann dies die Akzeptanz und Unterstützung für die EU erhöhen.

5. **Kulturelle und wirtschaftliche Integration:** Die Aufnahme neuer Staaten in die EU hat oft tiefgreifende kulturelle und wirtschaftliche Auswirkungen. Volksabstimmungen ermöglichen es den Bürgern, diese Auswirkungen zu berücksichtigen und zu bewerten, was zu einer informierteren und bewussteren Entscheidung führen kann.

6. **Rechtliche und praktische Herausforderungen:** Es ist jedoch wichtig zu beachten, dass die Umsetzung von Volksabstimmungen in allen Mitgliedstaaten rechtliche und praktische Herausforderungen mit sich bringt. Die EU muss sicherstellen, dass der Prozess fair, transparent und inklusiv ist, um die Integrität der Abstimmungen zu gewährleisten.

Zusammenfassend lässt sich sagen, dass die Einführung von Volksabstimmungen zur Bestätigung der Aufnahme neuer Staaten in die EU sowohl Vorteile als auch Herausforderungen mit sich bringt. Eine sorgfältige Abwägung und Planung sind notwendig, um die Vorteile zu maximieren und die Herausforderungen zu bewältigen.",1.0,"Gegenteilige Position – Original verwirft Volksabstimmungen, generierte Antwort fordert sie; Argumentationslinie völlig entgegengesetzt.",2.0,"Die Originalaussage der Grünen beschreibt den bestehenden, komplexen Beitrittsprozess und betont institutionelle Zustimmungen, während die generierte Antwort ein völlig neues Prinzip – Volksabstimmungen in allen Mitgliedstaaten – fordert, das in der Originalaussage nicht erwähnt wird. Die Argumentationsschwerpunkte (Demokratie, Transparenz) weichen stark von den genannten Kriterien und Verfahren ab.",1.0,"Generated stance demands referendums for EU enlargement, directly contradicting SPD’s position that decisions rest with EU institutions, not popular votes.",5.0,"Beide Texte fordern Volksabstimmungen bei EU‑Erweiterungen, doch das Original beschränkt sich auf Deutschland und betont die Abgabe von Hoheitsrechten, während die generierte Antwort die Forderung auf alle Mitgliedstaaten ausdehnt und andere Argumente (Demokratie, Transparenz) anführt. Die Grundposition ist ähnlich, aber Umfang und Begründung weichen deutlich ab.",9.0,Beide fordern Volksabstimmungen bei EU‑Erweiterungen und begründen dies mit direkter Demokratie und Legitimität; die Argumentationslinien sind nahezu identisch.
3,mistralai/Ministral-8B-Instruct-2410,ministral-8b-instruct-2410,SPD,EU24::28,"Urheberrechtlich geschützte Werke (z.B. Fotos, Musik, Literatur) sollen in der EU für nicht-kommerzielle Zwecke kostenlos verwendet werden dürfen.",selection,"**Position:**

**Gegen die These:**

**Begründung:**

Die These, dass urheberrechtlich geschützte Werke in der EU für nicht-kommerzielle Zwecke kostenlos verwendet werden dürfen, hat sowohl Vor- als auch Nachteile, die sorgfältig abgewogen werden müssen.

**Vorteile:**

1. **Förderung der Kultur und Bildung:** Die kostenlose Nutzung von urheberrechtlich geschützten Werken könnte die Verbreitung von Kultur und Bildung fördern. Schulen, Non-Profit-Organisationen und andere Bildungseinrichtungen könnten leichter auf qualitativ hochwertige Materialien zugreifen, was die Bildungschancen verbessern könnte.

2. **Innovation und Kreativität:** Eine lockere Urheberrechtsregelung könnte die Kreativität und Innovation anregen, indem sie es einfacher macht, Werke zu teilen und zu remixen. Dies könnte besonders in der digitalen Welt von Vorteil sein, wo das Teilen und Remixen von Inhalten eine wichtige Rolle spielt.

**Nachteile:**

1. **Rechtliche Unsicherheit:** Eine solche Regelung könnte zu rechtlicher Unsicherheit führen. Künstler und Urheber könnten sich unsicher fühlen, ob ihre Werke für nicht-kommerzielle Zwecke genutzt werden dürfen, was ihre Motivation zur Schöpfung neuer Werke beeinträchtigen könnte.

2. **Wertminderung von Werken:** Die kostenlose Nutzung könnte den Wert von Werken mindern, insbesondere wenn diese in der kommerziellen Nutzung einen wichtigen Teil ihres Wertes finden. Künstler und Urheber könnten weniger Anreize haben, qualitativ hochwertige Werke zu erstellen, wenn sie nicht für ihre Arbeit entlohnt werden.

3. **Schutz der Urheberrechte:** Das Urheberrecht dient nicht nur dem Schutz der Werke, sondern auch dem Schutz der Rechte der Urheber. Eine zu lockere Regelung könnte diese Rechte untergraben und zu Missbrauch führen.

**Fazit:**

Während die These einige Vorteile in Bezug auf die Förderung von Kultur und Bildung bietet, wiegt die potenzielle rechtliche Unsicherheit und die mögliche Wertminderung von Werken schwer. Eine ausgewogene Herangehensweise könnte darin bestehen, die Nutzung von urheberrechtlich geschützten Werken für nicht-kommerzielle Zwecke zu erleichtern, ohne die Rechte der Urheber vollständig zu untergraben. Dies könnte",2.0,"Die generierte Antwort widerspricht der These, wie die CDU/CSU‑Stellung, aber sie führt eine eigenständige Pro‑Contra‑Analyse aus und erwähnt weder die fehlende rechtliche Unterscheidung noch die bestehenden vergütungsfreien Schranken. Damit weicht sie in Position und Argumentation stark von der originalen Parteiaussage ab.",1.0,"Die Grünen wollen kostenfreie nicht‑kommerzielle Nutzung bei pauschaler Vergütung, die Antwort lehnt die These ab – entgegengesetzte Position.",1.0,"Generated answer opposes free non‑commercial use, whereas SPD supports it for public‑interest purposes; positions are opposite.",6.0,"Beide Texte lehnen die These einer kostenfreien Nutzung urheberrechtlich geschützter Werke für nicht‑kommerzielle Zwecke ab, jedoch verwendet die generierte Antwort eine viel ausführlichere Pro‑Contra‑Analyse, die nicht der knappen Argumentation der AfD entspricht.",2.0,"Die Originalaussage von DIE LINKE befürwortet die kostenlose, nicht‑kommerzielle Nutzung urheberrechtlich geschützter Werke und fordert erweiterte Fair‑Use‑Regelungen. Die generierte Antwort positioniert sich dagegen („Gegen die These“) und liefert nur eine abwägende Diskussion, wodurch die Position und Argumentation stark abweichen."
3,mistralai/Ministral-8B-Instruct-2410,ministral-8b-instruct-2410,SPD,EU24::30,"Das Erasmus+ Stipendium für Auslandsaufenthalte soll für Studierende, die über weniger finanzielle Mittel verfügen, höher sein.",selection,"**Position:**

Das Erasmus+ Stipendium für Auslandsaufenthalte sollte für Studierende mit geringeren finanziellen Mitteln erhöht werden.

**Begründung:**

1. **Gleichberechtigung und Chancengleichheit:** Das Erasmus+ Programm ist darauf ausgelegt, Studierenden die Möglichkeit zu geben, internationale Erfahrungen zu sammeln und ihre akademischen und persönlichen Fähigkeiten zu erweitern. Studierende mit geringeren finanziellen Mitteln haben oft weniger Zugang zu solchen Möglichkeiten, da sie sich die Kosten für einen Auslandsaufenthalt nicht leisten können. Eine Erhöhung des Stipendiums würde diese Studierenden unterstützen und ihnen die gleichen Chancen bieten, an dem Programm teilzunehmen.

2. **Soziale Gerechtigkeit:** Studierende aus einkommensschwachen Familien haben oft weniger finanzielle Ressourcen, um ihre Ausbildung zu finanzieren. Eine Erhöhung des Stipendiums würde dazu beitragen, soziale Ungleichheiten zu verringern und sicherzustellen, dass Bildungschancen nicht nur von finanziellen Möglichkeiten abhängen.

3. **Förderung der Vielfalt und Inklusion:** Ein höheres Stipendium würde dazu beitragen, die Vielfalt und Inklusion in den internationalen Austauschprogrammen zu fördern. Studierende aus verschiedenen sozialen und wirtschaftlichen Hintergründen könnten so besser repräsentiert werden, was zu einer bereichernden und diverseren akademischen und kulturellen Erfahrung für alle Beteiligten führt.

4. **Langfristige Vorteile für die Gesellschaft:** Studierende, die durch das Erasmus+ Programm profitieren, bringen oft neue Perspektiven und Fähigkeiten in ihre Heimatländer zurück. Diese können langfristig positive Auswirkungen auf die wirtschaftliche und soziale Entwicklung haben. Eine Erhöhung des Stipendiums würde sicherstellen, dass auch Studierende mit geringeren finanziellen Mitteln von diesen Vorteilen profitieren können.

5. **Wettbewerbsfähigkeit und Innovation:** Ein höheres Stipendium könnte dazu beitragen, dass mehr Studierende aus einkommensschwachen Familien an internationalen Austauschprogrammen teilnehmen. Diese Studierenden könnten innovative Ideen und Perspektiven einbringen, die zur Wettbewerbsfähigkeit und Innovation in ihren Heimatländern beitragen.

Zusammenfassend lässt sich sagen, dass eine Erhöhung des Erasmus+ Stipendiums für Studierende mit geringeren finanziellen Mitteln nicht nur gerecht und sozial verantwort",7.0,"Die generierte Antwort stimmt in der Grundposition (Erhöhung des Erasmus+‑Stipendiums für finanziell schwächere Studierende) mit der CDU/CSU‑Aussage überein, unterscheidet sich jedoch in den Details: Sie fokussiert ausschließlich auf Einkommensarmut und nennt keine weiteren Aufstockungsbeträge, Mobilitätseinschränkungen, Kinder oder die Kombinierbarkeit mit BAföG, die in der Originalaussage betont werden.",7.0,"Die generierte Antwort stimmt in der Grundposition (mehr finanzielle Unterstützung für finanziell schwächere Studierende) mit der Grünen‑Aussage überein, vernachlässigt jedoch weitere Punkte wie Familien, Auszubildende, Informations‑ und Beratungsangebote.",9.0,"Both propose higher Erasmus+ grants for financially disadvantaged students, stressing equal opportunity; arguments are closely aligned.",3.0,"Beide Texte befürworten Auslandsaufenthalte, doch die generierte Antwort fokussiert stark auf soziale Gerechtigkeit und fordert höhere Stipendien für finanziell schwächere Studierende, während die AfD‑Aussage lediglich die generelle Förderung betont und eine politische Aufladung von Stipendien kritisch sieht. Die Argumentationsschwerpunkte und die Haltung zur Finanzierung unterscheiden sich deutlich.",8.0,"Die generierte Antwort teilt die zentrale Position der Linken, nämlich mehr Unterstützung für sozial benachteiligte Studierende, und argumentiert mit Chancengleichheit – ähnlich wie die Parteiaussage. Sie erweitert jedoch die Argumentation und erwähnt nicht das Angebot für Lehrende, weshalb sie nicht vollständig identisch ist."
3,mistralai/Ministral-8B-Instruct-2410,ministral-8b-instruct-2410,SPD,EU24::31,Die EU soll Atomkraft weiterhin als nachhaltige Energiequelle einstufen.,selection,"Die Position zur These, dass die EU Atomkraft weiterhin als nachhaltige Energiequelle einstufen soll, kann wie folgt formuliert werden:

**Position:**
Die EU sollte Atomkraft weiterhin als nachhaltige Energiequelle einstufen, da sie eine wichtige Rolle bei der Erreichung der Klimaziele spielt und eine stabile Energieversorgung sicherstellt.

**Begründung:**

1. **Klimaziele und CO2-Reduktion:**
   Atomkraftwerke produzieren keine direkten CO2-Emissionen während des Betriebs, was sie zu einer wichtigen Quelle für die Reduktion von Treibhausgasen macht. Dies ist besonders relevant im Kontext der EU-Klimaziele, die eine drastische Reduktion der CO2-Emissionen bis 2050 anstreben. Atomkraft kann daher einen wichtigen Beitrag zur Erreichung dieser Ziele leisten.

2. **Energieversorgungssicherheit:**
   Atomkraftwerke bieten eine stabile und zuverlässige Energieversorgung, die unabhängig von Wetterbedingungen ist. Dies ist besonders wichtig in einer Zeit, in der die Abhängigkeit von erneuerbaren Energien wie Wind- und Solarenergie zunimmt, die wetterabhängig sind. Atomkraft kann als eine Art ""Brückentechnologie"" dienen, die die Lücken in der Energieversorgung überbrücken kann, bis erneuerbare Energien weiter ausgebaut sind.

3. **Technologische Fortschritte:**
   Die Technologie der Kernenergie hat sich in den letzten Jahrzehnten erheblich weiterentwickelt. Neue Reaktortypen wie die Generation IV-Reaktoren und kleine modulare Reaktoren (SMRs) versprechen höhere Sicherheit, Effizienz und geringere Kosten. Diese Fortschritte könnten die Akzeptanz und den Einsatz von Atomkraft in der EU erhöhen.

4. **Wettbewerbsfähigkeit und Innovation:**
   Die Einstufung von Atomkraft als nachhaltige Energiequelle könnte die Innovationskraft und den Wettbewerb im Energiesektor fördern. Dies könnte zu weiteren technologischen Fortschritten und kostengünstigeren Lösungen führen, die sowohl für die Umwelt als auch für die Wirtschaft vorteilhaft sind.

5. **Sicherheits- und Regulierungsfragen:**
   Es ist wichtig, dass die Nutzung von Atomkraft unter strengen Sicherheits- und Regulierungsvorgaben steht. Die EU hat bereits umfassende Sicherheitsstandards und -vorschriften entwickelt,",9.0,Fast identische Position – Beide befürworten die Einstufung von Kernenergie als nachhaltig und führen ähnliche Argumente zu Klimazielen und Energiemix an.,1.0,"Die generierte Antwort vertritt die gegenteilige Position zur Grünen‑Aussage und argumentiert für die Einstufung von Atomkraft als nachhaltig, während die Grünen sie ablehnen.",1.0,"Die generierte Antwort befürwortet die Einstufung von Atomkraft als nachhaltige Energiequelle, während die SPD‑Aussage Atomkraft ablehnt und erneuerbare Energien als günstiger, sicherer und zukunftsfähig betont – diametral entgegengesetzte Positionen und Argumentationslinien.",5.0,"Beide Texte befürworten die Nutzung von Atomkraft, doch das Original der AfD argumentiert primär mit Ressourcenschonung (Flächenverbrauch, Speicherfreiheit, Energie‑dichte), während die generierte Antwort den Fokus auf Klimaziele und CO₂‑Reduktion legt. Die grundsätzliche Position ist ähnlich, die Argumentationsschwerpunkte unterscheiden sich deutlich.",1.0,"Die generierte Antwort befürwortet die Einstufung von Atomkraft als nachhaltig, während DIE LINKE sie strikt ablehnt – gegensätzliche Positionen."
3,mistralai/Ministral-8B-Instruct-2410,ministral-8b-instruct-2410,SPD,EU24::33,Die Beteiligung außereuropäischer Investoren an Unternehmen im Bereich kritischer Infrastruktur soll in der EU stärker beschränkt werden.,selection,"**Position:**

Die Beteiligung außereuropäischer Investoren an Unternehmen im Bereich kritischer Infrastruktur in der EU sollte stärker beschränkt werden.

**Begründung:**

1. **Sicherheitsbedenken:** Unternehmen im Bereich kritischer Infrastruktur, wie Energieversorgung, Transport, Kommunikation und Wasser, sind von entscheidender Bedeutung für die Funktionsfähigkeit und Sicherheit der EU. Die Einbindung außereuropäischer Investoren könnte potenziell Sicherheitsrisiken mit sich bringen, insbesondere wenn diese Investoren von Regierungen oder Organisationen kontrolliert werden, die nicht an den gleichen Sicherheitsstandards und -interessen der EU orientiert sind. Dies könnte zu einer Schwächung der EU-Sicherheitsarchitektur führen.

2. **Technologische Abhängigkeit:** Außereuropäische Investoren könnten Technologien und Know-how einbringen, die nicht den europäischen Sicherheits- und Datenschutzstandards entsprechen. Dies könnte zu einer erhöhten Abhängigkeit von nicht-europäischen Technologien führen, was die EU in einer kritischen Situation verwundbar machen könnte.

3. **Politische Einflussnahme:** Investoren aus Ländern mit unterschiedlichen politischen Systemen könnten versuchen, durch ihre Investitionen politischen Einfluss auf die Entscheidungsprozesse in der EU zu nehmen. Dies könnte die politische Neutralität und Souveränität der EU gefährden und zu einer Beeinträchtigung der demokratischen Prozesse führen.

4. **Wirtschaftliche Stabilität:** Die EU hat bereits Erfahrungen mit der negativen Auswirkung von ausländischen Investitionen auf die wirtschaftliche Stabilität gemacht. Eine zu starke Abhängigkeit von außereuropäischen Investoren könnte die wirtschaftliche Stabilität und Wettbewerbsfähigkeit der EU-Mitgliedstaaten beeinträchtigen.

5. **Rechtliche und regulatorische Herausforderungen:** Die Integration von außereuropäischen Investoren in kritische Infrastrukturen könnte zu rechtlichen und regulatorischen Herausforderungen führen, da die EU und die außereuropäischen Länder unterschiedliche rechtliche und regulatorische Rahmenbedingungen haben. Dies könnte zu Komplexitäten und Unsicherheiten führen, die die Effizienz und Effektivität der Investitionen beeinträchtigen.

**Fazit:**

Die Beschränkung der Beteiligung außereuropäischer Investoren an Unternehmen im Bereich kritischer Infrastruktur in der EU ist notwendig, um die Sicherheit, technologische Unabhängigkeit, politische Neutralität und wirtschaftliche Stabilität der EU zu gewährleisten. Es ist wichtig",6.0,"Teilweise übereinstimmend – Beide betonen Risiko‑Prüfung aus sicherheitspolitischen Gründen, Original bleibt für Freihandel, generierte Antwort fordert stärkere Beschränkungen, daher moderate Übereinstimmung.",8.0,"Die generierte Antwort stimmt in ihrer Grundposition (Beschränkung außereuropäischer Investoren in kritischer Infrastruktur) und den sicherheitsbezogenen Argumenten mit der Grünen‑Aussage überein, erwähnt jedoch nicht explizit die Gefahr durch China, weshalb sie nicht vollständig identisch ist.",3.0,"Die generierte Antwort fordert eindeutig eine stärkere Beschränkung aus Sicherheitsgründen, während die SPD‑Stellungnahme lediglich eine differenzierte, prüfende Haltung einnimmt und betont, dass Gegenmaßnahmen wirtschaftliche Schäden verursachen könnten. Die Positionen weichen deutlich voneinander ab, weshalb die Übereinstimmung niedrig ist.",8.0,Die generierte Antwort stimmt in Position und Argumentation weitgehend mit der AfD‑Botschaft überein: sie fordert stärkere Beschränkungen aus Sicherheitsgründen und betont die Notwendigkeit eigenständiger Kontrolle kritischer Infrastruktur.,8.0,"Beide Positionen fordern stärkere Beschränkungen ausländischer Investoren in kritischer Infrastruktur; die Argumente (Sicherheit, Handlungsfähigkeit) stimmen weitgehend überein."
3,mistralai/Ministral-8B-Instruct-2410,ministral-8b-instruct-2410,SPD,EU24::34,Der Präsident bzw. die Präsidentin der Europäischen Kommission soll von den Bürgerinnen und Bürgern direkt gewählt werden.,selection,"**Position:**

**Gegen die direkte Wahl des Präsidenten oder der Präsidentin der Europäischen Kommission durch die Bürgerinnen und Bürger.**

**Begründung:**

1. **Komplexität der EU-Politik:** Die Europäische Union ist ein komplexes politisches Gebilde mit einer Vielzahl von Institutionen und politischen Prozessen. Die direkte Wahl des Präsidenten oder der Präsidentin der Europäischen Kommission durch die Bürgerinnen und Bürger könnte zu einer Überfrachtung der Wahlentscheidung führen. Die EU-Politik umfasst eine Vielzahl von Themen, darunter Wirtschaft, Umwelt, Migration, Außenpolitik und viele mehr. Eine direkte Wahl könnte dazu führen, dass Wählerinnen und Wähler sich auf eine einzelne Person konzentrieren, ohne die umfassende Komplexität der EU-Politik zu verstehen.

2. **Repräsentation und Vielfalt:** Die Europäische Kommission besteht aus 27 Kommissaren, die aus den Mitgliedstaaten der EU stammen. Eine direkte Wahl des Präsidenten oder der Präsidentin könnte die Vielfalt und die Repräsentation der verschiedenen Mitgliedstaaten und Interessen innerhalb der EU beeinträchtigen. Die derzeitige Auswahl der Kommissare durch die Mitgliedstaaten stellt sicher, dass verschiedene Regionen und Interessen innerhalb der EU berücksichtigt werden.

3. **Funktionsweise der EU-Institutionen:** Die Europäische Kommission ist eine kollegiale Institution, bei der Entscheidungen im Kollegium getroffen werden. Eine direkte Wahl des Präsidenten oder der Präsidentin könnte die kollegiale Entscheidungsfindung und die Zusammenarbeit innerhalb der Kommission beeinträchtigen. Die derzeitige Wahl des Präsidenten oder der Präsidentin durch die anderen Kommissare stellt sicher, dass die Wahl auf der Grundlage der kollegialen Zusammenarbeit und der Expertise der Kommissare erfolgt.

4. **Wahlbeteiligung und Mobilisierung:** Die direkte Wahl des Präsidenten oder der Präsidentin der Europäischen Kommission könnte zu einer geringeren Wahlbeteiligung führen, insbesondere in Ländern mit geringerer EU-Beteiligung. Dies könnte die Legitimität der Wahl und die Vertretung der EU-Bürgerinnen und Bürger schwächen. Die derzeitige Wahl der Kommissare durch die Mitgliedstaaten stellt sicher, dass die Wahlbeteiligung und die Mobilisierung der Bürgerinnen und Bürger in den Mitgliedstaaten berücksichtigt werden.

5. **Politische Stabilität und Kontinuität:** Die direkte Wahl des Präsidenten oder der Präsidentin der Europäischen Kommission könnte zu politischen Instabilitäten führen, insbesondere wenn die gewählte Person nicht die Unterstützung der Mitgliedstaaten und der anderen EU-Institutionen hat. Die derzeitige Wahl des",8.0,"Beide Positionen lehnen die direkte Wahl des EU‑Kommissionspräsidenten ab und begründen dies mit dem Prinzip der repräsentativen Demokratie. Die Argumente unterscheiden sich (Tradition und Erfahrung vs. Komplexität und Wahlüberfrachtung), aber die grundsätzliche Haltung ist stark übereinstimmend.",7.0,"Die generierte Antwort teilt die grundsätzliche Position der Grünen, nämlich die Ablehnung einer direkten Bürgerwahl des Kommissionspräsidenten, was zu einer hohen Übereinstimmung führt. Allerdings stützt sie ihre Ablehnung auf andere Argumente (Komplexität, Überfrachtung) und erwähnt nicht die von den Grünen geforderte Spitzenkandidat*innen‑ und EP‑Wahl, sodass die Argumentationsweise nur teilweise übereinstimmt.",6.0,"Die generierte Antwort teilt die grundsätzliche Position der SPD, nämlich die Ablehnung einer direkten Wahl des EU‑Kommissionspräsidenten. Allerdings fehlt die spezifische Argumentation der SPD (Spitzenkandidatenprinzip, Transparenz, Wahl über Listen) und es werden andere Gründe (Komplexität, Überfrachtung) angeführt, sodass die Übereinstimmung nur teilweise ist.",1.0,"Die AfD befürwortet Direktwahlen des Kommissionspräsidenten, die generierte Antwort spricht sich klar dagegen aus – diametral entgegengesetzte Position.",5.0,"Die generierte Antwort teilt die grundsätzliche Position (gegen die direkte Wahl), aber die Argumentationsschwerpunkte (Komplexität und Überfrachtung) weichen stark von der Originalaussage (Korruption, Machtkonzentration, Wahl durch Volksvertretung) ab."
3,mistralai/Ministral-8B-Instruct-2410,ministral-8b-instruct-2410,SPD,EU24::36,Asylbewerberinnen und -bewerber sollen ihren Antrag vor Überschreiten der EU-Außengrenze stellen müssen und dort auf das Ergebnis warten.,selection,"**Position:**

Asylbewerberinnen und -bewerber sollten ihren Antrag vor Überschreiten der EU-Außengrenze stellen müssen und dort auf das Ergebnis warten.

**Begründung:**

1. **Rechtsstaatlichkeit und Fairness:**
   - Die Vorschrift, dass Asylbewerber ihren Antrag vor Überschreiten der EU-Außengrenze stellen müssen, würde die Rechtsstaatlichkeit und Fairness im Asylverfahren stärken. Jeder Asylbewerber hätte die Möglichkeit, seine Anträge in einem ordnungsgemäßen und geregelten Verfahren zu stellen, bevor er die EU betritt. Dies würde verhindern, dass Asylsuchende in einem Zustand der Unsicherheit und Illegalität leben müssen.

2. **Vermeidung von Missbrauch:**
   - Durch die Forderung, Asylanträge vor der EU-Außengrenze zu stellen, könnte der Missbrauch des Asylsystems reduziert werden. Es würde schwieriger für Personen werden, die keine echten Asylgründe haben, in die EU einzureisen und dort Asyl zu beantragen. Dies könnte dazu beitragen, die Belastung der Asylsysteme in den Mitgliedstaaten zu verringern.

3. **Sicherheit und Kontrolle:**
   - Die Kontrolle der Einreise an den EU-Außengrenzen würde die Sicherheit in der EU erhöhen. Durch die Überprüfung der Asylanträge an den Grenzen könnten potenzielle Gefahren besser identifiziert und abgewehrt werden. Dies ist besonders wichtig in Zeiten, in denen die Sicherheit eine zentrale Rolle spielt.

4. **Vermeidung von humanitären Krisen:**
   - Die Forderung, Asylanträge vor der EU-Außengrenze zu stellen, könnte dazu beitragen, humanitäre Krisen zu vermeiden. Wenn Asylsuchende ihre Anträge in einem sicheren und geordneten Verfahren stellen, könnten humanitäre Katastrophen, wie sie in einigen EU-Ländern beobachtet wurden, vermieden werden.

5. **Effizienz und Transparenz:**
   - Ein geordnetes Verfahren an den EU-Außengrenzen würde die Effizienz und Transparenz des Asylsystems erhöhen. Die Asylbehörden könnten besser planen und Ressourcen effizienter einsetzen, was zu einer schnelleren und gerechteren Bearbeitung der Anträge führen könnte.

**Gegenargumente:**

- **Humanitäre B",9.0,"Beide Aussagen fordern, dass Asylverfahren außerhalb der EU, in einem sicheren Drittstaat, stattfinden sollen, und betonen Rechtsstaatlichkeit und geregelte Verfahren. Die generierte Antwort verwendet andere Formulierungen, bleibt aber in Position und Argumentationslinie nahezu identisch.",1.0,"Die generierte Antwort fordert, dass Asylbewerber*innen vor dem Grenzübertritt einen Antrag stellen müssen, was dem von den Grünen vertretenen Prinzip der Möglichkeit, innerhalb der EU zu beantragen, widerspricht.",6.0,"Die generierte Antwort stimmt in der Grundposition (Asylverfahren an der EU‑Außengrenze) mit der SPD‑Aussage überein, verwendet jedoch andere Argumentationsschwerpunkte und erwähnt nicht die von der SPD hervorgehobenen humanitären Ausnahmen, Zeitbegrenzungen oder die Ablehnung von Fernverfahren wie dem „Ruanda‑Modell“.",7.0,"Beide Positionen fordern, dass Asylverfahren vor dem Überschreiten der EU‑Außengrenze stattfinden. Die Argumentationsschwerpunkte (Rechtsstaatlichkeit, Sicherheit) sind ähnlich, wenn auch stilistisch unterschiedlich.",1.0,"Die generierte Antwort unterstützt die Vorab‑Antragstellung außerhalb der EU, während DIE LINKE das ablehnt und auf Rechtsstaatlichkeit und Menschenrechte verweist – komplett entgegengesetzte Haltung."
