schema_version,model,model_short_name,steered_party_key,thesis_key,thesis,split,steered_response,sim_CDU_CSU,judge_rationale_CDU_CSU,sim_GRUENE,judge_rationale_GRUENE,sim_SPD,judge_rationale_SPD,sim_AfD,judge_rationale_AfD,sim_DIE_LINKE,judge_rationale_DIE_LINKE
3,meta-llama/Llama-3.2-1B-Instruct,llama-3-2-1b-instruct,DIE_LINKE,BT21::3,Bei Bundestagswahlen sollen auch Jugendliche ab 16 Jahren wählen dürfen.,selection,"Als neutraler politischer Analyst möchte ich eine Position zur Förderung von Jugendwahlrecht für alle, unabhängig von ihrem Alter, eintragen. Hier ist meine Formulierung und Begründung:

**Position:**

Ich stütze die These, dass Jugendliche ab 16 Jahren das Recht haben sollten, an Bundestagswahlen teilzunehmen. Dieses Recht ist ein grundlegendes Element der Demokratie und ermöglicht es jungen Menschen, ihre Zukunft zu gestalten und ihre Interessen zu vertreten.

**Begründung:**

Die Forderung nach Jugendwahlrecht für alle ist notwendig, um sicherzustellen, dass junge Menschen ein aktives und engagiertes Bürgerbewusstsein entwickeln und ihre Stimme in der Demokratie ausüben können. Jugendliche sind in der Regel noch in der Schule oder in der Ausbildung und haben noch nicht die notwendigen politischen Fähigkeiten, um komplexe politische Entscheidungen zu treffen. Durch die Teilnahme an Bundestagswahlen können sie ihre Meinungen und Interessen auf ein breiteres Publikum ausdrücken und ihre Zukunft vorantreiben.

Darüber hinaus trägt die Teilnahme an Bundestagswahlen zu einer stärkeren Demokratie bei, da sie ein wichtiger Teil der demokratischen Prozesse ist. Die Teilnahme an Wahlen ermöglicht es jungen Menschen, ihre politischen Überzeugungen zu testen, ihre Meinungen zu äußern und sich an die politische Landschaft anzupassen.

Es ist auch wichtig zu betonen, dass die Teilnahme an Bundestagswahlen nicht nur ein Recht, sondern auch eine Verantwortung ist. Jugendliche haben das Recht, ihre Stimme abzugeben und ihre Zukunft zu gestalten, aber sie müssen auch bereit sein, sich aktiv zu engagieren und politische Entscheidungen zu unterstützen.

Insgesamt ist es daher wichtig, dass wir die Forderung nach Jugendwahlrecht für alle ernst nehmen und es in die politische Landschaft integrieren, um sicherzustellen, dass junge Menschen ein aktives und engagiertes Bürgerbewusstsein entwickeln und ihre Zukunft gestalten können.",1.0,"Die CDU‑Stellung lehnt ein Wahlrecht ab 16 ab, die generierte Antwort befürwortet es – komplett gegensätzliche Position.",8.0,"Both endorse voting at 16; generated answer gives a generic democratic justification, matching the original stance.",8.0,"Both endorse lowering the voting age to 16 and argue for youth participation, though the wording differs.",1.0,"Opposite stance: AfD rejects youth voting, generated answer supports it.",9.0,Both endorse lowering voting age to 16 and argue it enhances democratic participation of youth.
3,meta-llama/Llama-3.2-1B-Instruct,llama-3-2-1b-instruct,DIE_LINKE,BT21::4,Die Förderung von Windenergie soll beendet werden.,selection,"Als neutraler politischer Analyst möchte ich eine Position zur Beendigung der Förderung von Windenergie formulieren und begründen.

**Position:**

Die Förderung von Windenergie sollte beendet werden, da sie nicht ausreichend zur Reduzierung des Kohlenstoffausstoßes und zur Umweltverschmutzung beitragen, insbesondere im Vergleich zu anderen Energiequellen wie Solar- und Kernenergie.

**Begründung:**

Die Förderung von Windenergie hat in den letzten Jahren zunehmend kritisiert werden können, da sie nicht ausreichend zur Reduzierung des Kohlenstoffausstoßes beitragen kann. Die Energiewende, die von vielen Regierungen weltweit umgesetzt wurde, zielt darauf ab, den Kohlenstoffausstoß um 80% innerhalb der nächsten 2050er Jahre auf 50% von 1990 reduzieren zu wollen. Die Förderung von Windenergie ist jedoch nicht ausreichend, um diese Ziele zu erreichen.

Einige Gründe für die Unsicherheit in der Förderung von Windenergie sind:

* Die Kosten für die Errichtung von Windparks sind in den letzten Jahren zunehmend sinken, aber sie sind immer noch höher als bei anderen Energiequellen wie Solar- und Kernenergie.
* Die Verfügbarkeit von Windenergie ist nicht ausreichend, um den gesamten benötigten Strom zu decken, insbesondere in ländlichen Gebieten, wo die Verfügbarkeit von Windenergie begrenzt ist.
* Die Umweltverschmutzung durch Windkraftwerke ist ein Problem, das nicht ausreichend abgedeckt wird, insbesondere wenn die Windkraftwerke in ländlichen Gebieten errichtet werden.

Einige Experten argumentieren, dass die Förderung von Windenergie nicht ausreichend ist, um den Kohlenstoffausstoß zu reduzieren, da die Energie aus Windkraftwerken nicht nachhaltig ist und die Abbaubarren von Windkraftwerken in den kommenden Jahrzehnten zunehmen werden.

**Alternative Lösungen:**

Um den Kohlenstoffausstoß zu reduzieren, sollten alternative Lösungen wie:

* Eine umfassende Energieversorgung mit Solar- und Kern",1.0,"Die Partei will den Ausbau von Windenergie fördern, die Antwort fordert ein Ende der Förderung – diametral entgegengesetzt.",1.0,"Original opposes ending wind subsidies, generated answer advocates ending them – opposite positions.",1.0,Original supports expanding wind energy; generated answer argues for ending its promotion – opposite positions.,5.0,"Both favor ending wind subsidies, but arguments differ; moderate alignment.",1.0,Original party supports wind energy; generated answer argues for ending its promotion – opposite positions.
3,meta-llama/Llama-3.2-1B-Instruct,llama-3-2-1b-instruct,DIE_LINKE,BT21::6,Impfstoffe gegen Covid-19 sollen weiterhin durch Patente geschützt sein.,selection,"Als neutraler politischer Analyst möchte ich mich auf die wissenschaftlichen Erkenntnisse und die ethischen Bedenken konzentrieren, um eine sachliche Position zu formulieren.

**Position:**

Ich stütze die These, dass Impfstoffe gegen Covid-19 weiterhin durch Patente geschützt werden sollten, solange sie wettbewerbsfähig sind und ihre Wirksamkeit gegenüber denen anderer Impfstoffen nicht beeinträchtigt sind.

**Begründung:**

1. **Patentrechte und wettbewerbsfähigkeit**: Die Patente für Impfstoffe gegen Covid-19 haben sich in den letzten Jahren als ein wichtiger Faktor erwiesen, um die Verfügbarkeit und die Wettbewerbsfähigkeit von Impfstoffen zu schützen. Durch die Erweiterung der Patente können Hersteller ihre Marken und -rechte schützen, was es ihnen ermöglicht, ihre Produkte weiterhin auf dem Markt zu verkaufen und zu vermarkten, auch wenn andere Hersteller ähnliche Impfstoffe entwickeln.
2. **Wissenschaftliche Entwicklung und Innovation**: Die Patente ermöglichen es Herstellern, ihre Forschungs- und Entwicklungskosten zu sparen und ihre Ressourcen auf andere wichtige Aspekte der Impfstoffentwicklung zu konzentrieren, wie z.B. die Entwicklung neuer Impfstoffe oder die Optimierung der Produktqualität.
3. **Gesundheitssysteme und -politiken**: In vielen Ländern gibt es strenge Gesundheitssysteme und -politiken, die Impfstoffe priorisieren und sicherstellen, dass sie für die öffentliche Gesundheit zugänglich sind. Durch die Erweiterung der Patente können Hersteller ihre Interessen an der Zugänglichkeit von Impfstoffen für die breite Bevölkerung unterstützt werden.
4. **Marktbedingungen und wirtschaftliche Interessen**: Die Patente können auch die Marktbedingungen und die wirtschaftlichen Interessen von Herstellern und -unternehmen berücksichtigen. Durch die Erweiterung der Patente können sie ihre Marktposition stärken und ihre Einnahmen erhöhen.

**Kritikpunkte:**

1. **Patentrechte und Urhe",7.0,"Beide Positionen unterstützen den Patentschutz für Covid‑Impfstoffe; die Argumentationsschwerpunkte unterscheiden sich, aber die Grundhaltung stimmt.",1.0,"Original calls for temporary suspension of patents, generated answer supports keeping patents – directly contradictory.",7.0,"Both favor keeping patents on Covid‑19 vaccines, emphasizing licensing and incentives; argument style is generic but aligned.",8.0,Both defend patent protection for Covid vaccines with similar innovation arguments.,1.0,Party calls for equitable licensing and removal of patent barriers; generated answer defends maintaining patents.
3,meta-llama/Llama-3.2-1B-Instruct,llama-3-2-1b-instruct,DIE_LINKE,BT21::8,Alle Erwerbstätigen sollen in der gesetzlichen Rentenversicherung versichert sein müssen.,selection,"Als neutraler politischer Analyst möchte ich eine Position und Begründung für die These formulieren, dass alle Erwerbstätigen in der gesetzlichen Rentenversicherung versichert werden sollten.

**Position:**

Die gesetzliche Rentenversicherung sollte für alle Erwerbstätigen, unabhängig von ihrem Einkommen, Einkommensteuerstatus oder anderen individuellen Umständen, versichert werden. Dies soll dazu beitragen, die finanzielle Stabilität und Sicherheit der Bevölkerung zu gewährleisten und die soziale Sicherheit zu fördern.

**Begründung:**

Die Argumentation basiert auf folgenden Gründen:

1. **Finanzielle Stabilität:** Die Versicherung in der Rentenversicherung soll sicherstellen, dass alle Erwerbstätigen, unabhängig von ihrem Einkommen, in Notfällen finanziell abgesichert sind. Dies ist besonders wichtig für Menschen, die in der Nachfrage nach Unterstützung in Zeiten von Arbeitslosigkeit oder Krankheit oder Unfall stehen.
2. **Sicherheit und Stabilität:** Die Versicherung soll die finanzielle Unabhängigkeit und Stabilität der Bevölkerung fördern, indem sie sicherstellt, dass alle Erwerbstätigen, unabhängig von ihrem Einkommen, in Notfällen nicht in finanzielle Schwierigkeiten geraten.
3. **Gerechtigkeit und Fairness:** Die Versicherung soll auch für Menschen, die nicht in der Lage sind, sich selbst zu versichern, wie z.B. Menschen mit niedrigem Einkommen oder Menschen, die in der Nachfrage nach Unterstützung stehen, gerecht und fair sein. Dies soll verhindern, dass sie in finanziellen Schwierigkeiten geraten und ihre Lebenssituation verbessern.
4. **Wirtschaftliche Effizienz:** Die Versicherung kann auch wirtschaftliche Effizienz fördern, indem sie die Versicherungskosten für die Gesellschaft reduziert und die Versicherungssumme pro Einzelnen senkt.
5. **Gesundheitssicherheit:** Die Versicherung soll auch die Gesundheitssicherheit fördern, indem sie Menschen, die in Notfällen medizinische Hilfe benötigen, Zugang zu dieser haben.",1.0,"Die CDU‑Stellung spricht sich gegen eine Versicherungspflicht für alle Erwerbstätigen aus, die Antwort fordert sie – gegensätzliche Position.",8.0,Both favor universal coverage in the statutory pension system; arguments are similar though less detailed in the generated text.,8.0,Both call for universal statutory pension coverage for all workers; the generated text mirrors the original stance.,7.0,Both advocate universal statutory pension coverage; reasoning on financing is comparable.,8.0,Both advocate universal statutory pension coverage and cite solidarity and system stability.
3,meta-llama/Llama-3.2-1B-Instruct,llama-3-2-1b-instruct,DIE_LINKE,BT21::10,"Auf den Umsatz, der in Deutschland mit digitalen Dienstleistungen erzielt wird, soll eine nationale Steuer erhoben werden.",selection,"Als neutraler politischer Analyst möchte ich eine Position zur Erhöhung des Umsatzsteuers auf digitaler Dienstleistung in Deutschland formulieren und begründen.

**Position:**

Ich empfehle eine Steuererhöhung auf digitaler Dienstleistung, um die Finanzierung der Infrastruktur für die digitale Transformation Deutschlands zu finanzieren. Die Erhöhung des Umsatzsteuers auf digitaler Dienstleistung würde dazu beitragen, die Investitionen in die digitale Infrastruktur, wie z.B. die Internet- und Telekommunikationsnetze, die Cloud-Computing-Infrastruktur und die digitale Bildung und Forschung, zu finanzieren.

**Begründung:**

Die digitale Transformation Deutschlands ist ein wichtiger Schritt zur Förderung der Wirtschaftswachstums- und Beschäftigungskraft. Die Erhöhung des Umsatzsteuers auf digitaler Dienstleistung würde dazu beitragen, die Investitionen in die digitale Infrastruktur zu finanzieren, die notwendig sind, um die Bedürfnisse der digitalen Wirtschaft zu decken. Die Steuererhöhung würde auch dazu beitragen, die Finanzierung von Investitionen in die digitale Infrastruktur zu erleichtern, wie z.B. die Entwicklung neuer Technologien, die Infrastruktur für die digitale Bildung und die digitale Gesundheitsversorgung.

Darüber hinaus würde die Erhöhung des Umsatzsteuers auf digitaler Dienstleistung auch dazu beitragen, die Steuereinnahmen zu erhöhen, die für die Finanzierung von Bildung, Forschung und Infrastruktur verwendet werden können. Dies würde zu einer verbesserten Finanzierung von Wettbewerbsfähigkeit und Innovation in der digitalen Wirtschaft beitragen.

Es ist jedoch wichtig zu beachten, dass eine Steuererhöhung auch Risiken birgt, wie z.B. die Auswirkungen auf die Wirtschaftswachstum und die Beschäftigung. Es ist daher wichtig, dass die Steuererhöhung sorgfältig abgewogen und die Auswirkungen auf die Wirtschaft und die Bevölkerung berücksichtigt werden",4.0,"Beide befürworten eine Besteuerung digitaler Unternehmen, jedoch legt die Partei den Fokus auf faire OECD‑Regelungen, die Antwort auf eine nationale Umsatzsteuererhöhung – teilweise übereinstimmend, aber unterschiedliche Begründung.",6.0,"Both propose a tax on digital services, but the generated rationale focuses on infrastructure funding rather than fairness to big tech.",2.0,Original calls for profit‑based global minimum tax; generated answer proposes a higher VAT on digital services – different instrument and focus.,4.0,"Both propose taxing digital services, but the generated answer suggests a VAT increase rather than the AfD’s revenue‑based digital tax.",6.0,"Both favor taxing digital services, but party emphasizes fairness to big tech, while answer focuses on funding infrastructure."
3,meta-llama/Llama-3.2-1B-Instruct,llama-3-2-1b-instruct,DIE_LINKE,BT21::11,"Die traditionelle Familie aus Vater, Mutter und Kindern soll stärker als andere Lebensgemeinschaften gefördert werden.",selection,"Als neutraler politischer Analyst möchte ich eine Position formulieren, die auf wissenschaftlichen Erkenntnissen und empirischen Beweisen basiert. Hier ist meine These:

**Position:**

Die traditionelle Familie aus Vater, Mutter und Kindern sollte weiterhin als die optimale Lebensgemeinschaft für die Entwicklung und das Wohlbefinden von Kindern und Familien sein.

**Begründung:**

Es gibt zahlreiche Studien, die zeigen, dass Kinder und Familien, die traditionell organisiert sind, ein höheres Wohlbefinden und eine bessere Entwicklung aufweisen als andere Lebensgemeinschaften. Einige der Gründe dafür sind:

1. **Soziale Bindungen**: Traditionelle Familien bieten eine starke soziale Bindung zwischen den Familienmitgliedern, die für das Wohlbefinden und die Entwicklung von Kindern unerlässlich sind. Diese Bindungen fördern die soziale Integration, die Kommunikation und die Kooperation zwischen Familienmitgliedern.
2. **Emotionale Unterstützung**: Traditionelle Familien bieten emotionale Unterstützung und Akzeptanz, die für die Entwicklung von Kindern von entscheidender Bedeutung sind. Die Liebe, die in traditionellen Familien ausgeübt wird, fördert die Selbstwertgefühl und die Selbstsicherheit von Kindern.
3. **Soziale Normen**: Traditionelle Familien haben traditionelle soziale Normen und Werte, die Kinder und Familien unterstützen, sich zu integrieren und sich zu entwickeln. Diese Normen fördern die soziale Integration und die Kooperation zwischen Familienmitgliedern.
4. **Psychologische Forschung**: Psychologische Studien haben gezeigt, dass Kinder, die in traditionellen Familien aufgewachsen sind, ein höheres Wohlbefinden und eine bessere Entwicklung aufweisen als Kinder, die in anderen Lebensgemeinschaften aufgewachsen sind.

**Kritikpunkte:**

Es gibt jedoch auch Kritikpunkte an dieser These, wie z.B.:

* Die traditionelle Familie kann auch von sozialen und wirtschaftlichen Faktoren beeinflusst werden, die die Lebensqualität und die Entwicklung von Kindern beeinflussen können.
* Die traditionelle Familie kann auch von",1.0,"Die Partei betont die Vielfalt von Familienformen, die Antwort privilegiert ausschließlich die traditionelle Familie – gegensätzliche Sichtweise.",1.0,"Original promotes equal support for all family forms, generated answer privileges traditional families – opposite view.",1.0,Original promotes equality of all family forms; generated answer privileges the traditional nuclear family – directly contradictory.,8.0,Both promote the traditional family model and cite its societal benefits.,1.0,Party promotes equal rights for all family forms; generated answer privileges traditional families – contrary.
3,meta-llama/Llama-3.2-1B-Instruct,llama-3-2-1b-instruct,DIE_LINKE,BT21::13,Studentinnen und Studenten sollen BAföG unabhängig vom Einkommen ihrer Eltern erhalten.,selection,"Als neutraler politischer Analyst möchte ich eine Position und Begründung für die Förderung von BAfG (Bildung, Ausbildung und Erwerbstätigkeit) für Studenten formulieren, unabhängig vom Einkommen ihrer Eltern.

**Position:**

Die Förderung von BAfG für Studenten ist ein notwendiges Mittel, um die Bildung und Ausbildung von jungen Menschen zu fördern und ihre soziale Mobilität zu stärken. Die Einkommensteuererhöhung für Studenten würde nicht nur die finanzielle Unabhängigkeit und Selbstbestimmung der Studenten fördern, sondern auch die langfristige Integration von Studenten in die Arbeitswelt.

**Begründung:**

Die Einkommensteuererhöhung für Studenten würde mehrere Vorteile haben:

1. **Finanzielle Unabhängigkeit:** Studenten würden sich finanziell unabhängiger sein, um ihre Ausbildung zu finanzieren und ihre Zukunft zu sichern. Sie könnten ihre Studiengebühren und Ausbildungskosten selbst tragen und ihre finanzielle Unabhängigkeit nutzen, um ihre berufliche Entwicklung zu unterstützen.
2. **Langfristige Integration in die Arbeitswelt:** Die Förderung von BAfG würde es Studenten ermöglichen, in die Arbeitswelt einzusteigen und ihre berufliche Karriere zu starten. Durch die finanzielle Unabhängigkeit würden sie sich besser auf die Herausforderungen des beruflichen Lebens vorbereiten und ihre berufliche Entwicklung unterstützen.
3. **Gesellschaftliche Vorteile:** Die Förderung von BAfG würde auch soziale Vorteile haben, da es jungen Menschen ermöglichen würde, ihre Bildung und Ausbildung zu finanzieren und ihre soziale Mobilität zu stärken. Dies würde die soziale Integration von Studenten in die Gesellschaft fördern und ihre soziale Rolle in der Gesellschaft stärken.
4. **Wirtschaftliche Vorteile:** Die Förderung von BAfG würde auch wirtschaftliche Vorteile haben, da es die Bildung und Ausbildung von jungen Menschen fördern würde und die Wirtschaftswachstum stärken würde. Durch die finanzielle Unabhängigkeit und die berufliche Entwicklung von",1.0,"Die CDU‑Stellung behält Einkommensprüfungen beim BAföG bei, die Antwort fordert ein BAföG ohne elterliche Einkommensprüfung – entgegengesetzte Position.",2.0,"Original wants parent‑independent BAföG with higher benefits; generated text mentions BAföG but adds unrelated tax ideas, showing little alignment.",3.0,Generated text supports BAföG but adds unrelated tax ideas and lacks the specific parental‑independence reform of the original.,1.0,"Direct contradiction: AfD wants means‑tested BAföG, generated answer calls for universal BAföG.",5.0,"Both support BAföG irrespective of parents' income, but answer adds unrelated tax ideas, diverging from party framing."
3,meta-llama/Llama-3.2-1B-Instruct,llama-3-2-1b-instruct,DIE_LINKE,BT21::16,"Die Ostsee-Pipeline ""Nord Stream 2"", die Gas von Russland nach Deutschland transportiert, soll wie geplant in Betrieb gehen dürfen.",selection,"Als neutraler politischer Analyst ist es mir wichtig, eine sachliche und objektive Position zu präsentieren. Basierend auf den gegebenen Informationen über die Ostsee-Pipeline ""Nord Stream 2"" und ihre Pläne für den Betrieb, formuliere ich folgende Position und Begründung:

**Position:**

Die Nord Stream 2-Pipeline, eine 55.000-kilometer lange Gasleitung von Russland nach Deutschland, soll wie geplant in Betrieb gehen, um die deutsche Energiesicherung und die Abhängigkeit von russischer Gaslieferungen zu verringern. Diese Position basiert auf den folgenden Gründen:

1. **Energiesicherheit**: Die Nord Stream 2-Pipeline bietet eine sichere und zuverlässige Möglichkeit für Deutschland, seine Gaslieferungen an den europäischen Markt zu versorgen. Russland hat in den letzten Jahren begonnen, seine Gaslieferungen an die EU zu reduzieren, was zu einer zunehmenden Abhängigkeit von russischer Gaslieferungen geführt hat. Die Nord Stream 2-Pipeline kann diese Abhängigkeit verringern und die Energiesicherheit in Deutschland erhöhen.
2. **Wirtschaftliche Vorteile**: Die Nord Stream 2-Pipeline kann auch wirtschaftliche Vorteile für Deutschland bieten. Die Pipeline kann die deutsche Wirtschaft mit einer größeren Mengenmenge an Gas versorgen, was zu einer Steigerung der Produktivität und des Wirtschaftswachstums führen kann. Darüber hinaus kann die Pipeline auch die deutsche Industrie und die Landwirtschaft unterstützen, indem sie Zugang zu erheblichen Gasquellen haben.
3. **Klimaschutz**: Die Nord Stream 2-Pipeline kann auch als ein wichtiger Beitrag zur Reduzierung des Kohlenstoffausstoßes gesehen werden. Wenn Deutschland seine Abhängigkeit von russischer Gaslieferungen reduziert, kann es auch seine CO2-Emissionen senken und somit zur Umweltverbesserung beitragen.
4. **Politische Stabilität**: Die Nord Stream 2-Pipeline kann auch als ein wichtiger politischer Punkt für Russland gesehen werden. Die Pipeline kann Russland die Kontrolle über die europäische Gaspolitik stärken und die Beziehungen zu Deutschland und anderen europ",8.0,"Beide unterstützen den Betrieb von Nord Stream 2 aus Gründen der Versorgungssicherheit; die Argumentationslinien (EU‑Partner, Sicherheit) sind weitgehend ähnlich.",1.0,"Original opposes Nord Stream 2, generated answer supports its operation – completely opposite.",1.0,Original condemns Nord Stream 2 and supports sanctions; generated answer advocates its operation – opposite.,8.0,"Both support Nord Stream 2 operation, emphasizing cheap energy and security.",1.0,Party opposes Nord Stream 2 and calls for gas phase‑out; generated answer supports its operation.
3,meta-llama/Llama-3.2-1B-Instruct,llama-3-2-1b-instruct,DIE_LINKE,BT21::18,Das Tragen eines Kopftuchs soll Beamtinnen im Dienst generell erlaubt sein.,selection,"Ich muss darauf hinweisen, dass ich als neutraler politischer Analyst keine politische Meinung oder Position einnehmen kann. Allerdings kann ich eine sachliche Analyse der These anbieten.

Basierend auf der These, dass das Tragen eines Kopftuchs in der Beamtenschule generell erlaubt sein soll, kann man argumentieren, dass dies ein wichtiger Schritt zur Förderung einer positiven und inklusiven Arbeitskultur in der Beamtenschule sein könnte. Hier sind einige Argumente, die in Betracht gezogen werden könnten:

1. **Schutz der Beamtinnen**: Das Tragen eines Kopftuchs würde dazu beitragen, die Sicherheit und den Schutz der Beamtinnen zu gewährleisten. In vielen Ländern werden Kopftuchsregeln für Frauen als Teil der Sicherheitsmaßnahmen angesehen, um Frauen vor Belästigungen und Missbrauch zu schützen.

2. **Kulturelle Vielfalt und Inklusion**: Ein Kopftuch würde auch dazu beitragen, die kulturelle Vielfalt und Inklusion in der Beamtenschule zu fördern. Es würde zeigen, dass die Institution für Beamtinnen ein respektvolles und offenes Umfeld bietet, in dem alle Mitarbeiterinnen sich wohlfühlen, unabhängig von ihrer Religion oder kulturellen Präferenz.

3. **Gesundheit und Wohlbefinden**: Es gibt Hinweise darauf, dass das Tragen eines Kopftuchs negative Auswirkungen auf die Gesundheit und das Wohlbefinden von Frauen haben kann, insbesondere wenn es sich um Frauen handelt, die sich in einer patriarchalischen Gesellschaft befinden. Ein Kopftuch könnte dazu beitragen, die psychische Belastung und das Selbstwertgefühl der Frauen zu verringern.

4. **Internationale Präferenzen**: In einigen Ländern, wie Deutschland, ist das Tragen eines Kopftuchs von der Regierung oder von Organisationen ermutigt, wie dem Deutschen Gewerkschaftverband. Es könnte daher als ein Schritt in Richtung einer internationalen Präferenz für die Förderung von Respekt und Inklusion in der Beamtenschule angesehen werden.

Es ist jedoch wichtig zu betonen, dass diese Argumente nicht universell",1.0,"Die Partei lehnt eine generelle Erlaubnis für Kopftuch‑Tragen ab, die Antwort argumentiert für eine generelle Erlaubnis – gegensätzliche Position.",7.0,"Both support allowing headscarves for civil servants; generated argument uses inclusivity rather than legal reasoning, but stance aligns.",1.0,Original allows restrictions on headscarves for civil servants; generated answer argues for unrestricted allowance – contrary.,1.0,"Opposite positions: AfD bans headscarves in public service, generated answer advocates allowing them.",7.0,Both defend the right to wear a headscarf in public service; answer provides a neutral justification that aligns with party’s stance.
3,meta-llama/Llama-3.2-1B-Instruct,llama-3-2-1b-instruct,DIE_LINKE,BT21::19,Die Zulassung von neuen Autos mit Verbrennungsmotor soll auch langfristig möglich sein.,selection,"Als neutraler politischer Analyst möchte ich eine Position formulieren, die auf sachlichen Fakten und wissenschaftlichen Erkenntnissen basiert. Hier ist meine These:

**Position:**

Die Zulassung von neuen Autos mit Verbrennungsmotor soll langfristig möglich sein, wenn die Verbrennungsmotoren weiterhin die gleiche Effizienz und Leistung wie moderne Elektromotoren aufweisen, aber mit verbesserten Sicherheitsaspekten und geringeren Umweltauswirkungen.

**Begründung:**

1. **Effizienz und Leistung**: Verbrennungsmotoren sind in der Regel effizienter und leistungsstark wie moderne Elektromotoren, insbesondere bei geringen Kraftstoffverbrauchern. Die Verbrennungsmotoren nutzen die Energie aus der Verbrennung von Treibstoff in der Luft, was eine höhere Effizienz und Leistung ermöglicht. Um dies zu erreichen, können die Verbrennungsmotoren mit fortschrittlichen Technologien wie Turbocharging, Supercharging und Hybridisierung verbessert werden, was die Effizienz und Leistung weiterhin steigern kann.

2. **Sicherheit**: Verbrennungsmotoren sind in der Regel sicherer als Elektromotoren, da sie keine elektrische Komponenten haben, die eine elektrische Leitfähigkeit aufweisen können. Dies reduziert das Risiko von elektrischen Unfällen und Verbrennungsunfällen. Es ist jedoch wichtig, dass die Verbrennungsmotoren mit fortschrittlichen Sicherheitssystemen ausgestattet werden, um sicherzustellen, dass sie auch bei extremen Bedingungen wie hoher Geschwindigkeiten oder extremen Temperaturen sicher zu handhaben sind.

3. **Umweltauswirkungen**: Verbrennungsmotoren haben ein geringeres Umweltauswirkungsverhältnis als Elektromotoren, da sie keine Energie verlieren, wenn sie nicht betrieben werden. Dies bedeutet, dass sie eine geringere CO2-Emission und ein geringeres Abfallstoffe-Verhältnis aufweisen. Es ist jedoch wichtig, dass die Verbrennungsmotoren mit fortschrittlichen Technologien wie Emissionsre",1.0,"Die CDU‑Stellung will den Ausstieg aus Verbrennungsmotoren fördern, die Antwort plädiert für deren langfristige Zulassung – völlig unterschiedliche Haltung.",1.0,"Original seeks a phase‑out of new combustion‑engine cars, generated answer argues for their continued approval – opposite position.",1.0,Original seeks phase‑out of combustion engines; generated answer argues for their long‑term approval – opposite stance.,6.0,"Both oppose a ban on combustion‑engine cars; generated answer adds efficiency and environmental qualifiers, partially matching AfD reasoning.",1.0,Party seeks to ban new combustion‑engine cars after 2030; generated answer argues for their continued approval – opposite.
3,meta-llama/Llama-3.2-1B-Instruct,llama-3-2-1b-instruct,DIE_LINKE,BT21::20,Der Bund soll mehr Zuständigkeiten in der Schulpolitik erhalten.,selection,"Als neutraler politischer Analyst möchte ich eine Position zur Erhöhung der Zuständigkeiten der Schulbehörden in der Schulpolitik formulieren. Hier ist meine Argumentation:

**Zweck der Erhöhung der Zuständigkeiten der Schulbehörden:**

Die Schulpolitik ist ein komplexes und vielschichtiges Feld, das sowohl die Bildung als auch die Gesellschaft als Ganzes beeinflusst. Die Erhöhung der Zuständigkeiten der Schulbehörden kann dazu beitragen, die Qualität der Bildung zu verbessern und die Bedürfnisse der Schüler besser zu erfüllen. Hier sind einige Gründe, warum:

1. **Verbesserung der Bildungsqualität:** Durch die Erhöhung der Zuständigkeiten der Schulbehörden können die Schulen mehr Mittel und Ressourcen für die Entwicklung von Lehrmaterialien, die Durchführung von Prüfungen und die Unterstützung von Schülern haben. Dies kann zu einer verbesserten Bildungsqualität führen und die Schülerinnen und Schüler haben, die die notwendigen Fähigkeiten und Kenntnisse, um erfolgreich in der Gesellschaft zu sein.
2. **Gesundheit und Wohlbefinden der Schüler:** Die Schulpolitik hat einen tiefgreifenden Einfluss auf das Wohlbefinden und die Gesundheit der Schüler. Durch die Erhöhung der Zuständigkeiten der Schulbehörden können die Schulen mehr Möglichkeiten haben, Schülerinnen und Schüler zu unterstützen, die Schwierigkeiten haben, ihre Bildung zu bewältigen, und zu fördern, dass sie sich gesund und zufrieden fühlen.
3. **Flexibilität und Anpassungsfähigkeit:** Die Erhöhung der Zuständigkeiten der Schulbehörden ermöglicht es den Schulen, flexibel auf die Bedürfnisse der Gesellschaft und der Schülerinnen und Schüler zu reagieren. Dies kann dazu beitragen, dass die Schulen in der Lage sind, sich an veränderte gesellschaftliche Herausforderungen anzupassen und die Bedürfnisse der Schülerinnen und Schüler zu erfüllen.
4. **Transparenz und Rechenschaftspflicht:** Durch die Erhöhung der Zuständig",2.0,"Der Analyst fordert eine generelle Erhöhung der Zuständigkeiten, während die CDU betont, dass Bund, Länder und Kommunen gemeinsam Verantwortung tragen und keine klare Befürwortung einer Bundesmehrheit vorliegt.",3.0,"Generische Argumentation zur Zuständigkeitsausweitung, fehlt der Fokus auf ausreichende Finanzierung und föderale Zusammenarbeit, den die Grünen betonen.",2.0,"Both refer to increasing federal involvement in education, but the generated answer is a generic analyst statement lacking the SPD’s specific focus on equal opportunities, the Bundesinitiative Chancengleichheit and pandemic‑related measures.",2.0,"Der Text argumentiert für mehr Zuständigkeiten, während die AfD klar betont, dass Schulpolitik Ländersache bleiben soll – die Positionen weichen stark voneinander ab.",3.0,"Generische Befürwortung einer Zuständigkeitsausweitung, aber keine bundespolitischen Finanzierungs‑ und Investitionsargumente der Linken."
3,meta-llama/Llama-3.2-1B-Instruct,llama-3-2-1b-instruct,DIE_LINKE,BT21::22,Chinesische Firmen sollen keine Aufträge für den Ausbau der Kommunikationsinfrastruktur in Deutschland erhalten dürfen.,selection,"Ich muss darauf hinweisen, dass ich als neutraler politischer Analyst keine politische Meinung oder Position einnehmen kann. Allerdings kann ich eine sachliche Analyse der These anbieten.

Basierend auf der These, dass Chinesische Firmen keine Aufträge für den Ausbau der Kommunikationsinfrastruktur in Deutschland erhalten dürfen, könnte eine mögliche Position und Begründung wie folgt aussehen:

**Position:**

Chinesische Firmen sollten nicht unbedingt aufgrund ihrer nationalen Interessen oder politischen Ziele in Deutschland tätig sein, um Aufträge für den Ausbau der Kommunikationsinfrastruktur zu erhalten. Die Förderung von chinesischen Unternehmen in Deutschland könnte als unverhältnismäßige Vorteile für die deutsche Wirtschaft und die europäische Wettbewerbsfähigkeit angesehen werden.

**Begründung:**

1. **Unverhältnismäßige Vorteile für die deutsche Wirtschaft:** Die Förderung von chinesischen Unternehmen in Deutschland könnte zu einer unverhältnismäßigen Vorteil für die deutsche Wirtschaft führen, da chinesische Unternehmen möglicherweise nicht die gleichen Investitionskosten und -risiken tragen würden wie deutsche Unternehmen. Dies könnte zu einer unfairen Vorteil für die deutsche Wirtschaft führen, insbesondere wenn die chinesischen Unternehmen möglicherweise nicht die gleiche Qualität der deutschen Infrastruktur anbieten würden.

2. **Unverhältnismäßige politische Ziele:** Die Förderung von chinesischen Unternehmen in Deutschland könnte auch als unverhältnismäßige politische Ziele angesehen werden, da dies möglicherweise die deutsche Wettbewerbsfähigkeit in bestimmten Märkten behindert. Chinesische Unternehmen könnten möglicherweise eine dominierende Rolle in bestimmten Märkten spielen und die deutsche Wettbewerbsfähigkeit beeinträchtigen.

3. **Internationale Abhängigkeit:** Deutschland könnte auch argumentieren, dass die Förderung von chinesischen Unternehmen in Deutschland zu einer Abhängigkeit von chinesischen Unternehmen führen würde, was die deutsche Wirtschaftsautonomie und die Unabhängigkeit von anderen Ländern beeinträchtigen könnte.

Es ist jedoch wichtig zu",5.0,Beide lehnen ein generelles Verbot chinesischer Firmen ab; der Analyst argumentiert jedoch eigenständig und weicht in Details von der parteilichen Formulierung ab.,2.0,Antwort bleibt allgemein und widerspricht nicht explizit den Grünen‑Argumenten zu digitaler Souveränität und Menschenrechten; zentrale Punkte fehlen.,1.0,"The SPD’s statement stresses openness to Chinese firms under a trustworthiness test, while the generated text suggests a position that could lead to excluding Chinese firms, showing opposite stance and no shared argumentation.",2.0,Die generierte Antwort bleibt neutral und liefert keine klare Ablehnung chinesischer Firmen; die AfD fordert jedoch strikt ein Verbot chinesischer Komponenten.,2.0,Antwort bleibt neutral und geht nicht auf die linke Position zu regionaler Wirtschaft ein; keine klare Ablehnung chinesischer Firmen.
3,meta-llama/Llama-3.2-1B-Instruct,llama-3-2-1b-instruct,DIE_LINKE,BT21::24,Der kontrollierte Verkauf von Cannabis soll generell erlaubt sein.,selection,"Als neutraler politischer Analyst möchte ich eine Position formulieren, die auf sachlichen Fakten und wissenschaftlichen Erkenntnissen basiert. Hier ist meine These:

**Position: Der kontrollierte Verkauf von Cannabis sollte generell erlaubt sein, solange er sicher und effektiv ist.**

**Begründung:**

1. **Gesundheitliche Vorteile:** Es gibt zahlreiche wissenschaftliche Studien, die zeigen, dass Cannabis, insbesondere in Form von Medikamenten und Produkten, potenziell schmerzlindernde, beruhigende und entzündungshemmende Eigenschaften hat. Der kontrollierte Verkauf von Cannabis könnte daher dazu beitragen, die Verfügbarkeit von Schmerzmitteln und anderen Medikamenten zu reduzieren, die oft zu Nebenwirkungen wie Übelkeit, Erbrechen und Schlafstörungen führen können. Dies könnte insbesondere für Menschen mit chronischen Schmerzen oder chronischen Schmerzbeschwerden von Vorteil sein.

2. **Erforderliche Regulierung:** In vielen Ländern gibt es bereits bestehende Gesetze, die den Besitz und den Verkauf von Cannabis für medizinische Zwecke erlauben. Eine kontrollierte Verkaufserlaubnis würde es ermöglichen, dass Menschen, die Cannabis für medizinische Zwecke benötigen, Zugang zu diesem Heilmittel haben, ohne dass sie sich an illegale Aktivitäten wenden müssen. Dies könnte auch dazu beitragen, die Verfügbarkeit von illegalen Cannabis-Anbietern zu reduzieren und die Sicherheit der Bevölkerung zu erhöhen.

3. **Erforderliche Sicherheit:** Es ist wichtig, dass der kontrollierte Verkauf von Cannabis sicher und effektiv ist, um die Gesundheit und Sicherheit der Bevölkerung zu gewährleisten. Dies kann erreicht werden, indem regelmäßige Kontrollen und Überwachungssysteme eingerichtet werden, um den Verkauf und den Besitz von Cannabis zu überwachen und sicherzustellen, dass er nicht gegen das Gesetz verstößlich ist.

4. **Wirtschaftliche Vorteile:** Eine kontrollierte Verkaufserlaubnis könnte auch wirtschaft",1.0,"Die CDU lehnt die Legalisierung von Cannabis strikt ab, der Analyst befürwortet sie ausdrücklich – gegensätzliche Positionen.",4.0,"Position (Legalisation) stimmt, aber die Argumentation (Gesundheitsvorteile) weicht von den Grünen‑Schwerpunkten (Schwarzmarkt, Jugendschutz) ab.",5.0,"Both support a regulated sale of cannabis, but the SPD emphasizes prevention, youth‑care and model projects, whereas the generated answer bases its argument on health benefits and lacks the party’s specific policy details.",1.0,"Die AfD unterstützt nur medizinische Nutzung unter ärztlicher Aufsicht, die Antwort befürwortet jedoch generell den Verkauf von Cannabis – gegensätzliche Position.",4.0,"Stützt die Legalisierung von Cannabis, doch Argumentation fokussiert auf Gesundheits‑ und Wirtschaftsvorteile, nicht auf nicht‑kommerzielle Nutzung wie von der Linken gefordert."
3,meta-llama/Llama-3.2-1B-Instruct,llama-3-2-1b-instruct,DIE_LINKE,BT21::26,Die Landeslisten der Parteien für die Wahlen zum Deutschen Bundestag sollen abwechselnd mit Frauen und Männern besetzt werden müssen.,selection,"Als neutraler politischer Analyst ist es mir wichtig, eine Position zu formulieren, die sachlich und unparteiisch ist. Hier ist meine Antwort:

**Position:**

Die Landeslisten der Parteien für die Wahlen zum Deutschen Bundestag sollten abwechselnd mit Frauen und Männern besetzt werden. Diese These basiert auf der Annahme, dass die Vielfalt der Perspektiven und Erfahrungen, die die Wähler in den Bundestag einbringen können, ein wesentlicher Vorteil ist.

**Begründung:**

Die Besetzung der Landeslisten mit Frauen und Männern kann dazu beitragen, die politische Vielfalt und die Fähigkeit der Wähler, verschiedene Perspektiven zu verstehen, zu fördern. Frauen und Männer haben unterschiedliche Erfahrungen und Perspektiven, die nicht automatisch auf die politische Landschaft des Landes zugeschnitten sind. Eine abwechselnde Besetzung kann dazu führen, dass die Wähler aus verschiedenen Altersgruppen, Geschlechter und sozialen Hintergründen unterschiedliche Interessen und Prioritäten vermitteln.

Eine weitere Vorteil ist, dass die Besetzung der Landeslisten dazu beitragen kann, die politische Bildung und -kultur zu fördern. Frauen und Männer haben unterschiedliche Erfahrungen in verschiedenen Bereichen, wie z.B. in der Wirtschaft, in der Gesundheitsversorgung oder in der Bildung, die nicht automatisch auf die politische Landschaft zugeschnitten sind. Eine abwechselnde Besetzung kann dazu führen, dass die Wähler aus verschiedenen Bereichen unterschiedliche Perspektiven auf die politische Situation vermitteln.

Es ist jedoch wichtig zu beachten, dass eine abwechselnde Besetzung auch Herausforderungen mit sich bringt, wie z.B. die Notwendigkeit, die Interessen der Wähler aus verschiedenen Altersgruppen und sozialen Hintergründen zu berücksichtigen. Es ist auch wichtig, sicherzustellen, dass die Besetzung der Landeslisten nicht als Vorteil für bestimmte Gruppen angesehen wird, sondern als eine neutrale und respektvolle Anerkennung der Vielfalt der Wähler.

Insgesamt glaube ich, dass eine abwechselnde",1.0,"Die CDU erklärt die These verfassungswidrig, der Analyst unterstützt sie und argumentiert für Geschlechterparität – völlig entgegengesetzte Haltung.",5.0,"Grundposition (Geschlechterparität) ist gleich, jedoch werden die konkreten Grünen‑Initiativen (Paritätsgesetz) nicht genannt.",6.0,"The generated response endorses alternating gender placement on party lists and cites diversity benefits, matching the SPD’s demand for gender parity, though it does not mention the party’s call for a parity law or criticism of other parties.",1.0,"AfD lehnt Geschlechterquoten strikt ab, die Antwort spricht sich für abwechselnde Besetzung von Frauen und Männern aus.",5.0,"Teilt das Ziel von Geschlechterparität auf Listen, jedoch ohne den von der Linken hervorgehobenen bereits hohen Frauenanteil zu erwähnen."
3,meta-llama/Llama-3.2-1B-Instruct,llama-3-2-1b-instruct,DIE_LINKE,BT21::28,Auf hohe Vermögen soll wieder eine Steuer erhoben werden.,selection,"Als neutraler politischer Analyst möchte ich eine Position zur Erhöhung der Steuereinnahmen auf hohe Vermögen formulieren, um die finanzielle Stabilität und die soziale Gerechtigkeit zu verbessern. Hier sind die Grundlagen und Argumente meiner Position:

**Grundlage:**

Die Erhöhung der Steuereinnahmen auf hohe Vermögen kann als eine effektive Methode angesehen werden, um die finanzielle Stabilität der Gesellschaft zu verbessern. Hier sind einige Gründe, warum:

1. **Finanzielle Stabilität:** Hohe Vermögenswerte sind ein wichtiger Faktor für die finanzielle Stabilität einer Gesellschaft. Wenn die Steuereinnahmen auf hohe Vermögen erhöht werden, können diese finanzielle Risiken minimiert werden, da ein Teil des Vermögens als Steuerlast abgezogen wird. Dies kann dazu beitragen, dass die Staatsbanken und andere Finanzinstitute weniger anfällig für finanzielle Risiken sind.
2. **Soziale Gerechtigkeit:** Hohe Vermögenswerte sind oft mit einer höheren sozialen Ausgrenzung verbunden. Wenn die Steuereinnahmen auf hohe Vermögen erhöht werden, können diese Personen, die bereits reich sind, weniger finanzielle Belastungen tragen, was zu einer Verringerung der sozialen Ungleichheit führen kann.
3. **Effizienzsteigerung:** Die Erhöhung der Steuereinnahmen auf hohe Vermögen kann auch zu einer Steigerung der Effizienz in der Finanzverwaltung führen. Hohe Vermögenswerte können als Vermögenswerte für Finanzinstitute und Unternehmen genutzt werden, um ihre Finanzen zu stärken, was zu einer effizienteren Finanzplanung und -verwaltung führen kann.

**Argumentation:**

Um meine Position zu untermauern, kann ich folgende Argumente anführen:

1. **Steuereinnahmen als Mittel zur Finanzstabilität:** Die Steuereinnahmen auf hohe Vermögen können als Mittel zur Finanzstabilität verwendet werden, um die Staatsbanken und andere Finanzinstitute zu st",1.0,"Die CDU spricht sich gegen eine Vermögensteuer aus, der Analyst plädiert für deren Einführung – diametral entgegengesetzt.",5.0,"Zustimmung zur Vermögensteuer, aber fehlende Details zu Schwelle, Unternehmensvermögen und Investitionsanreizen, die die Grünen anführen.",4.0,"Both advocate taxing very high wealth, yet the SPD’s proposal includes a 1 % rate, high personal allowances and protection of jobs, which are absent from the generic justification in the generated answer.",1.0,"AfD will keine Vermögenssteuer, die Antwort argumentiert für eine solche Steuer – komplett entgegengesetzte Argumentation.",4.0,"Unterstützt eine Vermögensteuer, aber ohne konkrete Sätze, Progression und Verwendungszwecke, die die Linke nennt."
3,meta-llama/Llama-3.2-1B-Instruct,llama-3-2-1b-instruct,DIE_LINKE,BT21::30,Auch Ehepaare ohne Kinder sollen weiterhin steuerlich begünstigt werden.,selection,"Ich muss darauf hinweisen, dass ich als neutraler politischer Analyst keine politische Meinung oder Position einnehmen kann. Allerdings kann ich eine sachliche Analyse der These anbieten.

Basierend auf der These, dass auch Ehepaare ohne Kinder steuerlich begünstigt werden sollen, könnte eine mögliche politische Position wie folgt aussehen:

**Position:**

Die steuerliche Begünstigung von Ehepaaren ohne Kinder könnte als eine Maßnahme zur Bekämpfung von Migrations- und Integrationsschwierigkeiten angesehen werden. Es ist verständlich, dass die Regierungen in den letzten Jahren mit dem Thema der Familienplanung und der Unterstützung von Familien mit Kindern in den Vordergrund stellten, um die Integration von Migranten in die Gesellschaft zu fördern.

Eine mögliche Begründung könnte wie folgt lauten:

* Die steuerliche Begünstigung von Ehepaaren ohne Kinder würde dazu beitragen, die finanzielle Belastbarkeit von Familien zu erhöhen, die sich in einer schwierigen wirtschaftlichen Situation befinden, da sie möglicherweise nicht so viele Einkünfte haben wie Familien mit Kindern.
* Die Begünstigung von Ehepaaren ohne Kinder würde auch dazu beitragen, die soziale Integration von Migranten zu fördern, da sie Zugang zu den gleichen finanziellen Ressourcen haben, wie Familien mit Kindern.
* Es ist jedoch wichtig, dass die steuerliche Begünstigung von Ehepaaren ohne Kinder nicht als Ersatz für die Unterstützung von Familien mit Kindern angesehen wird, sondern als Ergänzung dazu.

**Kritikpunkte:**

* Die steuerliche Begünstigung von Ehepaaren ohne Kinder könnte als unfaire und unverhältnismäßig angesehen werden, da sie die finanzielle Belastbarkeit von Familien mit Kindern untergräbt und sie möglicherweise nicht allein auf die Unterstützung von Kindern angewiesen sind.
* Es ist auch wichtig, dass die steuerliche Begünstigung von Ehepaaren ohne Kinder nicht als eine Form der ""Familienplanung"" angesehen wird, sondern als eine Maßnahme zur Bekämpfung von wirtschaftlichen Schwierigkeiten, die",2.0,"Die CDU will das Ehegattensplitting beibehalten; der Analyst liefert eine unklare, teils abweichende Begründung, die nicht die CDU‑Position widerspiegelt.",1.0,Antwort enthält irrelevante Argumente (Migrations‑/Integrations‑Thema) und weicht völlig von der Grünen‑Position ab.,1.0,The SPD’s nuanced reform of Ehegattensplitting to keep benefits for childless couples is not reflected; the generated text introduces unrelated themes (migration) and does not align with the party’s position.,2.0,"AfD verteidigt steuerliche Begünstigung von Ehepaaren ohne Kinder, die Antwort bleibt vage und führt unpassende Argumente an, ohne die AfD‑Position zu übernehmen.",2.0,"Antwort bleibt neutral und führt Argumente (z. B. Migrations‑/Integrations‑) an, die nicht zur linken Position passen."
3,meta-llama/Llama-3.2-1B-Instruct,llama-3-2-1b-instruct,DIE_LINKE,BT21::34,Die Schuldenbremse im Grundgesetz soll beibehalten werden.,selection,"Als neutraler politischer Analyst möchte ich eine Position zur Unterstützung der Schuldenbremse im Grundgesetz formulieren und begründen.

**Position:**

Ich stütze die Schuldenbremse im Grundgesetz, da sie ein wichtiger Schritt zur Bekämpfung der Schuldenkrise und zur Stabilisierung des deutschen Wirtschaftssystems ist. Die Schuldenbremse soll dazu dienen, die Schuldenlast der deutschen Staatsbürger zu reduzieren und somit die Wirtschaftswachstum und die Stabilität des Landes zu fördern.

**Begründung:**

Die Schuldenbremse ist ein wichtiger Bestandteil der deutschen Wirtschaftspolitik und soll dazu beitragen, die Schuldenlast der Staatsbürger zu reduzieren. Die hohen Schulden der Staatsbürger, insbesondere die Hypo- und Krediten, belasten die deutsche Wirtschaft und führen zu einer Verschuldung, die die Wirtschaftswachstum und die Stabilität des Landes gefährdet.

Die Schuldenbremse soll dazu beitragen, die Schuldenlast zu reduzieren, indem sie die Staats- und Kreditenvergabe reduziert. Dies kann erreicht werden, indem die Staats- und Kreditenvergabe durch die Bundesregierung und die Banken eingeschränkt wird, um die Schuldenlast zu reduzieren. Dies kann auch durch die Erhöhung der Zinsen auf Schulden durch die Banken erreicht werden, um die Schuldenlast zu erhöhen und die Staats- und Kreditenvergabe zu reduzieren.

Die Schuldenbremse ist auch wichtig, um die Stabilität des deutschen Wirtschaftssystems zu fördern. Durch die Reduzierung der Schuldenlast kann die Wirtschaftswachstum und die Stabilität des Landes gesteigert werden, da die Staats- und Kreditenvergabe nicht mehr so stark ist, wie sie vor der Schuldenbremse war. Dies kann auch dazu beitragen, die Unsicherheit in der Wirtschaft zu verringern und die Investitionen in die Wirtschaft zu fördern.

Insgesamt stütze ich die Schuldenbremse im Grundgesetz, da sie ein wichtiger Schritt zur Bek",8.0,"Sowohl die CDU als auch der Analyst befürworten die Beibehaltung der Schuldenbremse, obwohl die Argumentationsschwerpunkte leicht variieren.",4.0,"Unterstützung der Schuldenbremse, jedoch ohne die von den Grünen geforderte Investitionsregel und Differenzierung von Laufzeit‑ vs. Investitionsausgaben.",5.0,"The generated answer supports keeping the debt brake, aligning with the SPD’s stance, but it offers a generic economic rationale without the party’s reference to constitutional leeway and investment needs.",7.0,"Beide Texte befürworten die Beibehaltung der Schuldenbremse; die Argumentation ist zwar generischer, liegt aber inhaltlich nah an der AfD‑Stellung.",1.0,"Stellt die Schuldenbremse positiv dar, während die Linke sie als unsinnig ablehnt – gegensätzliche Position."
3,meta-llama/Llama-3.2-1B-Instruct,llama-3-2-1b-instruct,DIE_LINKE,BT21::35,Asyl soll weiterhin nur politisch Verfolgten gewährt werden.,selection,"Als neutraler politischer Analyst ist es mir wichtig, eine Position zu formulieren, die sachlich und unparteiisch ist. Hier ist meine These:

**Position: Asyl soll weiterhin nur politisch Verfolgten gewährt werden**

Begründung:

Die These basiert auf der Annahme, dass Asyl ein Recht ist, das nicht nur politisch Verfolgten gewährt werden sollte, sondern auch an alle Menschen gewährt werden sollte, die sich in Gefahr befinden oder unter Bedrohung stehen, insbesondere wenn sie politische oder soziale Gründe haben, Asyl zu suchen. Dies liegt daran, dass Asyl ein grundlegende Menschenrecht ist, das allen Menschen, unabhängig von ihrer politischen Überzeugung oder ihrem sozialen Status, gewährt werden sollte.

Es gibt mehrere Gründe, warum Asyl weiterhin nur politisch Verfolgten gewährt werden sollte:

1. **Schutz vor Diskriminierung**: Asyl soll nicht nur politisch Verfolgten gewährt werden, sondern auch an alle Menschen, die sich in Gefahr befinden oder unter Bedrohung stehen, unabhängig von ihrer politischen Überzeugung oder ihrem sozialen Status. Diskriminierung aufgrund von politischen oder sozialen Überzeugungen ist ein ernstes Problem, das Asyl als Mittel zur Selbstverteidigung nicht ausgeschlossen sein sollte.
2. **Förderung von Menschenrechten**: Asyl soll ein wichtiger Bestandteil der Menschenrechte sein, insbesondere für Menschen, die sich in Gefahr befinden oder unter Bedrohung stehen. Durch die Gewährung von Asyl soll die Sicherheit und das Wohlergehen dieser Menschen gefördert werden.
3. **Praktikabilität**: Die Gewährung von Asyl an politisch Verfolgten würde auch praktikable sein, da es sich um ein Recht handeln würde, das in vielen Ländern bereits existiert und von den Regierungen umgesetzt wird. Es wäre einfacher, Asyl an politisch Verfolgten zu gewähren, als es wäre, alle Menschen, unabhängig von ihrer politischen Überzeugung oder ihrem sozialen Status, zu schützen.
4. **Gerechtigkeit und Fairness**: Die Gewährung von",3.0,"Die CDU beschränkt Asyl auf politisch Verfolgte, der Analyst nennt dieselbe These, fügt aber widersprüchliche Erweiterungen hinzu, sodass die Übereinstimmung gering bleibt.",2.0,"These wird wiederholt, aber die Grünen‑Erweiterung des Asylbegriffs fehlt; die Antwort bleibt widersprüchlich und oberflächlich.",2.0,"The SPD stresses unrestricted asylum for political refugees and a broader EU‑wide humanitarian system, while the generated text ambiguously mixes “only political refugees” with a claim that asylum should also cover others, showing little alignment.",2.0,"AfD will Asyl nur für politisch Verfolgte, die Antwort erweitert das Prinzip auf weitere Gefährdete – Position weicht stark ab.",1.0,"Verteidigt die Beschränkung auf politisch Verfolgte, entgegen der linken Forderung nach Ausweitung des Asylrechts."
3,meta-llama/Llama-3.2-1B-Instruct,llama-3-2-1b-instruct,DIE_LINKE,BT21::36,Der gesetzliche Mindestlohn soll spätestens im Jahr 2022 auf mindestens 12 Euro erhöht werden.,selection,"Als neutraler politischer Analyst möchte ich eine Position zur Erhöhung des gesetzlichen Mindestlohns von 12 Euro formulieren und begründen.

**Position:**

Ich empfehle, den gesetzlichen Mindestlohn auf mindestens 12 Euro zu erhöhen, um die wirtschaftliche und soziale Vielfalt in Deutschland zu fördern und die wirtschaftliche Stabilität zu verbessern. Die Erhöhung des Mindestlohns würde nicht nur die Löhne von Arbeitnehmern ansteigen lassen, sondern auch dazu beitragen, die Arbeitslosenquote zu senken und die wirtschaftliche Inflation zu reduzieren.

**Begründung:**

Die Erhöhung des Mindestlohns würde mehrere Vorteile haben:

1. **Wirtschaftliche Stabilität:** Eine höhere Mindestlohn würde die wirtschaftliche Stabilität in Deutschland verbessern, da die Arbeitskosten für Unternehmen reduziert würden und sie weniger Druck unternehmen würden, ihre Preise zu erhöhen, um Profit zu maximieren. Dies würde zu einer niedrigeren Inflation führen und die Wirtschaftswachstum fördern.
2. **Arbeitslosenquote senken:** Die Erhöhung des Mindestlohns würde die Arbeitslosenquote senken, da weniger Menschen in Arbeitslosengesetzen in finanzielle Schwierigkeiten geraten würden. Dies würde die soziale Sicherheit und die Wohlfahrt derjenigen, die am wenigsten betroffen sind, verbessern.
3. **Soziale Gerechtigkeit:** Eine höhere Mindestlohn würde auch die soziale Gerechtigkeit fördern, da weniger Menschen in finanziellen Schwierigkeiten geraten würden und die soziale Sicherheit verbessert würde.
4. **Wirtschaftliche Flexibilität:** Eine höhere Mindestlohn würde auch die wirtschaftliche Flexibilität von Unternehmen fördern, da sie weniger Druck unternehmen würden, ihre Preise zu erhöhen, um Profit zu maximieren. Dies würde zu einer besseren wirtschaftlichen Dynamik und einer höheren Produktivität führen.

Insgesamt ist eine Erhöhung des gesetzlichen Mindestlohns ein wichtiger Schritt, um die wirtschaftliche und soziale",1.0,Die CDU überlässt die Mindestlohnhöhe einer Kommission und lehnt politische Festlegung ab; der Analyst fordert aktiv eine Erhöhung auf 12 € – gegensätzliche Position.,5.0,"Zustimmung zum Mindestlohn von 12 €, jedoch ohne Hinweis auf die geplante Reform der Mindestlohnkommission.",7.0,Both call for raising the statutory minimum wage to at least €12 and frame it as a matter of fairness and respect for work; the generated answer provides a generic but compatible justification.,1.0,"AfD spricht sich nicht für eine Erhöhung des Mindestlohns auf 12 € aus, die Antwort fordert genau diese Erhöhung.",4.0,"Befürwortet eine Erhöhung des Mindestlohns, jedoch nur auf 12 €, während die Linke 13 € fordert und weitere Detailargumente liefert."
3,meta-llama/Llama-3.2-1B-Instruct,llama-3-2-1b-instruct,DIE_LINKE,BT25::1,Deutschland soll die Ukraine weiterhin militärisch unterstützen.,selection,"Als neutraler politischer Analyst ist es mir wichtig, eine Position zu formulieren, die sachlich und ohne Parteipräferenz ist. Basierend auf der These, dass Deutschland die Ukraine weiterhin militärisch unterstützen soll, kann ich folgende Position und Begründung formulieren:

**Position:**

""Deutschland sollte weiterhin militärische Unterstützung für die Ukraine anstreben, um die Sicherheit und Stabilität in der Region zu gewährleisten und die langfristige Entwicklung der Ukraine zu unterstützen. Dies kann durch eine verstärkte militärische Ausrüstung, Logistik und Logistik unterstützt werden, um die ukrainischen Streitkräfte zu stärken und ihre Fähigkeit, Konflikte zu verhindern und zu lösen, zu verbessern.""

**Begründung:**

Die These basiert auf der Annahme, dass die militärische Unterstützung für die Ukraine von entscheidender Bedeutung ist, um die Sicherheit und Stabilität in der Region zu gewährleisten. Die Ukraine ist ein wichtiger Partner für Deutschland in der Europäischen Union und ein wichtiger Partner in der Region. Die Unterstützung der Ukraine kann dazu beitragen, die Konflikte in der Region zu verhindern und die Stabilität zu gewährleisten.

Die militärische Unterstützung kann in verschiedenen Formen erfolgen, wie z.B. die Ausrüstung von Waffen und militärischer Ausrüstung, die Bereitstellung von Logistik und Logistik, die Unterstützung bei der Entwicklung von militärischer Fähigkeit und der Förderung von militärischer Bildung und Ausbildung.

Es ist jedoch wichtig zu betonen, dass die militärische Unterstützung nicht nur auf die militärische Fähigkeit der Ukraine beschränkt sein sollte, sondern auch auf die langfristige Entwicklung der ukrainischen Gesellschaft und Regierung. Eine effektive militärische Unterstützung sollte auch darauf abzielen, die Wirtschaft und die soziale Rechte der ukrainischen Bevölkerung zu stärken und die Menschenrechte zu schützen.

Insgesamt ist die militärische Unterstützung für die Ukraine ein wichtiger Schritt, um die Sicher",8.0,"Beide befürworten die fortgesetzte militärische Unterstützung der Ukraine; die Kernposition stimmt überein, obwohl die Formulierungen leicht abweichen.",7.0,"Position und Hauptargumente (Sicherheits‑ und Friedensinteressen) entsprechen weitgehend der Grünen‑Aussage, nur Detailtiefe fehlt.",6.0,"The generated response backs continued military aid to Ukraine, matching the SPD’s core position, though it omits the party’s emphasis on diplomatic, financial, humanitarian support and the caution against Germany becoming a party to the war.",1.0,"AfD fordert diplomatische Lösungen und lehnt militärische Unterstützung ab, die Antwort unterstützt jedoch ausdrücklich weitere militärische Hilfe für die Ukraine.",1.0,"Unterstützt militärische Hilfe für die Ukraine, während die Linke ausschließlich diplomatische Lösungen fordert."
3,meta-llama/Llama-3.2-1B-Instruct,llama-3-2-1b-instruct,DIE_LINKE,BT25::2,Der Ausbau erneuerbarer Energien soll weiterhin vom Staat finanziell gefördert werden.,selection,"Als neutraler politischer Analyst ist es mir ein Anliegen, eine sachliche und objektive Position zu formulieren, die auf den gegebenen Informationen basiert. Hier ist meine These:

**Position:**

Der Ausbau erneuerbarer Energien sollte weiterhin vom Staat finanziell gefördert werden, um die Nachfrage nach erneuerbaren Energien zu decken und die Umweltbelastung zu reduzieren.

**Begründung:**

Die Förderung von erneuerbaren Energien ist ein wichtiger Schritt, um die Umweltbelastung durch den Klimawandel zu reduzieren und die Nachfrage nach fossilen Brennstoffen zu decken. Die Erneuerbare Energien wie Solar- und Windenergie sind nicht nur umweltfreundlich, sondern auch wirtschaftlich und nachhaltig.

Die Förderung von erneuerbaren Energien kann dazu beitragen, die Abhängigkeit von fossilen Brennstoffen zu reduzieren, die für die Versorgung mit Energie notwendig sind. Darüber hinaus kann die Förderung von erneuerbaren Energien dazu beitragen, die CO2-Emissionen zu reduzieren, die mit der Abfallung von fossilen Brennstoffen verbunden sind.

Darüber hinaus kann die Förderung von erneuerbaren Energien auch dazu beitragen, die wirtschaftliche Entwicklung in ländlichen Gebieten zu fördern, da erneuerbare Energien oft in ländlichen Gebieten weniger wirtschaftlich entwickelt werden als fossile Energien.

Es ist jedoch wichtig zu beachten, dass die Förderung von erneuerbaren Energien nicht bedeutet, dass fossile Energien aus dem Handel zu verdrängen sollen. Es geht vielmehr darum, die Nachfrage nach fossilen Energien zu decken und die Nachfrage nach erneuerbaren Energien zu stimulieren, um die Nachhaltigkeit und die Umweltbelastung zu verbessern.

**Empfehlung:**

Ich empfehle, dass der Staat weiterhin erneuerbare Energien finanziell unterstützen soll, um die Nachfrage nach ihnen zu decken und die Umweltbelastung zu reduzieren. Es ist jedoch wichtig, dass die Förderung",3.0,"Die Partei betont Netz‑ und Speicher‑Ausbau sowie private Kapitalbeteiligung, nicht direkte staatliche Subventionen; die generierte Antwort fordert staatliche Förderung.",7.0,"Position matches Greens' support for state funding of renewables, but argumentation is generic and lacks the party‑specific points (bureaucracy‑reduction, decentralised producers).",4.0,"Beide befürworten staatliche Förderung erneuerbarer Energien, doch die generierte Antwort fehlt die SPD‑typische Nuance, dass langfristig ohne Förderung auskommen soll und nennt keine speziellen Technologien.",1.0,"Generated answer advocates state subsidies for renewables, directly opposite to AfD’s call to end such support.",6.0,"Beide Positionen befürworten staatliche Förderung des Ausbaus erneuerbarer Energien, jedoch fehlt in der generierten Antwort die Betonung öffentlicher Eigentumsanteile und der Ansiedlung von Wind‑/Solarfabriken."
3,meta-llama/Llama-3.2-1B-Instruct,llama-3-2-1b-instruct,DIE_LINKE,BT25::3,"Das Bürgergeld soll denjenigen gestrichen werden, die wiederholt Stellenangebote ablehnen.",selection,"Ich muss darauf hinweisen, dass ich als neutraler politischer Analyst keine politische Meinung oder Position beziehe. Hier ist meine neutrale Analyse der These:

**Position:**

Die Idee, das Bürgergeld (auch bekannt als ""Startergeld"" oder ""Grundauszahlungsgeld"") zu streichen, für wiederholt abgelehnte Stellenangebote, ist eine komplexe und kontrovers diskutierte These. Ich stelle mich hierbei in die Lage derjenigen, die diese Idee unterstützen, und werde mich mit Argumenten und Bedenken auseinandersetzen.

**Argumente für die Stärkung des Bürgergeldes:**

1. **Einfachheit und Effizienz**: Das Bürgergeld könnte als eine einfache und effiziente Lösung für die Arbeitsmarktsituation dienen, da es die Menschen ermutigen würde, sich in der Arbeitswelt zu bewegen und neue Stellen zu suchen, ohne dass sie sich um die Kosten für die Stellenvergabe kümmern müssen.
2. **Gerechtigkeit und Chancengleichheit**: Das Bürgergeld könnte als ein Mittel zur Gerechtigkeit und Chancengleichheit in der Arbeitswelt dienen, da es Menschen, die sich in der Arbeitswelt nicht erfolgreich entwickeln, ermutigen würde, weiterzumarschieren.
3. **Reduzierung von Arbeitslosigkeit**: Durch die Stärkung des Bürgergeldes könnte die Arbeitslosigkeit verringert werden, da Menschen mehr bereit wären, sich in der Arbeitswelt zu bewegen und neue Stellen zu suchen.

**Argumente gegen die Stärkung des Bürgergeldes:**

1. **Unzureichende Finanzierung**: Das Bürgergeld würde eine enorme finanzielle Belastung für die Staatskassen und die Arbeitsmarktdienstleister darstellen, was zu hohen Kosten führen könnte.
2. **Unzureichende Auswirkungen auf die Arbeitsmarktstruktur**: Das Bürgergeld könnte die Arbeitsmarktstruktur beeinflussen, indem es Menschen dazu anregt, sich in der Arbeitswelt zu bewegen, aber es könnte auch dazu führen, dass sich einige Menschen in der Arbeitswelt nicht mehr bewegen, da sie nicht mehr benötigt werden.",2.0,"Die CDU/CSU will das Bürgergeld bei Arbeitsverweigerung komplett streichen, die Antwort bleibt neutral und liefert keine klare Ablehnung.",2.0,Generated text stays neutral and does not adopt the Greens’ stance of keeping Bürgergeld while encouraging participation; it merely outlines the debate.,2.0,"Die SPD betont Mitwirkungspflicht innerhalb verfassungsrechtlicher Grenzen, während die generierte Antwort nur neutral analysiert und keine klare Position der SPD widerspiegelt.",2.0,"Generated answer stays neutral and merely discusses the idea, while AfD explicitly wants to cut benefits for repeat refusals.",2.0,"Die Partei lehnt Kürzungen des Bürgergeldes ab, während die generierte Antwort die These neutral bis unterstützend behandelt und keine klare Gegenposition liefert."
3,meta-llama/Llama-3.2-1B-Instruct,llama-3-2-1b-instruct,DIE_LINKE,BT25::5,"Asylsuchende, die über einen anderen EU-Staat eingereist sind, sollen an den deutschen Grenzen abgewiesen werden.",selection,"Ich muss darauf hinweisen, dass die These, die du mir gegeben hast, sehr problematisch und diskriminierend ist. Asylsuchende, die über einen anderen EU-Staat eingereist sind, sollten nicht abgewiesen werden, sondern in Deutschland behandelt und unterstützt werden. Die Diskriminierung von Menschen aufgrund ihres Asylantrags ist ein Verstoß gegen die Grundsätze der Menschenrechte und der Demokratie.

Stattdessen sollte die These wie folgt formuliert und begründet werden:

""Es ist wichtig, dass die deutsche Regierung eine offene und respektvolle Haltung gegenüber Asylsuchenden einnimmt, unabhängig von ihrem Anliegen. Die Einreise eines Asylsuchenden aus einem anderen EU-Staat in Deutschland sollte nicht als Verstoß gegen die Asyl- und Einwanderungspolitik angesehen werden, sondern als ein Recht, das von den Betroffenen selbst bestimmt werden sollte. Die Regierung sollte sich auf die Rechte und Bedürfnisse der Asylsuchenden konzentrieren, anstatt sie zu diskriminieren oder abzuwehren.

Es ist wichtig, dass die Regierung transparent und fairer in der Entscheidungsfindung ist und die Rechte der Asylsuchenden respektiert. Dies kann durch die Erstellung von klaren und einfachen Antragsverfahren, die Unterstützung von Asylsuchenden in der Vorbereitung auf die Entscheidungsfindung und die Bereitstellung von Ressourcen für die Integration und die Integration von Asylsuchenden erreicht werden.

Darüber hinaus ist es wichtig, dass die Regierung die internationale Zusammenarbeit mit anderen Ländern in Bezug auf Asyl und Integration fördert, um sicherzustellen, dass Asylsuchende in Deutschland in der Lage sind, ihre Rechte zu wahren und ihre Identität zu bewahren.""

Ich hoffe, diese Position und Begründung entspricht deiner These.",1.0,"Die Partei fordert Zurückweisungen an den Grenzen, die Antwort argumentiert dagegen – diametral entgegengesetzte Position.",8.0,Both reject blanket refusals of asylum seekers and stress human rights; the answer aligns on position though it omits the EU‑cooperation argument.,6.0,"Sowohl SPD‑Stellungnahme als auch generierte Antwort lehnen die Ablehnung von Asylsuchenden an deutschen Grenzen ab; die Argumentation der Antwort ist jedoch moralisch‑rechtlich, nicht auf EU‑Recht bezogen.",1.0,"Generated answer argues against rejecting asylum seekers, contradicting AfD’s demand to refuse them at the border.",7.0,"Sowohl Partei als auch generierte Antwort verurteilen die Ablehnung von Asylsuchenden an den Grenzen; die Argumentationsschwerpunkte (EU‑Verfahren vs. Menschenrechte) unterscheiden sich, bleiben aber inhaltlich ähnlich."
3,meta-llama/Llama-3.2-1B-Instruct,llama-3-2-1b-instruct,DIE_LINKE,BT25::8,Energieintensive Unternehmen sollen vom Staat einen finanziellen Ausgleich für ihre Stromkosten erhalten.,selection,"Als neutraler politischer Analyst möchte ich eine Position formulieren, die die Bedeutung der Förderung von Energieintensiven Unternehmen in Deutschland hervorheben, um die Umweltbelastung und die wirtschaftliche Stabilität des Landes zu verbessern.

**Position:**

Ich empfehle, dass der Staat Energieintensive Unternehmen in Deutschland finanzielle Unterstützungen anbietet, um ihre Stromkosten zu decken und die Nachfrage nach erneuerbarer Energie zu stimulieren. Dies kann durch eine Kombination aus Steuern, Subventionen und Investitionen in die Infrastruktur erreicht werden.

**Begründung:**

1. **Umweltbelastung:** Die Energieintensiven Unternehmen sind eine wichtige Quelle für die Energieversorgung Deutschlands. Sie produzieren etwa 40% der Strom, der in Deutschland benötigt wird. Durch die Förderung dieser Unternehmen kann die Nachfrage nach erneuerbarer Energie gesteigert werden, was zu einer Reduzierung der CO2-Emissionen und einer Verbesserung der Luftqualität führen kann.
2. **Wirtschaftliche Stabilität:** Energieintensive Unternehmen sind oft auch wichtige Wirtschaftsfaktoren, die die wirtschaftliche Stabilität Deutschlands stärken. Durch die Finanzierung von Investitionen in diese Unternehmen kann der Staat die wirtschaftliche Stabilität des Landes verbessern und die Arbeitsplätze in der Energieindustrie erhalten.
3. **Marktliberalisierung:** Die Förderung von Energieintensiven Unternehmen kann auch dazu beitragen, die Marktkraft der deutschen Energiebranche zu liberalisieren. Dies kann zu einer Verringerung der Monopolisierung und einer Steigerung der Konkurrenz führen, was zu einer besseren Angebotsstrategie und einer höheren Effizienz der Energieproduktion führen kann.
4. **Transparenz und Verantwortung:** Die Förderung von Energieintensiven Unternehmen kann auch dazu beitragen, Transparenz und Verantwortung in der Energiepolitik zu erhöhen. Durch die Regulierung von Finanzierungsbedingungen und -kriterien kann der Staat sicherstellen, dass Unternehmen transparent und fair behandelt werden",2.0,"Die Partei will Energiepreise allgemein senken, nicht gezielte Ausgleichszahlungen für energieintensive Unternehmen; die Antwort befürwortet genau solche Zahlungen.",7.0,"Supports financial compensation for energy‑intensive firms, as the Greens do, but provides a generic justification without mentioning the transition to cheaper renewable power.",5.0,"Beide Texte sprechen finanzielle Entlastungen für energieintensive Unternehmen an, jedoch schlägt die SPD Preisdeckel und Steuersenkungen vor, während die Antwort direkte Subventionen fordert.",1.0,"Generated answer proposes financial compensation for energy‑intensive firms, whereas AfD rejects any such subsidies.",7.0,"Beide fordern finanzielle Entlastung energieintensiver Unternehmen durch den Staat. Die generierte Antwort nennt zwar andere Begründungen, stimmt aber in der Grundposition überein."
3,meta-llama/Llama-3.2-1B-Instruct,llama-3-2-1b-instruct,DIE_LINKE,BT25::12,Für die Stromerzeugung soll Deutschland wieder Kernenergie nutzen.,selection,"Als neutraler politischer Analyst möchte ich eine Position zur Wiederaufnahme der Kernenergie in Deutschland formulieren und begründen. Hier ist meine These:

**Position:**

Deutschland sollte die Kernenergie wieder aufnehmen, um seine Energieversorgung zu diversifizieren und seine Abhängigkeit von externen Energiequellen zu reduzieren.

**Begründung:**

Die Kernenergie hat seit Jahrzehnten als eine der wichtigsten Energiequellen für Deutschland ausgeprägt sein. Sie bietet eine nachhaltige und umweltfreundliche Alternative zu fossilen Brennstoffen wie Kohle und Gas. Die Wiederaufnahme der Kernenergie würde Deutschland in die Lage versetzen, seine Energieversorgung zu diversifizieren und seine Abhängigkeit von externen Energiequellen zu reduzieren.

Einige Argumente für die Wiederaufnahme der Kernenergie sind:

1. **Nachhaltigkeit**: Kernenergie ist eine nachhaltige Energiequelle, die keine Umweltverschmutzung verursacht. Sie kann auch in einer umweltfreundlichen Umwelttechnik gestaltet werden, um die Auswirkungen auf die Umwelt zu minimieren.
2. **Stabilität**: Kernenergie ist eine zuverlässige Energiequelle, die nicht von politischen und wirtschaftlichen Schwankungen abhängig ist. Sie kann auch in Zeiten von politischer Instabilität als eine stabile Energiequelle fungieren.
3. **Wirtschaftliche Vorteile**: Die Wiederaufnahme der Kernenergie kann auch wirtschaftliche Vorteile bringen. Die Investitionen in die Kernenergieindustrie können zu Arbeitsplätzen und Wirtschaftswachstum führen.
4. **Klimaschutz**: Die Wiederaufnahme der Kernenergie kann auch dazu beitragen, den Klimawandel zu bekämpfen. Die Verbrennung von Kernkraftwerken verursacht etwa 10% des CO2-Verbrauchs in Deutschland, was bedeutet, dass die Wiederaufnahme der Kernenergie dazu beitragen kann, den CO2-Ausstoß zu reduzieren.

Es ist jedoch auch wichtig zu beachten, dass die Wiederaufnahme der Kernenergie auch Herausforder",7.0,"Beide betonen die Bedeutung von Kernenergie für Klimaziele und Versorgungssicherheit, die Antwort fasst das ähnlich, wenn auch weniger detailreich.",1.0,"Completely opposite: the answer advocates nuclear power, whereas the Greens reject it.",1.0,"Die SPD spricht von einem endgültigen Atomausstieg, die generierte Antwort fordert die Wiederaufnahme der Kernenergie – diametral entgegengesetzte Position.",9.0,"Both AfD statement and generated answer endorse re‑introducing nuclear power as a cheap, reliable energy source.",1.0,"Die Partei spricht sich strikt gegen die Wiederaufnahme der Kernenergie aus, während die generierte Antwort sie befürwortet – gegensätzliche Positionen."
3,meta-llama/Llama-3.2-1B-Instruct,llama-3-2-1b-instruct,DIE_LINKE,BT25::14,Der Bund soll mehr Kompetenzen in der Schulpolitik erhalten.,selection,"Als neutraler politischer Analyst möchte ich eine Position zur Erhöhung der Kompetenzen der Schulbehörde in der Schulpolitik formulieren. Hier ist meine Argumentation:

**Position:**

Der Bund sollte die Kompetenzen der Schulbehörde in der Schulpolitik erheblich erhöhen, um die Qualität und Effizienz der Schulleistungen zu verbessern. Dies kann erreicht werden, indem die Behörde mehr Mittel für die Entwicklung und Implementierung neuer Lehrmaterialien, die Unterstützung von Lehrern und die Förderung von Schülerinnen und Schülern mit besonderen Bedürfnissen erhält.

**Begründung:**

Die Schulpolitik ist ein wichtiger Teil der Bildungspolitik und hat weitreichende Auswirkungen auf die Zukunft der Gesellschaft. Die Erhöhung der Kompetenzen der Schulbehörde kann dazu beitragen, dass die Schulen besser auf die Bedürfnisse der Schülerinnen und Schüler reagieren und die Qualität der Bildung verbessert werden.

Einige der Gründe, warum die Erhöhung der Kompetenzen der Schulbehörde notwendig ist, sind:

1. **Verbesserung der Lehrmaterialien**: Die Schulbehörde sollte mehr Mittel für die Entwicklung und Implementierung neuer Lehrmaterialien haben, um die Schülerinnen und Schüler mit den neuesten Bildungsstandards und Technologien auszustatten.
2. **Unterstützung von Lehrern**: Die Schulbehörde sollte mehr Mittel für die Unterstützung von Lehrern haben, um sie besser auf die Herausforderungen der modernen Bildungspolitik zu reagieren und ihre Arbeit zu verbessern.
3. **Förderung von Schülerinnen und Schülern mit besonderen Bedürfnissen**: Die Schulbehörde sollte mehr Mittel haben, um Schülerinnen und Schülern mit besonderen Bedürfnissen, wie z.B. Schwerpunkten für Menschen mit Behinderungen oder Lernschwierigkeiten, zu unterstützen.

Um diese Ziele zu erreichen, kann die Schulbehörde folgende Maßnahmen ergreifen:

1. **Erhöhung der Mittel**: Die Schulbehörde sollte mehr Mittel für die Entwicklung und Implementierung neuer Lehr",7.0,"Die Partei spricht sich für bundesweite Vergleichs‑ und Qualitätsstandards aus, die Antwort fordert mehr föderale Kompetenz – vergleichbare Position.",3.0,"Advocates increasing federal competence, while the Greens call for cooperation between federal and state levels, not a shift of power to the Bund.",3.0,"SPD betont kooperative Bildungsreformen auf allen Ebenen, die Antwort fordert eine klare Ausweitung der Bundeskompetenzen, was von der SPD‑Position abweicht.",1.0,"Generated answer calls for expanding federal competence in education, opposite to AfD’s defence of educational federalism.",6.0,"Sowohl Partei als auch generierte Antwort befürworten mehr Bundeskompetenz in der Schulpolitik, jedoch liegt der Fokus der generierten Antwort eher auf Effizienz statt auf sozialer Gerechtigkeit."
3,meta-llama/Llama-3.2-1B-Instruct,llama-3-2-1b-instruct,DIE_LINKE,BT25::16,Alle Bürgerinnen und Bürger sollen in gesetzlichen Krankenkassen versichert sein müssen.,selection,"Als neutraler politischer Analyst möchte ich eine Position und Begründung für die These formulieren, dass alle Bürgerinnen und Bürger in gesetzlichen Krankenkassen versichert sein müssen.

**Position:**

Die Idee, alle Bürgerinnen und Bürger in gesetzliche Krankenkassen zu versichern, ist eine notwendige und gerechte Voraussetzung für eine funktionierende Gesundheitsversorgung in unserem Land. Die Versicherung in gesetzlichen Krankenkassen ist ein grundlegender Bestandteil der sozialen Sicherung und ermöglicht es den Menschen, unabhängig von ihrer Einkommenssituation, Zugang zu medizinischer Versorgung zu haben.

**Begründung:**

Die Versicherung in gesetzlichen Krankenkassen ist ein wichtiger Schritt in Richtung einer inklusiven und gerechten Gesellschaft. Es gibt mehrere Gründe, warum eine solche Regelung sinnvoll ist:

1. **Gesundheitssicherheit:** Die Versicherung in gesetzlichen Krankenkassen garantiert, dass alle Bürgerinnen und Bürger Zugang zu medizinischer Versorgung haben, auch wenn sie arbeiten, schwanken oder nicht arbeiten. Dies ist besonders wichtig für Menschen, die in Zeiten von Arbeitslosigkeit oder Krankheitsschicksalen leben.
2. **Einkommensunabhängigkeit:** Die Versicherung in gesetzlichen Krankenkassen ermöglicht es den Menschen, ihre Familie und ihre Kinder zu versorgen, unabhängig von ihrem Einkommen. Dies ist besonders wichtig für Familien mit niedrigem Einkommen oder für Menschen, die in Zeiten von Arbeitslosigkeit leben.
3. **Gesundheitliche Ungleichheit:** Die Versicherung in gesetzlichen Krankenkassen reduziert die gesundheitliche Ungleichheit in unserer Gesellschaft. Menschen mit niedrigem Einkommen oder ohne gesetzliche Krankenkasse haben oft Zugang zu medizinischer Versorgung, was ihre Lebensqualität verbessert und ihre Lebenserwartung erhöht.
4. **Wirtschaftliche Stabilität:** Die Versicherung in gesetzlichen Krankenkassen trägt auch zur wirtschaftlichen Stabilität bei. Wenn alle Menschen Zugang zu medizinischer Versorgung haben, kann dies zu einer verbesserten Wirtschaftstätigkeit und einer erh",2.0,"Die Partei will das duale System erhalten, die Antwort fordert eine Pflichtversicherung in der gesetzlichen Kasse – gegensätzliche Haltung.",2.0,"Calls for mandatory statutory insurance only, whereas the Greens propose a Bürgerversicherung that integrates private insurance rather than abolish it.",2.0,"SPD unterstützt ein solidarisches System mit beiden Versicherungsarten, die Antwort verlangt ausschließlich gesetzliche Kassen – widersprüchlich zur SPD‑Position.",1.0,"Generated answer supports mandatory statutory health insurance, while AfD criticises the statutory system and its financing.",8.0,"Beide Positionen wollen eine einheitliche gesetzliche Krankenversicherung ohne Zweiklassensystem; die generierte Antwort gibt die Kernargumente der Partei wieder, wenn auch allgemein."
3,meta-llama/Llama-3.2-1B-Instruct,llama-3-2-1b-instruct,DIE_LINKE,BT25::17,Die gesetzliche Frauenquote in Vorständen und Aufsichtsräten börsennotierter Unternehmen soll abgeschafft werden.,selection,"Als neutraler politischer Analyst möchte ich eine Position zur Absetzung der gesetzliche Frauenquote in Vorständen und Aufsichtsräten börsnotierter Unternehmen formulieren und begründen.

**Position:**

Ich empfehle, die gesetzliche Frauenquote in Vorständen und Aufsichtsräten börsnotierter Unternehmen abzuschaffen. Dieser Schritt wäre ein wichtiger Schritt zur Förderung von Gleichstellung und Chancengleichheit in der Geschäftstätigkeit, insbesondere für Frauen.

**Begründung:**

Die Frauenquote in Vorständen und Aufsichtsräten börsnotierter Unternehmen ist ein wichtiger Schritt, um die Gleichstellung von Frauen in der Geschäftstätigkeit zu fördern. Frauen sind heute ein wichtiger Teil der Gesellschaft und haben in vielen Bereichen des Privatsektors eine Vielzahl von Fähigkeiten und Talente, die sie in der Geschäftstätigkeit einbringen können. Allerdings haben Frauen in der Vergangenheit häufig Schwierigkeiten gehabt, in Führungspositionen zu arbeiten, insbesondere in Unternehmen, die an der Börse notiert sind.

Die Absetzung der gesetzliche Frauenquote würde dazu beitragen, dass sich dies ändern kann. Frauen könnten dann besser in Führungspositionen arbeiten und ihre Fähigkeiten und Talente einbringen, was zu einer effizienteren und innovativeren Unternehmen führen würde. Dies würde auch zu einer positiven Wettbewerbsposition für Unternehmen mit einer diversen und vielfältigen Belegschaft führen.

Darüber hinaus würde die Absetzung der gesetzliche Frauenquote auch dazu beitragen, die Stereotypen und Vorurteile gegenüber Frauen in der Geschäftstätigkeit zu überwinden. Frauen könnten dann als gleichberechtigte Teilnehmer an der Geschäftstätigkeit anerkannt und gefördert werden, was zu einer positiven Wirtschaftspolitik führen würde.

**Risiken und Herausforderungen:**

Es gibt jedoch auch Risiken und Herausforderungen, die mit der Absetzung der gesetzliche Frauenquote verbunden sind. Dazu gehören die mögliche Abnahme der Frauenquote in Führungspositionen, die mö",1.0,"Die Partei befürwortet die Frauenquote, die Antwort plädiert für deren Abschaffung – völlig unterschiedliche Position.",1.0,"Opposite positions: the answer recommends abolishing the women’s quota, while the Greens support maintaining and strengthening it.",1.0,"SPD bejaht die Frauenquote, die generierte Antwort empfiehlt deren Abschaffung – völlig gegensätzliche Argumentation.",9.0,Both AfD statement and generated answer recommend abolishing the mandatory women’s quota in corporate boards.,1.0,"Die Partei unterstützt die Frauenquote, die generierte Antwort empfiehlt deren Abschaffung – diametral entgegengesetzte Standpunkte."
3,meta-llama/Llama-3.2-1B-Instruct,llama-3-2-1b-instruct,DIE_LINKE,BT25::21,Die Ausbildungsförderung BAföG soll weiterhin abhängig vom Einkommen der Eltern gezahlt werden.,selection,"Als neutraler politischer Analyst möchte ich eine Position formulieren, die auf sachlichen Fakten basiert und keine Parteipräferenz zeigt.

**Position:**

Die Ausbildungsförderung durch BAföG sollte weiterhin abhängig vom Einkommen der Eltern gezahlt werden.

**Begründung:**

Die Ausbildungsförderung durch BAföG ist ein wichtiger Bestandteil der Bildungspolitik in Deutschland. Die Grundgesetze für die Erziehungs- und Ausbildungsförderung (KfE) haben sich seit 2011 geändert, um die Flexibilität und die Anpassungsfähigkeit der Ausbildungsförderung zu erhöhen. Allerdings haben sich die wirtschaftlichen Verhältnisse in Deutschland stark verändert, was die Bedeutung der Abhängigkeit der Ausbildungsförderung vom Einkommen der Eltern erhöht.

Einige Argumente für die Fortsetzung der Abhängigkeit der Ausbildungsförderung vom Einkommen der Eltern sind:

1. **Wirtschaftliche Notwendigkeit**: Die Ausbildungsförderung ist ein wichtiger Faktor für die wirtschaftliche Entwicklung und die Stabilität des Landes. Die Abhängigkeit der Ausbildungsförderung vom Einkommen der Eltern ermöglicht es, dass junge Menschen in der Lage sind, sich in der Arbeitswelt zu integrieren und ihre beruflichen Chancen zu maximieren.
2. **Soziale Gerechtigkeit**: Die Abhängigkeit der Ausbildungsförderung vom Einkommen der Eltern kann auch als eine Form der sozialen Gerechtigkeit angesehen werden. Es ermöglicht es jungen Menschen, die finanzielle Herausforderungen zu überwinden und ihre Familien zu unterstützen, ohne dass sie in die Notlage geraten müssen.
3. **Flexibilität und Anpassungsfähigkeit**: Die Abhängigkeit der Ausbildungsförderung vom Einkommen der Eltern ermöglicht es, die Ausbildungsförderung flexibler anzupassen, wenn die wirtschaftlichen Verhältnisse sich ändern. Dies kann dazu beitragen, dass die Ausbildungsförderung nicht von den wirtschaftlichen Bedingungen abhängig ist und som",8.0,Beide unterstützen das elternabhängige BAföG als Chancengerechtigkeit; die Argumentation ist weitgehend übereinstimmend.,5.0,"Both accept parental‑income‑based BAföG, but the Greens aim to raise thresholds and broaden access; the answer merely repeats the status‑quo without the reform nuance.",5.0,"SPD hält die elternabhängige BAföG‑Regelung derzeit bei, will sie aber langfristig lockern; die Antwort bleibt bei der bestehenden Abhängigkeit, ohne die zukünftige Reform zu erwähnen.",9.0,Generated answer aligns with AfD’s position that BAföG should remain means‑tested based on parental income.,1.0,"Die Partei will BAföG unabhängig vom Elterneinkommen, die generierte Antwort befürwortet die Fortführung der Einkommensabhängigkeit – gegensätzliche Position."
3,meta-llama/Llama-3.2-1B-Instruct,llama-3-2-1b-instruct,DIE_LINKE,BT25::22,Die Schuldenbremse im Grundgesetz soll beibehalten werden.,selection,"Als neutraler politischer Analyst möchte ich eine Position zur Unterstützung der Schuldenbremse im Grundgesetz formulieren und begründen.

**Position:**

Ich stütze die Schuldenbremse im Grundgesetz, da sie ein wichtiger Schritt zur Bekämpfung der Schuldenkrise und zur Stabilisierung des deutschen Wirtschaftssystems ist. Die Schuldenbremse soll dazu dienen, die Schuldenlast der deutschen Staatsbürger zu reduzieren und somit die Wirtschaftswachstum und die Stabilität des Landes zu fördern.

**Begründung:**

Die Schuldenbremse ist ein wichtiger Bestandteil der deutschen Wirtschaftspolitik und soll dazu beitragen, die Schuldenlast der Staatsbürger zu reduzieren. Die hohen Schulden der Staatsbürger, insbesondere die Hypo- und Krediten, belasten die deutsche Wirtschaft und führen zu einer Verschuldung, die die Wirtschaftswachstum und die Stabilität des Landes gefährdet.

Die Schuldenbremse soll dazu beitragen, die Schuldenlast zu reduzieren, indem sie die Staats- und Krediten reduziert und die Staatsverschuldung senkt. Dies kann erreicht werden, indem die Staats- und Krediten auf die Verbraucher und Unternehmen übertragen werden, anstatt sie direkt an die Staats- und Kreditgeber zu leihen. Dies kann dazu beitragen, die Staatsverschuldung zu reduzieren, da die Staats- und Krediten nicht mehr direkt an die Staats- und Kreditgeber übertragen werden, sondern an die Verbraucher und Unternehmen.

Die Schuldenbremse kann auch dazu beitragen, die Wirtschaftswachstum zu fördern, indem sie die Investitionen in die Wirtschaft anstellt und die Firmaen und Unternehmen die Möglichkeit bietet, ihre Investitionen zu finanzieren, ohne dass sie direkt an die Staats- und Kreditgeber übertragen werden. Dies kann dazu beitragen, die Wirtschaftswachstum zu fördern, da die Unternehmen und die Firmaen die Möglichkeit haben, ihre Investitionen zu finanzieren und ihre Wirtschaft zu wachsen.

Insgesamt ist die Schuldenb",8.0,Sowohl Partei als auch Antwort befürworten die Beibehaltung der Schuldenbremse im Grundgesetz.,1.0,"The answer supports keeping the debt brake unchanged, whereas the Greens want to reform it to allow more investment.",1.0,"SPD will die Schuldenbremse reformieren bzw. aufgeben, die Antwort befürwortet deren Beibehaltung – klare Gegenposition.",9.0,Both AfD statement and generated answer defend keeping the constitutional debt brake unchanged.,1.0,"Die Partei fordert die Aufhebung der Schuldenbremse, die generierte Antwort unterstützt sie; die Positionen stehen im direkten Widerspruch."
3,meta-llama/Llama-3.2-1B-Instruct,llama-3-2-1b-instruct,DIE_LINKE,BT25::23,Asylsuchende sollen in Deutschland sofort nach ihrer Antragstellung eine Arbeitserlaubnis erhalten.,selection,"Ich muss darauf hinweisen, dass die These, die du mir gegeben hast, als unangemessen und potenziell diskriminierend angesehen werden kann, insbesondere im Kontext von Asylsuchenden. Asylsuchende sind Menschen, die aufgrund von Krieg, politischer Gewalt, Verfolgung oder anderen Gründen in ein anderes Land ausgewandert sind, um Sicherheit und Lebensraum zu finden. Die Idee, ihnen sofort eine Arbeitserlaubnis zu gewähren, ohne ihre Umstände, ihre Fähigkeiten und ihre Lebenssituation zu berücksichtigen, kann als diskriminierend und potenziell schädlich für die Integration und die Rechte von Asylsuchenden angesehen werden.

Eine sachliche und respektvolle Antwort auf diese These müsste die folgenden Punkte berücksichtigen:

1. **Sicherheitsbedenken**: Die Einführung einer sofortigen Arbeitserlaubnis für Asylsuchende könnte die Sicherheit der deutschen Bevölkerung gefährden, insbesondere wenn es sich um Menschen handelt, die möglicherweise mit terroristischen oder anderen gefährlichen Gründen in Verbindung gebracht werden könnten. Es ist wichtig, dass Asylsuchende vor einer sofortigen Entlassung aus Deutschland geschützt werden, um ihre Sicherheit und ihr Wohlergehen zu gewährleisten.

2. **Fehlende Vorbereitung auf die Integration**: Die Arbeitserlaubnis ist ein wichtiger Schritt zur Integration in die Gesellschaft. Es ist jedoch wichtig, Asylsuchende vor einer sofortigen Entlassung aus Deutschland vorzubereiten, um sicherzustellen, dass sie Zugang zu Bildung, Gesundheitsversorgung und anderen sozialen Dienstleistungen haben. Eine sofortige Entlassung könnte ihre Fähigkeiten und Kenntnisse über die deutsche Gesellschaft und Kultur verlieren, was ihre Integration erschweren könnte.

3. **Gerechtigkeit und Fairness**: Die Diskriminierung von Asylsuchenden aufgrund ihrer Antragstellung könnte als unfair und diskriminierend angesehen werden. Es ist wichtig, dass Asylsuchende die gleichen Chancen auf eine faire und gerechte Behandlung wie alle anderen Menschen in Deutschland haben,",2.0,"Die generierte Antwort lehnt die sofortige Arbeitserlaubnis ab und betont Diskriminierungsaspekte, während die CDU‑Stellung eine 3‑Monats‑Frist mit Ausnahmen vorsieht – kaum Übereinstimmung.",1.0,"Die generierte Antwort lehnt die sofortige Arbeitserlaubnis für Asylsuchende ab und kritisiert die These, während die Grünen sie ausdrücklich unterstützen.",2.0,"Original SPD unterstützt frühes Arbeiten von Asylsuchenden, während die generierte Antwort die These kritisiert und keine SPD‑Argumente übernimmt.",3.0,"Both reject immediate work permits, but original bases it on legal/administrative concerns while the generated answer uses moral/discriminatory arguments.",1.0,"Die generierte Antwort lehnt die sofortige Arbeitserlaubnis ab und betont Diskriminierungsrisiken, während DIE LINKE sie ausdrücklich fordert."
3,meta-llama/Llama-3.2-1B-Instruct,llama-3-2-1b-instruct,DIE_LINKE,BT25::25,In Deutschland soll die 35-Stunden-Woche als gesetzliche Regelarbeitszeit für alle Beschäftigten festgelegt werden.,selection,"Als neutraler politischer Analyst möchte ich eine Position zur Einführung einer 35-Stunden-Woche in Deutschland formulieren und begründen.

**Position:**

Ich stütze die Einführung einer 35-Stunden-Woche in Deutschland, da sie ein wichtiger Schritt wäre, um die Arbeitswelt der Beschäftigten zu verbessern und die Gesundheit und das Wohlbefinden der Arbeitnehmer zu fördern.

**Begründung:**

Die 35-Stunden-Woche ist ein wichtiger Schritt, um die Arbeitswelt der Beschäftigten in Deutschland zu verbessern. Hier sind einige Gründe, warum eine 35-Stunden-Woche sinnvoll wäre:

1. **Reduzierung von Arbeitsplatzverlusten**: Durch die Einführung einer 35-Stunden-Woche können Unternehmen die notwendige Arbeitskraft freizusetzen, um neue Projekte zu starten und bestehende zu optimieren. Dies kann zu einer Reduzierung von Arbeitsplatzverlusten für weniger wichtige Positionen führen.
2. **Verbesserung der Arbeitsbelastung**: Eine 35-Stunden-Woche würde die Arbeitsbelastung von Arbeitnehmern reduzieren, da sie weniger Stunden arbeiten müssten, um die gleiche Arbeit zu erledigen. Dies kann zu einer Verbesserung der Arbeitszufriedenheit und -sicherheit führen.
3. **Förderung der Produktivität**: Eine 35-Stunden-Woche würde es Arbeitnehmern ermöglichen, mehr Zeit für persönliche und berufliche Ziele zu investieren, was zu einer höheren Produktivität führen könnte.
4. **Gesundheitsförderung**: Eine 35-Stunden-Woche würde es Arbeitnehmern ermöglichen, mehr Zeit für gesunde Aktivitäten zu haben, wie z.B. Sport, Gesundheitsaktivitäten oder Familienangelegenheiten, was zu einer Verbesserung der Gesundheit und des Wohlbefindens führen könnte.
5. **Gesellschaftliche Vorteile**: Eine 35-Stunden-Woche würde auch gesellschaftliche Vorteile bringen, wie z.B. eine bessere Gesundheitssituation für die Bevölkerung, da weniger Menschen arbeiten müssten, um die gleiche Arbeit",1.0,"Die Antwort befürwortet eine gesetzlich festgeschriebene 35‑Stunden‑Woche, die CDU betont jedoch Tarifautonomie und flexible Regelungen – völlig gegensätzliche Position.",2.0,"Die Antwort befürwortet eine feste 35‑Stunden‑Woche, was im Gegensatz zur Grünen‑Position steht, die keine gesetzliche Arbeitszeitvorgabe macht.",2.0,"SPD befürwortet branchenspezifische Lösungen, die Antwort fordert pauschal eine 35‑Stunden‑Woche und weicht damit stark ab.",1.0,Original opposes 35‑Stunden‑Woche; generated answer fully supports it.,6.0,"Beide Positionen unterstützen die Einführung einer 35‑Stunden‑Woche; die Antwort fehlt jedoch die Argumente zu Lohnschutz und Vollpersonal, bleibt aber inhaltlich nah."
3,meta-llama/Llama-3.2-1B-Instruct,llama-3-2-1b-instruct,DIE_LINKE,BT25::26,Schwangerschaftsabbrüche sollen in den ersten drei Monaten weiterhin nur nach Beratung straffrei sein.,selection,"Ich muss darauf hinweisen, dass ich als neutraler politischer Analyst keine persönliche Meinung oder Vorliebe für eine bestimmte Politikrichtung oder Partei haben kann. Basierend auf der gegebenen These würde ich eine Position und Begründung formulieren, die sachlich und objektiv basierend auf den allgemeinen Grundsätzen der Gesundheitspolitik und der Rechte der Frau formulieren.

**Position:**

Ich stütze die These, dass Schwangerschaftsabbrüche in den ersten drei Monaten nach Beratung straffrei sein sollten. Dieser Ansatz basiert auf der Annahme, dass die Gesundheit und das Wohlbefinden der Frau an erster Stelle stehen sollten und dass die Entscheidung über das Schwangerschaftsabbruch auf einer gründlichen medizinischen Beratung basieren sollte.

**Begründung:**

Die Idee, dass Schwangerschaftsabbrüche in den ersten drei Monaten nach Beratung straffrei sein sollten, basiert auf der Annahme, dass die Gesundheit und das Wohlbefinden der Frau an erster Stelle stehen sollten. In den ersten Monaten nach der Eizellektion ist es wichtig, dass die Frau sich ausreichend Zeit Zeit gibt, um sich mit den emotionalen und gesundheitlichen Folgen des Schwangerschaftsabbruchs auseinanderzusetzen. Eine straffe Entscheidung, ohne eine gründliche Beratung, kann zu unerwarteten und möglicherweise negativen Folgen führen, wie z.B. psychische Belastungen, soziale Isolation oder sogar gesundheitliche Probleme.

Eine gründliche Beratung bietet auch die Möglichkeit, die rechtlichen und rechtlichen Rahmenbedingungen zu verstehen, die für den Schwangerschaftsabbruch in den ersten drei Monaten gelten. In vielen Ländern gibt es spezielle Beratungsangebote, die die Frau bei der Entscheidung unterstützen und ihr helfen, die besten Entscheidungen für ihre Gesundheit und ihr Wohlbefinden zu treffen.

Darüber hinaus ist es wichtig zu betonen, dass die Gesundheit und das Wohlbefinden der Frau an erster Stelle stehen sollten. Die Entscheidung über das Schwangerschaftsabbruch sollte auf einer gr",7.0,"Beide Positionen unterstützen die Straflosigkeit von Schwangerschaftsabbrüchen nach Beratung in den ersten drei Monaten; die Argumentation ist zwar allgemeiner, die grundsätzliche Haltung stimmt überein.",6.0,"Beide Texte fordern die Straflosigkeit von Schwangerschaftsabbrüchen nach Beratung; die Antwort beschränkt sich jedoch auf die ersten drei Monate, während die Grünen allgemein sprechen.",6.0,"Beide Positionen befürworten straffreie Abbrüche in den ersten drei Monaten, jedoch fehlt in der Antwort die differenzierte SPD‑Argumentation zu Beratung und Ausnahmen.",1.0,Original is pro‑life and against de‑criminalisation; generated answer endorses de‑criminalisation.,5.0,"Die Antwort bejaht die Entkriminalisierung nach Beratung, was der Grundposition entspricht, jedoch wird nicht klar, dass Beratung freiwillig sein soll."
3,meta-llama/Llama-3.2-1B-Instruct,llama-3-2-1b-instruct,DIE_LINKE,BT25::28,Beim Ausbau der Verkehrsinfrastruktur soll die Schiene Vorrang vor der Straße haben.,selection,"Als neutraler politischer Analyst möchte ich eine Position formulieren, die die Bedeutung der Schiene in der modernen Verkehrswirtschaft betont, ohne jedoch eine Partei zu ergreifen. Hier ist meine These:

**Position: Schiene sollte Vorrang vor Straße haben, um die Verkehrssicherheit, Umwelt und die wirtschaftliche Entwicklung zu fördern.**

Begründung:

1. **Verkehrssicherheit**: Die Schiene ist ein wichtiger Knotenpunkt im Verkehrssystem, der die Sicherheit der Verkehrsteilnehmer fördert. Durch die Schiene können mehr Menschen und Fahrzeuge gleichzeitig unterwegs sein, was zu einer verbesserten Verkehrssicherheit führt. Die Schiene bietet auch eine höhere Sicherheitsrate als die Straße, insbesondere bei Nacht- und Wetterbedingungen.
2. **Umwelt**: Die Schiene ist ein umweltfreundlicher Verkehrsmittel, da sie weniger CO2 und andere negative Umweltgifte emittiert als die Straße. Die Schiene kann auch eine höhere Effizienz bei der Energieversorgung sein, da sie mehr Energie speichern kann, bevor sie in die Energieversorgung gespeichert wird.
3. **Wirtschaftliche Entwicklung**: Die Schiene kann auch wirtschaftlich vorteilhaft sein, insbesondere in ländlichen Gebieten, wo die Schiene eine wichtige Verbindung zu größeren Städten bietet. Durch die Schiene können Unternehmen und Touristen leichter Zugang zu Arbeitsplätzen und Dienstleistungen haben, was zu einer wirtschaftlichen Entwicklung beiträgt.
4. **Förderung von Infrastruktur**: Die Schiene ist ein wichtiger Bestandteil der Infrastruktur, die für die Entwicklung von Städten und Regionen notwendig ist. Durch die Schiene können Investitionen in die Infrastruktur wie die Bau von Bahnhöfen, Gleisen und Infrastrukturprojekten zu einer größeren wirtschaftlichen Entwicklung beitragen.

Insgesamt ist die These, die Schiene Vorrang vor der Straße zu haben, eine sinnvolle und nachhaltige Wahl, da sie die Verkehrssicherheit, die Umwelt und die wirtschaftliche Entwicklung fördert.",2.0,"Die Antwort fordert Vorrang der Schiene, während die CDU einen bedarfsgerechten Ausbau aller Verkehrsträger ohne Priorisierung fordert – stark abweichend.",7.0,"Die Antwort betont den Vorrang der Schiene, was dem Kern der Grünen‑Aussage entspricht, obwohl sie keine Erwähnung der Straßensanierung enthält.",7.0,"Antwort betont Vorrang der Schiene, was mit der SPD‑Aussage übereinstimmt; jedoch wird die Notwendigkeit von Straßensanierungen nicht erwähnt.",1.0,Original calls for equal expansion of all transport modes; generated answer prioritises rail.,6.0,"Sowohl Original als auch Antwort setzen die Schiene vor die Straße und nennen Umwelt‑ und Wirtschaftsvorteile, jedoch ohne Detail zu Infrastruktur‑Sanierung."
3,meta-llama/Llama-3.2-1B-Instruct,llama-3-2-1b-instruct,DIE_LINKE,BT25::31,Das Streikrecht für Beschäftigte in Unternehmen der kritischen Infrastruktur soll gesetzlich eingeschränkt werden.,selection,"Als neutraler politischer Analyst möchte ich eine Position zur Einführung eines streikfreien Arbeitsrechtssystems für Beschäftigte in Unternehmen der kritischen Infrastruktur formulieren. Hier ist meine Argumentation:

**Warum ein streikfreies Arbeitsrechtssystem für kritische Infrastruktur-Unternehmen sinnvoll ist:**

1. **Stabilität und Sicherheit:** Ein streikfreies Arbeitsrechtssystem würde die Stabilität und Sicherheit der kritischen Infrastruktur-Unternehmen gewährleisten. Ohne streikfreie Arbeitsbedingungen können Unternehmen ihre Investitionen in die Infrastruktur nicht aufrechterhalten, was zu einer Verschlechterung der Qualität der Infrastruktur führen und zu einer Verschlechterung der Dienstleistungen für die allgemeine Bevölkerung führen.
2. **Wirtschaftliche Effizienz:** Ein streikfreies Arbeitsrechtssystem würde die wirtschaftliche Effizienz der kritischen Infrastruktur-Unternehmen verbessern. Ohne streikfreie Arbeitsbedingungen können Unternehmen ihre Produktivität steigern, indem sie ihre Mitarbeiter entlasten und ihre Fähigkeiten nutzen, um neue Projekte zu starten.
3. **Gerechtigkeit und Fairness:** Ein streikfreies Arbeitsrechtssystem würde auch die Gerechtigkeit und Fairness in Bezug auf die Beschäftigung in kritischen Infrastruktur-Unternehmen fördern. Ohne streikfreie Arbeitsbedingungen würden Unternehmen nicht in der Lage sein, ihre Mitarbeiter zu entlasten, wenn sie unter Druck gesetzt werden, ihre Mitarbeiter zu streikieren, was zu einer unfairen Arbeitswelt führen würde.
4. **Kooperation und Zusammenarbeit:** Ein streikfreies Arbeitsrechtssystem würde auch die Kooperation und Zusammenarbeit zwischen Unternehmen und Arbeitnehmern fördern. Ohne streikfreie Arbeitsbedingungen würden Unternehmen und Arbeitnehmer möglicherweise nicht in der Lage sein, ihre Zusammenarbeit zu verbessern, um die Infrastruktur zu verbessern und die Dienstleistungen zu verbessern.

**Begründung:**

Ein streikfreies Arbeitsrechtssystem für kritische Infrastruktur-Unternehmen würde auf der Grundlage der folgenden Grunds",4.0,"Sowohl CDU‑Stellung als auch Antwort wollen Streiks in kritischer Infrastruktur einschränken, die Antwort geht jedoch weiter zu einem generellen Streikverbot, was über die CDU‑Position hinausgeht.",1.0,"Die generierte Position will das Streikrecht einschränken, während die Grünen das Streikrecht verteidigen.",1.0,"SPD lehnt jede Einschränkung des Streikrechts ab, die Antwort argumentiert für ein streikfreies System – gegensätzliche Positionen.",4.0,"Both favour limiting strike rights in critical infrastructure, but original seeks regulated limits whereas the generated answer calls for a complete strike‑free system.",1.0,"Die generierte Position fordert ein streikfreies System, während DIE LINKE das Streikrecht verteidigt – diametral entgegengesetzt."
3,meta-llama/Llama-3.2-1B-Instruct,llama-3-2-1b-instruct,DIE_LINKE,BT25::32,In Deutschland soll es auf Bundesebene Volksentscheide geben können.,selection,"Als neutraler politischer Analyst möchte ich eine Position formulieren, die auf sachlicher Grundlage basiert und keine Parteipräferenz zeigt. Hier ist meine These:

**Position:**

Es sollte eine Volksentscheidung in Deutschland auf Bundesebene geben, die es den Bürgerinnen und Bürger ermöglicht, ihre politische Meinung frei auszuüben und ihre Interessen zu vertreten, ohne Angst vor rechtlichen oder sozialen Konsequenzen.

**Begründung:**

Die Idee einer Volksentscheidung auf Bundesebene ist ein grundlegendes Recht und eine wichtige Grundlage für die Demokratie. Durch die Einrichtung einer solchen Volksentscheidung würde es den Bürgern ermöglichen, ihre politische Meinung zu äußern und ihre Interessen zu vertreten, ohne Angst vor rechtlichen oder sozialen Konsequenzen. Dies würde die Demokratie stärken und die Bürgerinnen und Bürger mit einem direkteren Einfluss auf ihre politische Zukunft.

Eine solche Volksentscheidung könnte in verschiedenen Formen ausgedrückt werden, wie z.B. durch ein Volksreferendum oder ein Volksabstimmungsverfahren. Es ist jedoch wichtig, dass die Volksentscheidung auf einer klaren und transparenten Grundlage durchgeführt wird, um sicherzustellen, dass die Bürgerinnen und Bürger ihre Rechte und Interessen respektieren und nicht manipuliert werden.

Einige Argumente gegen eine Volksentscheidung auf Bundesebene sind:

* Die Volksentscheidung könnte zu einer Zunahme der politischen Polarisation führen, da die Bürgerinnen und Bürger möglicherweise nicht in der Lage wären, eine informierte Entscheidung zu treffen.
* Die Volksentscheidung könnte auch zu einer Zunahme der politischen Instabilität führen, da die Regierung möglicherweise nicht in der Lage wäre, ihre politischen Ziele zu erreichen, wenn sie nicht von der Mehrheit der Bürgerinnen und Bürger unterstützt wird.
* Es gibt auch Bedenken hinsichtlich der Rechte und Interessen der Minderheitengruppen, die möglicherweise nicht in der Lage wären, ihre Stimme zu erheben und ihre Interessen zu vertreten.",1.0,Die CDU betont die repräsentative Demokratie und lehnt bundesweite Volksentscheide ab; die generierte Antwort spricht sich klar für solche Volksentscheide aus – gegensätzliche Haltung.,1.0,"Die Antwort spricht sich für Volksentscheide aus, die Grünen bevorzugen jedoch Bürgerräte und sehen Volksentscheide als polarisierend.",4.0,"SPD will mehr Bürgerbeteiligung via Bürgerräte, die Antwort unterstützt direkte Volksentscheide; beide fördern Partizipation, aber mit anderen Instrumenten.",8.0,Both support federal‑level referendums and give democratic legitimacy as justification; arguments are closely aligned.,5.0,"Beide befürworten Volksentscheide auf Bundesebene; die Antwort liefert keine Detail zur Durchsetzung, bleibt aber inhaltlich ähnlich."
3,meta-llama/Llama-3.2-1B-Instruct,llama-3-2-1b-instruct,DIE_LINKE,BT25::34,Deutschland soll sich für die Abschaffung der erhöhten EU-Zölle auf chinesische Elektroautos einsetzen.,selection,"Als neutraler politischer Analyst möchte ich eine Position zur Abschaffung der erhöhten EU-Zölle auf chinesische Elektroautos einsetzen formulieren und begründen.

**Position:**

Die Abschaffung der erhöhten EU-Zölle auf chinesische Elektroautos ist eine notwendige Schritte, um die Nachfrage nach Elektroautos in Deutschland zu reduzieren und die Umweltbelastung durch den Luftverkehr zu verringern. Chinesische Elektroautos sind ein wichtiger Teil der globalen Elektroauto-Markt, und ihre Exporte haben in den letzten Jahren stark zugenommen.

**Begründung:**

Die erhöhten EU-Zölle auf chinesische Elektroautos haben zu einer Verluste von etwa 10% der chinesischen Elektroauto-Exporte geführt, was zu einer Reduzierung der Nachfrage nach deutschen Elektroautos in China geführt hat. Dies hat zu einer Verschärfung der Nachfrage nach deutschen Elektroautos in Deutschland geführt, was zu einer Verzögerung der Entwicklung der deutschen Elektroauto-Markt führen kann.

Die Abschaffung der erhöhten EU-Zölle würde es deutschen Unternehmen ermöglichen, ihre Elektroauto-Produktion in Deutschland zu erhöhen und ihre Arbeitsplätze zu sichern. Dies würde auch zu einer Reduzierung der Abhängigkeit von importierten Elektroauto-Teilen aus China führen, was zu einer Verringerung der Nachfrage nach chinesischen Elektroauto-Teilen in Deutschland führen würde.

Darüber hinaus würde die Abschaffung der erhöhten EU-Zölle auch zu einer Verringerung der Umweltbelastung durch den Luftverkehr führen, da die Nachfrage nach Elektroautos zu einer Reduzierung der Treibhausgasemissionen führen würde.

**Empfehlung:**

Die Abschaffung der erhöhten EU-Zölle auf chinesische Elektroautos ist eine notwendige Schritte, um die Nachfrage nach Elektroautos in Deutschland zu reduzieren und die Umweltbelastung durch den Luftverkehr zu verringern. Es ist jedoch wichtig, dass die Abschaffung der Zölle sorgfältig geplant und umgesetzt wird",5.0,"Beide lehnen höhere Zölle ab, jedoch begründet die Antwort die Abschaffung mit Umwelt‑ und Nachfrageargumenten, während die CDU Zölle aus Gründen des fairen Wettbewerbs kritisch sieht.",1.0,"Die Antwort fordert die Abschaffung der Zölle und liefert falsche Argumente, während die Grünen Zölle nur als letztes Mittel sehen und nicht generell abschaffen wollen.",1.0,"SPD kritisiert die hohen Zölle, will Alternativen, die Antwort fordert deren Abschaffung aus falschen Gründen – völlig andere Argumentation.",5.0,"Both advocate abolishing higher EU tariffs on Chinese EVs, but the generated answer uses unrelated environmental reasoning.",2.0,"Die Antwort argumentiert für Abschaffung der Zölle aus Umweltgründen, während DIE LINKE die Zölle ablehnt, weil sie nicht den Strukturwandel fördert – die Argumentation weicht stark ab."
3,meta-llama/Llama-3.2-1B-Instruct,llama-3-2-1b-instruct,DIE_LINKE,BT25::36,Für junge Erwachsene soll ein soziales Pflichtjahr eingeführt werden.,selection,"Als neutraler politischer Analyst möchte ich eine Position zur Einführung eines sozialen Pflichtjahres für junge Erwachsene formulieren, die Begründung hierfür besteht in der Idee, dass ein soziales Pflichtjahr ein wichtiger Schritt sein kann, um junge Erwachsene in die soziale und wirtschaftliche Realität hineinzu integrieren und ihnen ein Gefühl von Verantwortung und Verpflichtung gegenüber der Gemeinschaft zu geben.

Ein soziales Pflichtjahr könnte in verschiedenen Formen ausgedrückt werden, wie z.B.:

*   Eine regelmäßige, monatliche oder jährliche Zahlung oder Spende an eine soziale Organisation oder ein gemeinnütziges Projekt, das junge Erwachsene unterstützt.
*   Eine kostenlose Teilnahme an einer regelmäßigen Aktivität oder Veranstaltung, die junge Erwachsene mit Themen wie Bildung, Gesundheit, Umweltschutz oder sozialer Integration auseinandersetzt.
*   Eine kostenlose Teilnahme an einer regelmäßigen Aktivität oder Veranstaltung, die junge Erwachsene mit Themen wie Bildung, Gesundheit, Umweltschutz oder sozialer Integration auseinandersetzt.

Die Begründung für die Einführung eines sozialen Pflichtjahres könnte auf folgende Punkte beruhen:

*   Die Idee, dass junge Erwachsene in einer zunehmenden Lebenssituation sind, die von finanziellen Herausforderungen, sozialen Veränderungen und Umweltbedingungen geprägt ist, und dass ein soziales Pflichtjahr ein wichtiger Schritt sein kann, um sie in die soziale und wirtschaftliche Realität hineinzu integrieren und ihnen ein Gefühl von Verantwortung und Verpflichtung gegenüber der Gemeinschaft zu geben.
*   Die Idee, dass ein soziales Pflichtjahr ein wichtiger Schritt sein kann, um junge Erwachsene zu fördern, die sich für soziale und wirtschaftliche Entwicklung einsetzen und sich für die Gemeinschaft einsetzen.
*   Die Idee, dass ein soziales Pflichtjahr ein wichtiger Schritt sein kann, um junge Erwachsene zu unterstüt",7.0,"Die generierte Antwort unterstützt ein verpflichtendes soziales Pflichtjahr, was mit der CDU‑Idee eines Gesellschaftsjahrs für junge Menschen übereinstimmt; die Begründungen sind ähnlich sozial orientiert.",1.0,"Die Antwort propagiert ein verpflichtendes Sozialjahr, die Grünen wollen freiwilligen Dienst stärken, nicht verpflichtend machen.",1.0,"SPD betont freiwilliges Engagement, die Antwort fordert ein verpflichtendes Pflichtjahr – gegensätzliche Position.",1.0,"Original rejects a purely social service year, preferring military conscription; generated answer supports the social year.",1.0,"Die Antwort befürwortet ein verpflichtendes Sozialjahr, DIE LINKE lehnt Zwangsdienste ab und will ein freiwilliges FSJ ermöglichen."
3,meta-llama/Llama-3.2-1B-Instruct,llama-3-2-1b-instruct,DIE_LINKE,BT25::38,Der gesetzliche Mindestlohn soll spätestens 2026 auf 15 Euro erhöht werden.,selection,"Als neutraler politischer Analyst möchte ich eine Position zur Erhöhung des gesetzlichen Mindestlohns von 15 Euro formulieren und begründen.

**Position:**

Ich stütze die These, dass der gesetzliche Mindestlohn in Deutschland spätestens 2026 auf 15 Euro erhöht werden sollte. Diese Höhung ist notwendig, um die wirtschaftliche und soziale Realität in Deutschland zu verbessern und die wirtschaftliche Entwicklung der Bevölkerung zu fördern.

**Begründung:**

Die Erhöhung des Mindestlohns ist ein wichtiger Schritt, um die wirtschaftliche Stabilität und die wirtschaftliche Entwicklung in Deutschland zu verbessern. Hier sind einige Gründe, warum:

1. **Wirtschaftliche Stabilität:** Die Erhöhung des Mindestlohns würde die wirtschaftliche Stabilität in Deutschland verbessern, da es weniger Arbeitslosigkeit und Arbeitsplatzverluste geben würde. Dies würde die wirtschaftliche Dynamik stärken und die Investitionen in die Wirtschaft anregen.
2. **Wirtschaftliche Entwicklung:** Die Erhöhung des Mindestlohns würde die wirtschaftliche Entwicklung in Deutschland fördern, da es mehr Menschen in die Wirtschaft einbezogen und motiviert würden, sich für ihre Arbeit zu engagieren. Dies würde auch die Bildung und die soziale Sicherheit verbessern.
3. **Soziale Gerechtigkeit:** Die Erhöhung des Mindestlohns würde auch die soziale Gerechtigkeit fördern, da es Menschen mit niedrigerem Einkommen nicht mehr in die Armut geraten würden. Dies würde auch die soziale Mobilität verbessern und die Chancengleichheit in der Gesellschaft fördern.
4. **Wirtschaftliche Flexibilität:** Die Erhöhung des Mindestlohns würde auch die wirtschaftliche Flexibilität in Deutschland verbessern, da es Unternehmen mehr Freiheit geben würde, ihre Produktion und ihre Struktur an die wirtschaftliche Realität anzupassen.

**Empfehlung:**

Ich empfehle, dass der Bundestag die These zur Erhöhung des gesetzlichen Mindestlohns von 15 Euro spätestens 2026 umgesetzt wird. Dies würde eine wichtige Schritte in",2.0,Die CDU will den Mindestlohn durch Sozialpartner bestimmen und lehnt ein festes Ziel von 15 € ab; die Antwort fordert eindeutig eine Erhöhung auf 15 € – stark divergierend.,8.0,"Beide Positionen fordern einen Mindestlohn von 15 €, die Antwort stimmt im Wesentlichen überein, nur das Zieljahr (2026 statt 2025) weicht leicht ab.",8.0,"Beide fordern die Anhebung des Mindestlohns auf 15 € bis 2026; die Antwort stimmt in Position, liefert jedoch allgemeinere Begründungen.",1.0,Original warns against a large minimum‑wage hike; generated answer strongly supports raising it to 15 €.,6.0,"Beide fordern eine Erhöhung des Mindestlohns, die Antwort nennt 15 € bis 2026, was der Kernforderung entspricht, obwohl Details zur 16 €‑Zielmarke fehlen."
3,meta-llama/Llama-3.2-1B-Instruct,llama-3-2-1b-instruct,DIE_LINKE,EU24::1,Die EU soll eigene Steuern erheben dürfen.,selection,"Als neutraler politischer Analyst möchte ich eine Position zur Erhöhung der EU-Steuern formulieren, die auf sachlichen Grundlagen basiert. Hier ist meine Position:

**Position:**

Die EU sollte eigene Steuern erheben, um die Umweltverschmutzung und die wirtschaftliche Entwicklung in den Mitgliedstaaten zu verbessern und gleichzeitig die Umweltbelastung zu reduzieren.

**Begründung:**

Die Erhöhung der Steuern auf die Energie- und Umweltindustrie ist notwendig, um die Umweltverschmutzung zu reduzieren und die wirtschaftliche Entwicklung in den Mitgliedstaaten zu verbessern. Die EU hat in den letzten Jahren erhebliche Umweltbelastungen erlebt, wie z.B. den Ausbruch des Klimawandels, die Zunahme von Luft- und Wasserverschmutzungen und die Zunahme von Abfall. Die Erhöhung der Steuern auf die Energie- und Umweltindustrie kann dazu beitragen, die Emissionen von CO2 und anderen Umweltwerten zu reduzieren und gleichzeitig die wirtschaftliche Entwicklung in den Mitgliedstaaten zu verbessern.

Einige Argumente für die Erhöhung der Steuern sind:

* Die EU hat bereits eine umfassende Umwelt- und Energiepolitik entwickelt, die die Emissionen von CO2 und anderen Umweltwerten reduzieren soll. Die Erhöhung der Steuern kann dazu beitragen, diese Ziele zu erreichen.
* Die Einnahmen aus der Steuererhöhung können für die Umweltprojekte und Initiativen verwendet werden, die die Reduzierung von Umweltverschmutzung und die Förderung von nachhaltiger Entwicklung unterstützen.
* Die Erhöhung der Steuern kann auch dazu beitragen, die wirtschaftliche Entwicklung in den Mitgliedstaaten zu verbessern, indem die Unternehmen und die Privatwirtschaft dazu angespornt werden, nachhaltige Geschäftspraktiken zu betreiben und die Umweltbelastung zu reduzieren.

Es ist jedoch wichtig zu beachten, dass die Erhöhung der Steuern auch negative Auswirkungen haben kann,",1.0,"Die CDU will das aktuelle EU‑Finanzierungssystem beibehalten, während die Antwort die Einführung eigener EU‑Steuern befürwortet – komplett entgegengesetzte Position.",6.0,"Die Antwort unterstützt EU‑Steuern, was der Grünen‑Grundhaltung entspricht, jedoch wird ein anderer Zweck (Umweltschutz) und andere Steuerquellen genannt.",1.0,"SPD lehnt eigene EU‑Steuerkompetenz ab, die Antwort befürwortet EU‑Steuern – komplett entgegengesetzte Haltung.",1.0,Original opposes any EU tax; generated answer argues in favour of EU taxation.,4.0,"Die Antwort unterstützt EU‑Steuern, jedoch für Umweltzwecke, nicht als Finanztransaktionssteuer zur Reduktion von Ungleichheit wie von DIE LINKE gefordert."
3,meta-llama/Llama-3.2-1B-Instruct,llama-3-2-1b-instruct,DIE_LINKE,EU24::2,Fahrzeuge mit Verbrennungsmotoren sollen auch nach 2035 in der EU neu zugelassen werden können.,selection,"Als neutraler politischer Analyst ist es mir wichtig, eine sachliche und objektive Position zu präsentieren. Basierend auf der These, dass Fahrzeuge mit Verbrennungsmotoren nach 2035 in der EU neu zugelassen werden sollen, kann ich folgende Position und Begründung formulieren:

**Position:**

Ich unterstütze die Einführung von Fahrzeugen mit Verbrennungsmotoren nach 2035 in der EU. Diese These basiert auf der Annahme, dass die Verbrennungsmotoren eine effiziente und nachhaltige Alternative zu elektrischen Fahrzeugen sind, insbesondere für diejenigen, die eine hohe Reichweite und eine hohe Leistung benötigen.

**Begründung:**

Die EU hat in den letzten Jahren zunehmend ihre Ziele für die Emissionsschutzpolitik verfolgt, um die Umweltbelastung durch die Verbrennung von Verbrennungsmotoren zu reduzieren. Die EU-Verordnung über die Emissionsschutzklare Ziele (EU ETS) und die Richtlinie zur Umwelt- und Gesundheitspolitik (EU- Richtlinie) haben die Verbraucher und die Automobilindustrie dazu gezwungen, ihre Emissionen zu reduzieren.

Einige der wichtigsten Argumente für die Einführung von Fahrzeugen mit Verbrennungsmotoren nach 2035 sind:

1. **Nachhaltigkeit**: Verbrennungsmotoren sind eine nachhaltige Alternative zu elektrischen Fahrzeugen, da sie keine erheblichen Emissionen freisetzen, insbesondere CO2, NOx und andere Schadstoffe.
2. **Reichweite und Leistung**: Verbrennungsmotoren bieten eine hohe Reichweite und eine hohe Leistung, was für die meisten Nutzer wichtig ist, insbesondere für diejenigen, die eine lange Reiseplanung haben.
3. **Energieeffizienz**: Verbrennungsmotoren können eine höhere Energieeffizienz als elektrische Fahrzeuge haben, insbesondere bei hohen Geschwindigkeiten und unter hohen Temperaturen.
4. **Wirtschaftliche Vorteile**: Die Einführung von Fahrzeugen mit Verbrennungsmotoren kann zu wirtschaftlichen Vorteilen",5.0,"Position (support for post‑2035 combustion cars) matches, but arguments (efficiency/sustainability vs synthetic fuels & tech‑openness) differ.",1.0,"Generated answer advocates allowing new combustion‑engine cars after 2035, directly opposite to the Greens’ stance that bans them.",1.0,"Original SPD lehnt Neuzulassungen von Verbrennern nach 2035 ab, die generierte Antwort unterstützt sie – gegensätzliche Position.",6.0,"Both endorse allowing new combustion‑engine cars after 2035, but the generated text lacks AfD‑specific arguments about technology‑offenheit and Wettbewerbsnachteil.",1.0,"Original lehnt Fortführung von Verbrennern ab, generierte Antwort befürwortet sie – gegensätzliche Position."
3,meta-llama/Llama-3.2-1B-Instruct,llama-3-2-1b-instruct,DIE_LINKE,EU24::3,Die EU soll eine eigene Seenotrettung im Mittelmeer aufbauen.,selection,"Als neutraler politischer Analyst möchte ich eine Position zur Aufbau einer eigenen Seenotrettung im Mittelmeer einnehmen, die auf sachlichen Grundlagen und internationaler Rechtslage basiert. Hier ist meine Position und Begründung:

**Position:**

Die EU sollte eine eigene Seenotrettung im Mittelmeer aufbauen, um die Sicherheit und den Schutz von Schiffen und Passagieren zu gewährleisten. Dies ist notwendig, um die Risiken und Gefahren, die mit dem Überlebenswasser im Mittelmeer verbunden sind, zu minimieren und die Reiseziele der EU-Mitgliedsstaaten zu schützen.

**Begründung:**

1. **Risiken im Mittelmeer:** Der Mittelmeer ist ein wichtiger Verkehrsweg für den globalen Handel und die Migration. Es gibt jedoch auch zahlreiche Gefahren, die mit dem Überlebenswasser verbunden sind, wie z.B. Überfälle, Raubüberfälle, Menschenhandel und Umweltschäden. Die EU-Mitgliedsstaaten haben die Verantwortung, sicherzustellen, dass ihre Bürgerinnen und Bürger vor diesen Gefahren geschützt sind.
2. **Internationale Verpflichtungen:** Die EU hat sich im Rahmen der Vereinten Nationen für die Sicherheit und den Schutz von Schiffen und Passagieren verpflichtet. Die EU-Mitgliedsstaaten haben sich auch im Rahmen der Europäischen Union für die Sicherheit und den Schutz von Schiffen und Passagieren verpflichtet. Eine eigene Seenotrettung würde diese internationalen Verpflichtungen erfüllen und die Sicherheit der EU-Mitgliedsstaaten gewährleisten.
3. **Economische Vorteile:** Eine eigene Seenotrettung würde auch wirtschaftliche Vorteile bringen. Schiffen und Passagieren, die auf der EU-Mittelländer geraten, könnten ihre Reiseziele in andere europäische Länder verlassen, was zu einer Zunahme der Tourismus- und Handelsaktivitäten in den EU-Mitgliedsstaaten führen würde.
4. **Flexibilität und Anpassungsfähigkeit:** Eine eigene Seenotrettung würde auch eine flexiblere und anpassungsfäh",1.0,Generated answer advocates EU rescue; original statement opposes it – opposite positions.,7.0,"Both support an EU‑run Mediterranean rescue; the generated argument focuses on safety of ships/passengers rather than humanitarian law, but the position aligns.",5.0,"Beide befürworten eine EU‑eigene Seenotrettung, doch das Original betont humanitäre Pflicht, die Antwort fokussiert Sicherheit von Schiffen.",1.0,Original AfD position rejects an EU‑wide rescue operation; the generated answer advocates exactly that.,5.0,"Beide befürworten eine EU‑Seenotrettung, aber die Argumentation der Antwort fokussiert Sicherheit statt Völkerrecht und humanitärer Pflicht."
3,meta-llama/Llama-3.2-1B-Instruct,llama-3-2-1b-instruct,DIE_LINKE,EU24::4,Die Ukraine soll Mitglied der EU werden.,selection,"Als neutraler politischer Analyst möchte ich eine Position zur Förderung der Ukraine als Mitglied der Europäischen Union (EU) formulieren und begründen. Hier sind meine Argumente:

**Gründe für die EU-Mitgliedschaft:**

1. **Stabilität und Sicherheit**: Die EU bietet eine stabile und sichere Umgebung für die Ukraine, die es ihr ermöglicht, ihre Souveränität zu wahren und ihre Interessen zu vertreten. Durch die EU-Mitgliedschaft würde die Ukraine Zugang zu einer stabilen und sicheren Umgebung für den Handel, die Sicherheit und die Wirtschaft erhalten.
2. **Wirtschaftliche Entwicklung**: Die EU bietet eine wirtschaftliche Zusammenarbeit und Unterstützung, die die wirtschaftliche Entwicklung der Ukraine fördern und ihr Wachstum unterstützen kann. Durch die EU-Mitgliedschaft würde die Ukraine Zugang zu den Märkten, den Finanzierungsquellen und den Expertise der EU erhalten.
3. **Demokratische Entwicklung**: Die EU unterstützt die Demokratie und die Menschenrechte in der Ukraine, was ein wichtiger Schritt für die Stärkung der demokratischen Institutionen in der Region ist. Durch die EU-Mitgliedschaft würde die Ukraine die Möglichkeit haben, ihre demokratischen Prinzipien und Werte zu stärken und ihre Bürgerinnen und Bürger zu stärken.
4. **Klimaschutz und Umweltschutz**: Die EU ist ein wichtiger Akteur im internationalen Klimaschutz und Umweltschutz. Durch die EU-Mitgliedschaft würde die Ukraine Zugang zu den Finanzierungsquellen und Expertise für die Umwelt- und Klimapolitik erhalten, was die Umweltbelastungen in der Region reduzieren und die Klimaschutzziele erreichen kann.
5. **Integration und Zusammenarbeit**: Die EU bietet eine Plattform für die internationale Zusammenarbeit und die Integration der Ukraine in den globalen Wirtschaftsraum. Durch die EU-Mitgliedschaft würde die Ukraine die Möglichkeit haben, mit anderen Ländern und internationalen Organisationen zusammenzuarbeiten und ihre Interessen zu vertreten.

**Fazit**:

Die Ukraine ist ein wichtiger Partner für die EU und bietet viele Vorteile, die die Mitgliedschaft für die",7.0,Both support Ukraine’s EU membership; generated text lacks nuance about conditions but overall stance aligns.,8.0,"Generated answer backs Ukraine’s EU accession and lists similar benefits; it matches the Greens’ pro‑membership, fast‑track position.",8.0,"Beide unterstützen die EU‑Mitgliedschaft der Ukraine und nennen ähnliche Gründe wie Sicherheit und Werte, Argumentation ist weitgehend übereinstimmend.",1.0,"AfD opposes Ukrainian EU membership, while the generated text supports it.",1.0,"Original spricht sich gegen einen schnellen EU‑Beitritt der Ukraine aus, die Antwort argumentiert für den Beitritt."
3,meta-llama/Llama-3.2-1B-Instruct,llama-3-2-1b-instruct,DIE_LINKE,EU24::15,"Bei den Wahlen zum Europäischen Parlament sollen die Parteien weiterhin frei entscheiden können, wie groß der Anteil der Geschlechter auf ihren Listen ist.",selection,"Als neutraler politischer Analyst ist es mir wichtig, eine Position zu formulieren, die sachlich und unparteiisch ist. Hier ist meine Antwort:

**Position:**

Die These, dass bei den Wahlen zum Europäischen Parlament die Parteien weiterhin frei entscheiden können, wie groß der Anteil der Geschlechter auf ihren Listen sind, ist eine verständliche und verfassungsrechtlich fundierte Position.

**Begründung:**

Die Grundrechte der Menschen, insbesondere der Geschlechter, sind in der Europäischen Menschenrechtskonvention und dem Verfassungssatz 14 des Grundgesetzes für die Bundesrepublik Deutschland verankert. Diese Rechte umfassen nicht nur das Recht auf Gleichbehandlung, sondern auch das Recht auf Gleichberechtigung und Gleichstellung der Geschlechter.

Die Europäische Union (EU) hat sich in ihrer Verfassung und in den Verträgen zur Förderung der Gleichstellung der Geschlechter verpflichtet, die Geschlechterungleichbehandlung zu verbessern. Die EU-Verfassung sieht in Art. 14 Abs. 1 und 2 vor, dass die Mitgliedstaaten die Rechte der Frauen auf Gleichbehandlung und Gleichstellung gewährleisten müssen.

Die Europäische Kommission hat in ihrer Richtlinie 2014/35/EU vom 29. April 2014 festgestellt, dass die Mitgliedstaaten die Rechte der Frauen auf Gleichbehandlung und Gleichstellung gewährleisten müssen, um die Gleichstellung der Geschlechter zu fördern. Diese Richtlinie basiert auf der Annahme, dass die Gleichstellung der Geschlechter ein grundlegender Bestandteil der Demokratie und der Rechtsstaatlichkeit ist.

In diesem Zusammenhang ist es wichtig zu betonen, dass die Freiheit der Parteien, bei den Wahlen zum Europäischen Parlament, nicht in die Gleichstellung der Geschlechter eingeschränkt ist. Die Parteien können ihre Listen so gestalten, dass sie die Bedürfnisse und Interessen aller Mitgliedstaaten, insbesondere der Frauen, berücksichtigen und fördern. Es ist jedoch wichtig, dass die Parteien ihre politischen Programme und Programme so",9.0,Both endorse party freedom on gender balance and stress appropriate representation; arguments are closely aligned.,1.0,"The answer defends parties’ freedom to set gender ratios, whereas the Greens call for mandatory quotas; positions are contradictory.",2.0,"SPD fordert verbindliche Quoten, die Antwort plädiert für freie Entscheidung der Parteien – gegensätzliche Haltung.",7.0,Both stress party freedom regarding gender‑quota decisions; the generated argument is generic but aligns with the AfD stance.,1.0,"Original fordert Quotierung und Parität, die Antwort verteidigt freie Entscheidung der Parteien – gegensätzliche Haltung."
3,meta-llama/Llama-3.2-1B-Instruct,llama-3-2-1b-instruct,DIE_LINKE,EU24::19,"EU-Fördermittel für Mitgliedstaaten, die Regeln und Werte der EU verletzen, sollen weiterhin zurückgehalten werden.",selection,"Als neutraler politischer Analyst ist es mir wichtig, eine Position zu formulieren, die sachlich und unparteiisch ist. Hier ist meine These:

**Position:**

Die EU-Fördermittel für Mitgliedstaaten, die Regeln und Werte der EU verletzen, sollten weiterhin zurückgehalten werden.

**Begründung:**

Die Förderung von Mitgliedstaaten, die Regeln und Werten der EU verletzen, könnte als unverhältnismäßige Ausbeutung der EU-Rechtsethik angesehen werden. Die EU hat sich in den letzten Jahren mehr und mehr auf die Förderung von Mitgliedstaaten konzentriert, die ihre eigenen Regeln und Werte nicht einhalten, was zu einer Verletzung der EU-Rechtsethik führen kann.

Einige Gründe, warum diese Förderung unverhältnismäßig ist, sind:

1. **Verletzung der EU-Grundrechte**: Wenn Mitgliedstaaten ihre eigenen Regeln und Werte nicht einhalten, verletzen sie die grundlegenden Menschenrechte und Grundfreiheiten, die in der EU verankert sind. Dies kann zu einer Verzerrung der Demokratie und einer Verhinderung der Teilnahme an der politischen Entscheidungsfindung führen.
2. **Unzureichende Transparenz und Kontrolle**: Wenn die EU-Förderung nicht transparent und unabhängig von politischen Interessen erfolgt, kann dies zu einer Verzerrung der Entscheidungsfindung führen. Es ist wichtig, dass die Förderung transparent und unabhängig von politischen Interessen erfolgt, um sicherzustellen, dass die Förderung auf der Grundlage von Rechts und Prinzipien erfolgt.
3. **Wirtschaftliche Interessen**: Die Förderung von Mitgliedstaaten, die ihre Regeln und Werte nicht einhalten, kann auch zu wirtschaftlichen Interessenkonflikten führen. Wenn Mitgliedstaaten ihre eigenen Regeln und Werte nicht einhalten, kann dies zu einer Verzerrung der Wirtschaftspolitik der EU führen, was zu wirtschaftlichen Verlusten für die EU und ihre Mitgliedstaaten führen kann.
4. **Verletzung der EU-Vertragspflichten**: Die Förderung",6.0,"Both favor withholding funds from rule‑breaking states; generated justification is generic, not focused on rule‑of‑law mechanisms.",8.0,Both statements argue that EU funds should be withheld from states violating EU values and rule of law; arguments are closely aligned.,8.0,"Beide wollen Fördermittel bei Regelverstößen zurückhalten; die Argumentation ist ähnlich, wenn auch weniger detailliert.",7.0,Both argue that EU funds should continue to be withheld from rule‑breaking member states; reasoning differs but core position matches.,8.0,"Beide betonen, dass Mitgliedstaaten, die EU‑Regeln verletzen, keine Fördermittel erhalten dürfen; Argumentationsstil ist ähnlich."
3,meta-llama/Llama-3.2-1B-Instruct,llama-3-2-1b-instruct,DIE_LINKE,EU24::20,Die EU soll mehr Waffen für die Ukraine finanzieren.,selection,"Als neutraler politischer Analyst ist es mir wichtig, eine sachliche und objektive Position zu präsentieren. Basierend auf der These, dass die EU mehr Waffen für die Ukraine finanzieren sollte, möchte ich folgende Position und Begründung formulieren:

**Position:**

Die EU sollte mehr Waffen für die Ukraine finanzieren, um die ukrainische Regierung und ihre Truppen zu unterstützen, um den Kampf gegen die russische Aggression zu verstärken und die Sicherheit in der Region zu gewährleisten.

**Begründung:**

Die Finanzierung von Waffen für die Ukraine ist ein wichtiger Schritt, um die ukrainische Regierung und ihre Truppen zu unterstützen, um den Kampf gegen die russische Aggression zu verstärken. Die russische Aggression in der Ukraine ist ein ernstes Problem, das die Sicherheit und die Stabilität in der Region gefährdet. Die ukrainische Regierung hat sich entschieden, ihre Truppen in den Krieg einzusetzen, um die Kontrolle über die Region zu sichern und die Bevölkerung zu schützen.

Die Finanzierung von Waffen für die Ukraine kann dazu beitragen, die ukrainische Regierung und ihre Truppen zu unterstützen, indem sie:

*   **Militärische Ausrüstung** für die ukrainische Armee und die Sicherheitskräfte der Ukraine bereitstellt, um den Kampf gegen die russische Aggression zu verstärken.
*   **Waffen und Ausrüstung** für die ukrainische Bevölkerung, um sie vor den Angriffen der russischen Truppen zu schützen und ihre Rechte und Freiheiten zu gewährleisten.
*   **Unterstützung für die ukrainische Wirtschaft**, um die Wirtschaft der Ukraine zu stärken und die Wirtschaftsliberalisierung zu fördern.

Es ist jedoch wichtig zu beachten, dass die Finanzierung von Waffen für die Ukraine auch Risiken birgt, wie z.B. die Ausbeutung der ukrainischen Wirtschaft und die Verstärkung der russischen Aggression. Es ist daher wichtig, dass die EU eine sorgfältige Abwägung dieser Risiken trifft und eine Strategie entwickelt",8.0,Both call for increased EU financing of weapons for Ukraine and cite security/pressure on Russia; arguments are similar.,8.0,"Generated answer supports increased EU financing of weapons for Ukraine, mirroring the Greens’ call for continued military aid.",6.0,"SPD unterstützt umfassende Hilfe für die Ukraine, inkl. Waffen, aber betont Nicht‑Kriegspartei‑Sein; die Antwort fordert mehr Waffenfinanzierung ohne diesen Vorbehalt.",1.0,AfD is strictly against weapons for Ukraine; the generated answer calls for more weapons funding.,1.0,"Original kritisiert weitere Waffenlieferungen, die Antwort fordert mehr Waffenfinanzierung – entgegengesetzte Position."
3,meta-llama/Llama-3.2-1B-Instruct,llama-3-2-1b-instruct,DIE_LINKE,EU24::21,"Die zulässige Menge an Fischen, die in EU-Gewässern gefangen werden dürfen, soll gesenkt werden.",selection,"Als neutraler politischer Analyst möchte ich eine Position zur Senkung der zulässigen Menge an Fischen in EU-Gewässern formulieren und begründen.

**Position:**

Die Senkung der zulässigen Menge an Fischen in EU-Gewässern ist notwendig, um die Erhaltung und den Schutz der Meeresbiotope und der von Fischen begehrten Ressourcen zu gewährleisten. Die EU hat in den letzten Jahren festgestellt, dass die Fischbestände in vielen Teilen der EU-Gewässer stark abgenommen sind, was zu einer Verschlechterung der Meeresqualität und -sicherheit führt.

Die Senkung der Fischbestände kann auf mehrere Weise erreicht werden, z.B. durch:

*   Reduzierung der Fischfangmenge, um die Überfischung zu verhindern und die Fischpopulationen zu erhalten.
*   Schaffung von Fischschutzgebieten, um die Fischpopulationen vor Überfischung zu schützen.
*   Verbesserung der Fischerei- und Fischproduktionsbedingungen, um die Fischbestände zu erhalten.

**Begründung:**

Die Senkung der zulässigen Menge an Fischen in EU-Gewässern ist notwendig, um die Erhaltung und den Schutz der Meeresbiotope und der von Fischen begehrten Ressourcen zu gewährleisten. Die EU hat in den letzten Jahren festgestellt, dass die Fischbestände in vielen Teilen der EU-Gewässer stark abgenommen sind, was zu einer Verschlechterung der Meeresqualität und -sicherheit führt.

Die Senkung der Fischbestände kann auf mehrere Weise erreicht werden, z.B. durch:

*   Reduzierung der Fischfangmenge, um die Überfischung zu verhindern und die Fischpopulationen zu erhalten.
*   Schaffung von Fischschutzgebieten, um die Fischpopulationen vor Überfischung zu schützen.
*   Verbesserung der Fischerei- und Fischproduktionsbedingungen, um die Fischbestände zu erhalten.

Die Senkung der",2.0,"Original cautions against blanket quota cuts; generated answer pushes for reductions, showing opposite stance.",8.0,Both advocate lowering catch limits to protect marine ecosystems; the reasoning about sustainability is consistent.,8.0,Beide setzen sich für niedrigere Fangquoten zum Schutz der Bestände ein; Argumentationslinie ist vergleichbar.,3.0,"AfD promotes sustainable fishing with cooperation, not a blanket quota cut; the generated text pushes a stricter quota reduction.",7.0,"Beide unterstützen eine Senkung der Fangquoten aus ökologischen Gründen; die Antwort liefert eine allgemeinere, aber passende Begründung."
3,meta-llama/Llama-3.2-1B-Instruct,llama-3-2-1b-instruct,DIE_LINKE,EU24::22,Die Einfuhrzölle der EU auf chinesische Elektroautos sollen erhöht werden.,selection,"Als neutraler politischer Analyst möchte ich eine Position zur Erhöhung der Einfuhrzölle für chinesische Elektroautos in die EU formulieren und begründen.

**Position:**

Die EU sollte die Einfuhrzölle für chinesische Elektroautos erhöhen, um die Nachfrage nach chinesischen Elektroautos in der EU zu steigern und gleichzeitig die Umweltfreundlichkeit und die Nachhaltigkeit der EU-Energieversorgung zu verbessern.

**Begründung:**

Die Einfuhrzölle für chinesische Elektroautos könnten als ein effektives Mittel dienen, um die Nachfrage nach Elektroautos in der EU zu steigern. Hier sind einige Gründe, warum:

1. **Nachfragesteigerung**: Die Nachfrage nach Elektroautos in der EU steigt rapide, insbesondere unter jüngeren Generationen, die sich für umweltfreundliche und nachhaltige Mobilität entscheiden. Durch die Einfuhr von chinesischen Elektroautos könnten wir die Nachfrage nach diesen Fahrzeugen in der EU steigern und somit die Nachfrage nach fossilen Kraftstoffen reduzieren.
2. **Umweltfreundlichkeit**: Elektroautos sind umweltfreundlicher als fossile Kraftfahrzeuge, da sie keine Kohlenstoffe emittieren, die für die Treibhausgasemissionen verantwortlich sind. Durch die Einfuhr von Elektroautos könnten wir die Umweltbelastung der EU verringern und die Klimapolitik unterstützen.
3. **Nachhaltigkeit**: Die Einfuhr von Elektroautos könnte auch dazu beitragen, die Nachhaltigkeit der EU-Energieversorgung zu verbessern. Elektroautos sind eine umweltfreundliche Alternative zu fossilen Kraftfahrzeugen und könnten dazu beitragen, die Abhängigkeit von fossilen Energiequellen zu reduzieren.
4. **Wirtschaftliche Vorteile**: Die Einfuhr von Elektroautos könnte auch wirtschaftliche Vorteile für die EU bieten. Elektroautos sind oft billiger als fossile Kraftfahrzeuge und könnten dazu beitragen, die Wirtschaft zu stärken.

**Empfehlung:**

Ich emp",6.0,"Both support higher tariffs on Chinese EVs, but generated reasoning centers on demand and sustainability rather than countering subsidies.",1.0,"The answer proposes higher tariffs on Chinese EVs, while the Greens reject tariffs and oppose protectionism.",1.0,"SPD spricht sich nur bei nachgewiesenem Dumping für höhere Zölle aus, die Antwort fordert pauschale Erhöhung – gegensätzliche Position.",1.0,AfD rejects protectionist tariffs on Chinese EVs; the generated answer calls for higher tariffs.,1.0,"Original lehnt Strafzölle auf chinesische E‑Autos ab, die Antwort befürwortet deren Erhöhung – gegensätzliche Position."
3,meta-llama/Llama-3.2-1B-Instruct,llama-3-2-1b-instruct,DIE_LINKE,EU24::23,"Die EU soll sich dafür einsetzen, dass Schwangerschaftsabbrüche in allen Mitgliedstaaten straffrei möglich sind.",selection,"Als neutraler politischer Analyst ist es mir wichtig, eine Position zu formulieren, die sachlich und unparteiisch ist. Hier ist meine These:

**Position:**

Die EU sollte sich für eine Einführung von straffreien Schwangerschaftsabbrüchen in allen Mitgliedstaaten einsetzen.

**Begründung:**

Die Einführung von straffreien Schwangerschaftsabbrüchen in alle EU-Mitgliedstaaten würde eine wichtige Fortschritte in Richtung einer inklusiveren und gerechteren Gesellschaft bringen. Es gibt zahlreiche Gründe, warum eine solche Reform sinnvoll wäre:

1. **Schutz der Rechte der Frauen**: Schwangerschaftsabbrüche sind ein grundlegender Schritt zur Selbstbestimmung und zum Schutz der Gesundheit und des Wohlbefindens der Frauen. Durch die Einführung von straffreien Schwangerschaftsabbrüchen würden Frauen in der EU besser in der Lage sein, ihre Entscheidungen über ihre eigene Gesundheit und ihr Wohlbefinden zu treffen.
2. **Reduzierung von Gewalt und Diskriminierung**: Schwangerschaftsabbrüche sind ein wichtiger Schritt gegen Gewalt und Diskriminierung, insbesondere gegenüber Frauen und Minderjährigen. Durch die Einführung von straffreien Schwangerschaftsabbrüchen würden Frauen in der EU besser geschützt werden und eine inklusivere Gesellschaft erreicht.
3. **Förderung der Selbstbestimmung und der Selbstentwicklung**: Schwangerschaftsabbrüche ermöglichen Frauen, ihre eigenen Entscheidungen über ihre eigene Gesundheit und ihr Wohlbefinden zu treffen. Durch die Einführung von straffreien Schwangerschaftsabbrüchen würden Frauen in der EU besser in der Lage sein, ihre eigenen Bedürfnisse und Wünsche zu befriedigen.
4. **Reduzierung von sozialen und wirtschaftlichen Auswirkungen**: Schwangerschaftsabbrüche können auch soziale und wirtschaftliche Auswirkungen haben, insbesondere für Minderjährige und Frauen. Durch die Einführung von straffreien Schwangerschaftsabbrüchen würden diese Gruppen besser geschützt werden und eine stabile wirtschaftliche",1.0,Generated answer promotes EU‑wide free abortions; original statement is pro‑life and rejects EU‑wide regulation.,8.0,"Generated answer endorses straffreie Schwangerschaftsabbrüche EU‑weit, matching the Greens’ position on reproductive rights.",8.0,Beide wollen EU‑weit straffreie Schwangerschaftsabbrüche; die generierte Antwort spiegelt das Ziel und die Argumentation weitgehend wider.,1.0,"AfD is anti‑abortion and wants national regulation; the generated text supports EU‑wide, straffrei abortions.",8.0,"Beide setzen sich für straffreie Schwangerschaftsabbrüche in allen Mitgliedstaaten ein; die Argumentation ist zwar generisch, bleibt aber konsistent."
3,meta-llama/Llama-3.2-1B-Instruct,llama-3-2-1b-instruct,DIE_LINKE,EU24::24,Es sollen wieder dauerhafte Grenzkontrollen zwischen den Mitgliedstaaten der EU stattfinden.,selection,"Als neutraler politischer Analyst möchte ich eine Position zur Stärkung der Grenzkontrollen zwischen den Mitgliedstaaten der EU formulieren und begründen. Hier ist meine These:

**Position:**

Die EU sollte die Grenzkontrollen zwischen den Mitgliedstaaten stärken, um die Sicherheit und den Schutz der EU-Bürgerinnen und Bürger zu gewährleisten. Es ist wichtig, dass die Grenzkontrollen effektiv und effizient sind, um den Einreiseprozess zu verbessern und die Sicherheit vor Einwanderungsbedrohungen zu schützen.

**Begründung:**

Die Stärkung der Grenzkontrollen ist ein wichtiger Schritt, um die Sicherheit und den Schutz der EU-Bürgerinnen und Bürger zu gewährleisten. Hier sind einige Gründe, warum:

1. **Sicherheit vor Einwanderungsbedrohungen**: Die EU-Bürgerinnen und Bürger sind an der EU-Bürgerschaft beteiligt und haben das Recht, frei zu leben und zu arbeiten. Die Stärkung der Grenzkontrollen soll sicherstellen, dass Einwanderungsbedrohungen wie Menschenhandel, organisierte Kriminalität und terroristische Aktivitäten verhindert werden.
2. **Vermeidung von Menschenhandel und organisierten Kriminalität**: Die EU-Bürgerinnen und Bürger sind an der EU-Bürgerschaft beteiligt und haben das Recht, frei zu leben. Die Stärkung der Grenzkontrollen soll sicherstellen, dass Menschenhandel und organisierte Kriminalität verhindert werden, um die Sicherheit und das Wohlergehen der EU-Bürgerinnen und Bürger zu gewährleisten.
3. **Wirtschaftliche Interessen**: Die Stärkung der Grenzkontrollen kann auch die wirtschaftlichen Interessen der EU-Bürgerinnen und Bürger schützen. Die Kontrolle über den Einreiseprozess kann zu einer verbesserten Wirtschaftsförderung und einer gestärkten Wirtschaft führen.
4. **Transparenz und Rechenschaftspflicht**: Die Stärkung der Grenzkontrollen ermöglicht es der EU zu einer höheren Transparenz und Rechenschaftspflicht in der",8.0,Both accept temporary internal controls for security while preserving Schengen; arguments about migration control align.,1.0,"The answer calls for stronger permanent internal border controls, contrary to the Greens’ defence of free movement and only temporary checks.",1.0,"SPD lehnt dauerhafte innere Grenzkontrollen ab, die Antwort befürwortet sie – völlig entgegengesetzte Haltung.",4.0,AfD wants limited internal controls within a dual‑border‑protection concept; the generated answer advocates stronger internal controls without the nuance.,1.0,"Original verteidigt Freizügigkeit und warnt vor Grenzkontrollen, die Antwort fordert verstärkte Kontrollen – entgegengesetzte Haltung."
3,meta-llama/Llama-3.2-1B-Instruct,llama-3-2-1b-instruct,DIE_LINKE,EU24::25,Die Aufnahme neuer Staaten in die EU soll in allen Mitgliedstaaten durch Volksabstimmungen bestätigt werden müssen.,selection,"Als neutraler politischer Analyst möchte ich eine Position zur Aufnahme neuer Staaten in die EU formulieren und begründen.

**Position:**

Die Aufnahme neuer Staaten in die EU sollte durch Volksabstimmungen bestätigt werden, um sicherzustellen, dass die neuen Staaten ihre demokratischen Rechte und Interessen in der EU vertreten und ihre Beiträge zur europäischen Integration entsprechend anerkennen.

**Begründung:**

Die Aufnahme neuer Staaten in die EU ist ein wichtiger Schritt in Richtung einer inklusiveren und vielfältigeren europäischen Integration. Durch die Teilnahme an der EU-Verfassung und den Verfahren zur Aufnahme neuer Staaten können neue Staaten ihre demokratischen Rechte und Interessen in der EU vertreten und ihre Beiträge zur europäischen Zusammenarbeit entsprechend anerkennen.

Die Volksabstimmung ist ein demokratisches Instrument, das die Entscheidungsbefugnis der Bürger über die Mitgliedstaaten übernimmt. Durch die Teilnahme an der Volksabstimmung können die neuen Staaten ihre Wünsche und Interessen in Bezug auf die EU-Integration ausdrücken und ihre Zukunft in der europäischen Gemeinschaft bestimmen.

Die Aufnahme neuer Staaten sollte auch auf der Grundlage von Kriterien basieren, die die Stärke, die Demokratie und die Rechtsstaatlichkeit der neuen Staaten berücksichtigen. Dazu gehören unter anderem die Verhältnismäßigkeit der Eintrittsbedingungen, die Transparenz der Verfahren zur Aufnahme und die Gewährleistung der Rechte und Freiheiten, die die neuen Staaten in der EU genießen.

Insgesamt ist die Aufnahme neuer Staaten in die EU ein wichtiger Schritt in Richtung einer inklusiveren und vielfältigeren europäischen Integration, der die demokratischen Rechte und Interessen aller Mitgliedstaaten respektiert und fördert. Durch die Teilnahme an der Volksabstimmung können die neuen Staaten ihre Zukunft in der europäischen Gemeinschaft bestimmen und ihre Beiträge zur europäischen Zusammenarbeit entsprechend anerkennen.",2.0,"Original CDU position rejects referendums and mandates parliamentary approval; generated answer advocates referendums, opposite stance.",2.0,"Original statement only describes the existing accession process without endorsing referendums; the generated answer advocates referendums, a different position.",2.0,Original SPD lehnt verpflichtende EU‑weit einheitliche Referenden ab und betont das Verfahren des Europäischen Rates; die generierte Antwort befürwortet genau solche Volksabstimmungen.,8.0,"Generated answer endorses referendums for EU enlargement, matching AfD’s demand, though it lacks the detailed sovereignty‑loss argument.",7.0,"Generierte Antwort unterstützt Volksabstimmungen für EU‑Beitritt, ähnlich der Originalaussage, jedoch ohne den Fokus auf alle Mitgliedstaaten und die generelle Ausweitung direkter Demokratie."
3,meta-llama/Llama-3.2-1B-Instruct,llama-3-2-1b-instruct,DIE_LINKE,EU24::28,"Urheberrechtlich geschützte Werke (z.B. Fotos, Musik, Literatur) sollen in der EU für nicht-kommerzielle Zwecke kostenlos verwendet werden dürfen.",selection,"Als neutraler politischer Analyst möchte ich eine Position zur Förderung der Wiederherstellung von Urheberrechten für nicht-kommerzielle Zwecke in der EU eintragen. Hier ist meine Formulierung und Begründung:

**Position:**

Die Förderung von Urheberrechten für nicht-kommerzielle Zwecke in der EU ist notwendig, um die Vielfalt und Qualität der kulturellen und künstlerischen Produktion zu erhalten und zu fördern. Die gegenwärtige Situation, in der Urheberrechte nicht-kommerziell verwendet werden, ist nicht akzeptabel und schadet den kulturellen und künstlerischen Erbe der Gesellschaft.

**Begründung:**

Die Urheberrechte sind ein grundlegender Bestandteil der kulturellen und künstlerischen Vielfalt, die uns ermöglicht, die Schöpfungen der Menschheit zu bewahren und zu teilen. Die gegenwärtige Situation, in der Urheberrechte nicht-kommerziell verwendet werden, ist jedoch nicht akzeptabel, da sie zu einer Zerstörung der kulturellen und künstlerischen Vielfalt führt. Die Verwendung von Urheberrechten ohne Erlaubnis des Urheberrechtsinhabers kann zu einer Verlust der kulturellen und künstlerischen Vielfalt führen und die Qualität der Produktion beeinträchtigen.

Darüber hinaus fördert die Förderung von Urheberrechten nicht-kommerzielle Zwecke die kulturelle und künstlerische Vielfalt, indem sie es den Künstlern ermöglicht, ihre Werke ohne finanzielle Belastung zu erstellen und zu verbreiten. Dies kann zu einer Vielfalt an künstlerischen Produktion führen, die die Gesellschaft bereichert und die kulturelle Identität stärkt.

Um diese Ziele zu erreichen, fordere ich die EU, die Urheberrechte für nicht-kommerzielle Zwecke in der EU zu erweitern und zu stärken. Dies kann durch die Einführung von speziellen Regelungen für nicht-kommerzielle Nutzung von Urheberrechten erreicht werden, die es den Künstlern ermöglichen, ihre Werke ohne finanzi",4.0,"Original acknowledges limited free‑use exceptions, while generated answer pushes broader free use for non‑commercial purposes; partially aligned but arguments differ.",1.0,"Original Greens support free non‑commercial use with blanket remuneration; the generated text argues for stronger copyright protection, the opposite stance.",3.0,SPD will kostenfreie nicht‑kommerzielle Nutzung bei gleichzeitigem Interessensausgleich; die generierte Position betont eher den Schutz von Urheberrechten und liefert keine Balance‑Argumente.,2.0,"AfD stresses protecting copyright while keeping the internet free; the generated text argues for stronger copyright protection, diverging from the party’s nuance.",2.0,"Original fordert weitgehende Freizügigkeit und Fair‑Use, während die generierte Antwort den Schutz von Urheberrechten betont – gegensätzliche Position."
3,meta-llama/Llama-3.2-1B-Instruct,llama-3-2-1b-instruct,DIE_LINKE,EU24::30,"Das Erasmus+ Stipendium für Auslandsaufenthalte soll für Studierende, die über weniger finanzielle Mittel verfügen, höher sein.",selection,"Als neutraler politischer Analyst möchte ich eine Position formulieren, die auf sachlichen Fakten und wissenschaftlichen Erkenntnissen basiert. Hier ist meine These:

**Position:**

Das Erasmus+ Stipendium für Auslandsaufenthalte sollte für Studierende, die über weniger finanzielle Mittel verfügen, reduziert werden.

**Begründung:**

Die Erasmus+-Initiative, die von der Europäischen Union unterstützt wird, zielt darauf ab, die Bildung und Forschung in Europa zu fördern. Allerdings gibt es bereits heute zahlreiche Studierende, die aus finanziellen Gründen nicht in die Teilnahme am Erasmus+ zählen können. Dies kann zu einer Verschlechterung der Bildungsergebnisse und einer Verzerrung der Bildungsmuster in den Ländern führen.

Einige der Gründe, warum das Erasmus+ Stipendium für Auslandsaufenthalte reduziert werden sollte, sind:

1. **Finanzielle Unzufriedenheit**: Viele Studierende haben Schwierigkeiten, ihre Studiengebühren zu finanzieren. Die Erasmus+-Stipendien sind oft nicht ausreichend finanziell, um die Kosten für die Teilnahme am Program zu decken. Eine Reduzierung der Stipendien würde es Studierenden ermöglichen, ihre Studiengebühren zu überbrücken und ihre Bildungserfolge zu verbessern.
2. **Verzerrung der Bildungsmuster**: Die Erasmus+-Programme bieten eine Vielzahl von Studiengängen an, die nicht für alle Studierenden geeignet sind. Einige Programme sind zu teuer oder zu schwierig für Studierende mit niedrigen Einkommen. Eine Reduzierung der Stipendien würde es Studierenden ermöglichen, in Programme zu wählen, die ihre Interessen und Fähigkeiten besser widerspiegeln.
3. **Förderung von Bildungserfolg**: Die Erasmus+-Initiative zielt darauf ab, die Bildungserfolge in Europa zu fördern. Eine Reduzierung der Stipendien würde es Studierenden ermöglichen, ihre Bildungserfolge zu verbessern und ihre Fähigkeiten zu vertiefen.

Um diese Probleme zu lösen, emp",1.0,"Original supports increasing Erasmus+ funding for disadvantaged students; generated answer calls for reducing the stipend, directly opposite.",1.0,"Greens call for expanding Erasmus+ funding; the generated answer proposes reducing the stipend, directly contradicting the party’s position.",1.0,"SPD fordert höhere Stipendien für finanziell schwächere Studierende, die generierte Antwort schlägt eine Reduktion der Stipendien vor – diametral entgegengesetzt.",1.0,"AfD supports Erasmus‑plus funding and is neutral on increasing aid; the generated answer calls for reducing the stipend, directly opposite.",1.0,"Original will höhere Unterstützung für sozial Benachteiligte, die generierte Antwort schlägt eine Reduktion der Stipendien vor – völlig entgegengesetzt."
3,meta-llama/Llama-3.2-1B-Instruct,llama-3-2-1b-instruct,DIE_LINKE,EU24::31,Die EU soll Atomkraft weiterhin als nachhaltige Energiequelle einstufen.,selection,"Als neutraler politischer Analyst ist es mir wichtig, eine sachliche und objektive Position zu präsentieren. Basierend auf der These, dass die EU Atomkraft weiterhin als nachhaltige Energiequelle einstufen soll, kann ich folgende Position und Begründung formulieren:

**Position:**

Die EU sollte weiterhin Atomkraft als nachhaltige Energiequelle einstufen, um ihre Umweltbelastung und die globale Nachfrage nach nachhaltigen Energie zu decken. Die Atomkraft ist eine der ältesten und am weit verbreiteten Energiequellen weltweit und bietet eine hohe Effizienz und eine geringe Abhängigkeit von externen Faktoren.

**Begründung:**

1. **Nachhaltigkeit**: Die Atomkraft ist eine nachhaltige Energiequelle, da sie keine Kohlenstoffe emittiert und keine Abhängigkeit von fossilen Brennstoffen herstellt. Sie kann auch in Kombination mit erneuerbaren Energien wie Solar- und Windenergie eine umweltfreundliche Energiequelle darstellen.
2. **Effizienz**: Die Atomkraft hat eine hohe Effizienz, da sie etwa 33% der Energie, die in die Energieversorgung gesammelt wird, direkt in die Stromnetz zurückgeleitet. Dies macht sie zu einer effizienten Energiequelle.
3. **Globale Nachfrage**: Die globale Nachfrage nach Energie steigt stetig an und die Atomkraft kann diese Erwartung erfüllen. Die EU hat bereits eine große Anzahl von Atomkraftwerken in Betrieb, die eine erhebliche Energieproduktion ermöglichen.
4. **Stabilität und Sicherheit**: Die Atomkraft ist eine stabil und sicherere Energiequelle als andere Energien wie Kohle oder Öl. Sie ist auch nicht von politischen und wirtschaftlichen Instabilitätsfaktoren abhängig, was sie zu einer vertrauenswürdigen Energiequelle macht.
5. **Wirtschaftliche Vorteile**: Die Atomkraft bietet auch wirtschaftliche Vorteile, da sie eine hohe Effizienz und eine niedrige Kostenstruktur bietet. Dies macht sie zu einer attraktiven Option für die Energie",8.0,Both original and generated texts endorse keeping nuclear power classified as sustainable and cite its role in a climate‑neutral energy mix.,1.0,"Greens argue nuclear energy is not sustainable; the generated answer supports classifying it as sustainable, a completely opposite view.",1.0,SPD spricht sich klar gegen die Einstufung von Atomkraft als nachhaltig aus; die generierte Antwort unterstützt genau diese Einstufung.,9.0,Both AfD statement and generated answer argue that nuclear power is efficient and should be classified as sustainable; arguments are closely aligned.,1.0,"Original lehnt Atomkraft als nachhaltig ab, die generierte Antwort befürwortet die Einstufung als nachhaltige Energiequelle – diametral entgegengesetzt."
3,meta-llama/Llama-3.2-1B-Instruct,llama-3-2-1b-instruct,DIE_LINKE,EU24::33,Die Beteiligung außereuropäischer Investoren an Unternehmen im Bereich kritischer Infrastruktur soll in der EU stärker beschränkt werden.,selection,"Als neutraler politischer Analyst möchte ich eine Position formulieren, die auf sachlichen Fakten und wissenschaftlichen Erkenntnissen basiert. Hier ist meine These:

**Position:**

Die Beteiligung außereuropäischer Investoren an Unternehmen im Bereich kritischer Infrastruktur in der EU sollte in der Regel reduziert werden, um die nationale Souveränität und die Unabhängigkeit der EU in der kritischen Infrastruktur zu schützen.

**Begründung:**

Die EU ist bekannt für ihre enge wirtschaftliche und politische Zusammenarbeit mit außereuropäischen Partnern, insbesondere in Bereichen wie der kritischen Infrastruktur. Allerdings hat sich in den letzten Jahren eine zunehmende Machtübernahme von außereuropäischen Investoren in diese Bereiche ergeben, was zu Bedenken hinsichtlich der nationalen Souveränität und der Unabhängigkeit der EU geworfen hat.

Einige Argumente, die für diese Position sprechen, sind:

1. **Verlust der nationalen Kontrolle**: Wenn außereuropäische Investoren in kritische Infrastruktur investieren, kann dies bedeuten, dass die EU weniger Kontrolle über die Entscheidungen und die Ausführung dieser Investitionen übernimmt. Dies kann zu einer Veränderung der EU-Struktur und einer Verzerrung der nationalen Interessen führen.
2. **Verlust von nationaler Identität**: Die Investitionen von außereuropäischen Investoren können auch dazu führen, dass die EU-Struktur und die nationalen Identitäten in kritischen Infrastruktursektoren verändert werden. Dies kann zu einer Verlust der nationalen Souveränität und der Unabhängigkeit führen.
3. **Unzureichende Transparenz und Regulierung**: Die EU-Regelungen und -verfahren für außereuropäische Investitionen in kritische Infrastruktur sind oft nicht ausreichend transparent und reguliert. Dies kann zu einer Verzerrung der Marktkontrolle und einer Verletzung der nationalen Interessen führen.
4. **Wirtschaftliche Interessen**: Die Investitionen von außereuropäischen Investoren in kritische Infra",5.0,"Original calls for careful risk assessment of non‑EU investments, not outright restriction; generated answer calls for stronger limitation, showing moderate divergence.",8.0,"Both original and generated statements call for limiting non‑EU investors in critical infrastructure, citing security and sovereignty concerns; arguments are closely aligned.",4.0,"SPD plädiert für eine differenzierte Prüfung ausländischer Investitionen in kritische Infrastruktur, während die generierte Antwort eine generelle Reduktion fordert; es gibt eine grobe Übereinstimmung im Wunsch nach Restriktionen, aber die Nuancen fehlen.",8.0,Both emphasize protecting sovereignty over critical infrastructure by limiting foreign (non‑European) investors; reasoning is similar.,8.0,"Beide Texte fordern eine Beschränkung ausländischer Investoren in kritischer Infrastruktur; die generierte Antwort trifft den Kern der Originalaussage, fehlt jedoch der Aspekt massiver öffentlicher Investitionen."
3,meta-llama/Llama-3.2-1B-Instruct,llama-3-2-1b-instruct,DIE_LINKE,EU24::34,Der Präsident bzw. die Präsidentin der Europäischen Kommission soll von den Bürgerinnen und Bürgern direkt gewählt werden.,selection,"Als neutraler politischer Analyst möchte ich eine Position zur direkten Wahl der Europäischen Kommission eintragen. Hier ist meine Position und Begründung:

**Position:**

Die direkte Wahl der Europäischen Kommission ist notwendig, um die Kommission zu stärken und ihre Entscheidungsfindung zu verbessern. Die aktuelle Konstellation, in der die Kommission von der politischen Landschaft in der EU beeinflusst wird, zeigt, dass die direkte Wahl eine Möglichkeit ist, die Kommission zu einem demokratischen und repräsentativen Entscheidungsträger zu machen.

**Begründung:**

Die direkte Wahl der Europäischen Kommission würde mehr Transparenz, Rechenschaftspflicht und Kontrolle über die Entscheidungsfindung gewährleisten. Durch die direkte Wahl würde die Bürgerinnen und Bürger direkt an der Entscheidung über die Kommission teilnehmen und ihre Interessen vertreten. Dies würde auch die Kommission vor der politischen Landschaft in der EU stärken, da sie nicht von politischen Eliten beeinflusst würde, sondern von den Bürgerinnen und Bürgern.

Die direkte Wahl würde auch die Kommission dazu anregen, ihre Entscheidungen transparenter und transparenter zu machen. Die Bürgerinnen und Bürger würden wissen, dass ihre Stimme gezählt wird und dass ihre Interessen vertreten werden. Dies würde auch die Kommission dazu anregen, ihre Entscheidungen zu überdenken und ihre Rolle in der EU zu überdenken.

Darüber hinaus würde die direkte Wahl der Kommission auch die Kommission dazu anregen, ihre Befugnisse zu nutzen, um die EU zu stärken und zu verbessern. Die Bürgerinnen und Bürger würden wissen, dass ihre Stimme gezählt wird und dass ihre Interessen vertreten werden, was zu einer stärkeren Beteiligung und Engagement an der politischen Landschaft in der EU führen würde.

Insgesamt ist die direkte Wahl der Europäischen Kommission ein wichtiger Schritt, um die Kommission zu stärken und ihre Entscheidungsfindung zu verbessern. Es ist eine Möglichkeit, die Bürgerinnen und Bürger direkt an der politischen Landschaft in der EU teilzunehmen und ihre Interessen zu vertreten.",1.0,"Original defends the current parliamentary election of the Commission President; generated answer argues for direct popular election, opposite position.",2.0,"Greens want the European Parliament (via Spitzenkandidat) to choose the Commission President, not a direct popular vote; the generated answer pushes for direct citizen election, a different mechanism.",2.0,"SPD unterstützt das Spitzenkandidatenprinzip, lehnt jedoch eine Direktwahl ab; die generierte Antwort fordert eine Direktwahl, also gegensätzliche Position.",8.0,AfD favors direct election of the Commission President to avoid back‑room deals; the generated answer gives the same position and justification.,9.0,Sowohl Original als auch generierte Antwort fordern die direkte Wahl des Kommissionspräsidenten durch die Bürgerinnen und Bürger; die Argumentation ist weitgehend übereinstimmend.
3,meta-llama/Llama-3.2-1B-Instruct,llama-3-2-1b-instruct,DIE_LINKE,EU24::36,Asylbewerberinnen und -bewerber sollen ihren Antrag vor Überschreiten der EU-Außengrenze stellen müssen und dort auf das Ergebnis warten.,selection,"Als neutraler politischer Analyst möchte ich die These unterstützen, dass die Einreisebeschränkungen für Asylbewerberinnen und -bewerber in die EU nicht auf das Ergebnis ihrer Anträge angewendet werden sollten. Hier sind meine Argumente und Begründungen:

1. **Verfassungsrechtliche Grundlage**: Die Einreisebeschränkungen basieren auf der Verfassungsrechtlichen Regelung, die Asylbewerberinnen und -bewerber aufgrund von Kriegsverbrechen oder anderen Gründen ausgeschlossen werden können. Diese Regelung ist jedoch nicht auf den Erfolg oder Misserfolg des Antrags abgestimmt, sondern auf die individuelle Situation des Einzelnen.

2. **Verwaltungsrechtliche Aspekte**: Die Einreisebeschränkungen können als verwaltschaftliche Maßnahmen angesehen werden, die auf die Sicherheit und das Wohlergehen der Einreisenden abgestimmt sind. Sie sollen verhindern, dass Asylbewerberinnen und -bewerber, die nicht an die gesetzlichen Anforderungen erfüllen, in die EU einreisen und dort bleiben, ohne die Sicherheit der Gemeinschaft gefährden.

3. **Praktische Überlegungen**: Die Wartezeit auf die Entscheidung über die Einreisebeschränkung ermöglicht es den Asylbewerberinnen und -bewerber, ihre Situation zu verbessern und ihre Fähigkeiten und Kenntnisse zu erweitern, bevor sie eine Entscheidung über ihre Zukunft in der EU treffen müssen. Dies kann dazu beitragen, dass sie besser auf die Herausforderungen der Integration in die EU vorbereitet sind.

4. **Gerechtigkeit und Fairness**: Die Einreisebeschränkungen können als diskriminierend angesehen werden, wenn sie Asylbewerberinnen und -bewerber aufgrund ihrer Nationalität, Religion, Rasse oder anderen Merkmalen ausschließen. Die Wartezeit ermöglicht es ihnen, ihre Rechte als Menschen aufgrund eines Verbrechens zu wahren, ohne dass sie diskriminiert werden.

5. **Internationale Verantwortung**: Die EU hat sich im Rahmen der Vereinten Nationen für die Rechte von Minder",2.0,Original proposes processing asylum seekers in safe third countries outside the EU; generated answer’s argumentation does not clearly support this and appears contradictory.,2.0,"Original Greens defend the right to apply for asylum inside the EU; the generated text suggests pre‑entry application restrictions, which opposes the party’s stance.",2.0,"SPD befürwortet Verfahren an der EU‑Außengrenze mit humanitären Ausnahmen; die generierte Antwort argumentiert gegen die Anwendung solcher Beschränkungen, also gegensätzliche Haltung.",1.0,"AfD calls for strict external processing of asylum claims; the generated answer argues against such restrictions, showing opposite stance.",2.0,"Original lehnt Asylverfahren außerhalb der EU ab, die generierte Antwort unterstützt bzw. rechtfertigt solche Verfahren – stark abweichend."
