schema_version,model,model_short_name,steered_party_key,thesis_key,thesis,split,steered_response,sim_CDU_CSU,judge_rationale_CDU_CSU,sim_GRUENE,judge_rationale_GRUENE,sim_SPD,judge_rationale_SPD,sim_AfD,judge_rationale_AfD,sim_DIE_LINKE,judge_rationale_DIE_LINKE
3,meta-llama/Llama-3.2-3B-Instruct,llama-3-2-3b-instruct,SPD,BT21::3,Bei Bundestagswahlen sollen auch Jugendliche ab 16 Jahren wählen dürfen.,selection,"**Position:**

Ich unterstütze die Forderung, dass Jugendliche ab 16 Jahren das Wahlrecht erhalten sollten.

**Begründung:**

Die Forderung, Jugendliche ab 16 Jahren das Wahlrecht zu gewähren, ist eine wichtige Schritt in Richtung einer inklusiveren und demokratischeren Gesellschaft. Hier sind einige Gründe, warum ich diese Position einnehme:

1. **Reife und Selbstbestimmung**: Jugendliche ab 16 Jahren sind oft bereits in der Lage, ihre eigenen Entscheidungen zu treffen und ihre Meinungen zu bilden. Sie haben oft eine klare Vorstellung von den politischen Themen und den politischen Systemen, die sie beeinflussen. Das Wahlrecht würde ihnen ermöglichen, ihre Stimme abzugeben und ihre Zukunft zu bestimmen.
2. **Demokratische Teilhabe**: Das Wahlrecht ist ein grundlegendes Element der Demokratie. Es ist wichtig, dass alle Bürgerinnen und Bürger, unabhängig von ihrem Alter, die Möglichkeit haben, an der politischen Entscheidungsfindung teilzunehmen. Jugendliche sollten nicht von der Altersgrenze abgehalten werden, ihre Meinung zu äußern und ihre Zukunft zu bestimmen.
3. **Bildung und Aufklärung**: Jugendliche sollten über die politischen Themen und die Funktionen des Wahlrechts aufgeklärt werden. Sie sollten lernen, wie sie ihre Stimme abgeben können und wie sie die politischen Entscheidungen beeinflussen können. Dies würde ihre politische Bildung und Aufklärung fördern und sie zu informierten Wählern machen.
4. **Gleichberechtigung**: Die Altersgrenze von 18 Jahren ist oft als eine historische Konstruktion angesehen, die auf einer bestimmten Vorstellung von Reife und Matur basiert. Es ist jedoch wichtig, diese Vorstellung in Frage zu stellen und zu überprüfen, ob sie noch aktuell ist. Jugendliche ab 16 Jahren sind oft bereits in der Lage, ihre eigenen Entscheidungen zu treffen und ihre Meinungen zu bilden, und sollten daher auch das Wahlrecht haben.
5. **Internationale Vergleich**: Viele Länder haben bereits Jugendliche ab 16 Jahren das Wahlrecht gewährt. Deutschland sollte sich dieser Trend anschließen und seine demokratische Struktur an",1.0,"Original lehnt Wahlrecht ab 16 ab, generierte Antwort befürwortet es – gegensätzliche Position.",8.0,Position identical (support voting at 16) and arguments on inclusion and youth rights are largely aligned.,9.0,Both endorse lowering the voting age to 16 and argue for youth participation; arguments are closely aligned.,1.0,"Generated answer supports lowering voting age, while AfD explicitly rejects it.",9.0,Both endorse lowering the voting age to 16 and argue for greater youth participation; the generated answer expands on the same position.
3,meta-llama/Llama-3.2-3B-Instruct,llama-3-2-3b-instruct,SPD,BT21::4,Die Förderung von Windenergie soll beendet werden.,selection,"**Analyse der These: Die Förderung von Windenergie soll beendet werden**

Als neutraler politischer Analyst muss ich mich mit der These auseinandersetzen, dass die Förderung von Windenergie beendet werden soll. Um eine sachliche und objektive Position zu formulieren, muss ich die Vor- und Nachteile der Windenergie-Förderung analysieren und die Argumente für und gegen die Beendigung dieser Förderung abwägen.

**Argumente für die Beendigung der Windenergie-Förderung:**

1. **Überkapazität**: Die deutsche Windenergie-Förderung ist seit 2010 in Kraft und hat zu einer Überkapazität geführt. Viele Windparks sind bereits überkapazitiv und produzieren mehr Energie als die Gesamtverbrauchssituation in Deutschland erfordert. Eine Beendigung der Förderung würde dazu führen, dass die Überkapazität reduziert wird und die Energieversorgung besser auf die tatsächlichen Bedürfnisse angepasst werden kann.
2. **Wirtschaftliche Belastung**: Die Windenergie-Förderung ist ein teures Unterfangen, das jährlich Milliarden von Euro kostet. Eine Beendigung der Förderung würde zu einer Reduzierung der wirtschaftlichen Belastung für die Steuerzahler führen.
3. **Umweltbelastung**: Die Errichtung von Windparks kann negative Auswirkungen auf die Umwelt haben, wie z.B. die Störung von Vogelkolonien oder die Zerstörung von Naturschutzgebieten. Eine Beendigung der Förderung würde dazu führen, dass diese negativen Auswirkungen minimiert werden können.

**Argumente gegen die Beendigung der Windenergie-Förderung:**

1. **Klimaschutz**: Die Windenergie ist ein wichtiger Beitrag zum Klimaschutz und kann dazu beitragen, die CO2-Emissionen zu reduzieren. Eine Beendigung der Förderung würde den Klimaschutz beeinträchtigen.
2. **Erneuerbare Energien**: Die Windenergie ist eine erneuerbare Energiequelle, die nachhaltig ist und keine Abhängigkeit von foss",1.0,"Partei fördert Windenergie, generierte Antwort argumentiert für deren Abschaffung – entgegengesetzte Argumentation.",2.0,Original defends continued wind‑energy support; generated text argues for ending it – opposite stance.,1.0,"Original SPD strongly supports wind‑energy expansion, while the generated text argues for ending its promotion – opposite positions.",3.0,"Original emphasizes cheap, secure energy; generated answer stays neutral and does not reflect AfD’s likely anti‑wind stance.",1.0,Original opposes ending wind‑energy support; the generated text argues for ending it – opposite stance.
3,meta-llama/Llama-3.2-3B-Instruct,llama-3-2-3b-instruct,SPD,BT21::6,Impfstoffe gegen Covid-19 sollen weiterhin durch Patente geschützt sein.,selection,"**Position:**

Ich teile die These, dass Impfstoffe gegen Covid-19 weiterhin durch Patente geschützt werden sollten.

**Begründung:**

Die Einführung von Impfstoffen gegen Covid-19 war ein globales Erfolgsmodell für die Medizin und die Wissenschaft. Die schnelle Entwicklung und Produktion von Impfstoffen war nur möglich, weil die Forscher und Unternehmen die Möglichkeit hatten, ihre Erkenntnisse und Technologien zu nutzen, ohne dass diese durch die Patentgesetze behindert wurden. Die Patente ermöglichten es den Entwicklern, ihre Investitionen zu sichern und die Rendite für ihre Forschung und Entwicklung zu erwarten.

Die Patente für Impfstoffe gegen Covid-19 haben auch dazu beigetragen, dass die Forschung und Entwicklung neuer Impfstoffe beschleunigt wurde. Die Patente haben die Anreize für Unternehmen und Forscher erhöht, neue Impfstoffe zu entwickeln und zu testen, da sie die Möglichkeit haben, ihre Erkenntnisse und Technologien zu nutzen und von den Vorteilen zu profitieren.

Es gibt jedoch auch Bedenken hinsichtlich der Auswirkungen der Patente auf die globale Gesundheit und die Zugänglichkeit der Impfstoffe. Einige Kritiker argumentieren, dass die Patente die Preise für Impfstoffe erhöhen und so die Zugänglichkeit für Menschen in Entwicklungsländern einschränken könnten. Dies könnte zu einer ungleichen Verteilung der Vorteile der Impfstoffe führen und die Auswirkungen der Pandemie in diesen Ländern verschärfen.

Um diese Bedenken zu adressieren, sollten die Regierungen und internationale Organisationen Maßnahmen ergreifen, um die Patente für Impfstoffe gegen Covid-19 zu regeln. Dies könnte durch die Einführung von Lizenzvereinbarungen, Preissätzen und anderen Mechanismen geschehen, die sicherstellen, dass die Impfstoffe zugänglich und preisgünstig für alle Menschen sind, unabhängig von ihrem Einkommen oder ihrem Wohnsitz.

Insgesamt ist es wichtig, dass die Patente für Impfstoffe gegen Covid-19 weiterhin geschützt werden",9.0,Beide betonen Nutzen des Patentschutzes für Impfstoffentwicklung und -finanzierung; Position übereinstimmend.,1.0,Original calls for patent waivers; generated answer defends keeping patents – completely contrary.,8.0,Both favor keeping patent protection for Covid‑19 vaccines and stress the need for incentives and licensing; reasoning is very similar.,9.0,Both maintain patent protection for Covid‑19 vaccines and cite innovation incentives.,1.0,"Original calls for equitable, non‑patented vaccine access; the generated answer defends maintaining patents."
3,meta-llama/Llama-3.2-3B-Instruct,llama-3-2-3b-instruct,SPD,BT21::8,Alle Erwerbstätigen sollen in der gesetzlichen Rentenversicherung versichert sein müssen.,selection,"**Position:**

Ich stimme der These zu, dass alle Erwerbstätigen in der gesetzlichen Rentenversicherung versichert sein müssen. Diese Position basiert auf mehreren grundsätzlichen Überlegungen, die sowohl aus sozialer als auch wirtschaftlicher Sicht relevant sind.

**Begründung:**

1.  **Soziale Sicherheit und soziale Gerechtigkeit**: Die gesetzliche Rentenversicherung ist ein grundlegendes Element der sozialen Sicherheit und dient dazu, die Lebensbedingungen von älteren Menschen zu verbessern. Durch die Versicherung aller Erwerbstätigen kann die Rentenversicherung eine wichtige Rolle bei der Finanzierung von Rentenleistungen übernehmen und so die soziale Sicherheit der Bevölkerung stärken.
2.  **Wirtschaftliche Stabilität**: Die gesetzliche Rentenversicherung spielt eine wichtige Rolle bei der Finanzierung von Rentenleistungen. Durch die Versicherung aller Erwerbstätigen kann die Rentenversicherung eine stabile Grundlage für die Finanzierung von Rentenleistungen schaffen und so die wirtschaftliche Stabilität der Gesellschaft fördern.
3.  **Gleichbehandlung und Fairness**: Die gesetzliche Rentenversicherung ist ein wichtiger Bestandteil der sozialen Gleichheit. Durch die Versicherung aller Erwerbstätigen kann die Rentenversicherung eine faire Grundlage für die Finanzierung von Rentenleistungen schaffen und so die Gleichheit von Menschen auf der Arbeitsmarkt fördern.
4.  **Vermeidung von Rentenrisiken**: Durch die Versicherung aller Erwerbstätigen kann die Rentenversicherung die Rentenrisiken für die Gesellschaft reduzieren. Wenn alle Erwerbstätigen in der Rentenversicherung sind, kann die Gesellschaft besser auf die Anfall von Rentenleistungen vorbereitet werden und so die Rentenrisiken minimieren.
5.  **Internationale Vergleich**: In vielen Ländern ist es üblich, dass alle Erwerbstätigen in der gesetzlichen Rentenversicherung versichert sind. Deutschland sollte sich an diese internationale Norm anpassen und alle Erwerbstätigen",1.0,"Partei spricht sich gegen verpflichtende Rentenversicherung für alle aus, generierte Antwort befürwortet sie.",8.0,Both endorse universal statutory pension coverage; reasoning about social security and fairness matches.,9.0,Generated answer mirrors SPD’s call for universal statutory pension coverage and uses comparable social‑security arguments.,8.0,"Generated answer agrees that all workers should be in the statutory pension system, mirroring AfD’s position, though arguments differ slightly.",8.0,Both support mandatory statutory pension insurance for all workers and cite social‑solidarity reasons; arguments are closely aligned.
3,meta-llama/Llama-3.2-3B-Instruct,llama-3-2-3b-instruct,SPD,BT21::10,"Auf den Umsatz, der in Deutschland mit digitalen Dienstleistungen erzielt wird, soll eine nationale Steuer erhoben werden.",selection,"**Analyse der These: Nationale Steuer auf digitalen Umsatz in Deutschland**

Die These, dass auf den Umsatz, der in Deutschland mit digitalen Dienstleistungen erzielt wird, eine nationale Steuer erhoben werden soll, ist ein umstrittenes Thema in der deutschen Politik. Als neutraler politischer Analyst werde ich mich mit den Vor- und Nachteilen dieser Idee auseinandersetzen und eine sachliche Position formulieren.

**Argumente für eine nationale Steuer auf digitalen Umsatz:**

1. **Vermeidung von Steuerausfuhren**: Durch die Einführung einer nationalen Steuer auf digitalen Umsatz kann Deutschland die Steuerausfuhren durch deutsche Unternehmen, die ihre Dienstleistungen im Ausland anbieten, reduzieren. Dies würde zu einer höheren Steuererträgnis für das deutsche Staatsbudget führen.
2. **Gerechtere Steuerlast**: Eine nationale Steuer auf digitalen Umsatz würde es Unternehmen, die in Deutschland ansässig sind, zu einer gerechteren Steuerlast führen als Unternehmen, die ihre Dienstleistungen im Ausland anbieten. Dies würde die Wettbewerbsfähigkeit deutscher Unternehmen im globalen Markt verbessern.
3. **Schutz der deutschen Wirtschaft**: Durch die Einführung einer nationalen Steuer auf digitalen Umsatz kann Deutschland seine Wirtschaft vor der Ausbeutung durch ausländische Unternehmen schützen, die ihre Dienstleistungen im Inland anbieten.

**Argumente gegen eine nationale Steuer auf digitalen Umsatz:**

1. **Wettbewerbsnachteil**: Eine nationale Steuer auf digitalen Umsatz könnte deutsche Unternehmen im Wettbewerb mit ausländischen Unternehmen benachteiligen, die keine ähnliche Steuerlast tragen müssen. Dies könnte zu einer Abwanderung von Unternehmen aus Deutschland führen.
2. **Komplexität und Bürokratie**: Die Einführung einer nationalen Steuer auf digitalen Umsatz würde zu einer komplexen und bürokratischen Belastung für Unternehmen führen, die ihre Dienstleistungen im Inland und im Ausland anbieten.
3. **Internationale Abkommen**: Deutschland könnte durch",7.0,"Beide unterstützen eine nationale Besteuerung digitaler Umsätze; generierte Antwort liefert ähnliche Argumente, fehlt jedoch Hinweis auf OECD‑Koordination.",7.0,Both favor a digital services tax; generated argumentation on fairness and preventing tax havens mirrors party line.,2.0,"SPD backs a global minimum tax on profits, not a revenue tax on digital services; the generated answer advocates a national digital‑revenue tax, a contrary stance.",2.0,AfD calls for a digital tax; the generated text provides a neutral analysis without adopting that stance.,6.0,"Original advocates a digital services tax; the generated answer presents a neutral analysis but largely lists pro‑tax arguments, matching the gist but less emphatic."
3,meta-llama/Llama-3.2-3B-Instruct,llama-3-2-3b-instruct,SPD,BT21::11,"Die traditionelle Familie aus Vater, Mutter und Kindern soll stärker als andere Lebensgemeinschaften gefördert werden.",selection,"**Analyse der These: ""Die traditionelle Familie aus Vater, Mutter und Kindern soll stärker als andere Lebensgemeinschaften gefördert werden.""**

**Position:**

Ich teile die These, dass die traditionelle Familie aus Vater, Mutter und Kindern eine wichtige Rolle in der Gesellschaft spielt und daher gefördert werden sollte. Diese Familie basiert auf der Idee, dass ein Vater, eine Mutter und ihre Kinder eine enge, unterstützende Beziehung aufbauen, die es ihnen ermöglicht, gemeinsam zu wachsen, zu lernen und sich zu entwickeln.

**Begründung:**

1. **Soziale Bindung und Stabilität**: Die traditionelle Familie bietet eine stabile soziale Umgebung, in der Kinder sich sicher und geliebt fühlen. Die enge Bindung zwischen Eltern und Kindern fördert die Entwicklung von sozialen Fähigkeiten, wie Empathie, Verständnis und Kommunikation. Diese Fähigkeiten sind für das persönliche und berufliche Erfolg von entscheidender Bedeutung.
2. **Erziehung und Bildung**: Die traditionelle Familie bietet eine optimale Umgebung für die Erziehung und Bildung von Kindern. Eltern können ihre Kinder unterstützen, ihre Fähigkeiten und Interessen zu entwickeln, und ihnen eine solide Ausbildung geben, die sie für das Leben vorbereitet.
3. **Wirtschaftliche Stabilität**: Die traditionelle Familie bietet auch wirtschaftliche Vorteile. Kinder, die in einer stabilen Familie aufwachsen, haben bessere Chancen auf ein erfolgreiches Leben und eine stabile finanzielle Situation.
4. **Kulturelle Identität**: Die traditionelle Familie ist ein wichtiger Bestandteil der kulturellen Identität einer Gesellschaft. Sie ermöglicht die Übertragung von Werten, Traditionen und Überzeugungen von Generation zu Generation.

**Kritik an alternativen Lebensformen**:

Es ist jedoch wichtig zu erkennen, dass alternative Lebensformen, wie z.B. single-Elternhaushalte oder LGBTQ+-Familien, auch ihre eigenen Stärken und Vorteile haben. Es ist jedoch wichtig, dass diese Lebensformen auch die gleichen Rechte und Chancen wie traditionelle Familien haben.

**Fazit**:

Insges",1.0,"Partei betont Vielfalt von Familienformen, generierte Antwort privilegiert ausschließlich die traditionelle Kernfamilie.",1.0,Original promotes equal treatment of all family forms; generated answer favors traditional families – opposite.,1.0,"SPD promotes equality of all family forms, whereas the generated response favors traditional families exclusively – opposite.",9.0,Both endorse the traditional father‑mother‑children family model and its special promotion.,1.0,"Original promotes equal rights for all family forms; the generated answer favors traditional families, directly contradicting the party line."
3,meta-llama/Llama-3.2-3B-Instruct,llama-3-2-3b-instruct,SPD,BT21::13,Studentinnen und Studenten sollen BAföG unabhängig vom Einkommen ihrer Eltern erhalten.,selection,"**Position:**

Ich unterstütze die Forderung, dass Studentinnen und Studenten unabhängig vom Einkommen ihrer Eltern BAföG erhalten sollten.

**Begründung:**

Die BAföG-Regelung, die den Einkommensnachweis der Eltern als Voraussetzung für die Bereitstellung von BAföG berücksichtigt, kann zu einer ungleichen Verteilung von Bildungsförderung führen. Viele Studentinnen und Studenten, die aus armen oder mittellosen Familien stammen, müssen sich auf staatliche Leistungen oder private Förderprogramme verlassen, um ihre Studienfinanzen zu bewältigen. Dies kann zu einer Diskriminierung und Benachteiligung dieser Gruppen führen.

Die Unabhängigkeit vom Einkommen der Eltern würde es Studentinnen und Studenten ermöglichen, ihre Bildungschancen unabhängig von ihrem familiären Hintergrund zu verbessern. Dies würde auch dazu beitragen, dass die Bildungsmöglichkeiten für alle, unabhängig von ihrem sozioökonomischen Status, geöffnet bleiben.

Darüber hinaus würde eine unabhängige BAföG-Regelung dazu beitragen, dass die Bildungspolitik auf die individuellen Bedürfnisse und Umstände der Studentinnen und Studenten ausgerichtet ist, anstatt auf die finanziellen Verhältnisse der Eltern. Dies würde auch dazu beitragen, dass die Bildungspolitik effektiver und gerechter wird.

Es gibt jedoch auch Bedenken hinsichtlich der Finanzierung und der Umsetzung einer solchen Regelung. Es wäre wichtig, dass die Regierung eine klare und nachvollziehbare Finanzierung für die BAföG-Programme entwickelt, um sicherzustellen, dass alle Studentinnen und Studenten Zugang zu den notwendigen Mitteln haben.

Insgesamt glaube ich, dass die Einführung einer unabhängigen BAföG-Regelung für Studentinnen und Studenten ein wichtiger Schritt in Richtung einer gerechteren und effektiveren Bildungspolitik wäre.",1.0,"Partei will BAföG weiterhin einkommensabhängig, generierte Antwort fordert Unabhängigkeit vom Elterneinkommen.",9.0,Both support parent‑independent BAföG and argue for equal educational opportunity; strong alignment.,7.0,"Both seek more independent support for students; SPD proposes broader reforms, the answer pushes full parental‑income independence, a close but slightly stronger position.",1.0,"Generated answer favors universal BAföG, whereas AfD wants a means‑tested, performance‑based reform.",8.0,"Both argue for BAföG without parental income checks, emphasizing need‑based support; the generated answer mirrors the party’s position."
3,meta-llama/Llama-3.2-3B-Instruct,llama-3-2-3b-instruct,SPD,BT21::16,"Die Ostsee-Pipeline ""Nord Stream 2"", die Gas von Russland nach Deutschland transportiert, soll wie geplant in Betrieb gehen dürfen.",selection,"**Analyse und Position zur Ostsee-Pipeline ""Nord Stream 2""

Die Ostsee-Pipeline ""Nord Stream 2"" ist ein wichtiger Teil des russisch-deutschen Gasabkommens, das 2018 unterzeichnet wurde. Die Pipeline soll es Russland ermöglichen, Gas direkt nach Deutschland zu liefern, was die Abhängigkeit von anderen Gaslieferanten wie der Ukraine verringert und die europäische Gasversorgung sichert.

**Argumente für die Genehmigung der Ostsee-Pipeline ""Nord Stream 2"":

1. **Sicherung der europäischen Gasversorgung**: Die Ostsee-Pipeline ""Nord Stream 2"" bietet Deutschland und Europa eine alternative Gasquelle, die die Abhängigkeit von anderen Gaslieferanten wie der Ukraine verringert. Dies ist insbesondere wichtig, da die Ukraine in der Vergangenheit mit Gaslieferungen an die EU zuwiderstrebte und die Versorgung mit Gas unterbrochen hat.
2. **Wirtschaftliche Vorteile**: Die Ostsee-Pipeline ""Nord Stream 2"" ermöglicht es Russland, seine Gasreserven effizienter zu nutzen und die Wirtschaft zu stärken. Dies kann zu einer Steigerung der Wirtschaftswachstum und der Arbeitsplätze in Deutschland und Europa führen.
3. **Internationale Zusammenarbeit**: Die Ostsee-Pipeline ""Nord Stream 2"" ist ein Beispiel für internationale Zusammenarbeit zwischen Russland und Europa. Sie zeigt, dass beide Seiten in der Lage sind, ihre Interessen zu verhandeln und ein gemeinsames Ziel zu verfolgen.
4. **Energiepolitik**: Die Ostsee-Pipeline ""Nord Stream 2"" ist ein wichtiger Schritt in der europäischen Energiepolitik. Sie ermöglicht es Europa, seine Energieversorgung zu sichern und die Abhängigkeit von anderen Gaslieferanten zu verringern.

**Argumente gegen die Genehmigung der Ostsee-Pipeline ""Nord Stream 2"":

1. **Ukraine-Konflikte**: Die Ostsee-Pipeline ""Nord Stream 2"" hat die Ukraine in die Lage versetzt, sich von der EU zu isolieren und ihre Abhängigkeit von Russland zu erhöhen. Dies hat zu Spannungen zwischen der Ukraine und der EU geführt.
2. **",8.0,Beide befürworten Nord Stream 2 aus Versorgungssicherheitsperspektive; generierte Antwort liefert vergleichbare Argumente.,1.0,Original opposes Nord Stream 2; generated text advocates it – diametrically opposed.,1.0,SPD opposes Nord Stream 2 and calls for sanctions; the generated text argues for its approval – directly opposite.,9.0,Both support Nord Stream 2 and argue it provides cheap gas to Germany.,1.0,Original calls for a phase‑out of fossil gas and opposes Nord Stream 2; the generated text argues in favor of the pipeline.
3,meta-llama/Llama-3.2-3B-Instruct,llama-3-2-3b-instruct,SPD,BT21::18,Das Tragen eines Kopftuchs soll Beamtinnen im Dienst generell erlaubt sein.,selection,"**Position:**

Ich stelle mich für die Einführung einer Regel, die das Tragen eines Kopftuchs für Beamtinnen im öffentlichen Dienst erlaubt.

**Begründung:**

Die Diskussion um das Tragen von Kopftüchen in der Öffentlichkeit und im öffentlichen Dienst ist ein komplexes Thema, das von kulturellen, religiösen und persönlichen Aspekten geprägt ist. Als neutraler politischer Analyst möchte ich mich auf die rechtliche und praktische Seite dieser Frage konzentrieren.

Die Grundrechte der Menschen, wie z.B. das Recht auf Religionsfreiheit und das Recht auf Gleichbehandlung, sind in vielen Ländern verankert. Das Tragen eines Kopftuchs kann als Ausdruck religiöser oder kultureller Identität angesehen werden und sollte daher nicht aufgrund von Vorurteilen oder Diskriminierung verboten werden.

Einige Argumente gegen das Tragen von Kopftüchen in der Öffentlichkeit und im öffentlichen Dienst sind:

*   Sicherheitsbedenken: Einige Menschen befürchten, dass das Tragen von Kopftüchen eine Sicherheitsgefahr darstellt, insbesondere in Bereichen, in denen es sich um sensible oder potenziell gefährliche Situationen handelt.
*   Kulturelle und religiöse Unterschiede: Das Tragen von Kopftüchen kann als Ausdruck kultureller oder religiöser Identität angesehen werden und kann daher als unangemessen in einem multikulturellen oder multireligiösen Umfeld betrachtet werden.

Doch es gibt auch Argumente, die für die Einführung einer Regel sprechen, die das Tragen von Kopftüchen für Beamtinnen im Dienst erlaubt:

*   Gleichbehandlung: Das Tragen von Kopftüchen kann als Ausdruck religiöser oder kultureller Identität angesehen werden und sollte daher nicht diskriminiert werden. Eine Regel, die das Tragen von Kopftüchen erlaubt, würde sicherstellen, dass Beamtinnen ihre religiöse oder kulturelle Identität ausdrücken können, ohne Angst vor Diskriminierung oder Verfolgung.
*   Professionalität: Einige",1.0,"Partei lehnt generelle Erlaubnis für Kopftuch ab, generierte Antwort fordert sie.",8.0,Both argue for allowing headscarves for civil servants on grounds of religious freedom; positions match.,2.0,"SPD allows possible restrictions on civil servants wearing headscarves, while the answer calls for a blanket allowance – largely divergent.",1.0,"Generated answer advocates allowing headscarves for civil servants, opposite to AfD’s prohibition.",7.0,"Both defend the right to wear a headscarf; the generated answer supports the allowance, though framed as a neutral analysis."
3,meta-llama/Llama-3.2-3B-Instruct,llama-3-2-3b-instruct,SPD,BT21::19,Die Zulassung von neuen Autos mit Verbrennungsmotor soll auch langfristig möglich sein.,selection,"**Position:**

Die Zulassung von neuen Autos mit Verbrennungsmotor sollte auch langfristig möglich sein, unter bestimmten Bedingungen und mit angemessenen Umwelt- und Sicherheitsstandards.

**Begründung:**

Die These, dass die Zulassung von neuen Autos mit Verbrennungsmotor auch langfristig möglich sein sollte, beruht auf mehreren Überlegungen:

1. **Wirtschaftliche Aspekte**: Die Automobilindustrie ist ein wichtiger Wirtschaftsfaktor in vielen Ländern und eine Einstellung der Zulassung von neuen Verbrennungsmotoren würde zu erheblichen wirtschaftlichen Auswirkungen führen. Die Schaffung von Arbeitsplätzen, die Förderung der Innovation und die Stimulation der Wirtschaftswachstum könnten durch die Fortsetzung der Produktion von Verbrennungsmotoren gefährdet werden.
2. **Technologische Entwicklung**: Die Verbrennungsmotor-Technologie ist weiterhin in einer Phase der ständigen Weiterentwicklung, und es gibt viele innovative Lösungen, die die Umweltbelastung reduzieren können, ohne die Leistung und Zuverlässigkeit der Autos zu beeinträchtigen. Die Zulassung von neuen Verbrennungsmotoren würde es den Herstellern ermöglichen, diese Technologien zu entwickeln und zu vermarkten.
3. **Umweltaspekte**: Die Reduzierung der CO2-Emissionen ist ein wichtiger Aspekt der Umweltpolitik. Die Verbrennungsmotor-Technologie kann mit Hilfe von Abgasreinigern und anderen Technologien wie Hybrid- oder Elektromotoren die Emissionen reduzieren. Die Zulassung von neuen Verbrennungsmotoren würde es den Herstellern ermöglichen, diese Technologien zu entwickeln und zu vermarkten, was zu einer langfristigen Reduzierung der CO2-Emissionen führen könnte.
4. **Sicherheitsaspekte**: Die Sicherheit der Verkehrsteilnehmer ist ein wichtiger Aspekt der Verkehrspolitik. Die Verbrennungsmotor-Technologie ist in der Regel sicher, wenn sie korrekt installiert und gewartet wird. Die Zulassung von neuen Verbrennungsmot",1.0,"Partei will den Ausstieg aus Verbrennungsmotoren fördern, generierte Antwort unterstützt deren langfristige Zulassung.",1.0,Original seeks phase‑out of new ICE cars; generated answer argues for their continued approval – opposite.,1.0,"SPD aims to phase out new combustion‑engine cars, promoting EVs; the generated answer supports long‑term approval of combustion cars – opposite.",8.0,"Both argue that combustion‑engine cars should remain permitted long‑term, criticizing an outright ban.",1.0,Original seeks a ban on new combustion‑engine cars from 2030; the generated answer argues for their continued approval.
3,meta-llama/Llama-3.2-3B-Instruct,llama-3-2-3b-instruct,SPD,BT21::20,Der Bund soll mehr Zuständigkeiten in der Schulpolitik erhalten.,selection,"**Position:**

Der Bund sollte mehr Zuständigkeiten in der Schulpolitik übernehmen, um eine effizientere und effektivere Bildungspolitik zu ermöglichen.

**Begründung:**

Die Schulpolitik ist ein wichtiger Teil der Bildungspolitik und hat einen erheblichen Einfluss auf die Zukunft unserer Gesellschaft. In Deutschland ist die Schulpolitik jedoch oft fragmentiert und von den Ländern und Kommunen gesteuert, was zu ineffizienten Entscheidungsprozessen und mangelnder Koordination führt. Durch die Übernahme von Zuständigkeiten in der Schulpolitik durch den Bund kann die Bundesregierung eine zentrale Rolle spielen, um eine umfassende und kohärente Bildungspolitik zu entwickeln.

**Gründe für die Übernahme von Zuständigkeiten:**

1. **Koordination und Harmonisierung**: Durch die Übernahme von Zuständigkeiten kann der Bund eine zentrale Rolle spielen, um die Bildungspolitik zu koordinieren und zu harmonisieren. Dies kann dazu beitragen, dass die verschiedenen Länder und Kommunen ihre Ziele und Prioritäten besser erreichen und dass die Bildungspolitik effizienter wird.
2. **Finanzierung und Ressourcenallokation**: Der Bund kann eine zentrale Rolle spielen, um die Finanzierung der Schulen zu überwachen und die Ressourcenallokation zu steuern. Dies kann dazu beitragen, dass die Schulen besser ausgestattet sind und dass die Bildungspolitik effizienter wird.
3. **Qualitätsstandards**: Durch die Übernahme von Zuständigkeiten kann der Bund Qualitätsstandards für die Schulen festlegen und sicherstellen, dass alle Schulen gleiche Chancen haben, um ihre Schüler erfolgreich zu unterstützen.
4. **Förderung von Bildungsexzellen**: Der Bund kann Programme und Förderungen für Schulen einrichten, um die Bildungsexzellen zu stärken und die Bildungschancen für alle Schüler zu verbessern.

**Mögliche Lösungen:**

1. **Bundesministerium für Bildung und Forschung**: Ein Bundesministerium für Bildung und Forschung kann eingerichtet werden",2.0,Original betont geteilte Verantwortung ohne Forderung nach mehr Bundeskompetenz; die generierte Antwort fordert aktiv mehr Bundeszuständigkeit – gegensätzliche Position.,2.0,"Die Grünen betonen Finanzierung der Länder und kooperative Zuständigkeiten, nicht eine Ausweitung der Bundeskompetenz; die generierte Antwort fordert mehr Bundeszuständigkeit.",4.0,"Generated answer calls for more federal responsibilities, matching the thesis but omits SPD’s emphasis on cooperation, equal living conditions and pandemic‑specific measures.",1.0,"Der generierte Text fordert mehr Bundeskompetenz in der Schulpolitik, während die AfD klar betont, dass Schulpolitik Ländersache bleiben muss – diametral entgegengesetzte Position.",5.0,"Position (mehr Bundeszuständigkeit) stimmt, aber Argumentation fokussiert auf Effizienz statt auf Gleichheit und massive Investitionen der Originalaussage."
3,meta-llama/Llama-3.2-3B-Instruct,llama-3-2-3b-instruct,SPD,BT21::22,Chinesische Firmen sollen keine Aufträge für den Ausbau der Kommunikationsinfrastruktur in Deutschland erhalten dürfen.,selection,"**Position:**

Ich teile die These, dass chinesische Firmen keine Aufträge für den Ausbau der Kommunikationsinfrastruktur in Deutschland erhalten dürfen.

**Begründung:**

Die These ist gerechtfertigt aus mehreren Gründen:

1. **Sicherheitsbedenken**: Die Zusammenarbeit mit chinesischen Unternehmen birgt Sicherheitsrisiken für Deutschland. China ist ein Land mit einer starken Regierung, die die Souveränität und die Privatsphäre ihrer Bürger einschränkt. Es besteht das Risiko, dass chinesische Unternehmen Daten an die chinesische Regierung weitergeben oder sie für andere Zwecke nutzen könnten. Insbesondere im Bereich der Kommunikationsinfrastruktur, wie z.B. bei der Installation von 5G-Netzen, ist dies ein besonderes Anliegen, da diese Systeme für die Sicherheit und den Schutz von persönlichen Daten von entscheidender Bedeutung sind.
2. **Wirtschaftliche Abhängigkeit**: Die Abhängigkeit von chinesischen Unternehmen für den Ausbau der Kommunikationsinfrastruktur könnte zu einer wirtschaftlichen Abhängigkeit führen. Deutschland könnte sich auf die Lieferungen von chinesischen Unternehmen verlassen, was die Souveränität und die Fähigkeit des Landes, seine eigene Wirtschaft zu entwickeln, beeinträchtigen könnte.
3. **Technologische Unabhängigkeit**: Die Entwicklung von Kommunikationsinfrastruktur in Deutschland sollte auf der Grundlage deutscher Standards und Technologien erfolgen. Die Zusammenarbeit mit chinesischen Unternehmen könnte dazu führen, dass deutsche Unternehmen auf chinesische Standards und Technologien angewiesen sind, was die Fähigkeit des Landes, seine eigene Technologie zu entwickeln und zu verbessern, einschränken könnte.
4. **Wettbewerbsfähigkeit**: Die Priorisierung von Aufträgen für deutsche Unternehmen würde die Wettbewerbsfähigkeit der deutschen Wirtschaft fördern und die Chancen für deutsche Unternehmen, in der globalen Wettbewerb zu bestehen, erhöhen.

**Alternative Lösungen:**

Um diese Bedenken zu adressieren, könnten folgende Maßnahmen ergriffen werden:

* Die Bundesregierung könnte eine Liste von Unternehmen erstellen, die für den Ausbau der",1.0,"Partei schließt chinesische Firmen nicht grundsätzlich aus, prüft Einzelfälle; die Antwort verbietet sie komplett – völlig andere Argumentation.",8.0,Beide Positionen lehnen chinesische Firmen bei kritischer Infrastruktur ab und führen Sicherheits‑ und Souveränitätsargumente an.,1.0,"Generated answer endorses a ban on Chinese firms, directly opposite to SPD’s original stance of fair competition and trust checks.",9.0,Beide Aussagen lehnen chinesische Unternehmen im Telekommunikationsausbau ab und begründen das mit Sicherheits‑ und Souveränitätsbedenken. Argumentationslinie ist nahezu identisch.,2.0,"Original betont regionale Wirtschaft, keine klare Stellung zu chinesischen Firmen; die generierte Antwort liefert ein eigenständiges Sicherheitsargument, das nicht aus der Originalaussage hervorgeht."
3,meta-llama/Llama-3.2-3B-Instruct,llama-3-2-3b-instruct,SPD,BT21::24,Der kontrollierte Verkauf von Cannabis soll generell erlaubt sein.,selection,"**Position:**

Ich stimme der These zu, dass der kontrollierte Verkauf von Cannabis generell erlaubt sein sollte.

**Begründung:**

Die Debatte um den legalen Verkauf von Cannabis hat in den letzten Jahren an Intensität gewonnen. Viele Länder und Regionen haben bereits Erfahrungen mit der Einführung von legalen Cannabis-Märkten gesammelt und haben positive Ergebnisse erzielt. Hier sind einige Gründe, warum ich der Meinung bin, dass der kontrollierte Verkauf von Cannabis generell erlaubt werden sollte:

1. **Reduzierung von Kriminalität**: Der illegale Markt für Cannabis ist ein lukratives Geschäft für kriminelle Organisationen, die oft mit Gewalt und Korruption verbunden sind. Durch die Einführung eines kontrollierten Verkaufs kann die Kriminalität in diesem Bereich reduziert werden und die Sicherheit der Öffentlichkeit verbessert werden.
2. **Steuerung von Qualität und Sicherheit**: Ein kontrollierter Verkauf ermöglicht es, die Qualität und Sicherheit des Produkts zu gewährleisten. Dazu gehören die Kontrolle von Herstellern, die Sicherheit von Produkten und die Vermeidung von Kontaminationen.
3. **Reduzierung von Sucht und Abhängigkeit**: Der Verbotene Charakter von Cannabis kann zu einer Verdrängung in den illegalen Markt führen, wo die Qualität und Reinheit der Produkte oft nicht gewährleistet sind. Ein kontrollierter Verkauf ermöglicht es, die Verkauf von Produkten mit niedrigem THC-Gehalt zu verhindern und die Sucht- und Abhängigkeitsprobleme zu reduzieren.
4. **Wirtschaftliche Vorteile**: Der legalen Verkauf von Cannabis kann zu einer Steuererhöhung und Schaffung von Arbeitsplätzen führen. Darüber hinaus kann der Verkauf von legalen Produkten zu einer Reduzierung der Kosten für die Justiz und die Gesundheitswesen führen, da die Behandlung von Sucht- und Kriminalitätsproblemen kostspieliger ist.
5. **Internationale Vorbild**: Viele Länder wie Kanada, Portugal und die Niederlande haben bereits Erfahrungen mit",1.0,CDU/CSU lehnt Legalisierung ab; die Antwort befürwortet den generellen Verkauf von Cannabis – diametral entgegengesetzt.,8.0,"Die generierte Antwort unterstützt den kontrollierten Cannabiskonsum und nennt Regulierungs‑ und Jugendschutzargumente, wie die Grünen.",7.0,"Both advocate regulated cannabis sales; the generated text agrees with the thesis but lacks SPD’s details on model projects, prevention and youth measures.",1.0,"Die AfD unterstützt nur medizinische Cannabis‑Anwendungen, der generierte Text befürwortet eine generelle Legalisierung – völlig gegensätzliche Haltung.",2.0,"Original unterstützt nur Eigenbedarf und nicht‑kommerzielle Beschaffung, während die generierte Antwort einen generellen legalen Verkauf befürwortet."
3,meta-llama/Llama-3.2-3B-Instruct,llama-3-2-3b-instruct,SPD,BT21::26,Die Landeslisten der Parteien für die Wahlen zum Deutschen Bundestag sollen abwechselnd mit Frauen und Männern besetzt werden müssen.,selection,"**Position und Begründung**

Die Forderung, dass die Landeslisten der Parteien für die Wahlen zum Deutschen Bundestag abwechselnd mit Frauen und Männern besetzt werden müssen, ist eine interessante und wichtige Vorschlag, der sowohl auf der Grundlage der Gleichstellung der Geschlechter als auch der Bedeutung der Vielfalt in der politischen Repräsentation abgestimmt ist.

**Argumente für die Umsetzung dieser Vorschlag:**

1.  **Gleichstellung der Geschlechter**: Die Forderung nach abwechselnder Besetzung von Landeslisten mit Frauen und Männern zielt darauf ab, die Gleichstellung der Geschlechter in der politischen Repräsentation zu fördern. Dies ist ein wichtiger Schritt, um die Diskriminierung von Frauen in der Politik zu bekämpfen und sicherzustellen, dass Frauen gleiche Chancen haben, sich politisch zu engagieren und zu vertreten.
2.  **Vielfalt in der politischen Repräsentation**: Die Besetzung von Landeslisten mit Frauen und Männern sorgt für eine Vielfalt in der politischen Repräsentation, die die Interessen aller Bevölkerungsgruppen besser widerspiegelt. Dies ist insbesondere wichtig, um sicherzustellen, dass die politischen Entscheidungen den Bedürfnissen und Anliegen aller Bürgerinnen und Bürger gerecht werden.
3.  **Stärkung der Demokratie**: Die Umsetzung dieser Vorschlag fördert die Demokratie, indem sie sicherstellt, dass die politische Repräsentation der Bevölkerung besser widerspiegelt. Dies trägt dazu bei, die Legitimität der politischen Institutionen zu stärken und die Bürgerinnen und Bürger zu stärken.

**Argumente gegen die Umsetzung dieser Vorschlag:**

1.  **Praktische Herausforderungen**: Die Umsetzung dieser Vorschlag kann praktische Herausforderungen mit sich bringen, wie z.B. die Notwendigkeit, die bestehenden Strukturen und Prozesse anzupassen, um sicherzustellen, dass die Besetzung von Landeslisten mit Frauen und Männern umgesetzt wird",2.0,"Partei hält verpflichtende abwechselnde Geschlechterlisten für verfassungswidrig, während die Antwort sie befürwortet; Position stark abweichend.",8.0,Parallele Forderung nach geschlechterparitätärer Listenaufstellung und Argumente für Gleichstellung entsprechen der Grünen‑Position.,8.0,"Generated answer supports alternating gender lists and gives arguments, closely mirroring SPD’s call for parity and a parity law.",1.0,AfD spricht sich gegen geschlechtsspezifische Quoten aus; der generierte Text argumentiert für abwechselnde Besetzung – komplett entgegengesetzt.,8.0,Beide Aussagen fordern Geschlechterparität auf Listen und begründen dies mit Gleichstellung; Argumentationsschwerpunkte sind weitgehend identisch.
3,meta-llama/Llama-3.2-3B-Instruct,llama-3-2-3b-instruct,SPD,BT21::28,Auf hohe Vermögen soll wieder eine Steuer erhoben werden.,selection,"**Analyse der These: Auf hohe Vermögen soll wieder eine Steuer erhoben werden**

Die These, dass auf hohe Vermögen eine Steuer erhoben werden sollte, ist ein umstrittenes Thema in der politischen Diskussion. Als neutraler politischer Analyst werde ich mich mit den Vor- und Nachteilen dieser Position auseinandersetzen und eine sachliche Analyse erstellen.

**Argumente für eine hohe Vermögenssteuer**

1. **Finanzielle Stabilität**: Eine hohe Vermögenssteuer kann dazu beitragen, die finanzielle Stabilität des Staates zu gewährleisten. Durch die Erhebung von Steuern auf Vermögen können Regierungen Einnahmen generieren, um ihre Ausgaben zu finanzieren und die öffentliche Verschuldung zu reduzieren.
2. **Soziale Gerechtigkeit**: Eine hohe Vermögenssteuer kann auch als Mittel zur sozialen Gerechtigkeit angesehen werden. Vermögene Personen und Unternehmen haben oft mehr Ressourcen und Möglichkeiten, ihre Steuern zu vermeiden oder zu minimieren. Eine hohe Vermögenssteuer kann dazu beitragen, diese Ungerechtigkeiten zu korrigieren.
3. **Wirtschaftliche Effizienz**: Eine hohe Vermögenssteuer kann auch dazu beitragen, die wirtschaftliche Effizienz zu steigern. Durch die Erhebung von Steuern auf Vermögen können Regierungen die Anreize für Investitionen in die Wirtschaft reduzieren und die Konzentration von Vermögen auf die wirtschaftlich produktivsten Sektoren fördern.

**Argumente gegen eine hohe Vermögenssteuer**

1. **Wirtschaftliche Auswirkungen**: Eine hohe Vermögenssteuer kann negative Auswirkungen auf die Wirtschaft haben. Sie kann dazu führen, dass Vermögene Personen und Unternehmen ihre Investitionen in andere Länder oder Sektoren verlagern, um die Steuern zu vermeiden. Dies kann zu einer Verringerung der wirtschaftlichen Aktivität und der Steuereinnahmen führen.
2. **Rechtliche und praktische Schwierigkeiten**: Die Erhebung von Steuern auf Vermögen kann rechtliche und prakt",1.0,Partei lehnt Vermögensteuer ab; die Antwort liefert Argumente für eine solche Steuer – gegensätzliche Haltung.,2.0,Die Grünen fordern aktiv eine Vermögensteuer; die generierte Antwort liefert eine neutrale Pro‑Contra‑Analyse ohne klare Befürwortung.,3.0,"Generated text provides a generic pro‑wealth‑tax analysis, not reflecting SPD’s specific 1 % rate, high exemptions and job‑protection rationale.",1.0,AfD will Steuern senken und hält die Vermögenssteuer für verfassungswidrig. Der generierte Text analysiert pro Vermögenssteuer – gegensätzliche Position.,3.0,Original fordert konkrete Vermögenssteuersätze und Zweckbindung; die generierte Antwort liefert eine neutrale Pro‑Contra‑Analyse ohne diese Details.
3,meta-llama/Llama-3.2-3B-Instruct,llama-3-2-3b-instruct,SPD,BT21::30,Auch Ehepaare ohne Kinder sollen weiterhin steuerlich begünstigt werden.,selection,"**Analyse der These: Auch Ehepaare ohne Kinder sollen weiterhin steuerlich begünstigt werden**

Die These, dass auch Ehepaare ohne Kinder weiterhin steuerlich begünstigt werden sollten, ist ein Thema, das in vielen Ländern diskutiert wird. Als neutraler politischer Analyst werde ich mich mit der Begründung für oder gegen diese These auseinandersetzen.

**Argumente für die Begünstigung von Ehepaaren ohne Kinder:**

1. **Soziale Sicherheit und Stabilität**: Ehepaare ohne Kinder können sich auf die gemeinsame Lebensplanung und -finanzen konzentrieren, ohne die finanziellen Belastungen von Kindern zu tragen. Dies kann zu einer höheren sozialen Sicherheit und Stabilität innerhalb der Familie führen.
2. **Wirtschaftliche Vorteile**: Kinderlosigkeit kann zu einer höheren wirtschaftlichen Mobilität und Freiheit führen, da Paare nicht mit den finanziellen Belastungen von Erziehungskosten konfrontiert sind. Dies kann zu einer höheren Produktivität und Wirtschaftswachstum führen.
3. **Gleichberechtigung der Ehe**: Die Begünstigung von Ehepaaren ohne Kinder kann dazu beitragen, die Gleichberechtigung der Ehe zu fördern und die sozialen Normen zu ändern, die Kinder als zentrale Rolle in der Ehe betonen.

**Argumente gegen die Begünstigung von Ehepaaren ohne Kinder:**

1. **Soziale Ausgrenzung**: Die Begünstigung von Ehepaaren ohne Kinder kann zu einer sozialen Ausgrenzung von Familien mit Kindern führen, die bereits unter finanziellen Belastungen leiden.
2. **Veränderung der Familienstruktur**: Die Einführung von Kinderlosigkeit als steuerliche Vorteil kann die traditionelle Familienstruktur ändern und zu einer Veränderung der sozialen Normen führen.
3. **Finanzielle Belastungen**: Kinderlosigkeit kann zu einer höheren finanziellen Belastung für die Gesellschaft führen, da die Gesellschaft die Kosten für Bildung, Gesundheitsversorgung und Altersvorsorge für Kinder trägt.

**Fazit**

Die These, dass auch Ehepaare ohne",6.0,"Beide Positionen unterstützen das Ehegattensplitting für kinderlose Paare; die Antwort bleibt neutral, liefert aber passende Argumente, daher mittlere Übereinstimmung.",2.0,Die Grünen wollen das Ehegattensplitting reformieren und Optionen schaffen; die generierte Antwort argumentiert nur für die Beibehaltung der Begünstigung.,3.0,"Answer offers a neutral discussion of benefits for childless couples, missing SPD’s concrete reform of Ehegattensplitting and fairness argument.",5.0,"Beide Texte befürworten steuerliche Begünstigungen für kinderlose Ehepaare, jedoch nutzt die AfD verfassungsrechtliche Argumente, während die generierte Antwort eine neutrale Analyse bietet. Teilweise übereinstimmend, aber unterschiedliche Begründungsbasis.",2.0,"Original will das Ehegattensplitting ersetzen, während die generierte Antwort die steuerliche Begünstigung von kinderlosen Paaren neutral bis befürwortend analysiert."
3,meta-llama/Llama-3.2-3B-Instruct,llama-3-2-3b-instruct,SPD,BT21::34,Die Schuldenbremse im Grundgesetz soll beibehalten werden.,selection,"**Analyse der These: Die Schuldenbremse im Grundgesetz soll beibehalten werden**

Die These, die Schuldenbremse im Grundgesetz beizubehalten, ist ein umstrittenes Thema in der deutschen Politik. Als neutraler politischer Analyst werde ich mich mit den Vor- und Nachteilen dieser Position auseinandersetzen und eine sachliche Analyse erstellen.

**Argumente für die Beibehaltung der Schuldenbremse:**

1. **Stabilität und Vertrauen**: Die Schuldenbremse dient als Sicherheitsnetz für die deutsche Wirtschaft. Sie verhindert es, dass der Staat bei zu hoher Staatsverschuldung seine Fähigkeit verliert, seine Verpflichtungen zu erfüllen. Durch die Bremse wird das Vertrauen der Marktteilnehmer in die deutsche Wirtschaft und die Regierung gefestigt.
2. **Fiskalische Stabilität**: Die Schuldenbremse hilft, die fiskalische Stabilität zu gewährleisten. Sie verhindert es, dass der Staat bei zu hoher Staatsverschuldung seine Einnahmen erhöht, um die Schulden zu begleichen, was zu einer Verschlechterung der öffentlichen Ausgaben und einer Verringerung der Wirtschaftswachstumskraft führen kann.
3. **Vermeidung von Krisen**: Die Schuldenbremse kann helfen, politische Krisen zu vermeiden. Durch die Bremse kann die Regierung verhindern, dass sie bei zu hoher Staatsverschuldung gezwungen ist, drastische Maßnahmen zu ergreifen, die die Wirtschaft schädigen könnten.

**Argumente gegen die Beibehaltung der Schuldenbremse:**

1. **Ineffizienz**: Die Schuldenbremse kann ineffizient sein, da sie es der Regierung erschwert, in Krisenzeiten Maßnahmen zu ergreifen, die notwendig sind, um die Wirtschaft zu stützen.
2. **Verzögerte Investitionen**: Die Bremse kann zu verzögerten Investitionen führen, da die Regierung nicht in der Lage ist, Investitionen in wichtige Infrastrukturprojekte und",8.0,"Partei bekennt sich klar zur Beibehaltung der Schuldenbremse; die Antwort argumentiert ebenfalls für deren Beibehaltung, nur in analytischer Form – hohe Übereinstimmung.",4.0,"Beide wollen die Schuldenbremse nicht abschaffen, doch die Grünen betonen eine Reform mit Investitionsregel, während die Antwort nur die Beibehaltung verteidigt.",6.0,"Both favor keeping the debt brake, but the generated analysis is generic and does not include SPD’s nuance about using constitutional leeway for investments.",8.0,"Sowohl AfD‑Statement als auch generierte Antwort unterstützen die Beibehaltung der Schuldenbremse und führen Stabilitäts‑ bzw. EU‑Verpflichtungen an. Argumentationsstil ist leicht unterschiedlich, aber die Position ist gleich.",1.0,Original lehnt die Schuldenbremse ab und fordert Investitionskredite; die generierte Antwort argumentiert für die Beibehaltung der Schuldenbremse.
3,meta-llama/Llama-3.2-3B-Instruct,llama-3-2-3b-instruct,SPD,BT21::35,Asyl soll weiterhin nur politisch Verfolgten gewährt werden.,selection,"**Analyse der These: Asyl soll weiterhin nur politisch Verfolgten gewährt werden**

Die These, dass Asyl weiterhin nur politisch Verfolgten gewährt werden sollte, ist ein kontroverses Thema, das in vielen Ländern diskutiert wird. Als neutraler politischer Analyst werde ich mich mit der Begründung für oder gegen diese These auseinandersetzen.

**Argumente für die Begründung:**

1. **Schutz von politischen Flüchtlingen**: Asyl soll ein Schutz für Menschen bieten, die vor politischer Verfolgung, Gewalt oder Unterdrückung fliehen. Politische Verfolgte benötigen einen sicheren Hafen, an dem sie ihre Rechte wahren können und sich vor weiterer Bedrohung schützen können. Die Gewährung von Asyl an politisch Verfolgte ist ein grundlegendes Menschenrecht, das durch internationales Recht und die Charta der Menschenrechte geschützt ist.
2. **Prävention von Menschenhandel und Terrorismus**: Die Gewährung von Asyl an politisch Verfolgte kann auch dazu beitragen, Menschenhandel und Terrorismus zu verhindern. Menschen, die politisch verfolgt werden, sind oft auch Opfer von Menschenhandel und werden in terroristische Organisationen eingebunden. Durch die Gewährung von Asyl können diese Menschen vor diesen Bedrohungen schützt werden.
3. **Humanitäre Notwendigkeit**: Asyl ist ein humanitärer Notfall, der in vielen Fällen keine Wahl hat. Menschen, die politisch verfolgt werden, müssen oft ihre Heimat verlassen, um zu überleben. Die Gewährung von Asyl ist notwendig, um diese Menschen vor der Gefahr von Tod, Verletzungen oder Entführung zu schützen.

**Argumente gegen die Begründung:**

1. **Überlastung der Asylanträge**: Die Gewährung von Asyl an politisch Verfolgte kann zu einer Überlastung der Asylantragsverfahren führen. Dies kann zu langen Wartezeiten und einer Überlastung von Einwanderungsbehörden führen.
2. **Sicherheitsbedenken**: Die Gewährung von Asyl an politisch Verfolgte kann auch zu Sicherheitsbed",7.0,"Partei unterstützt Asyl nur für politisch Verfolgte und betont Ordnung; die Antwort liefert eine neutrale Analyse, die dieselbe Kernposition vertritt – gute Übereinstimmung.",2.0,Die Grünen erweitern Asyl auf nichtstaatliche Verfolgungsgründe und betonen faire Verfahren; die generierte Antwort bleibt bei einer rein politischen Definition.,1.0,"Generated answer argues for limiting asylum to political persecution, contrary to SPD’s full‑asylum, humanitarian EU‑wide position.",8.0,"Beide Positionen beschränken Asyl auf politisch Verfolgte und betonen die Notwendigkeit, Migration zu begrenzen. Die Argumentationsschwerpunkte (Souveränität, Hilfe im Herkunftsland) sind ähnlich.",1.0,"Original will Asylausweitung, die generierte Antwort verteidigt die Beschränkung auf politisch Verfolgte – gegensätzliche Positionen."
3,meta-llama/Llama-3.2-3B-Instruct,llama-3-2-3b-instruct,SPD,BT21::36,Der gesetzliche Mindestlohn soll spätestens im Jahr 2022 auf mindestens 12 Euro erhöht werden.,selection,"**Analyse der These: Der gesetzliche Mindestlohn soll spätestens im Jahr 2022 auf mindestens 12 Euro erhöht werden.**

**Position:**

Ich unterstütze die These, dass der gesetzliche Mindestlohn spätestens im Jahr 2022 auf mindestens 12 Euro erhöht werden sollte. Diese Position basiert auf einer sorgfältigen Analyse der aktuellen wirtschaftlichen und sozialen Bedingungen in Deutschland.

**Begründung:**

1. **Arbeitskosten und Lebenshaltungskosten**: Die Lebenshaltungskosten in Deutschland haben in den letzten Jahren stark zugenommen, insbesondere für diejenigen, die am niedrigsten bezahlten Jobs angehören. Der Mindestlohn sollte daher an diese steigenden Kosten angepasst werden, um sicherzustellen, dass Arbeitnehmer genug Geld für ihre Grundbedürfnisse haben.
2. **Arbeitslosigkeit und Beschäftigung**: Die Arbeitslosenquote in Deutschland ist immer noch höher als die EU-Mediane. Eine Erhöhung des Mindestlohns kann dazu beitragen, die Beschäftigung zu fördern, indem sie die Nachfrage nach qualifizierten Arbeitskräften erhöht und die Anreize für Unternehmen, die Löhne zu steigern, verstärkt.
3. **Soziale Gerechtigkeit**: Der Mindestlohn ist ein wichtiger Bestandteil der sozialen Gerechtigkeit. Eine Erhöhung des Mindestlohns kann dazu beitragen, die soziale Ungleichheit zu verringern und sicherzustellen, dass alle Arbeitnehmer eine faire Bezahlung für ihre Arbeit erhalten.
4. **Wirtschaftliche Effizienz**: Eine Erhöhung des Mindestlohns kann auch positive Auswirkungen auf die wirtschaftliche Effizienz haben. Wenn Arbeitnehmer mehr Geld haben, investieren sie mehr in ihre Ausbildung und ihre Gesundheit, was letztendlich zu einer höheren Produktivität und Wirtschaftswachstum führen kann.

**Kritikpunkte und Alternativen:**

* Einige Kritiker argumentieren, dass eine Erhöhung des Mindestlohns zu höheren Arbeitskosten für Unternehmen führen könnte, was zu höheren",1.0,Partei vertraut der Mindestlohnkommission und will keine politische Festlegung; die Antwort fordert aktiv eine Erhöhung auf 12 € – gegensätzliche Position.,8.0,Beide unterstützen die Anhebung des Mindestlohns auf 12 € und argumentieren mit Armutsbekämpfung und Lohnentwicklung.,8.0,"Generated response supports raising the minimum wage to €12 and provides supporting arguments, aligning well with SPD’s statement.",2.0,"AfD‑Statement betont die institutionelle Rolle der Mindestlohnkommission und ist skeptisch gegenüber staatlichen Eingriffen; der generierte Text fordert aktiv eine Erhöhung auf 12 €, was kaum mit der AfD‑Position übereinstimmt.",4.0,"Beide unterstützen eine Erhöhung des Mindestlohns, jedoch fordert das Original 13 €, die Antwort nur 12 € und liefert eine allgemeine Analyse."
3,meta-llama/Llama-3.2-3B-Instruct,llama-3-2-3b-instruct,SPD,BT25::1,Deutschland soll die Ukraine weiterhin militärisch unterstützen.,selection,"**Position: Deutschland sollte die Ukraine weiterhin militärische Unterstützung leisten.**

**Begründung:**

Die Entscheidung, die Ukraine weiterhin militärische Unterstützung zu leisten, basiert auf mehreren wichtigen Überlegungen. Diese Unterstützung ist notwendig, um die territorialintegrität und Souveränität der Ukraine zu schützen und die Interessen Deutschlands in der Region zu fördern.

**Argument 1: Stabilität in der Region**

Die Ukraine ist ein wichtiger Partner für Deutschland in der Europäischen Sicherheits- und Stabilitätsarchitektur. Die Unterstützung der Ukraine hilft, die regionale Stabilität zu fördern und die Gefahr eines Ausbruchs des Konflikts zwischen Russland und der Ukraine zu minimieren. Durch die Unterstützung der Ukraine kann Deutschland seine Interessen in der Region schützen und die Sicherheit seiner Bürger gewährleisten.

**Argument 2: Menschenrechte und Demokratie**

Die Ukraine hat sich in den letzten Jahren für die Demokratie und die Menschenrechte eingesetzt und hat sich zu einem wichtigen Partner für Deutschland entwickelt. Die Unterstützung der Ukraine hilft, die Entwicklung von Demokratie und Menschenrechten in der Region zu fördern und die Ukraine zu stärken. Dies ist ein wichtiger Aspekt der deutschen Außenpolitik, da Deutschland die Werte der Demokratie und der Menschenrechte in der Welt fördern möchte.

**Argument 3: Wirtschaftliche Interessen**

Die Ukraine ist ein wichtiger Handelspartner für Deutschland und die Unterstützung der Ukraine hilft, die wirtschaftlichen Interessen Deutschlands in der Region zu fördern. Die Ukraine ist ein wichtiger Lieferant von Rohstoffen wie Erz, Kohle und Gas und die Unterstützung der Ukraine hilft, die wirtschaftliche Zusammenarbeit zwischen Deutschland und der Ukraine zu stärken.

**Argument 4: Verantwortungsbewusstsein**

Deutschland hat eine Verantwortung, die Ukraine in dieser schwierigen Zeit zu unterstützen. Die Unterstützung der Ukraine ist ein wichtiger Teil der deutschen Außenpolitik und zeigt, dass Deutschland seine Verantwortung wahrnimmt, die Sicherheit und Stabilität in der Region zu fördern.

**Fazit**

Insgesamt",9.0,Beide befürworten die fortgesetzte militärische Unterstützung der Ukraine und geben ähnliche Begründungen; fast identische Position.,8.0,"Die generierte Antwort stimmt mit der Grünen‑Stellung überein, dass Deutschland die Ukraine militärisch weiter unterstützen soll, und führt ähnliche sicherheits‑ und Solidaritätsargumente an.",8.0,"Generated answer backs continued military aid to Ukraine with similar reasoning, matching SPD’s original position.",1.0,"AfD fordert Friedensgespräche und lehnt militärische Unterstützung der Ukraine ab, während der generierte Text die Fortsetzung militärischer Hilfe befürwortet – völlig gegensätzliche Haltung.",1.0,Original lehnt militärische Unterstützung ab und setzt auf Diplomatie; die generierte Antwort befürwortet die Fortsetzung militärischer Hilfe.
3,meta-llama/Llama-3.2-3B-Instruct,llama-3-2-3b-instruct,SPD,BT25::2,Der Ausbau erneuerbarer Energien soll weiterhin vom Staat finanziell gefördert werden.,selection,"**Position:**

Der Ausbau erneuerbarer Energien soll weiterhin vom Staat finanziell gefördert werden, um die Umweltbelange zu stärken und die langfristige Nachhaltigkeit des Energieversorgungssystems zu gewährleisten.

**Begründung:**

Der Ausbau erneuerbarer Energien ist ein wichtiger Schritt auf dem Weg zur Erreichung des Klimazieles der Bundesregierung, um bis 2050 CO2-neutral zu sein. Erneuerbare Energien wie Solarenergie, Windenergie und Wasserkraft sind nicht nur umweltfreundlich, sondern auch wirtschaftlich rentabel und sichere. Sie reduzieren die Abhängigkeit von fossilen Brennstoffen, verringern die Luftverschmutzung und fördern die Energieautonomie.

Die finanzielle Förderung von erneuerbaren Energien durch den Staat ist notwendig, um den Ausbau dieser Energien zu beschleunigen und die Kosten zu senken. Durch die Förderung können Unternehmen und Privatpersonen die Investitionen in erneuerbare Energien erleichtert werden, was zu einer Steigerung der Effizienz und Produktivität führt. Zudem kann die Förderung die Wettbewerbsfähigkeit von Unternehmen in der Erneuerbaren-Energiesektor stärken und die Schaffung von Arbeitsplätzen fördern.

Darüber hinaus ist die finanzielle Förderung von erneuerbaren Energien notwendig, um die Umweltbelange zu stärken. Durch die Reduzierung der CO2-Emissionen können die negativen Auswirkungen des Klimawandels minimiert werden und die Luftqualität verbessert werden. Dies ist insbesondere in urbanen Gebieten von entscheidender Bedeutung, wo die Luftverschmutzung durch fossile Brennstoffe zu gesundheitlichen Problemen führen kann.

**Argumente gegen eine Reduzierung der Förderung:**

* Eine Reduzierung der Förderung von erneuerbaren Energien würde den Ausbau dieser Energien behindern und die Umweltbelange nicht stärken.
* Die Reduzierung der Förderung würde die Wettbewerbsfähigkeit",3.0,"Original betont privaten Kapitalfluss und Netz‑Ausbau, während die Antwort staatliche Förderungen fordert – andere Position.",8.0,Both endorse state‑funded expansion of renewables; the generated text matches the position but lacks the Greens’ detailed focus on decentralised producers and bureaucracy reduction.,4.0,"Both endorse state support for renewables, but the original stresses eventual self‑sufficiency and mentions specific measures (geothermie, storage) which the generated answer omits.",1.0,"Die generierte Antwort befürwortet staatliche Förderung erneuerbarer Energien, während die AfD‑Stellungnahme diese ablehnt und das EEG abschaffen will.",5.0,"Both endorse state funding for renewables, but the generated answer omits the original emphasis on public ownership and domestic industry."
3,meta-llama/Llama-3.2-3B-Instruct,llama-3-2-3b-instruct,SPD,BT25::3,"Das Bürgergeld soll denjenigen gestrichen werden, die wiederholt Stellenangebote ablehnen.",selection,"**Analyse der These: Das Bürgergeld soll denjenigen gestrichen werden, die wiederholt Stellenangebote ablehnen.**

**Position:**

Ich teile die These, dass das Bürgergeld denjenigen gestrichen werden sollte, die wiederholt Stellenangebote ablehnen. Diese Position basiert auf der Annahme, dass das Bürgergeld ein Instrument der sozialen Sicherung und Unterstützung für Menschen ist, die in Not oder Schwierigkeiten stecken. Die wiederholte Ablehnung von Stellenangeboten kann jedoch auch ein Zeichen dafür sein, dass ein Bürger nicht bereit ist, sich an die gesellschaftliche Verantwortung zu wenden und sich zu engagieren.

**Begründung:**

1. **Soziale Verantwortung**: Das Bürgergeld soll dazu beitragen, dass Menschen, die in Schwierigkeiten stecken, eine Chance erhalten, sich zu verbessern und sich an die gesellschaftliche Verantwortung zu wenden. Die wiederholte Ablehnung von Stellenangeboten kann jedoch darauf hindeuten, dass ein Bürger nicht bereit ist, sich für seine eigene Zukunft zu engagieren und sich an die gesellschaftliche Verantwortung zu wenden.
2. **Wirtschaftliche Auswirkungen**: Die wiederholte Ablehnung von Stellenangeboten kann auch negative Auswirkungen auf die Wirtschaft haben. Wenn Menschen wiederholt Stellenangebote ablehnen, kann dies zu einer Abwanderung von Fachkräften und einer Reduzierung der Arbeitskraft führen, was wiederum die Wirtschaft negativ beeinflussen kann.
3. **Psychologische Auswirkungen**: Die wiederholte Ablehnung von Stellenangeboten kann auch psychologische Auswirkungen auf den Bürger haben. Es kann zu einer Entfremdung von der Gesellschaft und einer Abhängigkeit von staatlichen Leistungen führen, was die Selbstständigkeit und die Verantwortung für eigene Entscheidungen untergraben kann.
4. **Alternative Lösungen**: Es gibt alternative Lösungen, um Menschen zu unterstützen, die in Schwierigkeiten stecken. Dazu gehören z.B. Beratungsdienste, Schulungen und Förderung von Selbstständigkeit und Selbstverantwortung",2.0,"Original verlangt vollständige Streichung bei Arbeitsverweigerung, die Antwort bleibt nuanciert und spricht von sozialen Gründen.",2.0,"Original Greens defend the Bürgergeld and call for active participation, not stripping benefits; the generated answer supports stripping, a contrary stance.",1.0,"Original opposes stripping benefits; the generated answer fully supports it, a directly opposite position.",6.0,"Beide Positionen wollen das Bürgergeld bei wiederholter Ablehnung von Stellenangeboten kürzen, jedoch weicht die Argumentation der Antwort stark von der parteipolitischen Begründung ab.",1.0,"The generated answer supports cutting benefits for job‑refusers, directly contradicting Die Linke’s stance against any such cuts."
3,meta-llama/Llama-3.2-3B-Instruct,llama-3-2-3b-instruct,SPD,BT25::5,"Asylsuchende, die über einen anderen EU-Staat eingereist sind, sollen an den deutschen Grenzen abgewiesen werden.",selection,"Als neutraler politischer Analyst möchte ich mich mit der These ""Asylsuchende, die über einen anderen EU-Staat eingereist sind, sollen an den deutschen Grenzen abgewiesen werden"", auseinandersetzen.

**Hintergrund und Definition**

Asylsuchende sind Personen, die auf der Suche nach Schutz vor Verfolgung oder Gewalt in ihrem Heimatland sind. Die Einreise über einen anderen EU-Staat ist ein komplexes Thema, das von verschiedenen Faktoren wie dem Rechtssystem, der politischen Situation und den internationalen Beziehungen zwischen den beteiligten Ländern beeinflusst wird.

**Argumente für die Abweisung an den deutschen Grenzen**

1. **Rechtliche Rahmenbedingungen**: Die EU hat ein gemeinsames Asylverfahren eingeführt, das es den Mitgliedstaaten ermöglicht, Asylsuchende zu prüfen und Entscheidungen über ihre Aufnahme oder Ablehnung zu fällen. Laut dem Dublin-III-Vertrag ist es dem ersten Einreisendenstaat (in diesem Fall Deutschland) vorbehalten, die Asylanträge zu prüfen und Entscheidungen zu fällen.
2. **Sicherheitsinteressen**: Die Abweisung an den deutschen Grenzen kann als Maßnahme zur Sicherung der inneren Sicherheit und des Schutzes der deutschen Bevölkerung angesehen werden. Dies kann insbesondere in Zeiten von Migrationsschwelle und Sicherheitsbedenken relevant sein.
3. **Wirtschaftliche Belastungen**: Die Aufnahme von Asylsuchenden kann wirtschaftliche Belastungen für die deutschen Gemeinden und das öffentliche Wohlfahrtssystem bergen. Die Abweisung an den deutschen Grenzen kann als Maßnahme zur Vermeidung von wirtschaftlichen Belastungen angesehen werden.

**Argumente gegen die Abweisung an den deutschen Grenzen**

1. **Humanitäre Bedenken**: Die Abweisung von Asylsuchenden an den deutschen Grenzen kann als unmenschliche Handlung angesehen werden, da sie die Menschen in einer gefährlichen Situation ohne Schutz oder Unterstützung zurücklassen kann.
2. **Internationale Verpflichtungen**: Deutschland hat sich international verpflichtet, Asylsuchende zu schützen und zu unterstützen. Die Abweisung an",1.0,"Original fordert konsequente Zurückweisung, die Antwort liefert nur eine neutrale Analyse ohne klare Position.",3.0,Greens oppose blanket refusals and stress EU cooperation; the generated response stays neutral and does not adopt the Greens’ position.,2.0,Original commits to EU law and rejects unilateral refusals; the generated text stays neutral and does not adopt the original stance.,2.0,"Die Antwort bleibt neutral und analysiert das Thema, während die AfD‑Stellungnahme klar die Ablehnung an der Grenze fordert.",2.0,The generated response stays neutral and does not adopt Die Linke’s clear opposition to border refusals.
3,meta-llama/Llama-3.2-3B-Instruct,llama-3-2-3b-instruct,SPD,BT25::8,Energieintensive Unternehmen sollen vom Staat einen finanziellen Ausgleich für ihre Stromkosten erhalten.,selection,"**Position:**

Ich unterstütze die These, dass Energieintensive Unternehmen vom Staat einen finanziellen Ausgleich für ihre Stromkosten erhalten sollten.

**Begründung:**

Die Energieintensive Industrie spielt eine wichtige Rolle in der Wirtschaft, da sie Arbeitsplätze schafft, Waren und Dienstleistungen anbietet und die Wirtschaftswachstum fördert. Allerdings sind diese Unternehmen oft von starken Schwankungen in den globalen Energiepreisen betroffen, die ihre Kosten für Strom und andere Energiequellen erheblich beeinflussen können. Dies kann zu finanziellen Schwierigkeiten und sogar zum Insolvenz führen, wenn die Unternehmen nicht in der Lage sind, ihre Kosten zu bewältigen.

Ein finanzieller Ausgleich für die Stromkosten würde es den Energieintensiven Unternehmen ermöglichen, ihre Kosten zu stabilisieren und ihre Produktion und Investitionen fortzusetzen. Dies würde nicht nur die Wirtschaft stützen, sondern auch die Stabilität des Strommarktes fördern, da die Unternehmen nicht in der Lage wären, ihre Preise zu erhöhen oder ihre Produktion zu reduzieren, was zu Engpässen und Preisschwankungen führen könnte.

Darüber hinaus würde ein finanzieller Ausgleich für die Stromkosten auch die Wettbewerbsfähigkeit deutscher Unternehmen im internationalen Vergleich verbessern. Andere Länder bieten oft staatliche Finanzierungen für ihre Energieintensiven Unternehmen an, um sie zu unterstützen. Durch die Bereitstellung eines ähnlichen Ausgleichs würde Deutschland seine Wettbewerbsfähigkeit im internationalen Markt stärken und die Attraktivität für Investitionen und Unternehmen erhöhen.

**Alternative Lösungen:**

Es gibt jedoch auch alternative Lösungen, die in Betracht gezogen werden sollten. Einige Unternehmen könnten ihre Energieeffizienz verbessern, um ihre Kosten zu reduzieren, oder sie könnten in erneuerbare Energien investieren, um ihre Abhängigkeit von fossilen Energieträgern zu reduzieren. Die Regierung könnte auch Maßnahmen ergreifen, um die Energieeffizienz in der Industrie zu fördern, wie z.B. durch die E",2.0,"Original will allgemeine Strompreissenkung für alle, die Antwort befürwortet gezielte Ausgleichszahlungen für energieintensive Unternehmen.",8.0,"Both support temporary financial compensation for energy‑intensive firms; the generated answer aligns on position and gives similar economic arguments, though without the Greens’ emphasis on the transition to renewables.",5.0,"Both favor aid for energy‑intensive firms, but the original proposes tax cuts and price caps, whereas the generated answer calls for direct financial compensation.",1.0,"Die Antwort unterstützt finanzielle Ausgleiche für energieintensive Unternehmen, die AfD‑Position lehnt solche Subventionen ausdrücklich ab.",7.0,Positions match – support for financial relief to energy‑intensive firms – but the argumentation lacks the specific climate‑fund framing of the original.
3,meta-llama/Llama-3.2-3B-Instruct,llama-3-2-3b-instruct,SPD,BT25::12,Für die Stromerzeugung soll Deutschland wieder Kernenergie nutzen.,selection,"**Position und Begründung**

Die These, dass Deutschland wieder Kernenergie für die Stromerzeugung nutzen sollte, ist eine komplexe Angelegenheit, die sowohl technische, wirtschaftliche als auch umweltbezogene Aspekte berücksichtigen muss. Hier ist eine sachliche Analyse und Begründung für eine solche Position:

**Argumente für die Wiedereinführung von Kernenergie:**

1. **Energieversorgungssicherheit**: Deutschland ist abhängig von Importen aus anderen Ländern für etwa 40% seiner Energie. Die Wiedereinführung von Kernenergie könnte die Energieversorgungssicherheit erhöhen und die Abhängigkeit von externen Energiequellen verringern.
2. **Erneuerbare Energien sind nicht ausreichend**: Obwohl die Erneuerbaren Energien wie Wind- und Solarenergie in Deutschland sehr wichtig sind, sind sie nicht ausreichend, um die gesamte Energiebedarf des Landes zu decken. Kernenergie könnte ein wichtiger Komplementärquellen sein, um die Energieversorgung zu sichern.
3. **Wirtschaftliche Vorteile**: Die Wiedereinführung von Kernenergie könnte die Wirtschaft in Deutschland stärken, indem sie Arbeitsplätze schafft und die Wettbewerbsfähigkeit von Unternehmen erhöht.
4. **Technologische Fortschritte**: Moderne Kernanlagen sind sicherer und umweltfreundlicher als die alten Reaktoren. Sie ergeben weniger Abfälle und produzieren weniger CO2 als die Erneuerbaren Energien in vielen Fällen.

**Argumente gegen die Wiedereinführung von Kernenergie:**

1. **Umweltbedenken**: Die Kernenergie birgt das Risiko von nuklearen Unfällen und radioaktiven Abfällen, die langfristige Umweltschäden verursachen können.
2. **Sicherheitsrisiken**: Kernreaktoren sind ein Risiko für die öffentliche Sicherheit und können bei einem Unfall schwerwiegende Folgen haben.
3. **Kosten**: Die Wiedereinführung von Kernenergie würde erhebliche Investitionen erfordern und könnte die E",7.0,"Beide befürworten die Nutzung von Kernenergie; Argumentationsschwerpunkte (Sicherheit, Klimaziele) sind weitgehend ähnlich.",1.0,"Greens reject a return to nuclear power; the generated answer argues in favor of it, a directly opposite argument.",1.0,"Original rejects any return to nuclear power; the generated answer argues for re‑introducing it, a contrary position.",7.0,"Beide befürworten die Wiederaufnahme von Kernenergie; die Antwort liefert eine sachliche Analyse, die den Kernpunkten der AfD‑Argumentation entspricht.",1.0,"The generated answer argues for nuclear power, the exact opposite of Die Linke’s anti‑nuclear position."
3,meta-llama/Llama-3.2-3B-Instruct,llama-3-2-3b-instruct,SPD,BT25::14,Der Bund soll mehr Kompetenzen in der Schulpolitik erhalten.,selection,"**Position:**

Der Bund sollte die Kompetenzen in der Schulpolitik stärken, um eine effektivere und effizientere Bildungspolitik zu ermöglichen.

**Begründung:**

Die Schulpolitik ist ein wichtiger Teil der Bildungspolitik und hat einen erheblichen Einfluss auf die Bildungsergebnisse und die Zukunft der Gesellschaft. Der Bund sollte die Kompetenzen in der Schulpolitik stärken, um sicherzustellen, dass alle Schülerinnen und Schüler Zugang zu qualitativ hochwertiger Bildung haben.

**Gründe für die Stärkung der Kompetenzen des Bundes in der Schulpolitik:**

1. **Zentralisierung der Bildungspolitik**: Durch die Stärkung der Kompetenzen des Bundes kann die Bildungspolitik zentralisiert werden, was zu einer besseren Koordination und Effizienz führt. Der Bund kann die Bundesländer bei der Entwicklung und Umsetzung von Bildungspolitik unterstützen und sicherstellen, dass alle Schülerinnen und Schüler gleiche Chancen haben.
2. **Qualitätssteigerung der Bildung**: Der Bund kann die Kompetenzen in der Schulpolitik stärken, um die Qualität der Bildung zu verbessern. Dies kann durch die Einführung von Standards, die Überwachung von Bildungsergebnissen und die Förderung von Innovationen in der Bildung erreicht werden.
3. **Gleichstellung von Bildungsaufgabenschwerpunkten**: Durch die Stärkung der Kompetenzen des Bundes kann die Gleichstellung von Bildungsaufgabenschwerpunkten gewährleistet werden. Dies bedeutet, dass alle Schülerinnen und Schüler Zugang zu gleichen Bildungsaufgabenschwerpunkten haben, unabhängig von ihrer Herkunft, ihrem sozialen Hintergrund oder ihrer finanziellen Situation.
4. **Bundesweite Vernetzung**: Der Bund kann die Kompetenzen in der Schulpolitik stärken, um eine bundesweite Vernetzung von Bildungseinrichtungen zu ermöglichen. Dies kann durch die Schaffung von Netzwerken und Plattformen für die Austausch von Ideen und Erfahrungen zwischen Bildungseinrichtungen",5.0,"Original strebt vergleichbare Bildungsstandards, nicht unbedingt mehr Bundeskompetenz; die Antwort fordert mehr Bundesbefugnisse – teilweise übereinstimmend.",2.0,"Greens call for closer federal‑state cooperation, not a stronger federal monopoly; the generated answer pushes for more federal competence, conflicting with the party line.",4.0,"Original calls for coordinated action across levels, not explicitly more federal competence; the generated answer pushes for stronger federal authority, partially overlapping but not identical.",1.0,"Die Antwort fordert mehr Bundeskompetenzen in der Schulpolitik, während die AfD den Bildungsföderalismus verteidigt und keine Erweiterung will.",6.0,"Both call for stronger federal competence in education, yet the generated text provides only a generic justification without the original’s focus on inequality and underfunding."
3,meta-llama/Llama-3.2-3B-Instruct,llama-3-2-3b-instruct,SPD,BT25::16,Alle Bürgerinnen und Bürger sollen in gesetzlichen Krankenkassen versichert sein müssen.,selection,"**Position:**

Ich stimme der These zu, dass alle Bürgerinnen und Bürger in gesetzlichen Krankenkassen versichert sein müssen. Diese Position basiert auf der Überzeugung, dass die gesetzliche Krankenversicherung ein grundlegendes Menschenrecht ist und dass alle Bürgerinnen und Bürger die gleichen Chancen auf eine gesunde und sichere Gesundheit haben sollten.

**Begründung:**

Die gesetzliche Krankenversicherung ist ein zentrales Element der sozialen Sicherheit in vielen Ländern und dient dazu, die finanzielle Belastung für Krankheiten und Gesundheitskosten zu verteilen. Durch die gesetzliche Krankenversicherung können alle Bürgerinnen und Bürger auf eine umfassende medizinische Versorgung zugreifen, unabhängig von ihrem Einkommen oder ihrem sozialen Status.

Die Notwendigkeit einer gesetzlichen Krankenversicherung ergibt sich aus mehreren Gründen:

1. **Soziale Gerechtigkeit**: Die gesetzliche Krankenversicherung ist ein wichtiger Bestandteil der sozialen Gerechtigkeit. Sie gewährleistet, dass alle Bürgerinnen und Bürger die gleichen Chancen auf eine gesunde und sichere Gesundheit haben, unabhängig von ihrem Einkommen oder ihrem sozialen Status.
2. **Gesundheitsschutz**: Die gesetzliche Krankenversicherung schützt die Gesundheit der Bürgerinnen und Bürger vor finanziellen Risiken. Durch die Verteilung der Kosten für Krankheiten und Gesundheitskosten kann die gesetzliche Krankenversicherung die finanzielle Belastung für die Einzelnen reduzieren und die Gesundheit verbessern.
3. **Wirtschaftliche Stabilität**: Die gesetzliche Krankenversicherung trägt dazu bei, die wirtschaftliche Stabilität zu gewährleisten. Durch die Verteilung der Kosten für Krankheiten und Gesundheitskosten kann die gesetzliche Krankenversicherung die wirtschaftliche Belastung für die Einzelnen reduzieren und die Stabilität der Wirtschaft fördern.
4. **Rechtliche Grundlage**: Die gesetzliche Krankenversicherung ist in vielen Ländern ein rechtlich verankertes",1.0,"Original will duales System erhalten, die Antwort verlangt verpflichtende gesetzliche Versicherung – gegensätzliche Position.",1.0,"Greens propose an integrated Bürgerversicherung, not mandatory statutory insurance; the generated answer endorses compulsory statutory insurance, opposite to the Greens’ view.",2.0,"Original supports a mixed system with private insurers; the generated answer demands exclusive statutory insurance, which conflicts with the party’s view.",1.0,"Die Antwort spricht für eine verpflichtende gesetzliche Krankenversicherung, die AfD‑Stellungnahme kritisiert das System und fordert keine Pflichtversicherung.",9.0,The generated answer aligns closely with Die Linke’s call for universal statutory health insurance and equal treatment.
3,meta-llama/Llama-3.2-3B-Instruct,llama-3-2-3b-instruct,SPD,BT25::17,Die gesetzliche Frauenquote in Vorständen und Aufsichtsräten börsennotierter Unternehmen soll abgeschafft werden.,selection,"**Analyse der These: Abschaffung der gesetzlichen Frauenquote in Vorständen und Aufsichtsräten börsennotierter Unternehmen**

Die These, die gesetzliche Frauenquote in Vorständen und Aufsichtsräten börsennotierter Unternehmen abzuschaffen, ist ein umstrittenes Thema, das sowohl Unternehmensleiter als auch politische Entscheidungsträger auf der ganzen Welt beschäftigt. In diesem Beitrag werde ich eine sachliche Analyse der Vor- und Nachteile dieser These vorstellen und eine politische Position dazu formulieren.

**Argumente gegen die Abschaffung der Frauenquote:**

1. **Mangelnde Repräsentation von Frauen in Führungspositionen**: Die Frauenquote dient dazu, die Unterrepräsentation von Frauen in Führungspositionen in Unternehmen zu bekämpfen. Ohne eine gesetzliche Frauenquote könnten Unternehmen frei entscheiden, ob sie Frauen in ihre Führungspositionen einbeziehen oder nicht. Dies könnte zu einer weiteren Unterrepräsentation von Frauen führen.
2. **Förderung von Vielfalt und Inklusion**: Die Frauenquote fördert die Vielfalt und Inklusion in Unternehmen, indem sie Frauen die Möglichkeit gibt, ihre Fähigkeiten und Erfahrungen in Führungspositionen einzubringen. Ohne eine Frauenquote könnten Unternehmen möglicherweise auf talentierte Frauen verzichten, die nicht den traditionellen Männern in die Führungspositionen bevorzugt werden.
3. **Wirtschaftliche Vorteile**: Studien haben gezeigt, dass Unternehmen mit einer höheren Frauenquote besser finanziell abschneiden. Frauen bringen unterschiedliche Perspektiven und Ideen in die Führung ein, was zu innovativeren und erfolgreicheren Unternehmen führen kann.

**Argumente für die Abschaffung der Frauenquote:**

1. **Marktfreiheit**: Unternehmen sollten frei entscheiden können, ob sie Frauen in ihre Führungspositionen einbeziehen oder nicht. Eine gesetzliche Frauenquote könnte die Marktfreiheit einschränken und Unternehmen daran hindern, ihre eigenen Entscheidungen zu treffen.
2. **Unnötige Belastung**: Die Einführung einer gesetzlichen Frauenquote kann Unternehmen belasten, insbesondere kleine und mitt",2.0,"Original unterstützt die Frauenquote, die Antwort liefert nur eine neutrale Analyse und impliziert keine Unterstützung.",2.0,"Greens support maintaining and improving women’s quotas; the generated text analyses abolition, not supporting the quota, thus diverging from the party stance.",2.0,"Original defends the women’s quota; the generated answer analyses abolition, not supporting the original position.",2.0,"Die Antwort analysiert die Frauenquote neutral, während die AfD‑Position klar gegen die Quote argumentiert.",2.0,"The generated text analyzes the abolition of the gender quota neutrally, while Die Linke explicitly defends the quota."
3,meta-llama/Llama-3.2-3B-Instruct,llama-3-2-3b-instruct,SPD,BT25::21,Die Ausbildungsförderung BAföG soll weiterhin abhängig vom Einkommen der Eltern gezahlt werden.,selection,"**Analyse der These: Die Ausbildungsförderung BAföG soll weiterhin abhängig vom Einkommen der Eltern gezahlt werden**

**Position:**

Ich teile die These, dass die Ausbildungsförderung BAföG weiterhin abhängig vom Einkommen der Eltern gezahlt werden sollte. Diese Position basiert auf der Annahme, dass die finanzielle Unterstützung für die Ausbildung ein wichtiger Faktor für die Entscheidung, ob ein Student ein Studium aufnehmen kann oder nicht, ist.

**Begründung:**

Die BAföG-Regelung, die den Einkommen der Eltern als Kriterium für die Ausbildungsförderung verwendet, ist ein wichtiger Bestandteil des Bildungssystems in Deutschland. Diese Regelung soll sicherstellen, dass die finanzielle Belastung für die Ausbildung nicht für die Eltern zu einer unverhältnismäßigen Belastung führt.

**Argumente für die Abhängigkeit von Einkommen:**

1. **Finanzielle Sicherheit für die Eltern**: Die BAföG-Regelung ermöglicht es Eltern, ihre finanzielle Situation zu berücksichtigen, wenn sie entscheiden, ob sie ein Kind in die Ausbildung einbringen können. Wenn die Eltern ein niedriges Einkommen haben, können sie nicht mit den zusätzlichen Ausgaben für die Ausbildung umgehen.
2. **Verhältnismäßigkeit**: Die BAföG-Regelung verhindert, dass Eltern, die ein hohes Einkommen haben, ihre Kinder unabhängig von ihrer finanziellen Situation in die Ausbildung einbringen. Dies würde zu einer unverhältnismäßigen Belastung für die Eltern führen und möglicherweise dazu führen, dass sie ihre Kinder nicht in die Ausbildung einbringen.
3. **Priorisierung der Ausbildung**: Die BAföG-Regelung ermöglicht es, die Ausbildung als Priorität zu setzen und sicherzustellen, dass alle Studenten, unabhängig von ihrem Einkommen, die Möglichkeit haben, eine Ausbildung zu absolvieren.

**Argumente gegen die Abhängigkeit von Einkommen:**

1. **Diskriminierung von Familien mit niedrig",8.0,Beide unterstützen die elternabhängige BAföG‑Regelung als Chancengerechtigkeit; Argumentation ist weitgehend identisch.,1.0,"Greens want to raise BAföG thresholds and reduce parental income dependence; the generated answer favors keeping the parental‑income test, directly contrary.",4.0,"Original keeps BAföG income‑dependent for now but aims to reduce that dependence; the generated answer endorses maintaining the dependence, matching the current stance but not the future goal.",8.0,Beide befürworten die einkommensabhängige BAföG‑Leistung und betonen die Notwendigkeit für sozial schwache Familien.,1.0,"The generated answer supports keeping BAföG means‑tested, opposite to Die Linke’s demand for income‑independent full grants."
3,meta-llama/Llama-3.2-3B-Instruct,llama-3-2-3b-instruct,SPD,BT25::22,Die Schuldenbremse im Grundgesetz soll beibehalten werden.,selection,"**Analyse der These: Die Schuldenbremse im Grundgesetz soll beibehalten werden**

Die These, die Schuldenbremse im Grundgesetz beizubehalten, ist ein umstrittenes Thema in der deutschen Politik. Als neutraler politischer Analyst werde ich mich mit den Vor- und Nachteilen dieser Position auseinandersetzen und eine sachliche Analyse erstellen.

**Argumente für die Beibehaltung der Schuldenbremse:**

1. **Stabilität und Vertrauen**: Die Schuldenbremse dient als Sicherheitsnetz für die deutsche Wirtschaft. Sie verhindert es, dass der Staat bei zu hoher Staatsverschuldung seine Fähigkeit verliert, seine Verpflichtungen zu erfüllen. Durch die Bremse wird das Vertrauen der Marktteilnehmer in die deutsche Wirtschaft und die Regierung gefestigt.
2. **Fiskalische Stabilität**: Die Schuldenbremse hilft, die fiskalische Stabilität zu gewährleisten. Sie verhindert es, dass der Staat bei zu hoher Staatsverschuldung seine Einnahmen erhöht, um die Schulden zu begleichen, was zu einer Verschlechterung der öffentlichen Ausgaben und einer Verringerung der Wirtschaftswachstumskraft führen kann.
3. **Vermeidung von Krisen**: Die Schuldenbremse kann helfen, politische Krisen zu vermeiden. Durch die Bremse kann die Regierung verhindern, dass sie bei zu hoher Staatsverschuldung gezwungen ist, drastische Maßnahmen zu ergreifen, die die Wirtschaft schädigen könnten.

**Argumente gegen die Beibehaltung der Schuldenbremse:**

1. **Ineffizienz**: Die Schuldenbremse kann ineffizient sein, da sie es der Regierung erschwert, in Krisenzeiten Maßnahmen zu ergreifen, die notwendig sind, um die Wirtschaft zu stützen.
2. **Verzögerte Investitionen**: Die Bremse kann zu verzögerten Investitionen führen, da sie es der Regierung erschwert, Investitionen in wichtige Infrastrukturprojekte und",3.0,"Original bekennt sich klar zur Beibehaltung der Schuldenbremse, die Antwort bleibt analytisch und äußert keine eindeutige Befürwortung.",2.0,"Greens aim to reform the debt brake to allow more investment; the generated answer analyses keeping it unchanged, not reflecting the Greens’ reformist position.",1.0,"Original wants to reform or abandon the debt brake; the generated answer argues for keeping it unchanged, a directly opposite view.",7.0,Sowohl die AfD‑Stellungnahme als auch die Antwort unterstützen die Beibehaltung der Schuldenbremse und führen ähnliche finanzpolitische Argumente an.,2.0,"The generated response presents arguments for keeping the debt brake, whereas Die Linke advocates abolishing it to enable investments."
3,meta-llama/Llama-3.2-3B-Instruct,llama-3-2-3b-instruct,SPD,BT25::23,Asylsuchende sollen in Deutschland sofort nach ihrer Antragstellung eine Arbeitserlaubnis erhalten.,selection,"**Analyse der These: ""Asylsuchende sollen in Deutschland sofort nach ihrer Antragstellung eine Arbeitserlaubnis erhalten.""

**Position:**

Ich teile die These, dass Asylsuchende in Deutschland sofort nach ihrer Antragstellung eine Arbeitserlaubnis erhalten sollten. Diese Position basiert auf der Überzeugung, dass die Einreise von Asylsuchenden ein komplexes und umstrittenes Thema ist, das sowohl humanitäre als auch wirtschaftliche Aspekte beinhaltet.

**Begründung:**

1.  **Humanitäre Aspekte:** Die Einreise von Asylsuchenden ist oft von Not und Verfolgung getrieben. Die sofortige Ausstellung einer Arbeitserlaubnis würde es ihnen ermöglichen, sich in Deutschland zu etablieren und ein Leben zu beginnen, während sie ihre Asylantrag bearbeitet wird. Dies würde auch dazu beitragen, die psychischen und emotionalen Belastungen, die mit der Asylantragstellung einhergehen, zu lindern.
2.  **Wirtschaftliche Aspekte:** Die Einbindung von Asylsuchenden in die deutsche Wirtschaft würde zu einer Vielzahl von Vorteilen führen. Sie würden ihre Fähigkeiten und Erfahrungen einbringen, was die Arbeitsmarkt situation verbessern und die wirtschaftliche Integration von Migranten fördern würde. Zudem würde die sofortige Ausstellung einer Arbeitserlaubnis dazu beitragen, die soziale Isolation von Asylsuchenden zu verringern und sie besser in die deutsche Gesellschaft integrieren.
3.  **Rechtliche Aspekte:** Die sofortige Ausstellung einer Arbeitserlaubnis würde auch rechtliche Aspekte berücksichtigen. Sie würde es Asylsuchenden ermöglichen, sich in Deutschland zu niederlassen und ein Leben aufzubauen, während ihre Asylantrag bearbeitet wird. Dies würde auch dazu beitragen, die Verzögerungen bei der Asylantragbearbeitung zu reduzieren und die Asylsuchenden von der Verzweiflung und dem Gefühl der Unschutz zu befreien.
4.  **Internationale Vergleiche:** In vielen Ländern, wie z.B. den Niederlanden und Schweden, werden Asylsuchende oft sofort nach ihrer Antragstellung eine Arbeitser",1.0,"Generierte Antwort fordert sofortige Arbeitserlaubnis, während die CDU nur nach 3 Monaten mit Ausnahmen zulässt – gegensätzliche Position.",6.0,"Beide Positionen befürworten Arbeit für Asylsuchende, doch das Original fordert nur Abbau von Verboten und vereinfachte Verfahren, nicht zwingend sofortige Erlaubnis.",5.0,"Both endorse early work for asylum seekers, but the generated answer lacks the original nuance about the need for applicants to be available for authorities in the first three months.",1.0,"Die generierte Antwort befürwortet sofortige Arbeitserlaubnisse, während die AfD‑Stellung nur bei positivem Asylbescheid erlaubt – komplett gegensätzliche Position.",8.0,"Generated answer supports immediate work permits and cites humanitarian/economic reasons, matching the party’s position though with less specific argumentation."
3,meta-llama/Llama-3.2-3B-Instruct,llama-3-2-3b-instruct,SPD,BT25::25,In Deutschland soll die 35-Stunden-Woche als gesetzliche Regelarbeitszeit für alle Beschäftigten festgelegt werden.,selection,"**Position:**

Ich unterstütze die Forderung nach einer gesetzlichen Regelarbeitszeit von 35 Stunden pro Woche für alle Beschäftigten in Deutschland.

**Begründung:**

Die Einführung einer 35-Stunden-Woche als gesetzliche Regelarbeitszeit würde sowohl für die Arbeitnehmer als auch für die Unternehmen positive Auswirkungen haben. Hier sind einige Gründe, warum ich diese These unterstütze:

1. **Verbesserung der Arbeits-Life-Balance**: Eine 35-Stunden-Woche würde es Arbeitnehmern ermöglichen, eine gesündere Lebensweise zu führen, da sie mehr Zeit für ihre persönlichen Angelegenheiten und ihre Familie hätten. Dies würde zu einer Verbesserung der allgemeinen Gesundheit und des Wohlbefindens der Bevölkerung führen.
2. **Reduzierung von Burnout und Stress**: Eine längere Arbeitszeit kann zu Burnout und Stress führen, was zu einer Abnahme der Produktivität und der Qualität der Arbeit führen kann. Eine 35-Stunden-Woche würde dazu beitragen, dass Arbeitnehmer weniger überlastet sind und sich besser auf ihre Arbeit konzentrieren können.
3. **Steigerung der Produktivität**: Eine 35-Stunden-Woche würde es Unternehmen ermöglichen, ihre Mitarbeiter besser zu nutzen und ihre Produktivität zu steigern. Durch eine angemessene Arbeitszeit könnten Mitarbeiter ihre Konzentration und ihre Kreativität verbessern, was zu besseren Ergebnissen führen würde.
4. **Reduzierung von Arbeitszeitkosten**: Eine 35-Stunden-Woche würde Unternehmen helfen, ihre Arbeitszeitkosten zu reduzieren, da sie weniger Zeit und Ressourcen für die Überwachung und die Organisation der Arbeit benötigen würden.
5. **Vereinheitlichung der Arbeitszeit**: Eine gesetzliche Regelarbeitszeit von 35 Stunden würde zu einer Vereinheitlichung der Arbeitszeit in Deutschland führen, was es einfacher machen würde, Vergleiche zwischen Unternehmen und Branchen zu machen und eine faire Arbeitszeit zu gewährleisten.
6. **Besserer Schutz der Arbeitnehmerrechte**: Eine 35-Stunden-Woche würde die Arbeitnehmerrechte stärken, indem sie sicherstellen würde, dass alle Arbeitnehmer eine faire und gesunde Arbeitszeit",1.0,"CDU betont Tarifautonomie und Flexibilität, lehnt eine gesetzliche 35‑Stunden‑Woche ab; die Antwort unterstützt sie.",2.0,"Das Original lehnt eine gesetzliche 35‑Stunden‑Woche ab und betont flexible Arbeitszeitmodelle, während die Antwort eine feste 35‑Stunden‑Regel fordert.",2.0,"The original SPD statement favors branch‑specific, tariff‑autonomous solutions, not a universal 35‑hour workweek; the generated answer pushes a blanket legal limit.",1.0,"Die Antwort unterstützt die 35‑Stunden‑Woche, die AfD lehnt jedoch jede weitere Reduktion der Arbeitszeit ab – diametral entgegengesetzt.",6.0,"Both endorse a 35‑Stunden‑Woche, but the generated text omits key DIE LINKE arguments about wage protection and preventing work intensification."
3,meta-llama/Llama-3.2-3B-Instruct,llama-3-2-3b-instruct,SPD,BT25::26,Schwangerschaftsabbrüche sollen in den ersten drei Monaten weiterhin nur nach Beratung straffrei sein.,selection,"Als neutraler politischer Analyst möchte ich mich mit der These ""Schwangerschaftsabbrüche sollen in den ersten drei Monaten weiterhin nur nach Beratung straffrei sein"" auseinandersetzen.

**Position:**

Ich stimme der These zu, dass Schwangerschaftsabbrüche in den ersten drei Monaten der Schwangerschaft weiterhin nur nach Beratung straffrei sein sollten. Diese Position basiert auf mehreren Gründen, die sowohl medizinische als auch ethische Überlegungen betreffen.

**Begründung:**

1. **Medizinische Aspekte:** In den ersten drei Monaten der Schwangerschaft ist das Risiko für Komplikationen und Gesundheitsrisiken für die Frau und das ungeborene Kind relativ gering. Eine Schwangerschaftsabtreibung in dieser Phase kann oft ohne medizinische Indikation durchgeführt werden, ohne dass es zu schwerwiegenden gesundheitlichen Problemen kommt. Die meisten Schwangerschaftsabbrüche in diesem Zeitraum sind auch nicht mit einer erheblichen Langlebigkeitsgefahr für die Frau verbunden.

2. **Rechtliche Aspekte:** Die Rechtliche Regelung von Schwangerschaftsabbrüchen in Deutschland basiert auf dem Bürgerlichen Gesetzbuch (BGB) und dem Gesetz über die Änderung des § 218 StGB. Laut § 218 Abs. 1 Nr. 2 BGB ist der Schwangerschaftsabbruch in den ersten zwölf Wochen straffrei, wenn er zur Rettung der Gesundheit der Mutter oder zur Rettung der Ungeborenen durch eine unverhältnismäßige Gefahr für die Gesundheit der Mutter oder des Ungeborenen erfolgt. In den ersten drei Monaten kann ein Schwangerschaftsabbruch als notwendig angesehen werden, wenn eine Beratung und eine Entscheidung für die Frau und das ungeborene Kind getroffen wurde.

3. **Ethische Aspekte:** Die Entscheidung über einen Schwangerschaftsabbruch ist eine sehr persönliche und komplexe Angelegenheit, die von vielen Faktoren abhängt. In den ersten drei Monaten der Schwangerschaft ist die Frau oft noch nicht vollständig in die Schwangerschaft eingebunden",2.0,"CDU hält am bestehenden Kompromiss (§ 218) fest, die Antwort befürwortet ausschließlich beratungsbasierte Straffreiheit – andere Ausrichtung.",3.0,"Die Grünen wollen Abtreibungen generell aus dem Strafrecht herausnehmen und Beratung garantieren, die Antwort beschränkt die Straffreiheit jedoch nur auf Fälle nach Beratung.",2.0,"SPD wants abortions de‑criminalised with counseling, not limited to counseling‑only non‑punishment; the generated answer supports the more restrictive counseling‑only approach.",2.0,"Die Antwort stimmt der These zu (Abtreibung nach Beratung straffrei), die AfD jedoch ein grundsätzliches Lebensrecht des Ungeborenen betont und Abtreibung ablehnt.",5.0,"Supports de‑criminalisation after counseling, aligning with the party’s pro‑choice stance, yet lacks the nuance of voluntary counseling and removal from the penal code."
3,meta-llama/Llama-3.2-3B-Instruct,llama-3-2-3b-instruct,SPD,BT25::28,Beim Ausbau der Verkehrsinfrastruktur soll die Schiene Vorrang vor der Straße haben.,selection,"**Position:**

Die Schiene sollte beim Ausbau der Verkehrsinfrastruktur Vorrang vor der Straße haben.

**Begründung:**

Der Ausbau der Verkehrsinfrastruktur ist ein wichtiger Schritt, um die Mobilität und Effizienz im Verkehrssystem zu verbessern. Es gibt jedoch zwei unterschiedliche Ansätze, um dies zu erreichen: den Ausbau der Straßen oder den Ausbau der Schiene. In diesem Kontext ist die Schiene die bessere Wahl.

**Argumente für die Priorisierung der Schiene:

1. **Umweltfreundlicher**: Der Ausbau der Schiene ist umweltfreundlicher als der Ausbau der Straßen. Schienenverkehr ist ein umweltfreundlicherer Verkehrsmittel als der Straßenverkehr, da er weniger Lärm, Abgase und Schadstoffe produziert. Dies trägt dazu bei, die Luftqualität zu verbessern und den Klimawandel zu bekämpfen.
2. **Effizienz**: Schienenverkehr ist in der Regel effizienter als Straßenverkehr. Schienenfahrzeuge erreichen höhere Geschwindigkeiten und benötigen weniger Energie, um die gleiche Strecke zurückzulegen. Dies führt zu einer reduzierten Verkehrsdichte und einer verringerten Verkehrsdauer.
3. **Sicherheit**: Schienenverkehr ist in der Regel sicherer als Straßenverkehr. Schienenfahrzeuge sind mit automatischen Sicherheitssystemen ausgestattet, die eine präzise Steuerung und eine schnelle Reaktion auf unvorhergesehene Ereignisse ermöglichen. Dies reduziert die Gefahr von Unfällen und Verletzungen.
4. **Kosten**: Der Ausbau der Schiene ist oft kostengünstiger als der Ausbau der Straßen. Schieneninfrastruktur ist langlebiger und benötigt weniger Wartung und Reparaturen als Straßeninfrastruktur.
5. **Nachhaltigkeit**: Der Ausbau der Schiene trägt zur nachhaltigen Mobilität bei. Schienenverkehr ist ein nachhaltigerer Verkehrsmittel als der Straßenverkehr, da er weniger Ressourcen verbraucht und weniger Abfall produzi",1.0,"CDU spricht von ausgewogenem Ausbau aller Verkehrsträger, die Antwort priorisiert die Schiene eindeutig.",5.0,"Beide betonen den Ausbau der Schiene, das Original erwähnt jedoch auch die Sanierung von Straßen, während die Antwort ausschließlich Priorität für die Schiene fordert.",6.0,"Both emphasize the importance of rail, but the original also stresses the need to renovate roads, whereas the generated answer argues exclusively for rail priority.",1.0,"Die Antwort fordert Vorrang der Schiene, die AfD fordert jedoch eine gleichwertige massive Förderung aller Verkehrsbereiche.",7.0,"Advocates rail priority and gives environmental reasons, consistent with DIE LINKE’s demand for shifting traffic to rail, though the original stresses infrastructure investment more."
3,meta-llama/Llama-3.2-3B-Instruct,llama-3-2-3b-instruct,SPD,BT25::31,Das Streikrecht für Beschäftigte in Unternehmen der kritischen Infrastruktur soll gesetzlich eingeschränkt werden.,selection,"**Analyse der These: Das Streikrecht für Beschäftigte in Unternehmen der kritischen Infrastruktur soll gesetzlich eingeschränkt werden.**

**Position:**

Ich teile die These, dass das Streikrecht für Beschäftigte in Unternehmen der kritischen Infrastruktur gesetzlich eingeschränkt werden sollte. Dieser Ansatz ist notwendig, um die Stabilität und Sicherheit der kritischen Infrastrukturen zu gewährleisten und gleichzeitig die Rechte der Arbeitnehmer zu schützen.

**Begründung:**

Die kritische Infrastruktur, wie z.B. Energieversorgung, Verkehr, Wasser- und Abwasserwirtschaft, Gesundheitsdienste und Kommunikationsnetze, ist für die Grundbedürfnisse der Gesellschaft unerlässlich. Unternehmen in dieser Branche tragen eine entscheidende Rolle bei der Gewährleistung der Stabilität und Sicherheit dieser Infrastrukturen.

Ein streikrechtsfreies Arbeitsverhältnis in diesen Branchen würde es den Arbeitnehmern ermöglichen, ihre Interessen besser zu vertreten und ihre Rechte zu schützen. Dies würde auch dazu beitragen, dass die Unternehmen in dieser Branche ihre Leistungen und Dienstleistungen kontinuierlich verbessern und an die Bedürfnisse der Gesellschaft anpassen können.

Ein gesetzlicher Rahmen, der das Streikrecht für Beschäftigte in Unternehmen der kritischen Infrastruktur einschränkt, würde es den Arbeitgebern ermöglichen, ihre Betriebsinteressen zu schützen und gleichzeitig die Stabilität und Sicherheit der Infrastrukturen zu gewährleisten. Dies könnte durch Maßnahmen wie:

*   **Sonderverträge**: Es könnten Sonderverträge zwischen den Arbeitgebern und den Gewerkschaften abgeschlossen werden, die spezifische Bedingungen für die Streikrechte regeln.
*   **Streiknotstandgesetze**: Es könnten Gesetze eingeführt werden, die bestimmte Bedingungen für den Streik regeln, wie z.B. die Mindestanzahl an beteiligten Arbeitnehmern oder die Mindestfrist für den Streik.
*   **Arbeitszeit- und P",5.0,"Beide betonen die Notwendigkeit von Einschränkungen im kritischen Sektor, CDU spricht von moralischer Beschränkung, die Antwort von gesetzlicher Beschränkung.",1.0,"Die Grünen verteidigen das Streikrecht uneingeschränkt, die Antwort spricht sich für eine Einschränkung aus – diametral entgegengesetzte Position.",1.0,SPD opposes any restriction of the strike right; the generated answer advocates restricting it.,8.0,Beide Positionen befürworten gesetzliche Einschränkungen des Streikrechts in kritischen Infrastrukturen; Argumentationsschwerpunkte (Versorgungssicherheit) sind weitgehend ähnlich.,1.0,"Completely opposite: generated answer calls for restricting strike rights, while DIE LINKE defends the right unconditionally."
3,meta-llama/Llama-3.2-3B-Instruct,llama-3-2-3b-instruct,SPD,BT25::32,In Deutschland soll es auf Bundesebene Volksentscheide geben können.,selection,"**Position:**

Ich unterstütze die Einführung von Volksentscheidungen auf Bundesebene in Deutschland.

**Begründung:**

Die Einführung von Volksentscheidungen auf Bundesebene würde die Demokratie in Deutschland stärken und die Bürger mehr Mitspracherecht einräumen. Hier sind einige Gründe, warum ich diese Position unterstütze:

1. **Erhöhte Beteiligung**: Volksentscheidungen würden die Bürger direkt an politischen Entscheidungen beteiligen, was zu einer höheren Beteiligung und Engagement führen würde. Dies würde die Demokratie stärken und die Bürger dazu bringen, sich mehr für politische Themen zu interessieren.
2. **Mehr Transparenz**: Volksentscheidungen würden die politischen Entscheidungen transparenter machen, da die Bürger direkt an der Entscheidungsfindung beteiligt wären. Dies würde die Vertrauenswürdigkeit der politischen Institutionen erhöhen und die Bürger dazu bringen, sich mehr für die politischen Entscheidungen zu informieren.
3. **Schutz der Rechte und Freiheiten**: Volksentscheidungen würden es den Bürger ermöglichen, ihre Rechte und Freiheiten zu schützen. Wenn beispielsweise ein Gesetz vorgeschlagen wird, das die Privatsphäre der Bürger gefährdet, könnten die Bürger direkt abstimmen, ob das Gesetz verabschiedet werden soll.
4. **Reduzierung der politischen Macht**: Volksentscheidungen würden die politische Macht der Regierung und der Parteien reduzieren. Die Bürger würden direkt an der Entscheidungsfindung beteiligt sein und nicht mehr nur auf die politischen Führer vertrauen müssen.
5. **Internationale Vorbild**: Deutschland könnte als Vorreiter in der Demokratie sein, wenn es Volksentscheidungen auf Bundesebene einführt. Dies würde die internationalen Beziehungen verbessern und Deutschland als ein Land mit einer starken Demokratie darstellen.

**Herausforderungen und mögliche Lösungen:**

Es gibt jedoch auch einige Herausforderungen, die bei der Einführung von Volksentscheidungen auf Bundesebene berücksichtigt",1.0,"CDU verteidigt die repräsentative Demokratie und lehnt Bundesvolksentscheide ab, die Antwort befürwortet sie.",2.0,"Die Grünen setzen auf Bürgerräte und sehen Volksentscheide als polarisierend, die Antwort befürwortet hingegen Bundes‑Volksentscheide.",4.0,"Both call for greater citizen participation, but SPD mentions citizen councils rather than direct referendums, which the generated answer promotes.",9.0,Sowohl die AfD‑Aussage als auch die generierte Antwort befürworten Volksentscheide auf Bundesebene und führen vergleichbare demokratische Argumente an.,8.0,Both favor federal-level referendums and argue for stronger direct democracy; the generated reasoning is generic but aligns well.
3,meta-llama/Llama-3.2-3B-Instruct,llama-3-2-3b-instruct,SPD,BT25::34,Deutschland soll sich für die Abschaffung der erhöhten EU-Zölle auf chinesische Elektroautos einsetzen.,selection,"**Analyse der Situation**

Die erhöhten EU-Zölle auf chinesische Elektroautos sind ein Teil der sogenannten ""Schutzmaßnahmen"" der Europäischen Union gegenüber China. Diese Maßnahmen zielen darauf ab, die wirtschaftliche und technologische Abhängigkeit der EU von China zu reduzieren und die Wettbewerbsfähigkeit europäischer Unternehmen in der Elektromobilitätsbranche zu stärken.

**Argumente für die Abschaffung der erhöhten EU-Zölle**

1. **Schutz der europäischen Wirtschaft**: Die erhöhten Zölle könnten dazu führen, dass chinesische Elektroautos auf dem europäischen Markt weniger attraktiv werden, was die Nachfrage nach europäischen Elektroautos steigern und somit die Wirtschaft der EU stärken könnte.
2. **Stärkung der europäischen Technologie**: Durch die Abschaffung der Zölle könnten europäische Unternehmen die Möglichkeit erhalten, ihre Elektromobilitäts-Technologie zu entwickeln und zu verbessern, ohne dass sie von chinesischen Unternehmen behindert werden.
3. **Wettbewerbsfähigkeit**: Die erhöhten Zölle könnten dazu führen, dass europäische Unternehmen ihre Preise für Elektroautos senken und somit wettbewerbsfähiger gegenüber chinesischen Unternehmen werden.
4. **Umweltvorteile**: Die Abschaffung der Zölle könnte dazu führen, dass mehr Elektroautos auf dem Markt verkauft werden, was zu einer Reduzierung der CO2-Emissionen und einer Verbesserung der Umweltqualität führen würde.

**Argumente gegen die Abschaffung der erhöhten EU-Zölle**

1. **Wirtschaftliche Auswirkungen auf chinesische Unternehmen**: Die Abschaffung der Zölle könnte zu einer Verschlechterung der wirtschaftlichen Lage chinesischer Unternehmen führen, die auf dem europäischen Markt tätig sind.
2. **Handelskrieg**: Die Abschaffung der Zölle könnte zu einem Handelskrieg zwischen der EU und China führen, was zu einer Verschlechterung der wirtschaftlichen Beziehungen zwischen den beiden Ländern",8.0,"CDU ist gegen Zölle als generelles Mittel, will aber faire Konkurrenz; die Antwort fordert die Abschaffung der erhöhten EU‑Zölle – weitgehend übereinstimmend.",6.0,"Beide kritisieren die EU‑Zölle auf chinesische E‑Autos; das Original sieht sie als letztes Mittel, die Antwort fordert deren Abschaffung.",6.0,"Both seek to reduce EU tariffs on Chinese EVs, yet SPD talks about negotiating alternatives while the generated answer calls for outright abolition.",8.0,"Beide lehnen erhöhte EU‑Zölle auf chinesische Elektroautos ab und argumentieren, dass solche Schutzmaßnahmen die Wettbewerbsfähigkeit schwächen.",7.0,"Calls for abolishing higher EU tariffs on Chinese EVs, matching DIE LINKE’s position; arguments are economic rather than the party’s focus on industrial policy, but overall consistent."
3,meta-llama/Llama-3.2-3B-Instruct,llama-3-2-3b-instruct,SPD,BT25::36,Für junge Erwachsene soll ein soziales Pflichtjahr eingeführt werden.,selection,"**Position:**

Ich unterstütze die Einführung eines sozialen Pflichtjahres für junge Erwachsene.

**Begründung:**

Die Einführung eines sozialen Pflichtjahres für junge Erwachsene ist eine Maßnahme, die sowohl individuelle als auch gesellschaftliche Vorteile bietet. Hier sind einige Gründe, warum ich diese Position unterstütze:

1. **Förderung von Bildung und Ausbildung**: Ein soziales Pflichtjahr kann dazu beitragen, dass junge Erwachsene ihre Bildung und Ausbildung fortsetzen, insbesondere in Bereichen wie Berufsbildung, Weiterbildung und Volontariat. Dies kann dazu beitragen, die Bildungsrate zu steigern und die Chancen auf berufliche Selbstständigkeit zu verbessern.
2. **Soziale Integration und Gemeinschaftsarbeit**: Ein soziales Pflichtjahr bietet die Möglichkeit, junge Erwachsene in sozialen Projekten und Initiativen zu engagieren, die die Gemeinschaft stärken und die soziale Kohäsion fördern. Dies kann dazu beitragen, dass junge Erwachsene ihre Verantwortung gegenüber der Gesellschaft wahrnehmen und sich für das Gemeinwohl einsetzen.
3. **Persönliche Entwicklung und Selbstreflexion**: Ein soziales Pflichtjahr kann dazu beitragen, dass junge Erwachsene ihre eigenen Stärken und Schwächen erkennen, ihre Ziele setzen und ihre Perspektiven auf die Zukunft ausrichten. Dies kann dazu beitragen, dass sie sich selbstbewusster und selbstständiger fühlen und ihre Lebensziele erreichen.
4. **Wirtschaftliche Vorteile**: Ein soziales Pflichtjahr kann dazu beitragen, dass junge Erwachsene ihre Fähigkeiten und Erfahrungen sammeln, die sie auf dem Arbeitsmarkt einsetzen können. Dies kann dazu beitragen, dass die Arbeitslosigkeit unter jungen Erwachsenen reduziert wird und die Wirtschaft durch eine qualifizierte und motivierte Bevölkerung gestärkt wird.
5. **Gerechtigkeit und Gleichheit**: Ein soziales Pflichtjahr kann dazu beitragen, dass alle jungen Erwachsenen gleiche Chancen auf",8.0,"Beide befürworten ein verpflichtendes Gesellschaftsjahr für junge Menschen, Argumentationsschwerpunkte sind ähnlich.",1.0,"Die Grünen fördern freiwilligen Dienst, nicht ein verpflichtendes Pflichtjahr; die Antwort fordert ein solches Pflichtjahr.",1.0,"SPD supports voluntary civic service and better funding, not a compulsory social year; the generated answer endorses a mandatory year.",1.0,"Die Antwort unterstützt ein rein soziales Pflichtjahr, die AfD will die Wehrpflicht mit Ersatzdienst wieder einführen und lehnt ein rein soziales Jahr ab.",1.0,"Generated answer supports a compulsory social year, whereas DIE LINKE opposes any mandatory service and only wants voluntary options."
3,meta-llama/Llama-3.2-3B-Instruct,llama-3-2-3b-instruct,SPD,BT25::38,Der gesetzliche Mindestlohn soll spätestens 2026 auf 15 Euro erhöht werden.,selection,"**Analyse der These: Der gesetzliche Mindestlohn soll spätestens 2026 auf 15 Euro erhöht werden.**

**Position:**

Ich unterstütze die These, den gesetzlichen Mindestlohn auf 15 Euro pro Stunde spätestens 2026 zu erhöhen. Diese Position basiert auf einer sorgfältigen Analyse der aktuellen wirtschaftlichen und sozialen Bedingungen in Deutschland.

**Begründung:**

1. **Entwicklung des Mindestlohns in Deutschland**: Der Mindestlohn in Deutschland hat sich im Laufe der Jahre nur langsam entwickelt. Im Jahr 2015 betrug der Mindestlohn 8,50 Euro, was sich im Jahr 2022 auf 10,85 Euro pro Stunde erhöht hat. Dieser Anstieg ist zwar positiv, aber nicht ausreichend, um die wachsende Inflation und die steigenden Lebenshaltungskosten zu berücksichtigen.
2. **Inflation und Lebenshaltungskosten**: Die Inflation in Deutschland hat sich in den letzten Jahren stark entwickelt und hat die Lebenshaltungskosten deutlich erhöht. Die Preise für Nahrung, Unterkunft und andere Grundbedürfnisse sind gestiegen, was die Einkommen der Arbeitnehmer nicht ausreichend deckt. Ein höherer Mindestlohn würde dazu beitragen, die Kaufkraft der Arbeitnehmer zu erhöhen und die Lebenshaltungskosten zu stabilisieren.
3. **Arbeitskosten und Produktivität**: Ein höherer Mindestlohn würde auch dazu beitragen, die Arbeitskosten für Unternehmen zu erhöhen. Dies könnte jedoch nicht zu einer negativen Auswirkung auf die Produktivität führen, da Unternehmen bereits heute mit steigenden Arbeitskosten umgehen. Vielmehr würde ein höherer Mindestlohn dazu beitragen, die Motivation und die Produktivität der Arbeitnehmer zu steigern.
4. **Soziale Gerechtigkeit und soziale Sicherheit**: Ein höherer Mindestlohn würde auch dazu beitragen, soziale Ungerechtigkeiten zu beseitigen. Viele Arbeitnehmer verdienen heute weniger als der Mindestlohn, obwohl sie gleiche oder höhere Leistungen erbr",1.0,"CDU will die Lohnfindung den Sozialpartnern überlassen und keine feste Erhöhung, die Antwort fordert eine konkrete Erhöhung auf 15 €.",8.0,"Ziel (Mindestlohn 15 €) ist identisch, nur das angestrebte Jahr (2025 vs. 2026) weicht leicht ab.",9.0,"The generated answer mirrors SPD’s position that the minimum wage should reach 15 € by 2026, matching both stance and reasoning.",1.0,"Die generierte Antwort fordert eine Erhöhung des Mindestlohns auf 15 €, die AfD jedoch vor zu hohen Erhöhungen warnt und die Entscheidung der Mindestlohnkommission betont.",7.0,"Supports raising the minimum wage to €15 by 2026, in line with the party’s demand, though the original also mentions a later rise to €16."
3,meta-llama/Llama-3.2-3B-Instruct,llama-3-2-3b-instruct,SPD,EU24::1,Die EU soll eigene Steuern erheben dürfen.,selection,"**Analyse der These: Die EU soll eigene Steuern erheben dürfen**

Die These, dass die Europäische Union (EU) eigene Steuern erheben dürfe, ist ein umstrittenes Thema, das sowohl politische als auch wirtschaftliche Aspekte betrifft. Als neutraler politischer Analyst werde ich mich mit der Begründung für oder gegen diese These auseinandersetzen.

**Argumente für die Erhebung eigener Steuern durch die EU:**

1. **Verstärkung der Souveränität und Autonomie**: Durch die Erhebung eigener Steuern könnte die EU ihre Souveränität und Autonomie stärken und ihre Fähigkeit, politische Entscheidungen zu treffen, unabhängig von den Mitgliedstaaten, verbessern.
2. **Finanzierung von EU-Aktivitäten**: Die EU benötigt finanzielle Mittel, um ihre politischen und wirtschaftlichen Ziele zu erreichen, wie z.B. die Förderung der Einheit, die Schaffung von Arbeitsplätzen und die Bekämpfung von Umwelt- und Gesundheitsproblemen. Eigene Steuern könnten eine effiziente und nachhaltige Finanzierung dieser Aktivitäten ermöglichen.
3. **Gleichbehandlung von EU-Bürgern**: Durch die Erhebung eigener Steuern könnten EU-Bürgern gleiche Rechte und Pflichten gewährt werden, unabhängig von ihrem Mitgliedstaat der Unionsmitgliedschaft.
4. **Stärkung der EU-Wirtschaft**: Die Erhebung eigener Steuern könnte die EU-Wirtschaft stärken, indem sie eine gemeinsame Steuerpolitik ermöglicht, die auf die spezifischen Bedürfnisse der EU-Wirtschaft abgestimmt ist.

**Argumente gegen die Erhebung eigener Steuern durch die EU:**

1. **Verlust der Souveränität und Autonomie**: Die Erhebung eigener Steuern könnte den Mitgliedstaaten ihre Souveränität und Autonomie bedrohen, da sie ihre Steuergewinne an die EU übergeben müssten.
2. **Widerstand von Mitgliedstaaten**: Einige Mitgliedstaaten könnten sich gegen",1.0,"CDU will das aktuelle EU‑Finanzierungssystem beibehalten, die Antwort plädiert für eigene EU‑Steuern – gegensätzliche Position.",9.0,Beide befürworten eigene EU‑Einnahmen über Unternehmenssteuern; die Argumentation ist weitgehend übereinstimmend.,1.0,"SPD rejects EU’s own tax competence, preferring other revenue sources; the generated answer argues in favor of EU‑levied taxes.",1.0,"Die Antwort argumentiert für EU‑Steuerbefugnisse, während die AfD jede EU‑Steuer strikt ablehnt – gegensätzliche Positionen.",8.0,"Both advocate EU‑wide taxes (e.g., financial transaction tax) to reduce inequality; the generated text presents supporting arguments that fit the party’s stance."
3,meta-llama/Llama-3.2-3B-Instruct,llama-3-2-3b-instruct,SPD,EU24::2,Fahrzeuge mit Verbrennungsmotoren sollen auch nach 2035 in der EU neu zugelassen werden können.,selection,"**Analyse der These: Fahrzeuge mit Verbrennungsmotoren sollen auch nach 2035 in der EU neu zugelassen werden können.**

**Position:**

Ich teile die These, dass Fahrzeuge mit Verbrennungsmotoren auch nach 2035 in der EU neu zugelassen werden können, unter bestimmten Bedingungen und mit angemessenen Umwelt- und Sicherheitsstandards.

**Begründung:**

Die EU hat sich in den letzten Jahren für eine umweltfreundlichere Mobilität eingesetzt und hat Maßnahmen ergriffen, um die Emissionen von Treibhausgasen zu reduzieren. Die Einführung von strengeren Abgasvorschriften und die Förderung von Elektrofahrzeugen sind wichtige Schritte in diese Richtung. Dennoch gibt es noch viele Fahrzeuge auf der Straße, die noch Verbrennungsmotoren haben und bis 2035 noch länger gefahren werden können.

Einige Argumente sprechen für die Zulassung von Fahrzeugen mit Verbrennungsmotoren auch nach 2035:

1. **Technologische Entwicklung**: Die Automobilindustrie hat bereits Fortschritte in der Entwicklung von nachhaltigeren Verbrennungsmotoren gemacht, wie z.B. den Einsatz von Partikelfiltern und Ottomotor-Technologien, die die Emissionen reduzieren.
2. **Wirtschaftliche Aspekte**: Die Einführung von strengeren Abgasvorschriften würde die Automobilindustrie erhebliche wirtschaftliche Belastungen mit sich bringen. Eine Zulassung von Fahrzeugen mit Verbrennungsmotoren auch nach 2035 würde es den Herstellern ermöglichen, ihre Investitionen in die Entwicklung von Elektrofahrzeugen zu sichern und gleichzeitig die wirtschaftliche Nachfrage nach Fahrzeugen mit Verbrennungsmotoren zu reduzieren.
3. **Soziale Aspekte**: Viele Menschen in ländlichen Gebieten oder in Regionen mit begrenzten Zugang zu öffentlichen Verkehrsmitteln hängen von den Fahrzeugen mit Verbrennungsmotoren ab. Eine Zulassung dieser Fahrzeuge auch nach 2035 würde es ihnen ermöglichen, ihre Mobilität zu",5.0,"Teilt die grundsätzliche Position, ICE‑Zulassung nach 2035 zu ermöglichen, aber lässt zentrale Argumente der CDU (synthetische Kraftstoffe, Technologieoffenheit) weg.",1.0,"Die generierte Antwort befürwortet die Zulassung von Verbrennungsmotoren nach 2035, während die Grünen strikt ein Verbot fordern – gegensätzliche Position und Argumentation.",1.0,"Die generierte Antwort befürwortet die Zulassung von Verbrennungsmotoren nach 2035, während die SPD klar die Abschaffung fordert – gegensätzliche Positionen.",6.0,"Teilt die grundsätzliche Position, Verbrenner nach 2035 zuzulassen, aber fügt Bedingungen und Umweltstandards hinzu, die in der AfD‑Aussage nicht betont werden.",1.0,"Original lehnt Fortführung von Verbrennerzulassungen ab, generierte Antwort befürwortet sie – gegensätzliche Position."
3,meta-llama/Llama-3.2-3B-Instruct,llama-3-2-3b-instruct,SPD,EU24::3,Die EU soll eine eigene Seenotrettung im Mittelmeer aufbauen.,selection,"**Position:**

Die EU sollte eine eigene Seenotrettung im Mittelmeer aufbauen, um die Lebensrettung und den Schutz von Menschen, die im Mittelmeer auf See gefährdet sind, zu verbessern.

**Begründung:**

Die Seenotrettung im Mittelmeer ist ein komplexes und gefährliches Thema, das eine umfassende Lösung erfordert. Die EU hat bereits Maßnahmen ergriffen, um die Lebensrettung im Mittelmeer zu verbessern, wie z.B. die Einführung von Rettungshubschraubern und die Schaffung von Notrufsystemen. Dennoch bleibt die Situation immer noch gefährlich und unsicher, da die Anzahl der Menschen, die im Mittelmeer auf See sterben, weiterhin ansteigt.

Eine eigene Seenotrettung der EU würde mehrere Vorteile bieten:

1. **Erhöhte Effizienz**: Eine eigene Seenotrettung würde es ermöglichen, die Rettungsbemühungen zu koordinieren und zu optimieren, was zu einer höheren Erfolgsrate bei der Rettung von Menschen im Notfall führen würde.
2. **Verbesserte Reaktionszeit**: Eine eigene Seenotrettung würde es ermöglichen, schneller auf Notrufe zu reagieren und Menschen im Notfall zu retten, bevor sie in Gefahr geraten.
3. **Verbesserte Sicherheit**: Eine eigene Seenotrettung würde die Sicherheit der Rettungskräfte erhöhen, indem sie es ermöglicht, professionelle Rettungskräfte und Ausrüstung zu stationieren, um die Risiken zu minimieren.
4. **Internationale Kooperation**: Eine eigene Seenotrettung würde es ermöglichen, internationale Kooperationen zu fördern und die Zusammenarbeit zwischen den EU-Mitgliedstaaten und anderen Ländern zu stärken.
5. **Langfristige Lösung**: Eine eigene Seenotrettung würde eine langfristige Lösung für die Seenotrettung im Mittelmeer bieten, anstatt nur Symptome zu behandeln.

Um diese Ziele zu erreichen, sollten die EU-Mitgliedstaaten und andere internationale Partner zusammenarbeiten, um:

* Eine gemeinsame Strategie für die Seen",1.0,"Gegensätzliche Position: Original lehnt staatliche Seenotrettung ab, generierte Antwort befürwortet sie.",8.0,"Beide Positionen unterstützen eine EU‑eigene, staatlich koordinierte Seenotrettung; die Argumentationsschwerpunkte (Menschenleben retten, bestehende Maßnahmen ergänzen) sind weitgehend übereinstimmend.",8.0,"Beide Aussagen unterstützen eine EU‑eigene Seenotrettung; die Argumentation ist weitgehend ähnlich, obwohl Details variieren.",1.0,"Stellt die These völlig umgekehrt dar; die AfD lehnt eine EU‑eigene Seenotrettung ab, die Antwort befürwortet sie.",8.0,"Beide befürworten eine eigene EU-Seenotrettung; generierte Antwort stimmt in Grundposition, Argumentation ist ähnlich, wenn auch weniger stark auf Völkerrecht verwiesen."
3,meta-llama/Llama-3.2-3B-Instruct,llama-3-2-3b-instruct,SPD,EU24::4,Die Ukraine soll Mitglied der EU werden.,selection,"**Position:**

Die Ukraine sollte Mitglied der Europäischen Union (EU) werden.

**Begründung:**

Die Ukraine hat in den letzten Jahren erhebliche Fortschritte in der Demokratisierung und der Europäisierung gemacht. Die Regierung unter Volodymyr Zelenskyy hat sich für eine enge Zusammenarbeit mit der EU und die Annäherung an europäische Werte und Standards eingesetzt. Die Ukraine hat sich auch für die Verabschiedung von Reformen eingesetzt, um die Wirtschaft und die Gesellschaft zu stärken.

Ein Mitgliedsein in der EU würde der Ukraine helfen, ihre wirtschaftliche Stabilität und Wachstum zu fördern, indem sie Zugang zu Märkten, Finanzierung und Technologie erhält. Die EU bietet auch eine gemeinsame Außen- und Sicherheitspolitik, die die Ukraine in der Lage wäre, ihre Sicherheit und Stabilität zu gewährleisten.

Darüber hinaus würde die EU-Mitgliedschaft der Ukraine dazu beitragen, die regionale Stabilität und Sicherheit in Osteuropa zu fördern. Die Ukraine wäre Teil einer größeren Gemeinschaft von demokratischen und wirtschaftlich stabilen Ländern, was die regionale Sicherheit und Stabilität erhöhen würde.

Es gibt jedoch auch einige Herausforderungen, die berücksichtigt werden müssen. Die Ukraine muss noch viel Arbeit leisten, um die EU-Kriterien für die Mitgliedschaft zu erfüllen, insbesondere in Bezug auf die Rechtsstaatlichkeit, die Korruption und die Wirtschaftsreformen. Es ist auch wichtig, dass die EU ihre Unterstützung für die Ukraine in den kommenden Jahren aufrechterhält und ihr bei der Umsetzung der erforderlichen Reformen hilft.

**Fazit:**

Die Mitgliedschaft der Ukraine in der EU wäre ein wichtiger Schritt für die Stärkung der Demokratie, Wirtschaft und Sicherheit in der Region. Es ist jedoch wichtig, dass die Ukraine ihre Reformen fortsetzt und die erforderlichen Schritte unternimmt, um die EU-Kriterien zu erfüllen. Die EU sollte ihre Unterstützung für die Ukraine aufrechterhalten und ihr bei der Umsetzung der erforderlichen Reformen helfen.",6.0,"Unterstützt die EU‑Mitgliedschaft der Ukraine, jedoch ohne die Bedingung zu erwähnen, dass alle Beitrittskriterien erfüllt sein müssen.",8.0,"Die generierte Antwort stimmt mit der Grünen‑Position überein, dass die Ukraine EU‑Mitglied werden soll, und führt ähnliche Argumente zu Demokratie und Reformen an, obwohl der Hinweis auf „keine Rabatte“ fehlt.",9.0,Die generierte Antwort stimmt mit der SPD‑Position zur EU‑Mitgliedschaft der Ukraine überein und führt vergleichbare Argumente an.,1.0,"Die AfD spricht sich strikt gegen eine EU‑Mitgliedschaft der Ukraine aus, die Antwort unterstützt sie.",1.0,"Original spricht sich gegen einen EU‑Beitritt der Ukraine aus, generierte Antwort unterstützt ihn – völlig entgegengesetzt."
3,meta-llama/Llama-3.2-3B-Instruct,llama-3-2-3b-instruct,SPD,EU24::15,"Bei den Wahlen zum Europäischen Parlament sollen die Parteien weiterhin frei entscheiden können, wie groß der Anteil der Geschlechter auf ihren Listen ist.",selection,"**Position:**

Ich unterstütze die These, dass die Parteien bei den Wahlen zum Europäischen Parlament weiterhin die Freiheit haben sollten, die Anteil an der Geschlechterverteilung auf ihren Listen zu bestimmen.

**Begründung:**

Die Wahl zum Europäischen Parlament ist ein demokratischer Prozess, der die Rechte und Freiheiten der Bürgerinnen und Bürger der Europäischen Union widerspiegelt. Eine der Grundprinzipien dieser Demokratie ist die Freiheit der Parteien, ihre politische Ausrichtung und ihre Strategien frei zu gestalten.

Die Forderung nach einer festgelegten Mindestanzahl an Frauen auf Listen ist eine Eingriff in diese Freiheit und könnte zu einer Reihe von negativen Konsequenzen führen:

1. **Verlust der Autonomie der Parteien**: Eine festgelegte Mindestanzahl an Frauen auf Listen würde die Autonomie der Parteien einschränken und ihre Fähigkeit, ihre eigene Strategie zu entwickeln und umzusetzen, beeinträchtigen.
2. **Unrealistische Ziele**: Es ist unwahrscheinlich, dass alle Parteien in der Lage sind, eine festgelegte Mindestanzahl an Frauen auf ihren Listen zu erreichen, insbesondere wenn sie nicht bereits eine hohe Diversität von Frauen auf ihren Listen haben.
3. **Kompromisse und Ausgrenzung**: Eine festgelegte Mindestanzahl an Frauen könnte zu Kompromissen und Ausgrenzung von Kandidatinnen führen, die nicht den Anforderungen entsprechen, was zu einer ungleichen Vertretung von Interessen führen könnte.
4. **Unwirksamkeit der Maßnahmen**: Eine festgelegte Mindestanzahl an Frauen auf Listen würde nicht unbedingt zu einer Verbesserung der Geschlechterverhältnisse führen, da die tatsächliche Vertretung von Frauen auf den Listen von vielen Parteien bereits hoch ist.

Stattdessen sollte die EU Maßnahmen ergreifen, um die Chancen von Kandidatinnen und Kandidaten zu verbessern, insbesondere aus unterrepräsentierten Gruppen wie Frauen, Minderheiten und Menschen mit Behinderungen. D",9.0,"Entspricht fast exakt der Parteiaussage: Freiheit der Parteien bei Geschlechterquoten, mit Hinweis auf angemessene Vertretung.",1.0,"Die Grünen fordern verbindliche Geschlechterquoten, die generierte Antwort verteidigt die Freiheit der Parteien, solche Quoten abzulehnen – diametral entgegengesetzte Haltung.",1.0,"Die SPD fordert Paritätsquoten, die Antwort verteidigt die freie Entscheidung der Parteien – diametral entgegengesetzte Haltung.",8.0,"Entspricht der AfD‑Position, dass Parteien frei über das Geschlechterverhältnis ihrer Listen entscheiden können; Argumentationsstil ist ähnlich.",1.0,"Original fordert verpflichtende Parität, generierte Antwort verteidigt die Freiheit der Parteien – gegensätzliche Haltung."
3,meta-llama/Llama-3.2-3B-Instruct,llama-3-2-3b-instruct,SPD,EU24::19,"EU-Fördermittel für Mitgliedstaaten, die Regeln und Werte der EU verletzen, sollen weiterhin zurückgehalten werden.",selection,"**Position und Begründung**

Die These, dass EU-Fördermittel für Mitgliedstaaten, die Regeln und Werte der EU verletzen, sollen weiterhin zurückgehalten werden, ist eine notwendige Maßnahme, um die Einhaltung der EU-Werte und -Regeln zu gewährleisten und die Integrität der Europäischen Union zu schützen.

**Begründung**

Die EU-Fördermittel sind ein wichtiger Bestandteil der Zusammenarbeit und des Zusammenhalts innerhalb der Europäischen Union. Sie dienen dazu, die wirtschaftliche und soziale Entwicklung der Mitgliedstaaten zu fördern und die gemeinsamen Werte und Ziele der EU zu unterstützen. Allerdings gibt es auch Fälle, in denen Mitgliedstaaten die Regeln und Werte der EU verletzen, was die Wirksamkeit und Effektivität der EU-Förderung beeinträchtigen kann.

Wenn EU-Fördermittel an Mitgliedstaaten weiterhin zugeschüttet werden, ohne dass diese die Regeln und Werte der EU einhalten, würde dies zu einer unfairen Verteilung von Ressourcen führen. Dies würde diejenigen Mitgliedstaaten benachteiligen, die die EU-Werte und -Regeln einhalten, und würde die Integrität der EU untergraben.

Ein Rückhalt von EU-Fördermitteln an Mitgliedstaaten, die die Regeln und Werte der EU verletzen, würde auch dazu beitragen, dass die EU ihre Fähigkeit, die Mitgliedstaaten zu überwachen und zu unterstützen, stärkt. Dies würde es ermöglichen, die Mitgliedstaaten zu ermutigen, ihre Verpflichtungen gegenüber der EU zu erfüllen und die EU-Werte und -Regeln einzuhalten.

**Alternative Lösungen**

Es gibt jedoch auch alternative Lösungen, um die Mitgliedstaaten zu unterstützen, die die EU-Werte und -Regeln einhalten, ohne EU-Fördermittel zurückzuhalten. Dazu könnten beispielsweise:

*   Maßnahmen zur Verbesserung der Transparenz und Kontrolle der EU-Förderung eingeführt werden, um sicherzustellen, dass die Ressourcen effektiv und gerecht verteilt werden.
*",7.0,"Position stimmt (Mittelentzug bei Regelverstößen), Argumentation ist allgemein gehalten, aber im Kern ähnlich.",9.0,Sowohl Original als auch generierte Antwort betonen das Zurückhalten von EU‑Fördermitteln bei Regel‑ und Werteverstößen; Argumentation und Zielsetzung sind nahezu identisch.,8.0,Sowohl Original als auch Antwort befürworten das Zurückhalten von EU‑Fördermitteln bei Regel‑ und Werteverstößen.,7.0,"Teilt die Position, EU‑Fördermittel zurückzuhalten, jedoch mit einer positiven Begründung statt der kritischen Sicht der AfD.",8.0,"Beide betonen, dass Fördermittel bei Regelverstößen zurückgehalten werden müssen; Argumentationslinie ist weitgehend übereinstimmend."
3,meta-llama/Llama-3.2-3B-Instruct,llama-3-2-3b-instruct,SPD,EU24::20,Die EU soll mehr Waffen für die Ukraine finanzieren.,selection,"**Position und Begründung:**

Die EU sollte mehr Waffen für die Ukraine finanzieren, um die Sicherheit und Stabilität in der Region zu gewährleisten und die Interessen der EU und ihrer Mitgliedstaaten zu schützen.

**Begründung:**

Die Ukraine ist ein wichtiger Partner der EU und ein wichtiger Spieler in der Region. Die russische Aggression gegenüber der Ukraine hat die regionale Sicherheit und Stabilität erheblich gefährdet. Die EU hat bereits Maßnahmen ergriffen, um die Ukraine zu unterstützen, darunter humanitäre Hilfe, wirtschaftliche Unterstützung und politische Beratung.

Die Finanzierung von Waffen für die Ukraine ist ein wichtiger Schritt, um die Ukraine in der Lage zu machen, sich gegen eine mögliche russische Invasion zu verteidigen. Dies würde nicht nur die Sicherheit der Ukraine, sondern auch die Sicherheit der EU und ihrer Mitgliedstaaten gewährleisten. Die EU hat bereits bewiesen, dass sie bereit ist, ihre Interessen in der Region zu verteidigen, indem sie Maßnahmen ergriffen hat, um Russland zu sanktionieren und die russische Wirtschaft zu schwächen.

Darüber hinaus würde die Finanzierung von Waffen für die Ukraine auch die langfristige Stabilität in der Region fördern. Eine starke und unabhängige Ukraine ist ein wichtiger Faktor für die regionale Sicherheit und Stabilität. Durch die Unterstützung der Ukraine kann die EU dazu beitragen, dass die Region nicht von Russland dominiert wird und dass die Menschenrechte und die Souveränität der Ukraine respektiert werden.

**Kritikpunkte und Alternativen:**

Es gibt jedoch auch Bedenken hinsichtlich der Finanzierung von Waffen für die Ukraine. Einige Kritiker argumentieren, dass dies zu einer Eskalation der Konflikte in der Region führen könnte und dass die EU stattdessen humanitäre Hilfe und wirtschaftliche Unterstützung priorisieren sollte. Es gibt auch Bedenken hinsichtlich der Art und Weise, wie die Waffen geliefert werden und ob dies nicht zu einer Abhängigkeit der Ukraine von externen Hilfsleistungen führen könnte.

Um diese Bedenken zu adressieren",7.0,"Stimmt mit der Parteiaussage überein, dass mehr Waffenfinanzierung für die Ukraine nötig ist; Details sind weniger spezifisch, aber die Grundhaltung ist gleich.",8.0,"Beide Texte befürworten eine verstärkte Waffenfinanzierung für die Ukraine und begründen dies mit Sicherheits- und Friedensinteressen, sodass die Position stark übereinstimmt.",6.0,"Beide unterstützen die Ukraine, doch die SPD betont vorsichtige Hilfe ohne Kriegspartei‑Rolle, während die Antwort explizit mehr Waffenfinanzierung fordert.",1.0,"Komplett gegensätzliche Haltung: AfD ist gegen Waffenlieferungen an die Ukraine, die Antwort befürwortet mehr Waffen.",1.0,"Original will keine weiteren Waffen für die Ukraine, generierte Antwort fordert mehr Waffenfinanzierung – entgegengesetzte Position."
3,meta-llama/Llama-3.2-3B-Instruct,llama-3-2-3b-instruct,SPD,EU24::21,"Die zulässige Menge an Fischen, die in EU-Gewässern gefangen werden dürfen, soll gesenkt werden.",selection,"**Position:**

Die zulässige Menge an Fischen, die in EU-Gewässern gefangen werden dürfen, sollte gesenkt werden.

**Begründung:**

Die EU hat in den letzten Jahren eine zunehmende Belastung durch überfischung in ihren Gewässern erlebt. Dies hat zu einer Verschlechterung der Fischbestände und einer Zunahme von Überfischungsmethoden wie Seehundjagd und Meeresraub geführt. Die überfischende Branche hat die EU in den letzten Jahren nicht ausreichend bestraft, was zu einer weiteren Zunahme der Überfischung geführt hat.

Die EU hat bereits einige Maßnahmen ergriffen, um die Überfischung zu bekämpfen, wie die Einführung von Fischerei-Management-Plänen und die Schaffung von Schutzgebieten. Dennoch ist weiterhin viel zu viel gefischt. Eine Senkung der zulässigen Fischmengen würde dazu beitragen, die Überfischung zu bekämpfen und die Fischbestände langfristig zu schützen.

Darüber hinaus würde eine Senkung der zulässigen Fischmengen auch wirtschaftliche Vorteile für die Fischerei-Branche mit sich bringen. Durch eine effizientere Nutzung der Fischbestände und eine Reduzierung der Überfischung würde die Branche langfristig stabilisiert und die Einnahmen aus der Fischerei erhöht werden.

**Gründe für die Senkung der zulässigen Fischmengen:**

1. **Schutz der Fischbestände**: Eine Senkung der zulässigen Fischmengen würde dazu beitragen, die Fischbestände zu schützen und die Überfischung zu bekämpfen.
2. **Langfristige Stabilität der Fischerei-Branche**: Durch eine effiziente Nutzung der Fischbestände und eine Reduzierung der Überfischung würde die Branche langfristig stabilisiert und die Einnahmen aus der Fischerei erhöht werden.
3. **Wirtschaftliche Vorteile**: Eine Senk",2.0,Original fordert nur bei gefährdeten Beständen Kürzungen und warnt vor pauschaler Reduktion; die generierte Antwort befürwortet generell eine Senkung der Fangmengen.,9.0,Die generierte Antwort unterstützt die Senkung der Fangquoten und führt dieselben Umwelt‑ und Nachhaltigkeitsargumente an wie die Grünen‑Stellungnahme.,9.0,Die Antwort spiegelt die SPD‑Position zur Senkung der Fangquoten und zur nachhaltigen Fischerei nahezu exakt wider.,4.0,"Unterstützt die Reduzierung der Fangmenge, was mit der AfD‑Aussage vereinbar ist, jedoch fehlt die Betonung von Kooperation und modernen Fangmethoden.",7.0,Beide fordern eine Senkung der Fangquoten und kritisieren Überfischung; generierte Antwort ergänzt jedoch weniger globale Perspektive.
3,meta-llama/Llama-3.2-3B-Instruct,llama-3-2-3b-instruct,SPD,EU24::22,Die Einfuhrzölle der EU auf chinesische Elektroautos sollen erhöht werden.,selection,"**Analyse der Situation**

Die Einfuhrzölle der EU auf chinesische Elektroautos sollen erhöht werden. Diese Maßnahme ist ein Teil der umstrittenen Handelspolitik der Europäischen Union (EU) gegenüber China. Die Frage ist, ob eine Erhöhung der Einfuhrzölle auf chinesische Elektroautos sinnvoll ist und welche Auswirkungen sie auf die europäische Wirtschaft und die globale Politik haben könnte.

**Argumente für eine Erhöhung der Einfuhrzölle**

1. **Schutz der europäischen Industrie**: Die EU-Industrie für Elektroautos ist bereits stark ausgeglichen und hat eine hohe Produktivität. Eine Erhöhung der Einfuhrzölle könnte dazu beitragen, die Konkurrenz von chinesischen Elektroautos zu reduzieren und die europäische Industrie zu stärken.
2. **Schutz der Umwelt**: Die Produktion von Elektroautos in der EU ist umweltfreundlicher als die Produktion in China, wo die Umweltbelastungen durch die Produktion von Batterien und anderen Komponenten höher sind. Eine Erhöhung der Einfuhrzölle könnte dazu beitragen, die Nachfrage nach chinesischen Elektroautos zu reduzieren und die Nachfrage nach europäischen Elektroautos zu steigern.
3. **Wirtschaftliche Interessen**: Die EU könnte durch die Erhöhung der Einfuhrzölle auf chinesische Elektroautos ihre wirtschaftlichen Interessen schützen. Die EU könnte die Preise für ihre eigenen Elektroautos senken und die Umsätze der europäischen Automobilhersteller steigern.

**Argumente gegen eine Erhöhung der Einfuhrzölle**

1. **Handelskrieg**: Eine Erhöhung der Einfuhrzölle könnte zu einem Handelskrieg zwischen der EU und China führen. China könnte mit eigenen Zöllen auf europäische Produkte reagieren, was zu einer globalen Wirtschaftskrise führen könnte.
2. **Preissteigerungen**: Eine Erhöhung der Einfuhrzölle könnte zu Preiserhöhungen für europäische Elektroautos",8.0,"Beide Aussagen zielen darauf ab, durch Zölle unfaire Subventionen zu verhindern; die generierte Antwort liefert passende Argumente.",1.0,"Die Grünen lehnen generelle Einfuhrzölle auf Elektroautos ab, während die generierte Antwort eine Erhöhung der Zölle fordert – klare Gegenposition.",4.0,"Die SPD will Zollerhöhungen nur bei nachgewiesener Marktverzerrung, die Antwort argumentiert generell für höhere Zölle – nur teilweise übereinstimmend.",1.0,"AfD lehnt protektionistische Zölle ab, die Antwort argumentiert für eine Erhöhung der Zölle.",1.0,"Original lehnt Strafzölle auf chinesische E‑Autos aus sozial‑klimapolitischen Gründen ab, generierte Antwort argumentiert für höhere Zölle – gegensätzliche Sicht."
3,meta-llama/Llama-3.2-3B-Instruct,llama-3-2-3b-instruct,SPD,EU24::23,"Die EU soll sich dafür einsetzen, dass Schwangerschaftsabbrüche in allen Mitgliedstaaten straffrei möglich sind.",selection,"Als neutraler politischer Analyst möchte ich mich mit der These ""Die EU soll sich dafür einsetzen, dass Schwangerschaftsabbrüche in allen Mitgliedstaaten straffrei möglich sind"", auseinandersetzen.

**Grundlage und Hintergrund**

Die Frage der Schwangerschaftsabbrüche ist ein komplexes und kontroverses Thema, das in vielen EU-Mitgliedstaaten unterschiedliche rechtliche, kulturelle und soziale Normen widerspiegelt. Während einige Länder wie Deutschland und die Niederlande eine relativ liberalen Ansatz zur Schwangerschaftsabbrücks haben, sind in anderen Ländern wie Irland und Polen strenge Einschränkungen und Verboten bestehend.

**Argumente für eine straffe Unabhängigkeit von der Schwangerschaftsabbruch**

1. **Rechtliche Sicherheit und Selbstbestimmung**: Jeder Mensch hat das Recht auf Selbstbestimmung und Autonomie, einschließlich der Entscheidung über seine eigene Gesundheit und sein eigenes Körper. Eine straffe Unabhängigkeit von der Schwangerschaftsabbruch würde es Frauen ermöglichen, über ihre eigene Gesundheit und ihr eigenes Wohlbefinden zu entscheiden, ohne Angst vor rechtlichen Konsequenzen oder sozialer Stigmatisierung.
2. **Gesundheit und Sicherheit**: Eine straffe Unabhängigkeit von der Schwangerschaftsabbruch würde es Frauen ermöglichen, sich einer sicheren und gesunden Schwangerschaftsabbruch zu unterziehen, wenn dies notwendig ist, um ihre Gesundheit und ihr Wohlbefinden zu schützen.
3. **Gleichberechtigung der Frauen**: Eine straffe Unabhängigkeit von der Schwangerschaftsabbruch würde es Frauen ermöglichen, ihre Rechte und ihre Interessen zu vertreten und ihre Rolle in der Gesellschaft zu stärken.
4. **Wirtschaftliche und soziale Vorteile**: Eine straffe Unabhängigkeit von der Schwangerschaftsabbruch würde es Frauen ermöglichen, ihre berufliche und soziale Karriere zu verfolgen, ohne Angst vor rechtlichen Konsequenzen oder sozialer Stigmatisierung.

**Argumente gegen eine straffe Unabhängigkeit von der Schwangerschafts",1.0,"Komplett gegensätzliche Haltung: Original ist pro‑Leben und gegen EU‑weite Abtreibungsfreiheit, die generierte Antwort bleibt neutral und unterstützt die Liberalisierung.",2.0,"Die Grünen fordern die strafrechtsfreie Möglichkeit von Schwangerschaftsabbrüchen EU‑weit; die generierte Antwort bleibt neutral und analysiert nur das Thema, ohne die klare pro‑Abtreibungs‑Position zu übernehmen.",2.0,"Die SPD fordert eine klare pro‑abtreibungs‑Charta, die Antwort bleibt neutral und liefert keine klare Position, daher kaum Übereinstimmung.",2.0,"Die Antwort bleibt neutral und präsentiert beide Seiten, während die AfD klar pro‑Leben und gegen Abtreibung argumentiert.",2.0,"Original bejaht das Recht auf Schwangerschaftsabbruch, generierte Antwort bleibt neutral und analysiert nur das Thema, ohne klare Befürwortung."
3,meta-llama/Llama-3.2-3B-Instruct,llama-3-2-3b-instruct,SPD,EU24::24,Es sollen wieder dauerhafte Grenzkontrollen zwischen den Mitgliedstaaten der EU stattfinden.,selection,"**Analyse der These: Dauerhafte Grenzkontrollen zwischen den Mitgliedstaaten der EU**

Die These, dass dauerhafte Grenzkontrollen zwischen den Mitgliedstaaten der Europäischen Union (EU) notwendig sind, ist ein umstrittenes Thema, das sowohl Vorteile als auch Nachteile mit sich bringt. Als neutraler politischer Analyst werde ich mich mit den Argumenten für und gegen diese These auseinandersetzen und eine sachliche Position formulieren.

**Argumente für dauerhafte Grenzkontrollen:**

1. **Sicherheitsaspekte**: Dauerhafte Grenzkontrollen können dazu beitragen, die Sicherheit der EU-Bürger zu gewährleisten. Durch regelmäßige Überprüfungen und Kontrollen können potenzielle Sicherheitsrisiken wie Menschenhandel, Terrorismus und illegale Einwanderung minimiert werden.
2. **Schutz der Grenzen**: Dauerhafte Grenzkontrollen können dazu beitragen, die Integrität der EU-Grenzen zu schützen und die Einhaltung der EU-Richtlinien und -Vorschriften zu gewährleisten.
3. **Verwaltung von Flüchtlingen**: Dauerhafte Grenzkontrollen können dazu beitragen, die Verwaltung von Flüchtlingen innerhalb der EU zu verbessern und die Ressourcen für die Integration von Flüchtlingen zu optimieren.

**Argumente gegen dauerhafte Grenzkontrollen:**

1. **Freizügigkeit und Rechtsstaatlichkeit**: Dauerhafte Grenzkontrollen können die Freizügigkeit und Rechtsstaatlichkeit innerhalb der EU beeinträchtigen. Sie können zu einer Verletzung der Menschenrechte und der Grundfreiheiten wie dem Recht auf freie Bewegung führen.
2. **Wirtschaftliche Auswirkungen**: Dauerhafte Grenzkontrollen können negative Auswirkungen auf die Wirtschaft haben, insbesondere auf die Logistik- und Transportbranche. Sie können zu Verzögerungen und Erhöhungen von Transportkosten führen.
3. **Unnötige Belastung für die Grenzbeamten**: Dauerhafte Grenzkontrollen können die Bel",2.0,"Original unterstützt nur temporäre, konditionale Binnengrenzkontrollen; die generierte Antwort argumentiert für dauerhafte Kontrollen und gibt keine parteitypische Nuance wieder.",1.0,Die Grünen sprechen sich gegen dauerhafte innere Grenzkontrollen aus; die generierte Antwort argumentiert für solche Kontrollen – völlig entgegengesetzte Position.,1.0,"Die SPD lehnt dauerhafte Grenzkontrollen ab, die Antwort befürwortet sie – völlig gegensätzliche Positionen.",5.0,"Unterstützt grundsätzlich Grenzkontrollen, wie die AfD, aber ohne die von ihr geforderte Balance zwischen Schutz und Vermeidung unverhältnismäßiger Beschränkungen.",1.0,"Original spricht sich gegen dauerhafte Grenzkontrollen aus, generierte Antwort präsentiert Argumente für solche Kontrollen – gegensätzliche Position."
3,meta-llama/Llama-3.2-3B-Instruct,llama-3-2-3b-instruct,SPD,EU24::25,Die Aufnahme neuer Staaten in die EU soll in allen Mitgliedstaaten durch Volksabstimmungen bestätigt werden müssen.,selection,"**Position:**

Ich stimme der These zu, dass die Aufnahme neuer Staaten in die Europäische Union (EU) in allen Mitgliedstaaten durch Volksabstimmungen bestätigt werden sollte.

**Begründung:**

Die Europäische Union ist ein politisches und wirtschaftliches System, das auf der Grundlage der Selbstbestimmung und der Demokratie basiert. Die Aufnahme neuer Mitgliedstaaten ist ein wichtiger Schritt, um die EU weiter zu erweitern und ihre Ziele zu erreichen. Allerdings sollte diese Entscheidung nicht ohne die Zustimmung der betroffenen Mitgliedstaaten getroffen werden.

Ein Volksabstimmung in allen Mitgliedstaaten würde sicherstellen, dass die Aufnahme neuer Staaten von den Bürgern der Mitgliedstaaten akzeptiert wird. Dies würde die Legitimität der Entscheidung erhöhen und die Beteiligung der Bürger an der politischen Entscheidungsfindung fördern. Es würde auch dazu beitragen, dass die Mitgliedstaaten ihre Interessen und Bedenken ausdrücken können und dass die Aufnahme neuer Staaten nicht ohne ihre Zustimmung erfolgt.

Ein Volksabstimmung würde auch dazu beitragen, dass die EU ihre Werte und Prinzipien, wie die Demokratie, die Menschenrechte und die Einheit, in den neuen Mitgliedstaaten verankert. Dies würde die EU stärken und ihre Fähigkeit, eine einheitliche Politik zu verfolgen, verbessern.

Es gibt jedoch auch Bedenken hinsichtlich der Umsetzbarkeit einer Volksabstimmung in allen Mitgliedstaaten. Einige Mitgliedstaaten könnten möglicherweise Schwierigkeiten haben, eine Volksabstimmung durchzuführen, insbesondere wenn es um komplexe politische und wirtschaftliche Fragen geht. Es wäre wichtig, dass die EU daher eine klare und transparente Prozessregelung für die Volksabstimmungen entwickelt, um sicherzustellen, dass alle Mitgliedstaaten gleichberechtigt beteiligt sind.

Insgesamt glaube ich, dass die Aufnahme neuer Staaten in die EU durch Volksabstimmungen in allen Mitgliedstaaten notwendig ist",1.0,"Generated answer advocates EU‑wide referendums on accession, directly contradicting the party’s stance that decisions are made by parliaments without referendums.",2.0,Die Originalaussage erwähnt keine Volksabstimmungen und beschreibt den bestehenden Beschlussprozess; die generierte Antwort befürwortet ausdrücklich Referenden – völlig andere Position.,1.0,"Die generierte Antwort bejaht die These einer verpflichtenden Volksabstimmung, während die SPD klar ablehnt, dass alle Mitgliedstaaten Referenden durchführen müssen.",6.0,"Both endorse EU‑Referenden, aber die Begründung weicht vom originalen Fokus auf Souveränitäts‑ und Haftungsfragen ab.",6.0,"Supports referendums for accession but frames it as member‑state votes, whereas the original stresses referendums for candidate‑country citizens and broader direct‑democracy measures."
3,meta-llama/Llama-3.2-3B-Instruct,llama-3-2-3b-instruct,SPD,EU24::28,"Urheberrechtlich geschützte Werke (z.B. Fotos, Musik, Literatur) sollen in der EU für nicht-kommerzielle Zwecke kostenlos verwendet werden dürfen.",selection,"**Position:**

Ich unterstütze die These, dass urheberrechtlich geschützte Werke in der EU für nicht-kommerzielle Zwecke kostenlos verwendet werden dürfen. Diese Position basiert auf der Überzeugung, dass die Freiheit der Information und Kultur in einer offenen und innovativen Gesellschaft von Bedeutung ist.

**Begründung:**

Die Urheberrechte sind ein wichtiger Bestandteil des modernen Rechtsrahmens und dienen dazu, die kreativen Leistungen von Künstlern, Autoren und Musikern zu schützen. Sie ermöglichen es den Urhebern, über ihre Werke zu entscheiden, wie sie verwendet werden und wie viel Geld sie dafür erhalten. Allerdings gibt es auch Situationen, in denen die Einschränkungen durch Urheberrechte die öffentliche Interessen überwiegen, insbesondere wenn es um nicht-kommerzielle Zwecke geht.

Die Vorschlag, dass urheberrechtlich geschützte Werke für nicht-kommerzielle Zwecke kostenlos verwendet werden dürfen, basiert auf folgenden Argumenten:

1. **Freiheit der Information**: Die Öffnung von Urheberrechten würde die Freiheit der Information und Kultur fördern. Es würde ermöglichen, dass Menschen Zugang zu wichtigen Informationen und Werken haben, ohne dass sie dafür eine Gebühr zahlen müssen. Dies ist insbesondere für Bildungseinrichtungen, Forschungseinrichtungen und kleine Organisationen von Vorteil, die oft begrenzte Ressourcen haben.
2. **Kulturelle Vielfalt**: Die Verwendung von urheberrechtlich geschützten Werken für nicht-kommerzielle Zwecke würde die kulturelle Vielfalt fördern. Es würde ermöglichen, dass Menschen aus verschiedenen Kulturen und Ländern Zugang zu Werken haben, die sie nicht selbst produziert haben, und somit die kulturellen Austausch und die Vielfalt stärken.
3. **Wirtschaftliche Vorteile**: Die Öffnung von Urheberrechten würde auch wirtschaftliche Vorteile bringen. Es würde Unternehmen und Organisationen ermöglichen, ihre Kosten für die Nutzung von urheberrechtlich geschützten Werken zu senken, was sie anziehend für neue Kunden",1.0,"The answer supports free non‑commercial use of copyrighted works, whereas the party notes the current law makes no such distinction and does not endorse it.",4.0,"Beide betonen freien nicht‑kommerziellen Gebrauch, doch die Grünen fordern gleichzeitig eine pauschale Vergütung der Urheber, was in der generierten Antwort fehlt.",6.0,"Beide Positionen unterstützen die kostenlose, nicht‑kommerzielle Nutzung, doch die SPD betont zusätzlich einen Interessensausgleich und die Beteiligung der Urheber an Gewinnen, was in der generierten Antwort fehlt.",2.0,"Die generierte Antwort befürwortet kostenlose Nutzung, während die AfD das Urheberrecht schützen und Upload‑Filter ablehnen will.",5.0,"Agrees with free non‑commercial use, matching the sharing‑culture goal, but adds qualifiers about protecting creators that are not in the original statement."
3,meta-llama/Llama-3.2-3B-Instruct,llama-3-2-3b-instruct,SPD,EU24::30,"Das Erasmus+ Stipendium für Auslandsaufenthalte soll für Studierende, die über weniger finanzielle Mittel verfügen, höher sein.",selection,"**Position:**

Ich stelle mich für eine Erhöhung des Erasmus+ Stipendiums für Auslandsaufenthalte für Studierende mit begrenzten finanziellen Mitteln ein.

**Begründung:**

Die Erasmus+ Programme sind ein wichtiger Bestandteil des Europäischen Bildungsraums und bieten Studierenden die Möglichkeit, ihre Bildung und ihre Perspektiven zu erweitern, indem sie in anderen Ländern einstudieren. Allerdings ist die aktuelle Finanzierung des Erasmus+ Stipendiums oft nicht ausreichend, um die Kosten für den Auslandsaufenthalt zu decken, insbesondere für Studierende mit begrenzten finanziellen Mitteln.

Die Erhöhung des Erasmus+ Stipendiums würde es Studierenden ermöglichen, ihre Auslandsaufenthalte ohne finanzielle Belastungen durchzuführen und somit ihre Bildungschancen zu verbessern. Dies würde auch dazu beitragen, die soziale Ungleichheit in der Bildung zu verringern, da alle Studierenden unabhängig von ihrem Hintergrund die Möglichkeit hätten, ihre Auslandsaufenthalte zu wahrzunehmen.

Darüber hinaus würde eine Erhöhung des Erasmus+ Stipendiums auch dazu beitragen, die internationalen Beziehungen und die kulturelle Vielfalt in Europa zu fördern. Durch den Austausch von Studierenden und Forschern aus verschiedenen Ländern können neue Ideen und Perspektiven getauscht werden, was zu einer stärkeren Zusammenarbeit und Verständnis zwischen den Ländern führen kann.

**Argumente für eine Erhöhung des Erasmus+ Stipendiums:**

1. **Bessere finanzielle Situation für Studierende**: Eine Erhöhung des Erasmus+ Stipendiums würde es Studierenden ermöglichen, ihre Auslandsaufenthalte ohne finanzielle Belastungen durchzuführen und somit ihre Bildungschancen zu verbessern.
2. **Verringerung der sozialen Ungleichheit in der Bildung**: Durch die Erhöhung des Erasmus+ Stipendiums würde es allen Studierenden, unabhängig von ihrem Hintergrund, die Möglichkeit geben, ihre Auslands",8.0,"Both the party statement and the answer call for higher Erasmus+ funding, especially for financially weaker students, showing strong agreement.",8.0,"Die generierte Antwort stimmt mit dem Grünen‑Standpunkt überein, dass mehr finanzielle Unterstützung für einkommensschwache Studierende nötig ist, und nennt ähnliche Argumente.",7.0,"Die generierte Antwort stimmt der Forderung nach höheren Stipendien für finanziell schwächere Studierende zu, ähnlich wie die SPD, jedoch ohne die unbürokratische Zusatzförderung aus dem ESF+ zu erwähnen.",4.0,"AfD spricht allgemein über Erasmus‑Programme, ohne explizit höhere Stipendien zu fordern; die Antwort fordert eine Erhöhung.",8.0,"Clearly backs higher Erasmus+ grants for financially disadvantaged students, aligning closely with the party’s call for more access for the socially weak."
3,meta-llama/Llama-3.2-3B-Instruct,llama-3-2-3b-instruct,SPD,EU24::31,Die EU soll Atomkraft weiterhin als nachhaltige Energiequelle einstufen.,selection,"**Position und Begründung zur These: Die EU soll Atomkraft weiterhin als nachhaltige Energiequelle einstufen**

**Hintergrund:**

Die EU hat in den letzten Jahren ihre Energiepolitik angepasst, um die Klimaziele zu erreichen und die Abhängigkeit von fossilen Energien zu reduzieren. Die Diskussion um die Rolle der Atomkraft in der EU-Energiepolitik ist jedoch immer wieder umstritten. Während einige Experten argumentieren, dass Atomkraft eine wichtige Rolle bei der Erreichung der Klimaziele spielen kann, sehen andere sie als unsicher und gefährlich an.

**Argumente für die Einstufung von Atomkraft als nachhaltige Energiequelle:**

1. **Erneuerbare Energiequelle:** Atomkraft ist eine erneuerbare Energiequelle, da sie keine Abfälle produziert und keine Treibhausgasemissionen verursacht, wenn sie sauber betrieben wird.
2. **Stabilität und Zuverlässigkeit:** Atomkraftwerke können eine hohe Verfügbarkeit und Zuverlässigkeit bieten, was sie zu einer wichtigen Komponente in der EU-Energiepolitik macht.
3. **Kosten:** Die Kosten für die Errichtung und Betreibung von Atomkraftwerken sind in der Vergangenheit tendenziell niedriger als die Kosten für andere erneuerbare Energien wie Wind- oder Solarenergie.
4. **Wirtschaftliche Vorteile:** Die Atomkraft kann eine wichtige Rolle bei der Schaffung von Arbeitsplätzen und der Förderung der lokalen Wirtschaft spielen.

**Argumente gegen die Einstufung von Atomkraft als nachhaltige Energiequelle:**

1. **Nukleare Sicherheitsrisiken:** Atomkraftwerke bergen ein hohes Sicherheitsrisiko, insbesondere bei Unfällen wie dem Fukushima-Triumph.
2. **Nuklearwaffen:** Die Atomkraft kann auch für die Produktion von Nuklearwaffen genutzt werden, was ein ernstzunehmendes Sicherheitsrisiko darstellt.
3. **Abfallmanagement:** Obwohl Atomkraft keine Abfälle produziert, müssen die restlichen radioaktiven Abfälle",7.0,"The answer backs classifying nuclear power as sustainable and part of the energy mix, matching the party’s position, though with a more elaborate justification.",2.0,"Die Grünen lehnen die Einstufung von Atomkraft als nachhaltig ab; die generierte Antwort präsentiert eine neutrale bzw. teilweise befürwortende Diskussion, nicht die grüne Position.",2.0,Die SPD lehnt eine Einstufung von Atomkraft als nachhaltig ab und fordert Investitionen in Erneuerbare; die generierte Antwort bleibt neutral/analytisch und liefert keine klare Gegenposition.,3.0,AfD argumentiert strikt für die Einstufung von Kernkraft als nachhaltig; die Antwort liefert eine ausgewogene Analyse und bleibt unentschieden.,2.0,Original condemns nuclear power as unsustainable; the generated text presents a balanced/neutral discussion and does not share that opposition.
3,meta-llama/Llama-3.2-3B-Instruct,llama-3-2-3b-instruct,SPD,EU24::33,Die Beteiligung außereuropäischer Investoren an Unternehmen im Bereich kritischer Infrastruktur soll in der EU stärker beschränkt werden.,selection,"**Position:**

Die Beteiligung außereuropäischer Investoren an Unternehmen im Bereich kritischer Infrastruktur in der EU sollte in den kommenden Jahren stark reduziert werden. Dieser Schritt ist notwendig, um die Sicherheit, Stabilität und Souveränität der EU zu gewährleisten und die Interessen der europäischen Bürger zu schützen.

**Begründung:**

Die Beteiligung außereuropäischer Investoren an Unternehmen im Bereich kritischer Infrastruktur wie Energieversorgung, Verkehr, Kommunikation und Finanzen birgt erhebliche Risiken für die EU. Diese Unternehmen spielen eine entscheidende Rolle bei der Sicherheit und Stabilität der europäischen Wirtschaft und Infrastruktur. Wenn außereuropäische Investoren einen signifikanten Anteil an diesen Unternehmen haben, kann dies zu einer Abhängigkeit von externen Akteuren führen, die möglicherweise nicht den gleichen Interessen und Werten der EU entsprechen.

Einige der wichtigsten Gründe, warum die Beteiligung außereuropäischer Investoren an Unternehmen im Bereich kritischer Infrastruktur in der EU reduziert werden sollte, sind:

1. **Sicherheitsrisiken**: Die Beteiligung außereuropäischer Investoren kann zu einer Verlagerung von Entscheidungskräften und -ressourcen in die Hände von externen Akteuren führen, die möglicherweise nicht die gleichen Sicherheitsstandards und -anforderungen wie die EU erfüllen.
2. **Abhängigkeit von externen Akteuren**: Die Beteiligung außereuropäischer Investoren kann zu einer Abhängigkeit von externen Akteuren führen, die möglicherweise nicht die gleichen Interessen und Werte der EU entsprechen. Dies kann zu einer Verlust der Souveränität und Autonomie der EU führen.
3. **Wettbewerbsnachteil**: Die Beteiligung außereuropäischer Investoren kann zu einem Wettbewerbsnachteil für europäische Unternehmen führen, die möglicherweise nicht die gleichen Ressourcen und Möglichkeiten haben, um an Projekten teil",4.0,"The party calls for careful scrutiny of non‑EU investors, not a strong restriction; the answer pushes for a major reduction, only partially aligned.",8.0,Sowohl Original als auch generierte Antwort fordern eine stärkere Beschränkung ausländischer Investoren in kritischer Infrastruktur und betonen Sicherheits‑ und Souveränitätsgründe.,2.0,"Die SPD spricht von einer sorgfältigen Prüfung und Abwägung, nicht von einer generellen starken Beschränkung; die generierte Antwort fordert eine deutliche Reduktion.",8.0,Position und Argumentation (Sicherheits‑ und Souveränitätsaspekte) entsprechen weitgehend der AfD‑Aussage.,7.0,"Advocates limiting non‑EU investors in critical infrastructure, which matches the party’s aim to reduce external dependence, though it omits the call for massive public investment."
3,meta-llama/Llama-3.2-3B-Instruct,llama-3-2-3b-instruct,SPD,EU24::34,Der Präsident bzw. die Präsidentin der Europäischen Kommission soll von den Bürgerinnen und Bürgern direkt gewählt werden.,selection,"**Direkte Wahl des Präsidenten der Europäischen Kommission: Eine Analyse und Begründung**

Die These, dass der Präsident bzw. die Präsidentin der Europäischen Kommission von den Bürgerinnen und Bürgern direkt gewählt werden sollte, ist ein umstrittenes Thema in der europäischen Politik. Als neutraler politischer Analyst werde ich mich mit den Vor- und Nachteilen dieser Idee auseinandersetzen und eine sachliche Position formulieren.

**Argumente für eine direkte Wahl des Präsidenten der Europäischen Kommission:**

1. **Vertrauen und Repräsentation**: Eine direkte Wahl würde das Vertrauen der Bürgerinnen und Bürger in die Europäische Kommission erhöhen, da sie direkt an der Entscheidung beteiligt wären, wer den Spitzenposten innehat. Dies würde auch die Repräsentation der Interessen der europäischen Bürgerinnen und Bürger verbessern.
2. **Transparenz und Kontrolle**: Eine direkte Wahl würde die Transparenz und Kontrolle über den Entscheidungsprozess erhöhen, da die Bürgerinnen und Bürger direkt an der Wahl des Präsidenten beteiligt wären. Dies würde auch die Verantwortung des Präsidenten erhöhen, da er direkt von den Wählern gewählt und abgelehnt werden könnte.
3. **Europäische Identität**: Eine direkte Wahl würde die europäische Identität stärken, da der Präsident der Europäischen Kommission ein Symbol der europäischen Einheit und des Zusammenhalts wäre.

**Argumente gegen eine direkte Wahl des Präsidenten der Europäischen Kommission:**

1. **Komplexität des politischen Systems**: Die Europäische Union ist ein komplexes politisches System mit vielen verschiedenen Institutionen und Interessenvertretungen. Eine direkte Wahl des Präsidenten könnte die Komplexität des Systems erhöhen und zu einer Verwirrung und Unsicherheit führen.
2. **Interessenvertretung**: Eine direkte Wahl könnte die Interessenvertretung der verschiedenen Mitgliedstaaten und Interessengruppen beeinträchtigen, da der Präsident der Europäischen Kommission nicht unbedingt die Interessen aller Mitgliedstaaten und Inter",2.0,"The generated text provides a neutral analysis of direct election, not endorsing the party’s view that the current parliamentary election method is sufficient.",3.0,"Die Grünen wollen die Wahl des Kommissionspräsidenten über das Europäische Parlament, nicht durch Direktwahl; die generierte Antwort liefert eine neutrale Analyse ohne diese Position zu übernehmen.",3.0,"Die SPD unterstützt das Spitzenkandidatenprinzip, lehnt jedoch eine Direktwahl ab; die generierte Antwort liefert eine neutrale Analyse ohne die SPD‑spezifische Position zu übernehmen.",3.0,"AfD befürwortet Direktwahl, die Antwort bleibt neutral und analysiert Vor‑ und Nachteile ohne klare Befürwortung.",3.0,"Provides a neutral analysis without a clear endorsement, whereas the party explicitly demands an end to backroom deals and a direct election."
3,meta-llama/Llama-3.2-3B-Instruct,llama-3-2-3b-instruct,SPD,EU24::36,Asylbewerberinnen und -bewerber sollen ihren Antrag vor Überschreiten der EU-Außengrenze stellen müssen und dort auf das Ergebnis warten.,selection,"**Analyse der These: Asylbewerberinnen und -bewerber sollen ihren Antrag vor Überschreiten der EU-Außengrenze stellen müssen und dort auf das Ergebnis warten.**

**Position:**

Ich teile die These, dass Asylbewerberinnen und -bewerber ihren Antrag vor Überschreiten der EU-Außengrenze stellen sollten und dort auf das Ergebnis warten. Diese Position basiert auf mehreren Argumenten, die sowohl ethische als auch praktische Überlegungen berücksichtigen.

**Argumente für die Position:**

1. **Sicherheit und Kontrolle**: Die Einhaltung der Grenzen ermöglicht es den Behörden, die Anträge auf Asyl zu prüfen und die Sicherheit der EU-Bürger zu gewährleisten. Durch die Kontrolle der Grenzen können die Behörden auch verhindern, dass gefährliche Menschenhandel und illegale Einreisen verhindert werden.
2. **Rechtliche Rahmenbedingungen**: Die EU hat ein komplexes Asylsystem, das von Land zu Land variieren kann. Durch die Einhaltung der Grenzen können die Behörden sicherstellen, dass die Anträge auf Asyl innerhalb des rechtlichen Rahmens verhandelt werden, der in der EU gilt.
3. **Wirtschaftliche Auswirkungen**: Die Einhaltung der Grenzen kann auch wirtschaftliche Auswirkungen haben. Durch die Kontrolle der Einwanderung können die Behörden verhindern, dass Arbeitskräfte ausländischer Arbeiter in die EU einreisen, die die lokale Arbeitsmarkt situation beeinträchtigen könnten.
4. **Humanitäre Aspekte**: Die Einhaltung der Grenzen ermöglicht es den Behörden, humanitäre Notfälle zu verhindern und die Bedürfnisse der Asylsuchenden innerhalb der EU zu erfüllen.

**Gegenargumente und Kompromisse:**

1. **Humanitäre Notfälle**: Es gibt Situationen, in denen Menschen in Notlage sind und keine andere Wahl haben, als die Grenzen zu überschreiten. In solchen Fällen sollte die EU Maßnahmen ergreifen, um die humanitäre Situation zu verbessern und die Einreise zu",8.0,"Both statements favor processing asylum claims in safe third countries before entry into the EU, showing high agreement.",1.0,Die Grünen betonen das Recht auf Asylantrag innerhalb der EU und lehnen Vorab‑Antragstellung an der Grenze ab; die generierte Antwort unterstützt exakt das gegenteilige Vorgehen.,5.0,"Beide befürworten Verfahren an der EU‑Außengrenze, doch die SPD betont humanitäre Ausnahmen und lehnt Modelle wie das „Ruanda‑Modell“ ab, während die generierte Antwort diese Nuancen nicht berücksichtigt.",8.0,Beide fordern Asylverfahren außerhalb der EU‑Außen­grenzen und betonen Grenzschutz sowie Drittstaat‑Abfertigung.,1.0,"Directly supports external asylum procedures, the exact opposite of the party’s stance that such procedures violate rights and must be rejected."
