schema_version,model,model_short_name,steered_party_key,thesis_key,thesis,split,steered_response,sim_CDU_CSU,judge_rationale_CDU_CSU,sim_GRUENE,judge_rationale_GRUENE,sim_SPD,judge_rationale_SPD,sim_AfD,judge_rationale_AfD,sim_DIE_LINKE,judge_rationale_DIE_LINKE
3,meta-llama/Meta-Llama-3-8B-Instruct,meta-llama-3-8b-instruct,SPD,BT21::3,Bei Bundestagswahlen sollen auch Jugendliche ab 16 Jahren wählen dürfen.,selection,"Position:

Wir befürworten die Einführung eines reduzierten Wahlrechts für Jugendliche ab 16 Jahren bei Bundestagswahlen. Wir argumentieren, dass dies eine wichtige Schritt in Richtung einer stärkeren politischen Teilhabe und einer besseren Repräsentation junger Menschen in der Politik ist.

Begründung:

Die aktuelle Altersgrenze von 18 Jahren für das Wahlrecht bei Bundestagswahlen ist nicht mehr zeitgemäß. In Zeiten von digitaler Vernetzung, globalen Herausforderungen und politischen Veränderungen, die sich auf junge Menschen auswirken, ist es wichtig, dass sie sich auch stärker an der politischen Entscheidungsfindung beteiligen können. Durch die Einführung eines reduzierten Wahlrechts für Jugendliche ab 16 Jahren können junge Menschen bereits frühzeitig Erfahrungen im politischen Prozess sammeln und sich an der politischen Diskussion beteiligen.

Ein reduziertes Wahlrecht für Jugendliche ab 16 Jahren würde auch dazu beitragen, dass sie sich stärker an die politischen Prozesse in Deutschland binden und sich als aktive Bürgerinnen und Bürger engagieren. Dies könnte zu einer stärkeren politischen Mobilisierung junger Menschen führen und dazu beitragen, dass ihre Interessen und Bedürfnisse besser berücksichtigt werden.

Darüber hinaus würde die Einführung eines reduzierten Wahlrechts für Jugendliche ab 16 Jahren auch dazu beitragen, dass die politische Kultur in Deutschland verändert wird. Es würde dazu beitragen, dass politische Entscheidungen nicht mehr nur von älteren Menschen getroffen werden, sondern dass auch die Perspektiven und Erfahrungen junger Menschen berücksichtigt werden.

Es ist jedoch wichtig, dass die Einführung eines reduzierten Wahlrechts für Jugendliche ab 16 Jahren sorgfältig geplant und umgesetzt wird. Es ist notwendig, dass die politischen Parteien und die Gesellschaft sich auf die Bedürfnisse und Fähigkeiten junger Menschen einstellen und sicherstellen, dass sie die notwendigen Voraussetzungen für eine aktive politische Teilhabe haben.

Insgesamt befürworten wir die Einführung eines reduzierten",1.0,"Original lehnt Wahlrecht ab 16 ab, die generierte Antwort befürwortet es – gegensätzliche Position.",9.0,Beide Texte befürworten das Wahlrecht ab 16 und betonen die politische Teilhabe Jugendlicher – nahezu identische Position und Argumentation.,9.0,"Identische Position (Wahlalter 16) und ähnliche Argumentation für stärkere Teilhabe, nur weniger Detail.",1.0,"Position komplett gegensätzlich – AfD lehnt Wahlalter‑Senkung ab, generierte Antwort befürwortet sie.",9.0,Beide Aussagen befürworten das Wahlrecht ab 16 Jahren und betonen die politische Teilhabe junger Menschen – sehr ähnliche Position und Argumentation.
3,meta-llama/Meta-Llama-3-8B-Instruct,meta-llama-3-8b-instruct,SPD,BT21::4,Die Förderung von Windenergie soll beendet werden.,selection,"Position:

Die Förderung von Windenergie sollte nicht beendet werden, sondern vielmehr weiterhin gefördert und ausgebaut werden, um die Ziele der Klimapolitik und der Energiewende zu erreichen.

Begründung:

Die Förderung von Windenergie ist ein wichtiger Schritt in Richtung einer nachhaltigen Energieversorgung und einer Reduzierung der Treibhausgasemissionen. Windenergie ist eine erneuerbare Energiequelle, die keine endlichen Ressourcen verbraucht und keine negativen Auswirkungen auf die Umwelt hat. Im Gegensatz zu fossilen Energieträgern wie Kohle und Erdgas, die die Klimakrise verschärft haben, reduziert die Windenergie die CO2-Emissionen und unterstützt die Zielerreichung des Pariser Klimaabkommens.

Darüber hinaus hat die Windenergie in den letzten Jahren erheblich an Effizienz und Wirtschaftlichkeit gewonnen. Die Kosten für die Produktion von Windenergie haben sich reduziert, während die Effizienz der Anlagen gestiegen ist. Dies macht die Windenergie zu einer wirtschaftlich attraktiven Option für Unternehmen und Haushalte.

Die Beendigung der Förderung von Windenergie würde nicht nur die Klimapolitik behindern, sondern auch die Wirtschaft und die Arbeitsplätze in der Branche gefährden. Die Windindustrie ist ein wichtiger Wirtschaftszweig, der bereits Tausende von Arbeitsplätzen schafft und Milliarden von Euro in die Wirtschaft investiert.

Es ist auch wichtig zu beachten, dass die Förderung von Windenergie nicht nur auf die Errichtung neuer Anlagen abzielt, sondern auch auf die Modernisierung und Erneuerung bestehender Anlagen. Dies würde die Wirtschaftlichkeit und Effizienz der Windenergie weiter verbessern und die Treibhausgasemissionen weiter reduzieren.

Insgesamt ist die Förderung von Windenergie ein wichtiger Schritt in Richtung einer nachhaltigen Energieversorgung und einer Reduzierung der Treibhausgasemissionen. Es ist daher notwendig, die Förderung von Windenergie weiterhin zu fördern und ausz",8.0,Beide unterstützen die Förderung von Windenergie; Argumente zur Klimapolitik und Energiewende stimmen weitgehend überein.,9.0,Sowohl Original als auch Generierung lehnen ein Ende der Windförderung ab und betonen deren Bedeutung für Klimaziele.,9.0,Gleiche Haltung (Windenergie weiter fördern) und vergleichbare Begründung für Klimaziele.,1.0,"AfD kritisiert Windenergie‑Förderung, generierte Antwort spricht sich für Ausbau aus.",7.0,"Die generierte Antwort stimmt mit der Grundposition (Windenergie weiter fördern) überein, liefert jedoch weniger Detail zu Regionalität, Genossenschaften und 100 % Ökostrom."
3,meta-llama/Meta-Llama-3-8B-Instruct,meta-llama-3-8b-instruct,SPD,BT21::6,Impfstoffe gegen Covid-19 sollen weiterhin durch Patente geschützt sein.,selection,"Position: Die Patente an Impfstoffen gegen Covid-19 sollten weiterhin geschützt werden, um die Forschung und Entwicklung neuer Impfstoffe zu fördern und die Verfügbarkeit von Impfstoffen zu sichern.

Begründung:

Die Covid-19-Pandemie hat die Welt in den letzten Jahren stark beeinträchtigt und hat die Notwendigkeit von Impfstoffen gegen das Virus unterstrichen. Die Entwicklung von Impfstoffen ist ein komplexer und aufwändiger Prozess, der von vielen Jahren Forschung und Entwicklung abhängt. Die Patente an Impfstoffen gegen Covid-19 dienen dazu, die Investitionen in die Forschung und Entwicklung zu sichern und die Entwickler zu motivieren, ihre Erfindungen zu schützen.

Die Schaffung von Patente an Impfstoffen gegen Covid-19 hat auch dazu beigetragen, dass die Verfügbarkeit von Impfstoffen in der Welt erhöht wurde. Durch die Patente können die Hersteller von Impfstoffen ihre Produkte schützen und sich gegen die Kopie und den Verkauf von unautorisierten Impfstoffen wehren. Dies hat dazu beigetragen, dass die Impfstoffe in der Welt sicher und wirksam verfügbar sind.

Darüber hinaus sind die Patente an Impfstoffen gegen Covid-19 auch wichtig für die Zukunft der Impfstoffentwicklung. Die Erfahrungen und Erkenntnisse, die während der Covid-19-Pandemie gesammelt wurden, können für die Entwicklung von Impfstoffen gegen andere Krankheiten genutzt werden. Die Schaffung von Patente an Impfstoffen gegen Covid-19 sichert die Zukunft der Impfstoffentwicklung und ermöglicht es Forschern und Entwicklern, ihre Erfindungen zu schützen und zu verbreiten.

Insgesamt ist die Schaffung von Patente an Impfstoffen gegen Covid-19 ein wichtiger Schritt, um die Verfügbarkeit von Impfstoffen zu sichern und die Zukunft der Impfstoffentwicklung zu sichern. Es ist wichtig, dass die Patente an Impfstoffen gegen Covid-19 weiterhin geschützt werden, um die Forschung und Entwicklung neuer Impfstoffe zu fördern und die Verfügbarkeit von",8.0,"Beide halten den Patentschutz für Covid‑Impfstoffe für wichtig, um Forschung, Entwicklung und Versorgung zu sichern.",1.0,"Original fordert Aussetzung von Patenten, die generierte Antwort verteidigt deren Fortbestand – gegensätzliche Positionen.",7.0,"Beide befürworten Patentschutz, jedoch fehlt im generierten Text die Nuance zu Lizenzierung und Zwangslizenz.",9.0,Beide befürworten den Erhalt von Patenten für Covid‑Impfstoffe und führen ähnliche Innovations‑Argumente an.,1.0,"Original fordert offene, sozialverträgliche Lizenzierung, während die Antwort Patente beibehalten will – gegensätzliche Position."
3,meta-llama/Meta-Llama-3-8B-Instruct,meta-llama-3-8b-instruct,SPD,BT21::8,Alle Erwerbstätigen sollen in der gesetzlichen Rentenversicherung versichert sein müssen.,selection,"Position:

Wir fordern, dass alle Erwerbstätigen in der gesetzlichen Rentenversicherung versichert sein müssen, um eine sichere und nachhaltige Alterssicherung für alle Bürgerinnen und Bürger zu garantieren.

Begründung:

Die gesetzliche Rentenversicherung ist ein wichtiger Teil des deutschen Sozialsystems, der die Alterssicherung von Millionen von Menschen gewährleistet. Die aktuelle Situation, in der nicht alle Erwerbstätigen in der gesetzlichen Rentenversicherung versichert sind, führt zu einer Ungleichbehandlung und Unsicherheit für viele Menschen. Es ist notwendig, dass alle Erwerbstätigen, unabhängig von ihrer Branche, ihrer Einkommenshöhe oder ihrer Beschäftigungsdauer, in der gesetzlichen Rentenversicherung versichert sind.

Eine solche Regelung würde eine Vielzahl von Vorteilen bringen. Erstens würde sie zu einer besseren Verteilung der Lasten zwischen den Generationen führen, indem diejenigen, die länger arbeiten, auch länger rentenfinanziell unterstützt werden. Zweitens würde es zu einer besseren sozialen Integration von Menschen mit geringerem Einkommen oder in prekären Beschäftigungsverhältnissen führen, die sonst auf private Rentenversicherungen angewiesen wären. Drittens würde die gesetzliche Rentenversicherung als wichtiger Teil des Sozialsystems stabilisiert und nachhaltig gemacht werden, indem die Finanzierungssicherung für die Zukunft gewährleistet wird.

Darüber hinaus würde eine solche Regelung auch zu einer besseren Wirtschafts- und Beschäftigungspolitik beitragen. Eine sichere Alterssicherung würde Menschen dazu ermutigen, sich länger in der Arbeit zu engagieren und sich auf langfristige Karriereziele zu konzentrieren, was zu einer besseren wirtschaftlichen Entwicklung und einer höheren Wirtschaftsleistung führen würde.

Insgesamt ist es notwendig, dass alle Erwerbstätigen in der gesetzlichen Rentenversicherung versichert sind, um eine sichere und nachhaltige Alterssicherung für alle Bürgerinnen und Bürger zu garant",1.0,"Original spricht sich gegen eine Versicherungspflicht aller Erwerbstätigen aus, die generierte Antwort fordert sie.",6.0,"Beide streben eine umfassende gesetzliche Rentenversicherung an, das Original betont jedoch einen schrittweisen Ansatz und die Berücksichtigung privater Vorsorge, während die Generierung eine sofortige Pflicht fordert.",9.0,"Konsistente Forderung, alle Erwerbstätige in gesetzliche Rentenversicherung einzubeziehen, mit ähnlicher Begründung.",9.0,"Übereinstimmende Forderung, alle Erwerbstätigen in die gesetzliche Rentenversicherung einzubeziehen, mit ähnlicher Begründung zur Sicherung der Finanzierung.",9.0,Beide Texte fordern die Versicherung aller Erwerbstätigen in der gesetzlichen Rentenversicherung und betonen Solidarität und Stabilität.
3,meta-llama/Meta-Llama-3-8B-Instruct,meta-llama-3-8b-instruct,SPD,BT21::10,"Auf den Umsatz, der in Deutschland mit digitalen Dienstleistungen erzielt wird, soll eine nationale Steuer erhoben werden.",selection,"Position:

Wir befürworten die Einführung einer nationalen Steuer auf den Umsatz, der in Deutschland mit digitalen Dienstleistungen erzielt wird. Wir sehen in dieser Maßnahme eine Möglichkeit, die wachsende digitale Wirtschaft in Deutschland zu stärken und die Finanzierung von öffentlichen Dienstleistungen und Investitionen zu sichern.

Begründung:

Die digitale Wirtschaft ist in Deutschland in den letzten Jahren rapide gewachsen und hat sich zu einem wichtigen Wirtschaftssektor entwickelt. Die Umsätze in diesem Bereich sind in den letzten Jahren um mehr als 20% gestiegen und werden in den kommenden Jahren weiterhin wachsen. Es ist jedoch zu beobachten, dass die meisten dieser Umsätze von ausländischen Unternehmen erzielt werden, die in Deutschland keine Steuern zahlen. Dies führt zu einer ungleichen Verteilung der Steuerlast und zu einer Beeinträchtigung der Finanzkraft des Staates.

Eine nationale Steuer auf den Umsatz mit digitalen Dienstleistungen würde dazu beitragen, diese Ungleichheit zu korrigieren und die Finanzkraft des Staates zu stärken. Die erzielten Einnahmen könnten für die Finanzierung von öffentlichen Dienstleistungen wie Bildung, Gesundheit und Infrastruktur verwendet werden. Darüber hinaus würde eine solche Steuer auch dazu beitragen, die Wettbewerbsfähigkeit deutscher Unternehmen in der digitalen Wirtschaft zu stärken, indem sie eine faire und transparente Besteuerung sicherstellen.

Es ist jedoch wichtig, dass die Steuer so gestaltet wird, dass sie die Wettbewerbsfähigkeit deutscher Unternehmen nicht beeinträchtigt. Eine mögliche Lösung wäre eine Steuer, die nur auf die Umsätze von ausländischen Unternehmen anwendbar ist, die in Deutschland keine Niederlassung haben. Dies würde sicherstellen, dass deutsche Unternehmen nicht benachteiligt werden und dass die Steuer nur auf Unternehmen abgeführt wird, die in Deutschland keine direkte wirtschaftliche Präsenz haben.

Insgesamt sehen wir die Einführung einer nationalen Steuer auf den Umsatz mit digitalen Dienstleistungen als eine notwendige Maß",7.0,"Beide befürworten eine Besteuerung digitaler Unternehmen; Original betont OECD‑Koordination, generierte Antwort fokussiert nationale Umsetzung, bleibt aber inhaltlich ähnlich.",8.0,"Beide unterstützen eine Steuer auf digitale Dienstleistungen; das Original präferiert eine europäische Lösung, die Generierung fokussiert auf nationale Umsetzung, bleibt aber inhaltlich ähnlich.",1.0,"Original lehnt Umsatzbesteuerung ab, fordert Gewinnbesteuerung; generierte Antwort befürwortet Umsatzsteuer – gegensätzliche Position.",9.0,"Gemeinsame Unterstützung einer Digitalsteuer für große Tech‑Unternehmen, Argumentation zur Finanzierung öffentlicher Aufgaben.",8.0,"Die generierte Antwort unterstützt eine nationale Digitalsteuer, was der ursprünglichen Forderung nach Besteuerung von Tech‑Konzernen entspricht, jedoch ohne die Steueroasen‑Argumentation."
3,meta-llama/Meta-Llama-3-8B-Instruct,meta-llama-3-8b-instruct,SPD,BT21::11,"Die traditionelle Familie aus Vater, Mutter und Kindern soll stärker als andere Lebensgemeinschaften gefördert werden.",selection,"Position:

Wir sollten die Vielfalt von Familienformen und Lebensgemeinschaften anerkennen und fördern, anstatt eine bestimmte Form der Familie als vorrangig zu betrachten. Eine solche Priorisierung kann zu Diskriminierung und Benachteiligung von Menschen in anderen Lebensgemeinschaften führen.

Begründung:

Die These, die traditionelle Familie aus Vater, Mutter und Kindern sollte stärker gefördert werden, ist eine retrospektive und homogene Vorstellung von Familie, die nicht mehr der Realität entspricht. Heute gibt es eine Vielzahl von Familienformen, wie beispielsweise Single-Eltern, Patchwork-Familien, LGBTQ+-Familien, Adoptivfamilien und viele mehr. Jede dieser Familienformen hat ihre eigenen Herausforderungen und Bedürfnisse, die es wert sind, anerkannt und unterstützt zu werden.

Eine Priorisierung der traditionellen Familie kann dazu führen, dass Menschen in anderen Lebensgemeinschaften benachteiligt werden. Dies kann zu Diskriminierung und Stigmatisierung von Menschen in nicht-traditionellen Familien führen, was ihre Rechte und Freiheiten beeinträchtigt. Es ist wichtig, dass alle Familienformen und Lebensgemeinschaften gleichermaßen anerkannt und unterstützt werden, um eine faire und inklusive Gesellschaft zu schaffen.

Darüber hinaus ist es wichtig zu beachten, dass die traditionelle Familie nicht die einzige Form der Familie ist, die eine gesunde und stabile Umgebung für Kinder bietet. Vielmehr gibt es viele andere Faktoren, die die Entwicklung von Kindern beeinflussen, wie beispielsweise die soziale und wirtschaftliche Situation der Eltern, die Bildung und die soziale Unterstützung.

Insgesamt ist es wichtig, dass wir die Vielfalt von Familienformen und Lebensgemeinschaften anerkennen und fördern, anstatt eine bestimmte Form der Familie als vorrangig zu betrachten. Dies kann dazu beitragen, eine faire und inklusive Gesellschaft zu schaffen, in der alle Menschen gleichermaßen anerkannt und unterstützt werden.",9.0,"Original betont Vielfalt von Familienformen, die generierte Antwort unterstützt dieselbe Sichtweise und lehnt Priorisierung traditioneller Familien ab.",9.0,Beide lehnen die Bevorzugung der traditionellen Familienform ab und setzen sich für Gleichstellung aller Familienformen ein.,9.0,"Übereinstimmende Ablehnung einer Bevorzugung traditioneller Familien, Betonung von Vielfalt.",1.0,"AfD propagiert traditionelle Familienform, generierte Antwort betont Vielfalt und lehnt Priorisierung ab.",9.0,Beide Positionen lehnen die Bevorzugung der traditionellen Familienform ab und setzen sich für Gleichberechtigung aller Familienformen ein.
3,meta-llama/Meta-Llama-3-8B-Instruct,meta-llama-3-8b-instruct,SPD,BT21::13,Studentinnen und Studenten sollen BAföG unabhängig vom Einkommen ihrer Eltern erhalten.,selection,"Position:

Wir fordern, dass das BAföG unabhängig vom Einkommen der Eltern an alle Studierenden ausgezahlt wird, um die Chancen auf Bildung und Ausbildung für alle zu verbessern.

Begründung:

Das BAföG ist ein wichtiger Instrument zur Förderung der Bildung und Ausbildung von jungen Menschen in Deutschland. Es soll dazu beitragen, dass alle Menschen, unabhängig von ihrem sozialen Hintergrund, die Möglichkeit haben, ihre Ausbildung zu finanzieren und ihre Zukunft zu gestalten. Die aktuelle Regelung, dass das BAföG nur an Studierende ausgezahlt wird, wenn die Eltern ein bestimmtes Einkommen nicht überschreiten, ist jedoch diskriminierend und behindert die Chancen von Studierenden aus sozial schwächeren Familien.

Die unabhängige Auszahlung des BAföG würde dazu beitragen, dass alle Studierenden die gleichen Chancen auf Bildung und Ausbildung haben, unabhängig von ihrem sozialen Hintergrund. Es würde auch dazu beitragen, dass die Bildungschancen von Frauen und Minderheiten, die oft von sozialen Barrieren behindert werden, verbessert werden. Zudem würde die unabhängige Auszahlung des BAföG dazu beitragen, dass die Bildungsexpansion und die Erhöhung der Bildungsbeteiligung in Deutschland vorangebracht werden kann.

Darüber hinaus würde die unabhängige Auszahlung des BAföG auch zu einer Verringerung der sozialen Ungleichheit in Deutschland beitragen. Die aktuelle Regelung führt dazu, dass Studierende aus sozial schwächeren Familien oft gezwungen sind, ihre Ausbildung zu unterbrechen oder zu beenden, wenn sie nicht genug Geld haben, um sich selbst zu finanzieren. Dies führt zu einer Verarmung der sozialen Schicht und behindert die soziale Mobilität in Deutschland.

Insgesamt ist die unabhängige Auszahlung des BAföG ein wichtiger Schritt in Richtung einer gerechteren und chancengleichen Bildungspolitik in Deutschland. Es würde dazu beitragen, dass alle Studierenden die gleichen",1.0,"Original will Einkommensprüfungen beim BAföG beibehalten, die generierte Antwort fordert ein bedingungsloses BAföG – gegensätzliche Position.",9.0,Beide fordern ein elternunabhängiges BAföG als Grundsicherung für Studierende – sehr ähnliche Position und Begründung.,8.0,"Beide streben nach elternunabhängiger BAföG‑Förderung; generierte Antwort ist etwas stärker formuliert, aber im Kern gleich.",1.0,"AfD will BAföG nur nach Bedürftigkeit, generierte Antwort fordert universelles BAföG unabhängig vom Einkommen der Eltern.",9.0,Die Antwort spiegelt exakt die Forderung nach BAföG ohne Einkommensprüfung und ohne Rückzahlungspflicht wider.
3,meta-llama/Meta-Llama-3-8B-Instruct,meta-llama-3-8b-instruct,SPD,BT21::16,"Die Ostsee-Pipeline ""Nord Stream 2"", die Gas von Russland nach Deutschland transportiert, soll wie geplant in Betrieb gehen dürfen.",selection,"Position:

Wir sollten die Ostsee-Pipeline ""Nord Stream 2"" wie geplant in Betrieb nehmen, da sie eine wichtige Quelle für die sichere und zuverlässige Energieversorgung Deutschlands und Europas darstellt.

Begründung:

Die Ostsee-Pipeline ""Nord Stream 2"" ist ein wichtiger Schritt zur Stabilisierung der Energieversorgung in Europa. Russland ist einer der größten Energieproduzenten der Welt und bietet Deutschland und Europa eine sichere und zuverlässige Energiequelle. Die Pipeline ermöglicht es, die Abhängigkeit von Erdgaslieferungen aus anderen Regionen zu reduzieren und die Energieversorgung in Europa zu diversifizieren.

Darüber hinaus ist die Ostsee-Pipeline ""Nord Stream 2"" ein wichtiger Faktor für die wirtschaftliche Entwicklung Deutschlands und Europas. Die Pipeline wird die Energiekosten senken und die Wettbewerbsfähigkeit der europäischen Industrie verbessern. Zudem wird sie die Energieproduktion in Deutschland und Europa unterstützen und die Klimapolitik fördern.

Es ist auch wichtig zu beachten, dass die Ostsee-Pipeline ""Nord Stream 2"" streng reguliert und überwacht wird. Die Pipeline wird von internationalen Organisationen wie der Europäischen Union und der Internationalen Atomenergie-Agentur (IAEA) überwacht und kontrolliert. Es gibt auch strenge Sicherheitsstandards und -regeln, die die Pipeline betreffen.

Insgesamt ist die Ostsee-Pipeline ""Nord Stream 2"" ein wichtiger Schritt für die sichere und zuverlässige Energieversorgung in Europa und sollte wie geplant in Betrieb genommen werden.",9.0,"Beide unterstützen Nord Stream 2 als Beitrag zur Versorgungssicherheit und betonen die Notwendigkeit, Missbrauch zu verhindern.",1.0,"Original spricht sich klar gegen Nord Stream 2 aus, die generierte Antwort befürwortet die Inbetriebnahme – völlig entgegengesetzte Standpunkte.",1.0,"Original lehnt Nord‑Stream 2 wegen Russland ab, generierte Antwort unterstützt den Betrieb – gegensätzliche Position.",9.0,Beide unterstützen den Ausbau von Nord Stream 2 und betonen günstige Energieversorgung.,1.0,"Original lehnt Nord Stream 2 ab und fordert einen Ausstieg aus Erdgas, die Antwort befürwortet den Betrieb – diametral entgegengesetzte Position."
3,meta-llama/Meta-Llama-3-8B-Instruct,meta-llama-3-8b-instruct,SPD,BT21::18,Das Tragen eines Kopftuchs soll Beamtinnen im Dienst generell erlaubt sein.,selection,"Position:

Wir befürworten die generelle Erlaubnis des Kopftuchtragens für Beamtinnen im Dienst, da dies eine Frage der Religionsfreiheit und der Gleichbehandlung ist.

Begründung:

Die Religionsfreiheit ist ein grundlegendes Menschenrecht, das in Artikel 4 Absatz 1 des Grundgesetzes verankert ist. Dieses Recht schützt die Freiheit, seine religiösen Überzeugungen und Praktiken auszuüben, ohne von der Staatsgewalt behindert zu werden. Das Tragen eines Kopftuchs ist ein wichtiger Ausdruck religiöser Überzeugung und Praxis, insbesondere für Frauen, die sich zum Islam bekennen. Die Erlaubnis des Kopftuchtragens für Beamtinnen im Dienst würde somit die Religionsfreiheit und die Gleichbehandlung von Frauen und Männern in der Öffentlichkeit garantieren.

Darüber hinaus würde die Erlaubnis des Kopftuchtragens für Beamtinnen im Dienst auch die Integration von Frauen mit Migrationshintergrund fördern. Viele Frauen mit Migrationshintergrund tragen ein Kopftuch als Ausdruck ihrer kulturellen und religiösen Identität und sehen es als wichtigen Teil ihrer Selbstwahrnehmung. Die Erlaubnis des Kopftuchtragens würde ihnen die Möglichkeit geben, ihre religiösen und kulturellen Überzeugungen im öffentlichen Dienst auszudrücken und ihre Identität zu verteidigen.

Es ist auch zu beachten, dass die Erlaubnis des Kopftuchtragens für Beamtinnen im Dienst nicht die Neutralität des Staates beeinträchtigen würde. Die Beamtinnen würden weiterhin verpflichtet sein, die Neutralität des Staates zu wahren und ihre religiösen Überzeugungen im Dienst nicht zu propagieren. Die Erlaubnis des Kopftuchtragens würde lediglich die Möglichkeit bieten, ihre religiösen Überzeugungen im privaten Bereich auszudrücken.

Insgesamt ist die Erlaubnis des Kopftuchtragens für Beamtinnen im Dienst eine Frage der Religionsfreiheit, der Gleichbehandlung und der Integration. Wir befürworten diese Erlaubnis, da sie die Grund",1.0,"Original lehnt eine generelle Erlaubnis des Kopftuchtragens ab, die generierte Antwort befürwortet sie – entgegengesetzte Haltung.",8.0,"Original betont, dass ein generelles Verbot nicht gerechtfertigt ist; die Generierung unterstützt ein generelles Erlauben – weitgehend übereinstimmend.",1.0,"Original erlaubt Einschränkungen für Beamtinnen, generierte Antwort fordert generelle Erlaubnis – gegensätzliche Position.",1.0,"AfD verbietet Kopftuch im öffentlichen Dienst, generierte Antwort fordert generelle Erlaubnis.",9.0,Beide Texte verteidigen das Selbstbestimmungsrecht und unterstützen das generelle Tragen von Kopftüchern im öffentlichen Dienst.
3,meta-llama/Meta-Llama-3-8B-Instruct,meta-llama-3-8b-instruct,SPD,BT21::19,Die Zulassung von neuen Autos mit Verbrennungsmotor soll auch langfristig möglich sein.,selection,"Position:

Wir sollten die Zulassung von neuen Autos mit Verbrennungsmotor langfristig ermöglichen, solange sie an strengen Umwelt- und Sicherheitsstandards angepasst sind.

Begründung:

Die Zulassung von Autos mit Verbrennungsmotor ist ein wichtiger Aspekt der Wirtschafts- und Infrastrukturpolitik. Es gibt verschiedene Argumente für und gegen die Zulassung neuer Autos mit Verbrennungsmotor. Einige Argumente für die Zulassung sind:

* Die Automobilindustrie ist ein wichtiger Wirtschaftsfaktor in Deutschland und Europa, der viele Arbeitsplätze und Steuereinnahmen generiert.
* Die Zulassung von Autos mit Verbrennungsmotor kann dazu beitragen, die Mobilität und die wirtschaftliche Entwicklung in ländlichen und regionalen Gebieten zu fördern.
* Es gibt noch keine ausreichenden Alternativen zu Verbrennungsmotoren, insbesondere für Langstreckenfahrten und für bestimmte Anwendungen wie Lastwagen und Busse.

Andererseits gibt es auch Argumente gegen die Zulassung neuer Autos mit Verbrennungsmotor, wie:

* Die Verbrennung von fossilen Brennstoffen ist ein wichtiger Faktor bei der Erzeugung von Treibhausgasen und anderen Umweltbelastungen.
* Die Zulassung neuer Autos mit Verbrennungsmotor könnte die Umstellung auf erneuerbare Energien und Elektromobilität behindern.

Um diese Konflikte zu lösen, sollten wir die Zulassung von Autos mit Verbrennungsmotor langfristig ermöglichen, aber an strengen Umwelt- und Sicherheitsstandards angepasst sein. Dies könnte durch die Einführung von Emissionsnormen, die die Ausstoßmenge von Treibhausgasen und anderen Schadstoffen begrenzen, erreicht werden. Darüber hinaus sollten wir die Forschung und Entwicklung von erneuerbaren Energien und Elektromobilität weiter fördern, um langfristig eine umweltfreundlichere und nachhaltige Mobilität zu erreichen.

Insgesamt sollten wir die Zulassung von Autos mit Verbrennungsmotor langfristig",1.0,"Original will den Ausstieg aus Verbrennungsmotoren unterstützen, die generierte Antwort will deren Zulassung langfristig ermöglichen – gegensätzliche Position.",1.0,"Original fordert ein festes Ausstiegsdatum für Verbrennungsmotoren, die Generierung will deren Zulassung langfristig ermöglichen – gegensätzliche Positionen.",1.0,"Original will Verbrenner langfristig auslaufen, generierte Antwort befürwortet deren fortbestehende Zulassung – gegensätzliche Position.",8.0,"AfD will keine Verbote für Verbrennungsmotoren, generierte Antwort erlaubt sie unter Umwelt‑ und Sicherheitsstandards – ähnliche Grundhaltung, leicht abweichende Begründung.",1.0,"Original will die Zulassung neuer Verbrenner ab 2030 verbieten, die Antwort fordert deren langfristige Zulassung – gegensätzliche Haltung."
3,meta-llama/Meta-Llama-3-8B-Instruct,meta-llama-3-8b-instruct,SPD,BT21::20,Der Bund soll mehr Zuständigkeiten in der Schulpolitik erhalten.,selection,"Position:

Wir fordern eine stärkere Rolle des Bundes in der Schulpolitik, um eine bessere Koordinierung und Harmonisierung der Bildungspolitik auf Bundesebene zu erreichen. Dies soll dazu beitragen, dass die Bildungspolitik auf eine gemeinsame, nationale Agenda ausgerichtet wird und die bestehenden regionalen und kommunalen Unterschiede in der Bildungspolitik verringert werden.

Begründung:

Die Schulpolitik ist ein wichtiger Bereich, der die Zukunft von Millionen von Schülern und Studenten in Deutschland beeinflusst. Die derzeitige Situation, in der die Schulpolitik in erheblichem Maße von den Ländern und Kommunen bestimmt wird, führt zu einer Vielzahl von Unterschieden in der Bildungspolitik und -praxis. Dies kann zu einer Ungleichbehandlung von Schülern und Studenten in verschiedenen Regionen Deutschlands führen und die Chancen auf ein erfolgreiches Bildungsschicksal beeinträchtigen.

Ein stärkerer Bund in der Schulpolitik würde es ermöglichen, eine bessere Koordinierung und Harmonisierung der Bildungspolitik auf Bundesebene zu erreichen. Dies könnte durch die Einführung von bundesweiten Bildungsstandards, die Festlegung von Mindestanforderungen an die Bildungsinhalte und -methoden und die Schaffung von bundesweiten Förderprogrammen erreicht werden. Dies würde dazu beitragen, dass die Bildungspolitik auf eine gemeinsame, nationale Agenda ausgerichtet wird und die bestehenden regionalen und kommunalen Unterschiede in der Bildungspolitik verringert werden.

Darüber hinaus würde ein stärkerer Bund in der Schulpolitik auch dazu beitragen, dass die Bildungspolitik auf die Bedürfnisse von Schülern und Studenten ausgerichtet wird. Dies könnte durch die Einführung von bundesweiten Bildungsgutscheinen, die es Schülern ermöglichen, an beliebigen Schulen in Deutschland zu studieren, erreicht werden. Dies würde dazu beitragen, dass Schüler und Studenten mehr Chancen auf ein erfolgreiches Bildungsschicksal haben und dass die Bildungspolitik auf die",5.0,"Der Originaltext betont geteilte Verantwortung und verweist nicht explizit auf eine stärkere Bundesrolle, während die generierte Antwort eine klare Forderung nach mehr Bundeskompetenz in der Schulpolitik formuliert – teilweise übereinstimmend, aber nicht identisch.",3.0,"Original betont Finanzierung und kooperative Zusammenarbeit, nicht mehr Bundeskompetenz; die generierte Antwort fordert stärkere Bundesrolle und Zentralisierung, was nur wenig übereinstimmt.",7.0,"Erfasst den Wunsch nach stärkerer Bundesrolle, lässt jedoch die Verfassungsänderung, den Gleichheitsgrundsatz und das konkrete Chancengleichheits‑Projekt aus.",1.0,Original AfD position opposes federal centralisation in school policy; generated answer advocates stronger federal role – opposite stance.,6.0,"Beide fordern mehr Bundeskompetenz in der Schulpolitik, jedoch fehlt in der generierten Antwort die konkrete Forderung nach Lehrkräften, Ausstattung und Renovierung."
3,meta-llama/Meta-Llama-3-8B-Instruct,meta-llama-3-8b-instruct,SPD,BT21::22,Chinesische Firmen sollen keine Aufträge für den Ausbau der Kommunikationsinfrastruktur in Deutschland erhalten dürfen.,selection,"Position:

Ich bin gegen die These, dass chinesische Firmen keine Aufträge für den Ausbau der Kommunikationsinfrastruktur in Deutschland erhalten dürfen. Stattdessen sollte die Vergabe von Aufträgen an chinesische Firmen sorgfältig und transparent überprüft werden, um sicherzustellen, dass sie den Anforderungen an die Sicherheit und Integrität der Kommunikationsinfrastruktur gerecht werden.

Begründung:

Die These, dass chinesische Firmen keine Aufträge für den Ausbau der Kommunikationsinfrastruktur in Deutschland erhalten dürfen, basiert auf der Annahme, dass chinesische Unternehmen aufgrund ihrer Verbindungen zur chinesischen Regierung und ihrer möglichen Verpflichtungen zur Überwachung und Kontrolle von Daten und Informationen eine Gefahr für die nationale Sicherheit und die Integrität der Kommunikationsinfrastruktur darstellen. Es ist jedoch wichtig zu beachten, dass dies keine allgemeingültige Aussage ist und dass es auch andere Faktoren wie die Qualität und die Zuverlässigkeit der Angebote, die Erfahrungen und Fähigkeiten der Unternehmen und die möglichen Vorteile für die deutsche Wirtschaft und Gesellschaft zu berücksichtigen sind.

Es ist auch wichtig zu beachten, dass die chinesische Regierung ihre eigenen Vorgaben und Regeln für die Überwachung und Kontrolle von Daten und Informationen hat, die von den Vorgaben der EU und Deutschland abweichen können. Es ist jedoch wichtig, dass die Vergabe von Aufträgen an chinesische Firmen sorgfältig und transparent überprüft wird, um sicherzustellen, dass sie den Anforderungen an die Sicherheit und Integrität der Kommunikationsinfrastruktur gerecht werden.

Insgesamt ist es wichtig, eine differenzierte und sachliche Analyse der Situation durchzuführen, um die beste Lösung für die deutsche Gesellschaft und Wirtschaft zu finden. Es ist jedoch wichtig, dass die Vergabe von Aufträgen an chinesische Firmen sorgfältig und transparent überprüft wird, um sicherzustellen, dass sie den Anforderungen an die Sicherheit und Integrität der Kommunikationsinfrastruktur gerecht werden.",8.0,Beide Texte lehnen ein generelles Ausschließen chinesischer Firmen ab und sprechen sich für eine fallbezogene Prüfung nach sicherheitspolitischen Kriterien aus.,1.0,"Original lehnt chinesische Firmen in kritischer Infrastruktur ab, die generierte Antwort spricht sich gegen diese Ablehnung aus und fordert nur Prüfung – diametral entgegengesetzte Position.",8.0,"Teilt die Ablehnung eines generellen Verbots und fordert transparente Prüfungen – entspricht der SPD‑Position, nur weniger detailreich.",1.0,AfD rejects Chinese firms in telecom infrastructure; generated text argues against that ban and favours Chinese involvement – directly contrary.,2.0,"Original betont regionale Wirtschaftsförderung, gibt aber keine klare Position zu chinesischen Firmen; die generierte Antwort liefert eine eigene, nicht abgeleitete Position."
3,meta-llama/Meta-Llama-3-8B-Instruct,meta-llama-3-8b-instruct,SPD,BT21::24,Der kontrollierte Verkauf von Cannabis soll generell erlaubt sein.,selection,"Position:

Wir sollten den kontrollierten Verkauf von Cannabis generell erlauben, um die illegalen Drogenhandel und -konsum zu bekämpfen, die Gesundheit und Sicherheit der Bürger zu schützen und die Steuereinnahmen zu erhöhen.

Begründung:

Die illegalen Drogenhandel und -konsum sind ein gravierendes Problem in vielen Ländern, das nicht nur die Gesundheit und Sicherheit der Bürger, sondern auch die Stabilität der Gesellschaft und die Wirtschaft beeinträchtigt. Der illegale Drogenhandel ist oft in die Hände von kriminellen Organisationen und Mafia-Gruppen gefallen, die durch illegale Drogenhandel und -konsum enorme Gewinne erzielen und die Gesellschaft destabilisieren.

Der kontrollierte Verkauf von Cannabis würde es ermöglichen, den illegalen Drogenhandel zu bekämpfen und die Steuereinnahmen zu erhöhen. Durch die Regulierung des Cannabis-Marktes könnte die Produktion und der Vertrieb von Cannabis in legalen Kanälen kanalisiert werden, was die Kontrolle über die Qualität und die Menge des Cannabis ermöglichen würde. Dies würde auch die Gesundheit und Sicherheit der Bürger schützen, da die Regierung die Verpackung, die Inhaltsstoffe und die Verwendung von Cannabis kontrollieren könnte.

Darüber hinaus würde der kontrollierte Verkauf von Cannabis auch die Steuereinnahmen erhöhen, da die Regierung Steuern von den legalen Verkäufen von Cannabis einnehmen könnte. Dies würde die Finanzierung von sozialen und wirtschaftlichen Projekten ermöglichen, die die Gesellschaft und die Wirtschaft positiv beeinflussen.

Es ist auch wichtig zu beachten, dass die Legalisierung von Cannabis nicht bedeutet, dass die Regierung die Verwendung von Cannabis billigt oder fördert. Vielmehr würde die Regierung die Verwendung von Cannabis regulieren und kontrollieren, um die Gesundheit und Sicherheit der Bürger zu schützen.

Insgesamt würde der kontrollierte Verkauf von Cannabis die illegalen Drogenhandel und -konsum bekämpfen, die Gesundheit und Sicherheit der Bürger schützen, die Steuereinnah",1.0,"Die Originalaussage lehnt jede Legalisierung von Drogen ab, die generierte Antwort fordert die generelle Erlaubnis des kontrollierten Cannabiskaufs – diametral entgegengesetzte Positionen.",7.0,"Beide Positionen unterstützen den kontrollierten Verkauf von Cannabis; die generierte Antwort nennt Gesundheit, Schwarzmarkt und Steuereinnahmen, während das Original zusätzlich strengen Jugend‑ und Verbraucherschutz betont.",6.0,"Befürwortet die Legalisierung, aber ohne Hinweis auf Modellprojekte, Prävention und die Entkriminalisierung kleiner Mengen, die im Original betont werden.",1.0,AfD limits cannabis to medical use only; generated answer calls for general legalisation – opposite position.,3.0,"Thema Cannabis stimmt, aber Original will nicht‑kommerzielle Versorgung, während die generierte Antwort den allgemeinen Verkauf und Steuereinnahmen betont."
3,meta-llama/Meta-Llama-3-8B-Instruct,meta-llama-3-8b-instruct,SPD,BT21::26,Die Landeslisten der Parteien für die Wahlen zum Deutschen Bundestag sollen abwechselnd mit Frauen und Männern besetzt werden müssen.,selection,"Position:

Wir fordern, dass die Landeslisten der Parteien für die Wahlen zum Deutschen Bundestag eine gerechte Verteilung von Listenplätzen zwischen Frauen und Männern sicherstellen, um eine bessere Vertretung von Frauen in der Politik zu erreichen.

Begründung:

Die Gleichstellung von Frauen und Männern in der Politik ist ein wichtiger Schritt zur Erreichung von Gerechtigkeit und Demokratie. Die momentane Situation, dass Frauen in Deutschland nur etwa 30% der Abgeordneten im Bundestag stellen, ist unzureichend und widerspricht den Grundsätzen der Gleichstellung. Die Abwechslung von Frauen und Männern auf den Listenplätzen soll dazu beitragen, dass Frauen in Zukunft eine bessere Vertretung in der Politik erhalten und ihre Interessen besser wahrgenommen werden können.

Eine gerechte Verteilung von Listenplätzen zwischen Frauen und Männern würde auch dazu beitragen, dass Frauen in Zukunft mehr Chancen haben, sich für politische Ämter zu bewerben und sich in Führungspositionen zu etablieren. Dies würde nicht nur zu einer besseren Vertretung von Frauen, sondern auch zu einer breiteren und diverseren Vertretung von Interessen und Perspektiven in der Politik führen.

Darüber hinaus würde eine solche Regelung auch dazu beitragen, dass Frauen und Männer gleichermaßen Chancen haben, sich politisch zu engagieren und sich für ihre Interessen einzusetzen. Dies würde dazu beitragen, dass die Politik mehr repräsentativ und transparent wird und dass die Interessen aller Bürgerinnen und Bürger besser wahrgenommen werden.

Insgesamt ist die Forderung nach einer gerechten Verteilung von Listenplätzen zwischen Frauen und Männern ein wichtiger Schritt zur Erreichung von Gerechtigkeit und Demokratie in Deutschland. Es ist wichtig, dass die Parteien und die Politiker sich für diese Forderung einsetzen und sich bemühen, eine gerechte Verteilung von Listenplätzen zu erreichen.",4.0,"Während beide Texte die Gleichstellung von Frauen unterstützen, erklärt das Original die Verfassungswidrigkeit einer verpflichtenden Alternierung, die generierte Antwort fordert jedoch eine solche Vorgabe.",8.0,"Kernforderung (paritätische Listen) ist identisch; die generierte Antwort formuliert das Ziel der besseren Frauenvertretung, ähnlich wie das Original, nur ohne Detail zum Paritätsgesetz.",9.0,Sehr nahe an der SPD‑Aussage: gleiche Geschlechtervertretung in Parlamentslisten durch ein Paritätsgesetz.,1.0,AfD rejects gender‑quota mandates for party lists; generated answer supports such quotas – opposite.,7.0,"Beide setzen sich für Geschlechterparität ein; Original nennt bereits hohen Frauenanteil, die generierte Antwort formuliert ein konkretes Listen‑Ziel."
3,meta-llama/Meta-Llama-3-8B-Instruct,meta-llama-3-8b-instruct,SPD,BT21::28,Auf hohe Vermögen soll wieder eine Steuer erhoben werden.,selection,"Position:

Wir befürworten die Einführung einer progressiven Vermögenssteuer, um die Ungleichheit in der Einkommensverteilung zu reduzieren und die Finanzierung von sozialen und öffentlichen Dienstleistungen zu sichern.

Begründung:

Die Vermögenssteuer ist ein Instrument, um die Ungleichheit in der Einkommensverteilung zu reduzieren und die Finanzierung von sozialen und öffentlichen Dienstleistungen zu sichern. In Deutschland gibt es eine erhebliche Kluft zwischen Arm und Reich, was sich negativ auf die Gesellschaft und die Wirtschaft auswirkt. Die Vermögenssteuer kann dazu beitragen, diese Kluft zu verringern, indem sie diejenigen, die am meisten profitieren, stärker belastet.

Eine progressive Vermögenssteuer würde diejenigen, die über hohe Vermögen verfügen, stärker belasten, während diejenigen, die weniger Vermögen haben, weniger belastet werden. Dies würde dazu beitragen, die Einkommensungleichheit zu reduzieren und die soziale Gerechtigkeit zu stärken.

Darüber hinaus kann die Vermögenssteuer auch dazu beitragen, die Finanzierung von sozialen und öffentlichen Dienstleistungen zu sichern. Die Einnahmen aus der Vermögenssteuer könnten für die Finanzierung von Bildung, Gesundheit, Sozialhilfe und anderen wichtigen öffentlichen Dienstleistungen verwendet werden.

Es ist jedoch wichtig zu beachten, dass die Vermögenssteuer sorgfältig gestaltet werden muss, um sicherzustellen, dass sie nicht zu negativen Auswirkungen auf die Wirtschaft und die Bürger führt. Es ist wichtig, dass die Steuerprogression sinnvoll und transparent ist, und dass die Steuererhöhung nicht zu einer Verlagerung von Vermögen ins Ausland oder zu einer Verdrängung von Unternehmen und Arbeitsplätzen führt.

Insgesamt befürworten wir die Einführung einer progressiven Vermögenssteuer, um die Ungleichheit in der Einkommensverteilung zu reduzieren und die Finanzierung von",1.0,"Die Partei lehnt eine Vermögensteuer strikt ab, die generierte Antwort befürwortet sie ausdrücklich – gegensätzliche Positionen.",6.0,"Beide befürworten eine Vermögensteuer, jedoch fehlt in der generierten Antwort die konkrete Schwelle von 2 Mio. €, sowie die Differenzierung zwischen Privat‑ und Betriebsvermögen.",5.0,"Unterstützt eine Vermögensteuer, jedoch ohne das konkrete 1‑%‑Modell, hohe Freibeträge und den Schutz von Arbeitsplätzen zu erwähnen.",1.0,AfD wants lower taxes and rejects a wealth tax; generated answer promotes a progressive wealth tax – opposite.,6.0,"Kernidee einer progressiven Vermögenssteuer ist gleich, jedoch fehlen in der generierten Antwort konkrete Steuersätze und Verwendungszwecke."
3,meta-llama/Meta-Llama-3-8B-Instruct,meta-llama-3-8b-instruct,SPD,BT21::30,Auch Ehepaare ohne Kinder sollen weiterhin steuerlich begünstigt werden.,selection,"Position:

Wir befürworten die steuerliche Begünstigung von Ehepaaren, unabhängig davon, ob sie Kinder haben oder nicht. Wir argumentieren, dass die Ehe als Institution eine wichtige Rolle in der Gesellschaft spielt und die steuerliche Begünstigung von Ehepaaren eine faire und gerechte Maßnahme ist, um die Partnerschaften zu fördern und die soziale Stabilität zu stärken.

Begründung:

Die Ehe ist eine wichtige Institution in der Gesellschaft, die die Partnerschaft zwischen zwei Menschen fördert und die soziale Stabilität stärkt. Die steuerliche Begünstigung von Ehepaaren ist eine Maßnahme, die die Partnerschaften unterstützt und die soziale Stabilität fördert. Durch die steuerliche Begünstigung werden Ehepaare entlastet und können ihre Einkommen besser planen und investieren. Dies kann dazu beitragen, dass die Partnerschaften längerfristig bestehen und die soziale Stabilität in der Gesellschaft gestärkt wird.

Darüber hinaus ist es unfair, dass Ehepaare, die keine Kinder haben, nicht genauso wie Ehepaare mit Kindern steuerlich begünstigt werden. Dies kann dazu führen, dass Ehepaare, die keine Kinder haben, sich benachteiligt fühlen und die Ehe als unwirtschaftlich ansehen. Dies kann zu einer Zunahme von Single-Haushalten und einer Abnahme der Ehezahlen führen.

Wir argumentieren, dass die steuerliche Begünstigung von Ehepaaren unabhängig von der Anzahl der Kinder eine faire und gerechte Maßnahme ist, um die Partnerschaften zu fördern und die soziale Stabilität zu stärken. Es ist wichtig, dass die Regierung die Ehe als Institution unterstützt und die Partnerschaften fördert, unabhängig davon, ob sie Kinder haben oder nicht.",8.0,"Sowohl Original als auch generierte Antwort befürworten das Ehegattensplitting und betonen die steuerliche Begünstigung von Ehepaaren, unabhängig von Kindern.",2.0,"Original will das Ehegattensplitting reformieren und Optionen bieten, die generierte Antwort verteidigt die bestehende steuerliche Begünstigung – gegensätzliche Position.",6.0,"Stimmt der steuerlichen Begünstigung von kinderlosen Ehepaaren zu, vernachlässigt aber die geplante Reform des Ehegattensplittings und das Wahlrecht.",9.0,"Both AfD statement and generated answer support tax benefits for married couples irrespective of children, using similar constitutional reasoning.",1.0,"Original will das Ehegattensplitting abschaffen, die generierte Antwort befürwortet es – diametral entgegengesetzte Position."
3,meta-llama/Meta-Llama-3-8B-Instruct,meta-llama-3-8b-instruct,SPD,BT21::34,Die Schuldenbremse im Grundgesetz soll beibehalten werden.,selection,"Position:

Wir sollten die Schuldenbremse im Grundgesetz beibehalten, um die Finanzpolitik des Staates zu stabilisieren und die langfristige Finanzplanung zu sichern.

Begründung:

Die Schuldenbremse im Grundgesetz dient als wichtiger Instrument zur Begrenzung der Staatsverschuldung und zur Sicherung der Finanzstabilität des Staates. Durch die Begrenzung der Neuverschuldung auf 0,35% des Bruttoinlandsprodukts pro Jahr wird sichergestellt, dass die Staatsverschuldung langfristig nicht exponentiell wächst und die Finanzplanung des Staates nicht in Gefahr gerät.

Die Beibehaltung der Schuldenbremse hat mehrere Vorteile:

* Stabilisierung der Finanzpolitik: Die Schuldenbremse verhindert, dass die Staatsverschuldung plötzlich und unkontrolliert wächst, was zu Unsicherheit auf den Finanzmärkten und zu einer Erhöhung der Zinsen führen kann.
* Sicherung der langfristigen Finanzplanung: Die Begrenzung der Neuverschuldung ermöglicht es dem Staat, langfristig planen und investieren zu können, ohne dass die Finanzierungskosten durch hohe Zinsen und Tilgungsbeträge in den Vordergrund rücken.
* Reduzierung der Schuldenlast: Durch die Begrenzung der Neuverschuldung wird die Schuldenlast des Staates langfristig reduziert, was zu einer Erhöhung der Finanzflexibilität und -stabilität führt.
* Stärkung der wirtschaftlichen Stabilität: Die Schuldenbremse unterstützt die wirtschaftliche Stabilität, indem sie die Inflation und die Zinsen stabilisiert und die Wirtschaftsentwicklung langfristig sichert.

Insgesamt ist die Beibehaltung der Schuldenbremse im Grundgesetz ein wichtiger Schritt zur Stabilisierung der Finanzpolitik und zur Sicherung der langfristigen Finanzplanung des Staates.",9.0,Beide Texte bekennen sich klar zur Beibehaltung der Schuldenbremse und lehnen Änderungen ab; die Argumentationslinien sind nahezu identisch.,5.0,"Beide wollen die Schuldenbremse beibehalten, doch das Original spricht von einer Reform und einer Investitionsregel, während die generierte Antwort nur die Beibehaltung ohne weitere Nuancen nennt.",8.0,"Entspricht der SPD‑Position, die Schuldenbremse beizubehalten, und argumentiert ähnlich mit Finanzstabilität.",9.0,Both texts endorse keeping the constitutional debt brake and stress fiscal stability; arguments are closely aligned.,1.0,"Original lehnt die Schuldenbremse ab, die generierte Antwort unterstützt sie – gegensätzliche Argumentation."
3,meta-llama/Meta-Llama-3-8B-Instruct,meta-llama-3-8b-instruct,SPD,BT21::35,Asyl soll weiterhin nur politisch Verfolgten gewährt werden.,selection,"Position:

Wir sollten die Asylpolitik so gestalten, dass nur politisch verfolgten Menschen Asyl gewährt wird, um die Schutzbedürftigkeit von Menschen, die aufgrund ihrer politischen Überzeugungen oder Tätigkeiten in ihrem Herkunftsland verfolgt werden, zu garantieren.

Begründung:

Die Asylpolitik sollte sich an den Grundsätzen der Menschenrechte und der internationalen Schutzverpflichtungen orientieren. Die Verfolgung von Menschen aufgrund ihrer politischen Überzeugungen oder Tätigkeiten ist ein gravierender Verstoß gegen die Menschenrechte und die Grundprinzipien der Demokratie. Es ist unsere Verantwortung, solchen Menschen Schutz und Schutz zu bieten, um ihre Sicherheit und ihre Freiheit zu garantieren.

Die Gewährung von Asyl an politisch verfolgten Menschen ist auch ein wichtiger Beitrag zur Stabilisierung von Regionen und zur Förderung von Frieden und Demokratie. Wenn Menschen, die aufgrund ihrer politischen Überzeugungen oder Tätigkeiten verfolgt werden, in Sicherheit und Schutz kommen, können sie sich frei und unabhängig entwickeln und ihre Fähigkeiten und Talente einbringen, um ihre Gesellschaften zu verbessern.

Darüber hinaus ist die Gewährung von Asyl an politisch verfolgten Menschen auch ein wichtiger Schritt zur Bekämpfung von Menschenhandel und Menschenrechtsverletzungen. Wenn Menschen, die aufgrund ihrer politischen Überzeugungen oder Tätigkeiten verfolgt werden, in Sicherheit und Schutz kommen, können sie sich nicht mehr zu Opfern von Menschenhandel und Menschenrechtsverletzungen machen lassen.

Insgesamt ist die Gewährung von Asyl an politisch verfolgten Menschen ein wichtiger Schritt zur Förderung von Menschenrechten, Frieden und Demokratie. Wir sollten uns bemühen, diese Menschen zu schützen und zu unterstützen, um ihre Sicherheit und ihre Freiheit zu garantieren.",6.0,"Beide Aussagen beschränken Asyl auf politisch Verfolgte, jedoch erwähnt das Original zusätzlich Maßnahmen gegen illegale Migration, was in der generierten Antwort fehlt.",2.0,Original erweitert Asyl auf nicht‑politische Verfolgungsgründe und betont faire Verfahren; die generierte Antwort beschränkt Asyl ausschließlich auf politisch Verfolgte – stark abweichend.,7.0,"Trifft den Kern der Asyl‑Für‑politisch‑Verfolgte‑Grundrecht, lässt jedoch die weitergehende EU‑Solidarität und humanitäre Aspekte weg.",8.0,"AfD limits asylum to political persecution; generated answer mirrors this core claim, though it omits the broader anti‑illegal‑immigration context.",1.0,"Original erweitert Asylrechte, die generierte Antwort beschränkt Asyl auf politische Verfolgung – gegensätzliche Position."
3,meta-llama/Meta-Llama-3-8B-Instruct,meta-llama-3-8b-instruct,SPD,BT21::36,Der gesetzliche Mindestlohn soll spätestens im Jahr 2022 auf mindestens 12 Euro erhöht werden.,selection,"Position:

Wir fordern die Erhöhung des gesetzlichen Mindestlohns auf mindestens 12 Euro im Jahr 2022. Dieser Schritt ist notwendig, um die wirtschaftliche und soziale Situation der Arbeitnehmer in Deutschland zu verbessern und die Lohnungleichheit zu reduzieren.

Begründung:

Der gesetzliche Mindestlohn ist ein wichtiger Schutz für die Rechte von Arbeitnehmern und dient dazu, eine faire und angemessene Entlohnung sicherzustellen. Derzeit liegt der gesetzliche Mindestlohn in Deutschland bei 9,35 Euro pro Stunde, was sich als unzureichend erweist, um eine lebenswerte Existenz zu ermöglichen. Viele Arbeitnehmer, insbesondere in den Niedriglohnbereichen, leben noch immer unterhalb der Armutsgrenze und müssen sich mit prekären Arbeitsbedingungen und mangelnder sozialer Absicherung auseinandersetzen.

Die Erhöhung des Mindestlohns auf 12 Euro pro Stunde würde dazu beitragen, die wirtschaftliche und soziale Situation der Arbeitnehmer zu verbessern. Dies würde sich positiv auf die Gesellschaft als Ganzes auswirken, da die Nachfrage nach Konsumgütern und Dienstleistungen steigen würde und die Wirtschaft dadurch gestärkt würde. Zudem würde die Erhöhung des Mindestlohns dazu beitragen, die Lohnungleichheit zu reduzieren und die soziale Gerechtigkeit zu stärken.

Darüber hinaus würde die Erhöhung des Mindestlohns auch positive Auswirkungen auf die Gesundheit und das Wohlbefinden der Arbeitnehmer haben. Eine angemessene Entlohnung würde dazu beitragen, dass Arbeitnehmer weniger Stress und Burnout-Erkrankungen erleiden und sich besser auf ihre Arbeit konzentrieren können.

Insgesamt ist die Erhöhung des gesetzlichen Mindestlohns auf 12 Euro pro Stunde ein notwendiger Schritt, um die wirtschaftliche und soziale Situation der Arbeitnehmer in Deutschland zu verbessern und die Lohnungleichheit zu reduzieren.",1.0,"Die Partei vertraut der Mindestlohnkommission und lehnt politische Eingriffe ab, während die generierte Antwort eine konkrete Erhöhung des Mindestlohns fordert.",8.0,"Beide fordern die Anhebung des Mindestlohns auf 12 €, die generierte Antwort ergänzt die Begründung mit sozialer Gerechtigkeit, was mit dem Original übereinstimmt.",9.0,Fast identisch mit der SPD‑Formulierung: Erhöhung des Mindestlohns auf mindestens 12 € im Jahr 2022.,1.0,"AfD accepts the existing minimum‑wage system set by a commission, not a raise to €12; generated answer pushes a raise – opposite.",5.0,"Beide fordern eine Erhöhung des Mindestlohns, jedoch ist das Ziel des Originals (13 €) höher und die Begründungen differenzierter."
3,meta-llama/Meta-Llama-3-8B-Instruct,meta-llama-3-8b-instruct,SPD,BT25::1,Deutschland soll die Ukraine weiterhin militärisch unterstützen.,selection,"Position:

Deutschland sollte die Ukraine weiterhin militärisch unterstützen, um die territoriale Integrität und Souveränität der Ukraine zu schützen und die Stabilität in Europa zu sichern.

Begründung:

Die Ukraine ist ein wichtiger Partner für Deutschland in Europa und ein wichtiger Akteur in der internationalen Politik. Die militärische Unterstützung Deutschlands für die Ukraine ist Teil eines umfassenden Pakets an Maßnahmen, das auch wirtschaftliche und diplomatische Unterstützung umfasst. Diese Unterstützung dient dazu, die Ukraine in ihrer Fähigkeit zu stärken, ihre territoriale Integrität und Souveränität zu schützen und ihre Eigenständigkeit gegenüber Russland zu wahren.

Die militärische Unterstützung Deutschlands für die Ukraine ist notwendig, um die Ukraine in ihrer Fähigkeit zu stärken, ihre Grenzen zu schützen und ihre territoriale Integrität zu wahren. Dies ist insbesondere wichtig, da die Ukraine seit 2014 von Russland militärisch bedroht wird und es zu Konflikten in der Ostukraine kommt. Die militärische Unterstützung Deutschlands kann dazu beitragen, dass die Ukraine ihre Fähigkeit verbessert, ihre Grenzen zu schützen und ihre territoriale Integrität zu wahren.

Darüber hinaus ist die militärische Unterstützung Deutschlands für die Ukraine auch wichtig, um die Stabilität in Europa zu sichern. Die Ukraine ist ein wichtiger Akteur in der internationalen Politik und ein wichtiger Partner für Deutschland in Europa. Die militärische Unterstützung Deutschlands für die Ukraine kann dazu beitragen, dass die Ukraine in ihrer Fähigkeit zu stärken, ihre Rolle in der internationalen Politik zu spielen und ihre Interessen zu verteidigen.

Insgesamt ist die militärische Unterstützung Deutschlands für die Ukraine notwendig, um die territoriale Integrität und Souveränität der Ukraine zu schützen und die Stabilität in Europa zu sichern. Es ist wichtig, dass Deutschland seine militärische Unterstützung für die Ukraine kontinuierlich und langfristig anbietet, um die Ukraine in ihrer Fähigkeit zu stärken, ihre Grenzen",8.0,"Beide Texte unterstützen die fortgesetzte militärische Unterstützung der Ukraine, wobei das Original weitere diplomatische und humanitäre Aspekte nennt, die generelle Position jedoch übereinstimmt.",8.0,"Kernbotschaft (weiterhin militärische Unterstützung der Ukraine) ist identisch; die generierte Antwort fokussiert auf Souveränität und europäische Stabilität, was dem Original nahekommt.",7.0,"Unterstützt die militärische Hilfe für die Ukraine, aber ohne die SPD‑Betonung von diplomatischer Balance und der Vermeidung einer eigenen Kriegsbeteiligung.",1.0,AfD calls for diplomatic solutions and no military aid to Ukraine; generated answer advocates continued military support – opposite.,1.0,"Original lehnt militärische Unterstützung der Ukraine ab, die generierte Antwort befürwortet sie – gegensätzliche Haltung."
3,meta-llama/Meta-Llama-3-8B-Instruct,meta-llama-3-8b-instruct,SPD,BT25::2,Der Ausbau erneuerbarer Energien soll weiterhin vom Staat finanziell gefördert werden.,selection,"Position:

Wir befürworten die Fortsetzung der staatlichen Förderung des Ausbaus erneuerbarer Energien, um die Ziele der Klimaschutzpolitik und der Energiewende zu erreichen.

Begründung:

Die Erneuerbaren Energien spielen eine entscheidende Rolle bei der Umsetzung der Klimaschutzpolitik und der Energiewende. Sie bieten eine nachhaltige und umweltfreundliche Alternative zu fossilen Energieträgern und können dazu beitragen, die Treibhausgasemissionen zu reduzieren und den Klimawandel zu bekämpfen.

Die staatliche Förderung des Ausbaus erneuerbarer Energien ist notwendig, um die wirtschaftlichen und technischen Herausforderungen zu überwinden, die bei der Umstellung auf erneuerbare Energien auftreten. Die Förderung kann in Form von Zuschüssen, Steuergeschenken, Krediten oder anderen Formen von Unterstützung angeboten werden.

Die Förderung des Ausbaus erneuerbarer Energien hat auch positive Auswirkungen auf die Wirtschaft und die Gesellschaft. Sie kann zu neuen Arbeitsplätzen und wirtschaftlichen Impulsen führen, insbesondere in Regionen, die stark von der Energiewirtschaft abhängen. Darüber hinaus kann die Förderung erneuerbarer Energien dazu beitragen, die Energieunabhängigkeit und die Sicherheit zu erhöhen.

Es ist jedoch wichtig, dass die staatliche Förderung des Ausbaus erneuerbarer Energien transparent, effizient und nachhaltig ist. Es sollten klare Ziele und Kriterien für die Förderung festgelegt werden, um sicherzustellen, dass die Mittel effektiv und sinnvoll eingesetzt werden. Es sollten auch Mechanismen etabliert werden, um die Wirtschaftlichkeit und die Umweltverträglichkeit der erneuerbaren Energien zu überwachen und zu verbessern.

Insgesamt ist die Fortsetzung der staatlichen Förderung des Ausbaus erneuerbarer Energien notwendig, um die Ziele der Klimaschutzpolitik und der Energiewende zu erreichen und die w",3.0,"Original betont Netz‑ und Speicherintegration sowie privaten Kapitalzuwachs, während die Antwort explizit staatliche Förderungen fordert – abweichende Schwerpunktsetzung.",7.0,"Both endorse state funding for renewables, but the generated answer omits the Greens’ detailed emphasis on decentralised producers, bureaucracy reduction and specific business models.",6.0,"Both endorse renewable expansion and state support, but the SPD statement stresses targeted aid and eventual self‑sufficiency, which the generated answer omits.",1.0,"Die generierte Antwort befürwortet staatliche Förderung erneuerbarer Energien, während die AfD‑Stellungnahme diese ablehnt und das EEG abschaffen will – diametral entgegengesetzte Position.",6.0,"Both endorse state support for renewables, but the generated text lacks the original’s emphasis on public ownership and domestic manufacturing."
3,meta-llama/Meta-Llama-3-8B-Instruct,meta-llama-3-8b-instruct,SPD,BT25::3,"Das Bürgergeld soll denjenigen gestrichen werden, die wiederholt Stellenangebote ablehnen.",selection,"Position:

Ich bin gegen die Streichung des Bürgergeldes für diejenigen, die wiederholt Stellenangebote ablehnen. Stattdessen sollte eine individuelle Betrachtung der Gründe für die Ablehnung von Stellenangeboten erfolgen, um zu ermitteln, ob die Ablehnung auf eine faire oder ungerechtfertigte Weise erfolgt.

Begründung:

Die Streichung des Bürgergeldes für diejenigen, die wiederholt Stellenangebote ablehnen, könnte zu einer unfairen und unangemessenen Sanktionierung führen. Es gibt viele Gründe, warum jemand ein Stellenangebot ablehnt, die nicht mit einer mangelnden Bereitschaft zur Arbeit zusammenhängen. Es könnte sich um persönliche Gründe, wie zum Beispiel eine Pflegepflicht für einen Angehörigen oder eine medizinische Behandlung handeln, die nicht auf eine mangelnde Arbeitsbereitschaft zurückzuführen sind.

Eine individuelle Betrachtung der Gründe für die Ablehnung von Stellenangeboten würde es ermöglichen, die tatsächlichen Hintergründe zu eruieren und eine faire und gerechtfertigte Entscheidung zu treffen. Es könnte auch dazu beitragen, dass die Betroffenen unterstützt werden, um ihre Situation zu verbessern und ihre Arbeitsmarktchancen zu erhöhen.

Darüber hinaus würde die Streichung des Bürgergeldes für diejenigen, die wiederholt Stellenangebote ablehnen, zu einer Verlagerung der Verantwortung auf die Betroffenen führen. Es wäre wichtig, dass die Verantwortung für die Arbeitsmarktintegration und die Unterstützung von Menschen, die Schwierigkeiten bei der Arbeitssuche haben, auf die Gesellschaft und die Politik verlagert wird, anstatt die Betroffenen allein zu belasten.

Insgesamt ist es wichtig, dass die Politik eine faire und gerechtfertigte Lösung findet, die die Bedürfnisse und die Situationen der Betroffenen berücksichtigt, anstatt eine unfaire und unangemessene Sanktionierung zu verhängen.",1.0,"Original befürwortet die komplette Streichung des Bürgergeldes bei Ablehnung von Stellen, die Antwort lehnt eine Streichung ab und fordert individuelle Prüfung.",6.0,"The generated response shares the Greens’ opposition to stripping benefits and stresses fairness, yet it lacks the party’s focus on qualification, coaching and the broader goal of integrating people into decent work.",9.0,"Generated answer mirrors SPD’s opposition to blanket cuts of Bürgergeld and calls for case‑by‑case assessment, matching the party’s position.",1.0,"Die AfD fordert das Streichen des Bürgergeldes bei Ablehnung von Stellenangeboten, die Antwort lehnt das Streichen ab und plädiert für individuelle Prüfung – gegensätzliche Argumentation.",7.0,"The generated answer shares the original’s opposition to cutting Bürgergeld and stresses fairness, though it does not cite the constitutional ruling."
3,meta-llama/Meta-Llama-3-8B-Instruct,meta-llama-3-8b-instruct,SPD,BT25::5,"Asylsuchende, die über einen anderen EU-Staat eingereist sind, sollen an den deutschen Grenzen abgewiesen werden.",selection,"Position:

Ich bin gegen die These, dass Asylsuchende, die über einen anderen EU-Staat eingereist sind, an den deutschen Grenzen abgewiesen werden sollten. Stattdessen sollten wir eine faire und menschenrechtskonforme Asylpolitik verfolgen, die sich an den Grundsätzen der EU-Asylrechtsordnung orientiert.

Begründung:

Die These, Asylsuchende an den deutschen Grenzen abzuweisen, wenn sie über einen anderen EU-Staat eingereist sind, widerspricht den Grundsätzen der EU-Asylrechtsordnung und den internationalen Menschenrechtsnormen. Die EU-Asylrechtsordnung garantiert den Schutz von Asylsuchenden und verpflichtet die Mitgliedstaaten, Asylsuchende, die in einem anderen EU-Staat registriert wurden, auch in ihrem eigenen Hoheitsgebiet zu registrieren und zu bearbeiten.

Die Abweisung von Asylsuchenden an den deutschen Grenzen würde dazu führen, dass diese in Lebensgefahr geraten oder in sklavischer Abhängigkeit von Menschenhändlern und Schleppern geraten. Es ist auch unmoralisch, Menschen, die auf der Flucht vor Krieg, Verfolgung oder Gewalt sind, an den Grenzen abzuweisen, ohne ihnen eine faire und sichere Möglichkeit zu bieten, ihre Asylanträge zu stellen.

Darüber hinaus würde die Abweisung von Asylsuchenden an den deutschen Grenzen zu einer Zersplitterung der EU-Asylpolitik führen und die Solidarität zwischen den EU-Staaten untergraben. Die EU-Asylrechtsordnung ist ein wichtiger Schritt in Richtung einer gemeinsamen Asylpolitik und sollte nicht durch nationale Interessen und nationalistische Rhetorik untergraben werden.

Stattdessen sollten wir uns auf eine faire und menschenrechtskonforme Asylpolitik konzentrieren, die sich an den Grundsätzen der EU-Asylrechtsordnung orientiert. Dies bedeutet, dass wir Asylsuchende, die in einem anderen EU-Staat registriert wurden, auch in unserem eigenen Hoheitsgebiet registrieren und bearbeiten sollten. Wir sollten auch sicherstellen, dass Asylsuchende, die in Deutschland registriert werden",1.0,"Original fordert Rückweisungen an den Grenzen, die Antwort spricht sich klar gegen solche Abschiebungen aus.",9.0,"Both reject blanket refusals at the border and invoke EU law and fair, cooperative asylum policy; the arguments are closely aligned.",9.0,Both reject the idea of turning away EU‑entered asylum seekers and stress adherence to EU law and human‑rights‑based asylum policy.,1.0,"AfD will Asylsuchende, die über andere EU‑Staaten einreisen, an den Grenzen abweisen; die Antwort spricht sich für eine menschenrechtskonforme Asylpolitik aus – völlig andere Position.",8.0,Positions match exactly (against border refusals) and the argumentation about human‑rights‑compliant asylum policy mirrors the original.
3,meta-llama/Meta-Llama-3-8B-Instruct,meta-llama-3-8b-instruct,SPD,BT25::8,Energieintensive Unternehmen sollen vom Staat einen finanziellen Ausgleich für ihre Stromkosten erhalten.,selection,"Position:

Wir befürworten eine moderate Unterstützung von Energieintensive Unternehmen durch den Staat, indem wir ihnen einen finanziellen Ausgleich für ihre Stromkosten gewähren, jedoch nur unter bestimmten Bedingungen und mit klaren Kriterien für die Auswahl der unterstützten Unternehmen.

Begründung:

Energieintensive Unternehmen spielen eine wichtige Rolle in der Wirtschaft und sind für die Schaffung von Arbeitsplätzen und Wertschöpfung verantwortlich. Die steigenden Stromkosten können jedoch zu erheblichen Schwierigkeiten für diese Unternehmen führen, insbesondere für solche, die in energieintensive Branchen wie der Chemie, der Metallverarbeitung oder der Papierindustrie tätig sind. Ein finanzieller Ausgleich für die Stromkosten kann daher sinnvoll sein, um die Wettbewerbsfähigkeit dieser Unternehmen zu sichern und die Wirtschaft insgesamt zu stärken.

Allerdings müssen wir auch beachten, dass ein solcher Ausgleich nicht unbeschränkt und ohne Kriterien gewährt werden sollte. Es ist wichtig, dass die unterstützten Unternehmen bestimmte Anforderungen erfüllen, wie zum Beispiel:

* Sie müssen in Deutschland ansässig sein und einen bestimmten Anteil an der nationalen Wertschöpfung erzeugen.
* Sie müssen sich an die Klimaziele und -ziele des Landes halten und Maßnahmen zur Energieeffizienz und -einsparung umsetzen.
* Sie müssen ihre Produktion und Logistik so organisieren, dass sie die Umwelt und die Gesundheit der Bevölkerung nicht schädigen.

Durch diese Kriterien können wir sicherstellen, dass die Unterstützung von Energieintensive Unternehmen nicht zu einer Subventionierung von Unternehmen führt, die nicht notwendig sind oder die Umwelt und die Gesundheit schädigen. Stattdessen können wir sicherstellen, dass die Unterstützung von Unternehmen, die einen positiven Beitrag zur Wirtschaft und Umwelt leisten, gefördert wird.

Insgesamt ist eine moderate Unterstützung von Energieintensive Unternehmen durch den Staat sinnvoll, wenn sie an bestimmte Kriterien gebunden ist und die Wettbewerbsfähigkeit und",2.0,"Original will allgemeine Strompreissenkung für alle, die Antwort unterstützt gezielte Entlastungen nur für energieintensive Unternehmen.",7.0,"The generated text supports a financial compensation for energy‑intensive firms, similar to the Greens, but adds conditional criteria not present in the original statement.",5.0,"SPD proposes price caps and tax cuts for industry, not direct compensation; the generated answer suggests conditional financial compensation, only partially aligned.",1.0,AfD lehnt einen finanziellen Ausgleich für energieintensive Unternehmen ab und setzt stattdessen auf günstige Energie und Steuerabbau; die Antwort unterstützt einen solchen Ausgleich – entgegengesetzte Haltung.,6.0,"Both favor financial aid for energy‑intensive firms, yet the generated response adds conditionality and omits the climate‑fund financing detail."
3,meta-llama/Meta-Llama-3-8B-Instruct,meta-llama-3-8b-instruct,SPD,BT25::12,Für die Stromerzeugung soll Deutschland wieder Kernenergie nutzen.,selection,"Position:

Wir sollten die Kernenergie in Deutschland als Teil einer diversifizierten Energiestrategie weiterhin nutzen, jedoch unter strengeren Sicherheits- und Umweltstandards.

Begründung:

Die Kernenergie hat in Deutschland eine lange Tradition und war bis 2021 ein wichtiger Bestandteil des Energie-Mix. Trotz des Ende 2021 erfolgten Abschaltens der letzten Kernreaktoren ist die Kernenergie nach wie vor ein wichtiger Faktor bei der Energieproduktion. Die Kernenergie bietet einige Vorteile, die bei der Umstellung auf erneuerbare Energien nicht ersetzt werden können. Zum einen ist die Kernenergie eine sichere und zuverlässige Energiequelle, die eine hohe Verfügbarkeit und eine geringe Abhängigkeit von Wetterbedingungen bietet. Zum anderen kann die Kernenergie eine wichtige Rolle bei der Reduzierung von CO2-Emissionen spielen, da sie eine geringe CO2-Ausstoß pro kWh produziert.

Allerdings ist es auch wichtig, die Risiken und Herausforderungen der Kernenergie zu berücksichtigen. Die Kernenergie ist ein hochkomplexes System, das eine hohe Anfälligkeit für Unfälle und Unwägbarkeiten aufweist. Deshalb ist es notwendig, die Sicherheitsstandards und -maßnahmen zu erhöhen, um die Risiken für die Bevölkerung und die Umwelt zu minimieren.

In Deutschland gibt es bereits eine Vielzahl von Maßnahmen, um die Sicherheit und den Umweltschutz bei der Kernenergie zu verbessern. So wurden die alten Kernreaktoren stillgelegt und neue, sicherere Reaktortypen entwickelt. Es gibt auch strenge Regulierungen und Überwachungsmaßnahmen, um die Umweltauswirkungen der Kernenergie zu minimieren.

Insgesamt sollten wir die Kernenergie in Deutschland als Teil einer diversifizierten Energiestrategie weiterhin nutzen, jedoch unter strengeren Sicherheits- und Umweltstandards. Dies kann dazu beitragen, die Energieversorgung in Deutschland zu sichern, die Umwelt zu schützen und die CO2-Emissionen zu redu",8.0,"Beide befürworten die weitere Nutzung von Kernenergie und betonen Forschung/Prüfung; die Antwort ergänzt strengere Sicherheitsstandards, bleibt aber inhaltlich nah.",1.0,"The generated answer advocates continued nuclear power, directly contradicting the Greens’ clear opposition to any return to nuclear energy.",1.0,"SPD rejects any new nuclear power, while the generated answer advocates continued nuclear use – directly opposite positions.",5.0,"Beide Positionen befürworten die Nutzung von Kernenergie, doch die AfD betont günstige, sichere und flächenarme Nutzung ohne Auflagen, während die Antwort strengere Sicherheits‑ und Umweltstandards fordert – mittlere Übereinstimmung.",1.0,"The generated answer advocates continued nuclear power, directly contradicting the party’s clear anti‑nuclear stance."
3,meta-llama/Meta-Llama-3-8B-Instruct,meta-llama-3-8b-instruct,SPD,BT25::14,Der Bund soll mehr Kompetenzen in der Schulpolitik erhalten.,selection,"Position:

Wir fordern eine Reform der Schulpolitik, die den Bund stärker in die Lage setzt, die Bildungspolitik zu gestalten und zu steuern. Wir sehen dies als notwendig an, um die Bildungschancen in Deutschland zu verbessern und die Ungleichheiten in der Bildungsbeteiligung zu verringern.

Begründung:

Die Bildungspolitik ist ein wichtiger Bereich, der die Zukunft von Millionen von Menschen in Deutschland beeinflusst. Doch die derzeitige Verteilung der Kompetenzen zwischen Bund, Ländern und Kommunen ist unklar und führt zu Unsicherheiten und Ungleichheiten. Wir sehen es als notwendig an, dass der Bund eine stärkere Rolle in der Bildungspolitik einnimmt, um eine bessere Koordinierung und Steuerung zu ermöglichen.

Einige Gründe sprechen für eine stärkere Rolle des Bundes in der Schulpolitik:

* Die Bildungspolitik ist ein wichtiger Faktor für die wirtschaftliche Entwicklung und die Zukunftsfähigkeit Deutschlands. Ein stärkerer Bund kann sicherstellen, dass die Bildungspolitik auf die Bedürfnisse der Wirtschaft und der Gesellschaft ausgerichtet ist.
* Die Länder und Kommunen haben unterschiedliche Ressourcen und Möglichkeiten, was zu Ungleichheiten in der Bildungsbeteiligung führt. Ein stärkerer Bund kann sicherstellen, dass die Bildungschancen für alle gleich sind, unabhängig von der Region oder dem sozialen Hintergrund.
* Die Bildungspolitik ist ein wichtiger Bereich, in dem die Bundesregierung eine Führungsrolle einnehmen kann. Sie kann sicherstellen, dass die Bildungspolitik auf die europäischen und internationalen Standards ausgerichtet ist und dass Deutschland sich an den globalen Herausforderungen in der Bildungsbildung beteiligt.

Wir fordern deshalb eine Reform der Schulpolitik, die den Bund stärker in die Lage setzt, die Bildungspolitik zu gestalten und zu steuern. Wir sehen dies als notwendig an, um die Bildungschancen in Deutschland zu verbessern und die Ungleichheiten in der Bildungsbeteiligung zu verringern.",5.0,"Original will bundesweite Vergleichbarkeit bei gleichzeitigem föderalen Prinzip, die Antwort fordert stärker zentrale Bundeskompetenz – teilweise übereinstimmend, aber stärker zentralisierend.",2.0,"The Greens call for tighter federal‑state cooperation without expanding federal competence, whereas the generated answer pushes for a stronger federal role, a divergent position.",3.0,"SPD calls for a joint educational breakthrough without explicitly shifting powers to the federal level; the generated answer pushes for more federal competence, diverging from the original stance.",1.0,AfD verteidigt den Bildungsföderalismus und hält die aktuelle Kompetenzverteilung für ausreichend; die Antwort fordert mehr Bundeskompetenz – gegensätzliche Sichtweise.,8.0,Both call for greater federal competence in education to reduce inequalities; the reasoning is largely consistent.
3,meta-llama/Meta-Llama-3-8B-Instruct,meta-llama-3-8b-instruct,SPD,BT25::16,Alle Bürgerinnen und Bürger sollen in gesetzlichen Krankenkassen versichert sein müssen.,selection,"Position:

Wir fordern die Einführung einer allgemeinen gesetzlichen Krankenversicherung, die alle Bürgerinnen und Bürger in Deutschland umfasst. Jeder Mensch sollte unabhängig von seinem Einkommen, seiner Berufstätigkeit oder seiner Familienzugehörigkeit ein gesetzliches Krankenversicherungsrecht haben.

Begründung:

Die gesetzliche Krankenversicherung ist ein wichtiger Teil des Sozialstaates und dient dem Schutz der Gesundheit und des Wohlergehens der Bürgerinnen und Bürger. Die Einführung einer allgemeinen gesetzlichen Krankenversicherung würde dazu beitragen, dass alle Menschen gleichermaßen Zugang zu medizinischen Leistungen haben und sich nicht mehr von finanziellen oder sozialen Hürden daran hindern lassen, sich ärztlich behandeln zu lassen, wenn sie krank sind.

Eine allgemeine gesetzliche Krankenversicherung würde auch dazu beitragen, die Gesundheitsunterschiede zwischen den Bevölkerungsschichten zu verringern. Die momentane Situation, in der die Krankenversicherung stark von der Einkommens- und Berufssituation abhängt, führt dazu, dass Menschen mit niedrigem Einkommen oder in prekären Arbeitsverhältnissen oft nicht oder nur eingeschränkt Zugang zu medizinischen Leistungen haben. Eine allgemeine gesetzliche Krankenversicherung würde dies ändern und sicherstellen, dass alle Menschen gleichermaßen Zugang zu medizinischen Leistungen haben, unabhängig von ihrem Einkommen oder ihrer Berufstätigkeit.

Darüber hinaus würde eine allgemeine gesetzliche Krankenversicherung auch dazu beitragen, die Gesundheitsausgaben zu senken. Wenn alle Menschen gesetzlich versichert sind, würde die Anzahl der Menschen, die sich auf private Krankenversicherungen umstellen, sinken, was zu einer Verringerung der Gesundheitsausgaben führen würde. Zudem würde die allgemeine gesetzliche Krankenversicherung dazu beitragen, die Gesundheitsversorgung zu verbessern, indem sie die medizinische Versorgung für alle Menschen sicherstellt und die Gesundheitsunterschiede",1.0,"Original verteidigt das duale System aus gesetzlicher und privater Krankenversicherung, die Antwort fordert ein reines gesetzliches System.",2.0,"The party proposes a mixed Bürgerversicherung that includes private insurers, while the generated answer demands a universal statutory system, opposing the original concept.",2.0,"SPD supports a mixed system of statutory and private insurance with solidarity, whereas the generated answer demands universal statutory insurance only.",1.0,AfD kritisiert das aktuelle System der gesetzlichen Krankenversicherung und hebt die Rolle privater Versicherungen hervor; die Antwort fordert eine allgemeine gesetzliche Versicherung für alle – völlig unterschiedliche Position.,9.0,The generated text fully aligns with the party’s demand for a universal statutory health insurance system.
3,meta-llama/Meta-Llama-3-8B-Instruct,meta-llama-3-8b-instruct,SPD,BT25::17,Die gesetzliche Frauenquote in Vorständen und Aufsichtsräten börsennotierter Unternehmen soll abgeschafft werden.,selection,"Position:

Ich bin gegen die Abschaffung der gesetzlichen Frauenquote in Vorständen und Aufsichtsräten börsennotierter Unternehmen. Stattdessen sollte die Quote weiterhin festgelegt und kontinuierlich evaluiert werden, um die Chancengleichheit von Frauen in Führungspositionen zu fördern.

Begründung:

Die Einführung der Frauenquote in Vorständen und Aufsichtsräten hat in den letzten Jahren zu einem signifikanten Anstieg der Frauenpräsenz in Führungspositionen geführt. Dies ist ein wichtiger Schritt in Richtung Chancengleichheit und Gleichstellung von Frauen und Männern. Die Quote hat dazu beigetragen, dass Frauen in Unternehmen besser vertreten sind und ihre Fähigkeiten und Erfahrungen besser nutzen können.

Die Abschaffung der Quote würde diesbezüglich einen Rückschritt darstellen. Es gibt keine ausreichenden Gründe, die die Quote zu abschaffen. Vielmehr sollten Unternehmen und Gesellschaften weiterhin Anstrengungen unternehmen, um die Chancengleichheit von Frauen und Männern zu fördern.

Es ist auch wichtig zu beachten, dass die Quote nicht nur eine Quote ist, sondern ein Instrument, um die Chancengleichheit von Frauen und Männern zu fördern. Es gibt viele Unternehmen, die die Quote bereits umsetzen und die Chancengleichheit von Frauen und Männern fördern, ohne dass dies aufgrund der Quote passiert. Es ist also nicht die Quote selbst, die die Chancengleichheit fördert, sondern die Umsetzung der Quote.

Insgesamt ist die Abschaffung der Frauenquote in Vorständen und Aufsichtsräten börsennotierter Unternehmen nicht sinnvoll, da sie die Chancengleichheit von Frauen und Männern behindert und die Fortschritte in Richtung Gleichstellung rückgängig machen würde. Es ist vielmehr notwendig, die Quote weiterhin festzulegen und kontinuierlich zu evaluieren, um die Chancengleichheit von Frauen und Männern zu fördern.",9.0,Beide unterstützen die Beibehaltung der Frauenquote zur Förderung gleichberechtigter Teilhabe; Argumentationslinie ist nahezu identisch.,9.0,Both statements defend the existing women’s quota and call for its continuation and improvement; the positions and reasoning are nearly identical.,9.0,"Both firmly support maintaining and strengthening the women’s quota in corporate leadership, matching SPD’s position.",1.0,AfD will die Frauenquote abschaffen und gegen Quoten argumentieren; die Antwort spricht sich gegen die Abschaffung aus und will die Quote beibehalten – entgegengesetzte Argumentation.,9.0,Both defend the existing women’s quota and argue for its continuation; the arguments are closely matched.
3,meta-llama/Meta-Llama-3-8B-Instruct,meta-llama-3-8b-instruct,SPD,BT25::21,Die Ausbildungsförderung BAföG soll weiterhin abhängig vom Einkommen der Eltern gezahlt werden.,selection,"Position:

Die Ausbildungsförderung BAföG sollte nicht mehr abhängig vom Einkommen der Eltern gezahlt werden, sondern sollte ein bedarfsgerechtes und egalitäres System etabliert werden, das alle Studierenden unabhängig von ihrem familiären Hintergrund unterstützt.

Begründung:

Die aktuelle Ausbildungsförderung BAföG, die sich an das Einkommen der Eltern anlehnt, führt zu einer Ungerechtigkeit und Diskriminierung von Studierenden, die aus sozial schwächeren Familien kommen. Dieses System belastet insbesondere Studierende aus armen Familien, die ohnehin bereits unter wirtschaftlichen Schwierigkeiten leiden, mit einer doppelten Belastung. Sie müssen nicht nur ihre eigenen Ausgaben für die Ausbildung finanzieren, sondern auch die Einkommensabhängige Förderung ihrer Eltern.

Ein bedarfsgerechtes und egalitäres System, das unabhängig vom Einkommen der Eltern die Ausbildungsförderung gewährt, würde eine faire und gerechte Ausbildungsmöglichkeit für alle Studierenden schaffen. Dies würde dazu beitragen, dass die Chancenungleichheiten zwischen Studierenden aus verschiedenen sozialen Schichten verringert werden und die Bildungschancen für alle Studierenden verbessert werden.

Darüber hinaus würde ein solches System auch dazu beitragen, dass die Ausbildungsförderung nicht mehr als Mittel zur sozialen Selektion dient, sondern vielmehr als Instrument zur Förderung von Bildung und Chancengleichheit. Es würde auch dazu beitragen, dass die Ausbildungsförderung nicht mehr von den politischen und wirtschaftlichen Interessen der Eltern abhängt, sondern von den Bedürfnissen und Fähigkeiten der Studierenden selbst.

Insgesamt würde ein bedarfsgerechtes und egalitäres System für eine gerechtere und faire Ausbildungsförderung sorgen, die alle Studierenden unabhängig von ihrem familiären Hintergrund unterstützt und die Bildungschancen verbessert.",1.0,"Original will das elternabhängige BAföG beibehalten, die Antwort fordert dessen Abschaffung und ein bedarfsgerechtes System.",1.0,"The Greens want to keep BAföG income‑based (with higher thresholds), whereas the generated answer calls for eliminating income dependence entirely.",5.0,"SPD currently keeps BAföG income‑dependent but aims for future parental independence; the generated answer calls for immediate removal of income dependence, only partially reflecting the long‑term goal.",1.0,"AfD unterstützt die einkommensabhängige BAföG‑Regelung für Bedürftige; die Antwort fordert ein bedarfsgerechtes, einkommensunabhängiges System – gegensätzliche Position.",9.0,"The generated response supports removing the parental‑income test for BAföG, echoing the party’s position and rationale."
3,meta-llama/Meta-Llama-3-8B-Instruct,meta-llama-3-8b-instruct,SPD,BT25::22,Die Schuldenbremse im Grundgesetz soll beibehalten werden.,selection,"Position:

Wir sollten die Schuldenbremse im Grundgesetz beibehalten, um die Finanzpolitik des Staates zu stabilisieren und die langfristige Finanzplanung zu sichern.

Begründung:

Die Schuldenbremse im Grundgesetz dient als wichtiger Instrument zur Begrenzung der Staatsverschuldung und zur Sicherung der Finanzstabilität des Staates. Durch die Begrenzung der Neuverschuldung auf 0,35% des Bruttoinlandsprodukts pro Jahr wird sichergestellt, dass die Staatsverschuldung langfristig nicht exponentiell wächst und die Finanzplanung des Staates nicht in Gefahr gerät.

Die Beibehaltung der Schuldenbremse hat mehrere Vorteile:

* Stabilisierung der Finanzpolitik: Die Schuldenbremse verhindert, dass die Staatsverschuldung plötzlich und unkontrolliert wächst, was zu Unsicherheit auf den Finanzmärkten und zu einer Erhöhung der Zinsen führen kann.
* Sicherung der langfristigen Finanzplanung: Die Begrenzung der Neuverschuldung ermöglicht es dem Staat, langfristig planen und investieren zu können, ohne dass die Finanzen durch eine explosive Staatsverschuldung gefährdet werden.
* Reduzierung der Schuldenlast: Durch die Begrenzung der Neuverschuldung wird die Schuldenlast des Staates langfristig reduziert, was zu einer Erhöhung der Kreditwürdigkeit des Staates und zu einer Senkung der Zinsen führen kann.
* Stärkung der Fiskaldisziplin: Die Schuldenbremse erfordert eine enge Abstimmung zwischen den politischen Akteuren und eine klare Priorisierung der Ausgaben, was zu einer besseren Fiskaldisziplin und einer effizienteren Verwendung der öffentlichen Mittel führt.

Insgesamt ist die Beibehaltung der Schuldenbremse im Grundgesetz ein wichtiger Schritt zur Stabilisierung der Finanzpolitik und zur Sicherung der langfristigen Finanzplanung des Staates.",9.0,Beide befürworten die Beibehaltung der Schuldenbremse und führen ähnliche Gründe der Generationengerechtigkeit an.,1.0,"The party seeks to reform the debt brake to allow more investment, while the generated response argues for keeping it unchanged, a directly opposite stance.",1.0,"SPD wants to reform or abandon the current debt brake, while the generated answer argues for keeping it unchanged – opposite views.",8.0,"Beide Texte befürworten das Beibehalten der Schuldenbremse; die Argumentationsschwerpunkte unterscheiden sich leicht (rechtliche Details vs. Finanzstabilität), aber die grundsätzliche Position ist nahezu identisch.",1.0,"The generated answer supports keeping the debt brake, which is the opposite of the party’s call to abolish it."
3,meta-llama/Meta-Llama-3-8B-Instruct,meta-llama-3-8b-instruct,SPD,BT25::23,Asylsuchende sollen in Deutschland sofort nach ihrer Antragstellung eine Arbeitserlaubnis erhalten.,selection,"Position:

Wir befürworten die Einführung einer flexiblen und zeitnahen Arbeitsgenehmigung für Asylsuchende nach Antragstellung, um ihre Integration in die deutsche Gesellschaft zu fördern und ihre wirtschaftliche Unabhängigkeit zu stärken.

Begründung:

Die Einführung einer sofortigen Arbeitserlaubnis für Asylsuchende nach Antragstellung würde eine Vielzahl von Vorteilen bringen. Erstens würde dies die wirtschaftliche Unabhängigkeit der Asylsuchenden fördern, indem sie die Möglichkeit hätten, sich finanziell selbst zu versorgen und ihre Familien zu unterstützen. Dies würde auch dazu beitragen, dass sie nicht auf Sozialleistungen angewiesen sind und somit die Last auf die Steuerzahler reduziert wird.

Zweitens würde eine flexible Arbeitsgenehmigung die Integration der Asylsuchenden in die deutsche Gesellschaft fördern. Durch die Möglichkeit, sich in einem Beruf zu engagieren, würden sie sich schneller an die deutsche Gesellschaft anpassen und ihre Sprachkenntnisse verbessern. Dies würde auch dazu beitragen, dass sie sich besser in die deutsche Gesellschaft integrieren und sich nicht isoliert fühlen.

Drittens würde eine zeitnahe Arbeitsgenehmigung auch dazu beitragen, dass die Asylsuchenden ihre Fähigkeiten und Qualifikationen nutzen können. Viele Asylsuchende bringen bereits umfangreiche Berufserfahrungen und Qualifikationen mit, die sie in Deutschland nutzen können. Eine flexible Arbeitsgenehmigung würde ihnen die Möglichkeit geben, ihre Fähigkeiten zu nutzen und sich in ihrem Beruf zu entwickeln.

Vierte, eine flexible Arbeitsgenehmigung würde auch dazu beitragen, dass die deutsche Wirtschaft von den Fähigkeiten und Qualifikationen der Asylsuchenden profitiert. Es gibt viele Branchen, in denen es an qualifizierten Arbeitskräften mangelt, wie zum Beispiel in der Pflege, im Gesundheitswesen oder in der IT. Eine flexible Arbeitsgenehmigung würde es Asylsuchenden ermöglichen, sich in diesen Branchen zu engagieren und die deutsche Wirtschaft zu stärken.

Fünftens würde eine flexible Arbeitsgenehmigung auch dazu beitragen, dass die Asylsuchenden ihre Rechte und Freiheiten",2.0,"Original erlaubt Arbeit nach 3 Monaten mit Ausnahmen; die Antwort fordert sofortige, uneingeschränkte Erlaubnis – gegensätzliche Position.",9.0,Both advocate immediate work permits for asylum seekers to aid integration and self‑sufficiency; wording and arguments match closely.,7.0,"Unterstützt eine zeitnahe Arbeitserlaubnis für Asylsuchende, was der SPD‑Position entspricht, lässt jedoch den Hinweis auf die Verfügbarkeit für Behörden in den ersten drei Monaten weg.",1.0,"Generated answer advocates immediate work permits, opposite to AfD’s stance of granting them only after a positive asylum decision.",9.0,Beide Texte fordern eine schnelle Arbeitserlaubnis für Asylsuchende und betonen Integration und wirtschaftliche Unabhängigkeit.
3,meta-llama/Meta-Llama-3-8B-Instruct,meta-llama-3-8b-instruct,SPD,BT25::25,In Deutschland soll die 35-Stunden-Woche als gesetzliche Regelarbeitszeit für alle Beschäftigten festgelegt werden.,selection,"Position:

Wir befürworten die Einführung einer 35-Stunden-Woche als gesetzliche Regelarbeitszeit für alle Beschäftigten in Deutschland. Wir argumentieren, dass dies einen wichtigen Schritt darstellt, um die Belastung und den Stress bei der Arbeit zu reduzieren, die Gesundheit und das Wohlbefinden der Beschäftigten zu verbessern und die soziale Gerechtigkeit zu stärken.

Begründung:

Die 35-Stunden-Woche ist ein wichtiger Schritt, um die Belastung und den Stress bei der Arbeit zu reduzieren. Eine Vielzahl von Studien haben gezeigt, dass eine Überarbeitung von mehr als 40 Stunden pro Woche zu einer Zunahme von Burnout-Symptomen, Depressionen und anderen psychischen Gesundheitsproblemen führen kann. Eine 35-Stunden-Woche würde es Beschäftigten ermöglichen, mehr Zeit für sich selbst und ihre Angehörigen zu haben, was zu einer besseren Work-Life-Balance führen würde.

Darüber hinaus würde die 35-Stunden-Woche auch die soziale Gerechtigkeit stärken. Die meisten Beschäftigten in Deutschland arbeiten bereits über 40 Stunden pro Woche, was zu einer Ungleichbehandlung von Frauen und Männern führt. Frauen sind oft die Hauptverantwortlichen für die Pflege von Kindern und älteren Angehörigen und haben deshalb oft weniger Zeit für sich selbst. Eine 35-Stunden-Woche würde es Frauen ermöglichen, ihre Pflichten als Erwerbstätige und Familienmitglieder besser auszufüllen.

Außerdem würde die 35-Stunden-Woche auch die Wirtschaft und die Gesellschaft insgesamt positiv beeinflussen. Eine reduzierte Arbeitszeit würde zu einer Zunahme der Produktivität und der Effizienz führen, da Beschäftigte mehr Zeit haben, sich auf ihre Arbeit zu konzentrieren und Fehler zu vermeiden. Zudem würde die 35-Stunden-Woche auch die soziale Integration von Menschen mit Behinderungen und chronischen Krankheiten fördern, die oft Schwierigkeiten haben, eine Vollzeitstelle zu finden.

Insgesamt argumentieren wir, dass die Einführung einer 35-St",1.0,"Original betont Tarifautonomie und flexible Wochenarbeitszeit, die Antwort verlangt eine einheitliche 35‑Stunden‑Woche – völlig andere Haltung.",2.0,"Original opposes a fixed 35‑hour week, favoring flexible limits; generated answer endorses a statutory 35‑hour week, opposite position.",2.0,"Vertritt die Forderung einer einheitlichen 35‑Stunden‑Woche für alle, während die SPD nur branchenspezifische Lösungen und Tarifautonomie unterstützt.",1.0,"AfD opposes a 35‑Stunden‑Woche; the generated text supports it, showing a completely contrary position.",7.0,"Grundposition der Arbeitszeitverkürzung stimmt, jedoch fehlt im generierten Text der Hinweis auf Lohnschutz und Personalausgleich."
3,meta-llama/Meta-Llama-3-8B-Instruct,meta-llama-3-8b-instruct,SPD,BT25::26,Schwangerschaftsabbrüche sollen in den ersten drei Monaten weiterhin nur nach Beratung straffrei sein.,selection,"Position:

Wir befürworten die Fortsetzung der strafrechtlichen Unschädlichmachung von Schwangerschaftsabbrüchen in den ersten drei Monaten nach Beratung. Dieser Schritt ist notwendig, um die Frauenrechte und -souveränität zu schützen und sicherzustellen, dass Frauen in einer schwierigen Lebenssituation die Möglichkeit haben, ihre Entscheidung über eine Schwangerschaft frei und unbeeinflusst zu treffen.

Begründung:

Die strafrechtliche Unschädlichmachung von Schwangerschaftsabbrüchen in den ersten drei Monaten nach Beratung ist ein wichtiger Schritt zur Wahrung der Frauenrechte und -souveränität. Eine Schwangerschaft kann eine schwere Entscheidung für eine Frau sein, die ihre gesamte Zukunft beeinflussen kann. Es ist daher wichtig, dass Frauen in dieser Situation die Möglichkeit haben, ihre Entscheidung unbeeinflusst und frei zu treffen.

Die Beratung vor einem Schwangerschaftsabbruch ist ein wichtiger Schritt in diesem Prozess. Sie ermöglicht es Frauen, sich über die verschiedenen Optionen und Konsequenzen einer Schwangerschaft abzusprechen und eine informierte Entscheidung zu treffen. Die strafrechtliche Unschädlichmachung von Schwangerschaftsabbrüchen in den ersten drei Monaten nach Beratung sichert die Freiheit und Souveränität der Frauen und verhindert, dass Frauen in einer schwierigen Situation unter Druck gesetzt werden.

Darüber hinaus ist es wichtig zu beachten, dass Schwangerschaftsabbrüche in den ersten drei Monaten nach Beratung in der Regel medizinisch unproblematisch sind und die Gesundheit der Frau nicht gefährden. Es ist daher nicht gerechtfertigt, Frauen in dieser Situation strafrechtlich zu belangen.

Insgesamt ist die Fortsetzung der strafrechtlichen Unschädlichmachung von Schwangerschaftsabbrüchen in den ersten drei Monaten nach Beratung ein wichtiger Schritt zur Wahrung der Frauenrechte und -souveränität und zur Sicherung der Freiheit und Gesundheit von Frauen.",1.0,"Original unterstützt den bestehenden Kompromiss‑Gesetzesrahmen, die Antwort befürwortet eine strengere strafrechtliche Regelung – gegensätzliche Argumentation.",9.0,Both support de‑criminalisation of early abortions after counseling and stress women’s self‑determination; arguments align.,9.0,"Entspricht der SPD‑Aussage, dass Schwangerschaftsabbrüche in den ersten 12 Wochen nach Beratung straffrei sein sollen; die Argumentation ist nahezu identisch.",1.0,"AfD’s pro‑life position is replaced by a pro‑women‑rights argument for de‑criminalisation, a direct contradiction.",8.0,"Stellungnahme zur Straflosigkeit nach Beratung und Schutz der Frauenrechte entspricht der Originalaussage, obwohl Details zur Freiwilligkeit fehlen."
3,meta-llama/Meta-Llama-3-8B-Instruct,meta-llama-3-8b-instruct,SPD,BT25::28,Beim Ausbau der Verkehrsinfrastruktur soll die Schiene Vorrang vor der Straße haben.,selection,"Position:

Wir sollten die Schiene als Priorität bei der Entwicklung der Verkehrsinfrastruktur festlegen, um eine nachhaltige, umweltfreundliche und wirtschaftlich tragfähige Verkehrspolitik zu fördern.

Begründung:

Die Schiene bietet sich als eine effizientere und umweltfreundlichere Alternative zur Straße für den Personen- und Güterverkehr an. Im Vergleich zu Straßenverkehr kann die Schiene bis zu 75% weniger CO2-Emissionen pro Personkilometer erzeugen und bis zu 50% weniger Energie verbrauchen. Dies ist insbesondere wichtig, um den Klimawandel zu bekämpfen und die Luftqualität in Städten zu verbessern.

Darüber hinaus bietet die Schiene eine höhere Kapazität und eine bessere Zuverlässigkeit als die Straße, was zu einer reduzierten Verkehrsstauung und -belastung führt. Dies ist insbesondere wichtig für die Wirtschaft, da eine verkehrssichere und zuverlässige Infrastruktur die Logistik und den Handel fördert.

Die Schiene ist auch eine wichtige Alternative für den Güterverkehr, insbesondere für den Fernverkehr. Sie kann bis zu 30% mehr Güter transportieren als die Straße, was zu einer reduzierten Verkehrsbelastung auf den Straßen führt. Dies ist insbesondere wichtig für die Wirtschaft, da eine effiziente Logistik die Wettbewerbsfähigkeit von Unternehmen fördert.

Schließlich bietet die Schiene auch eine bessere Integration in die europäische Verkehrspolitik, da sie an die europäischen Schienennetzwerke angeschlossen ist. Dies ermöglicht eine bessere Vernetzung der europäischen Wirtschaft und eine Verbesserung der Verkehrsanbindung an die internationalen Märkte.

Insgesamt bietet die Schiene eine nachhaltige, umweltfreundliche und wirtschaftlich tragfähige Alternative zur Straße für den Personen- und Güterverkehr. Wir sollten daher die Schiene als Priorität bei der Entwicklung der Verkehrsinfrastruktur festlegen, um eine moderne, leistungsfähige und umweltfreundliche Verkehrspolitik zu fördern.",2.0,"Original spricht von ausgewogenem Ausbau aller Verkehrsträger, die Antwort priorisiert ausschließlich die Schiene – stark abweichend.",7.0,"Generated answer stresses rail priority, which the Greens also emphasise, though the original also mentions road improvements.",8.0,"Betont die Priorität der Schiene, was mit der SPD‑Position übereinstimmt, erwähnt jedoch nicht die gleichzeitige Notwendigkeit von Straßensanierungen.",1.0,"AfD calls for equal expansion of all transport modes; the generated answer prioritises rail, which conflicts with the original view.",8.0,"Beide befürworten die Priorisierung der Schiene und den Ausbau der Bahninfrastruktur, wenn auch der Originaltext konkreter ist."
3,meta-llama/Meta-Llama-3-8B-Instruct,meta-llama-3-8b-instruct,SPD,BT25::31,Das Streikrecht für Beschäftigte in Unternehmen der kritischen Infrastruktur soll gesetzlich eingeschränkt werden.,selection,"Position:

Wir sollten die Gesetzgebung ändern, um das Streikrecht für Beschäftigte in Unternehmen der kritischen Infrastruktur nicht zu streichen, sondern es zu ergänzen durch eine verbindliche Mediationspflicht. Dies würde sicherstellen, dass die Interessen der Beschäftigten und der Gesellschaft besser abgewogen werden und die Wirtschaftlichkeit und Zuverlässigkeit der kritischen Infrastruktur gewährleistet bleiben.

Begründung:

Die kritische Infrastruktur, wie zum Beispiel die Energie- und Wasserversorgung, die Gesundheitsversorgung und die Verkehrsbereiche, ist für die Gesellschaft von entscheidender Bedeutung. Eine Streik in diesen Bereichen kann zu erheblichen Beeinträchtigungen und Schäden führen, die sich negativ auf die Gesundheit, die Wirtschaft und die öffentliche Sicherheit auswirken können.

Eine Einschränkung des Streikrechts für Beschäftigte in Unternehmen der kritischen Infrastruktur könnte dazu führen, dass die Beschäftigten in diesen Bereichen ihre Rechte auf freie Meinungsäußerung und Kollektivverhandlung einbüßen. Dies würde ihre Fähigkeit beeinträchtigen, sich für ihre Interessen zu engagieren und sich gegen Missstände in den Unternehmen zu wehren.

Eine verbindliche Mediationspflicht hingegen würde sicherstellen, dass Konflikte zwischen den Beschäftigten und den Unternehmen in einem fairen und transparenten Verfahren gelöst werden können. Dies würde die Interessen der Beschäftigten und der Gesellschaft besser abgewogen und die Wirtschaftlichkeit und Zuverlässigkeit der kritischen Infrastruktur gewährleistet.

Darüber hinaus würde eine Mediationspflicht auch dazu beitragen, dass die Beschäftigten in den kritischen Infrastrukturen besser repräsentiert und ihre Interessen besser wahrgenommen werden. Dies würde dazu beitragen, dass die Beschäftigten in diesen Bereichen sich mehr engagieren und sich für ihre Interessen einsetzen, was letztlich auch zu einer besseren Wirtschaftlichkeit und Zuverlässigkeit der kritischen Infrastruktur führen würde.

Insgesamt würde eine verbindliche Mediationspflicht eine b",6.0,"Beide halten das Streikrecht für wichtig; Original fordert es als letztes Mittel, die Antwort ergänzt eine Mediationspflicht – ähnliche Grundposition, aber andere Ausgestaltung.",8.0,Both defend the strike right and propose improvements (mediation vs better conditions); core position is the same.,6.0,"Lehnt keine Einschränkung des Streikrechts ab, schlägt aber eine ergänzende Mediationspflicht vor – im Kern kompatibel, aber mit zusätzlicher Regelung.",2.0,"Both discuss regulation of strikes in critical infrastructure, but AfD wants stricter limits while the generated text proposes preserving rights with mediation, a divergent stance.",5.0,"Original verteidigt das uneingeschränkte Streikrecht; die generierte Antwort schlägt eine Mediationspflicht vor, was von der Kernposition abweicht."
3,meta-llama/Meta-Llama-3-8B-Instruct,meta-llama-3-8b-instruct,SPD,BT25::32,In Deutschland soll es auf Bundesebene Volksentscheide geben können.,selection,"Position:

Wir fordern die Einführung von Volksentscheiden auf Bundesebene, um die Demokratie in Deutschland zu stärken und die Beteiligung der Bürgerinnen und Bürger an politischen Entscheidungen zu erhöhen.

Begründung:

Die Demokratie ist ein wichtiger Wert in Deutschland, und es ist essentiell, dass die Bürgerinnen und Bürger aktiv an politischen Entscheidungen beteiligt sind. Derzeit gibt es jedoch nur auf kommunaler und Landesebene die Möglichkeit, Volksentscheide durchzuführen. Wir sehen dies als unzureichend an, da wichtige politische Entscheidungen auf Bundesebene oft ohne direkte Beteiligung der Bürgerinnen und Bürger getroffen werden.

Die Einführung von Volksentscheiden auf Bundesebene würde dazu beitragen, dass die Bürgerinnen und Bürger stärker an politischen Entscheidungen beteiligt werden und ihre Meinung besser Gehör finden. Dies würde zu einer stärkeren Legitimation der politischen Entscheidungen führen und die Demokratie in Deutschland stärken.

Darüber hinaus würde die Einführung von Volksentscheiden auf Bundesebene auch dazu beitragen, dass die politischen Parteien und die Regierung stärker auf die Bedürfnisse und Wünsche der Bürgerinnen und Bürger ausgerichtet sind. Dies würde zu einer besseren Repräsentation der Interessen der Bürgerinnen und Bürger führen und die politische Diskussion auf Bundesebene auf eine bessere Basis stellen.

Es ist jedoch wichtig zu beachten, dass die Einführung von Volksentscheiden auf Bundesebene auch Herausforderungen mit sich bringt. Es ist notwendig, dass die Regierung und die politischen Parteien sich auf die Bedürfnisse und Wünsche der Bürgerinnen und Bürger einstellen und sich auf die Durchführung von Volksentscheiden vorbereiten. Es ist auch notwendig, dass die Bürgerinnen und Bürger sich auf die politische Bildung und die Teilnahme an politischen Entscheidungen vorbereiten.

Insgesamt sehen wir die Einführung von Volksentscheiden auf Bundesebene als notwendig an, um die Demokratie in Deutschland zu stär",1.0,"Original verteidigt die repräsentative Demokratie ohne Bundes‑Volksentscheide, die Antwort fordert deren Einführung – klare Gegenposition.",1.0,"Greens favour citizen assemblies and reject referendums; generated answer calls for federal referendums, a contrary stance.",3.0,"Fordert bundesweite Volksentscheide, während die SPD Bürger*innenräte (keine Referenden) als Instrument der Beteiligung bevorzugt.",9.0,Both statements endorse federal‑level Volksentscheide and use similar democratic arguments; only minor wording differences.,9.0,Beide fordern die Einführung von Volksentscheiden auf Bundesebene zur Stärkung direkter Demokratie.
3,meta-llama/Meta-Llama-3-8B-Instruct,meta-llama-3-8b-instruct,SPD,BT25::34,Deutschland soll sich für die Abschaffung der erhöhten EU-Zölle auf chinesische Elektroautos einsetzen.,selection,"Position:

Deutschland sollte sich für eine Reform der EU-Zölle auf chinesische Elektroautos einsetzen, um die faire und umweltfreundliche Entwicklung des Elektromobilitätsmarktes zu fördern.

Begründung:

Die EU-Zölle auf chinesische Elektroautos sind ein wichtiger Aspekt der Handelspolitik zwischen der EU und China. Die erhöhten Zölle von bis zu 10% auf bestimmte chinesische Elektroauto-Modelle haben zu einer Verlangsamung des Wachstums des Elektromobilitätsmarktes in Europa geführt. Dies hat negative Auswirkungen auf die Umstellung auf erneuerbare Energien, die Reduzierung von CO2-Emissionen und die Schaffung von Arbeitsplätzen in der Elektromobilitätsbranche.

Die Abschaffung der erhöhten EU-Zölle auf chinesische Elektroautos würde dazu beitragen, die faire und umweltfreundliche Entwicklung des Elektromobilitätsmarktes zu fördern. Dies würde dazu beitragen, dass die EU und China gemeinsam die Ziele der Paris-Klima-Verträge erreichen können, indem sie die Verwendung von fossilen Brennstoffen reduzieren und die Verwendung von erneuerbaren Energien steigern.

Darüber hinaus würde die Abschaffung der EU-Zölle auf chinesische Elektroautos die Wettbewerbsfähigkeit der europäischen Automobilindustrie stärken, indem sie die europäischen Hersteller in der Lage setzt, sich besser an die globalen Märkte anzupassen und die Konkurrenz von chinesischen Herstellern zu bekämpfen.

Insgesamt würde die Abschaffung der EU-Zölle auf chinesische Elektroautos dazu beitragen, die europäische Wirtschaft zu stärken, die Umwelt zu schützen und die Beziehungen zwischen der EU und China zu verbessern.",7.0,"Beide kritisieren hohe Zölle und wollen eine Anpassung; Original betont fairen Handel, die Antwort fokussiert Reform zur Förderung von Fairness und Umwelt – weitgehend übereinstimmend.",6.0,"Both see tariffs as a last resort and want a fair approach to Chinese EVs; generated answer pushes reform of tariffs, moderately aligned.",7.0,"Setzt sich für eine Reform der EU‑Zölle ein, was der SPD‑Absicht entspricht, alternative Lösungen zu finden; die Argumentation ist weniger detailliert.",6.0,"Both favor reducing EU tariffs on Chinese EVs, but the generated answer calls for a reform rather than explicit abolition, showing partial alignment.",7.0,"Beide kritisieren die erhöhten EU‑Zölle und plädieren für eine Reform, jedoch liegt der Fokus des generierten Textes stärker auf Fairness/Umwelt als auf Industrie‑ und Arbeitnehmerpolitik."
3,meta-llama/Meta-Llama-3-8B-Instruct,meta-llama-3-8b-instruct,SPD,BT25::36,Für junge Erwachsene soll ein soziales Pflichtjahr eingeführt werden.,selection,"Position:

Wir befürworten die Einführung eines sozialen Pflichtjahres für junge Erwachsene, um die Integration von jungen Menschen in die Gesellschaft zu fördern und die Chancen auf eine erfolgreiche Berufskarriere zu verbessern.

Begründung:

Die Einführung eines sozialen Pflichtjahres für junge Erwachsene kann vielfältige Vorteile bringen. Erstens kann es dazu beitragen, dass junge Menschen frühzeitig in die Gesellschaft integriert werden und eine soziale Verantwortung übernehmen. Dies kann dazu beitragen, dass sie sich stärker an die Gesellschaft binden und sich langfristig in ihr engagieren. Zweitens kann das soziale Pflichtjahr dazu beitragen, dass junge Menschen wichtige Fähigkeiten und Erfahrungen sammeln, die ihnen helfen, sich auf dem Arbeitsmarkt zu etablieren. Drittens kann es dazu beitragen, dass junge Menschen eine bessere Ausbildung und Qualifikation erhalten, was ihre Chancen auf eine erfolgreiche Berufskarriere verbessert.

Darüber hinaus kann das soziale Pflichtjahr auch dazu beitragen, dass junge Menschen eine bessere soziale und kulturelle Integration in die Gesellschaft erreichen. Durch die Teilnahme am sozialen Pflichtjahr können junge Menschen Kontakte zu anderen Menschen aus verschiedenen sozialen und kulturellen Hintergründen knüpfen und sich sozial und kulturell integrieren.

Es ist jedoch wichtig, dass das soziale Pflichtjahr sorgfältig gestaltet wird, um sicherzustellen, dass es nicht zu einer Belastung für die jungen Menschen wird. Es sollte sich um ein freiwilliges Angebot handeln, das junge Menschen die Möglichkeit gibt, sich freiwillig zu engagieren und ihre Fähigkeiten und Erfahrungen zu erwerben. Es sollte auch sicherstellen, dass das soziale Pflichtjahr nicht zu einer Belastung für die Familien und die Gesellschaft wird.

Insgesamt kann die Einführung eines sozialen Pflichtjahres für junge Erwachsene dazu beitragen, dass sie sich besser in die Gesellschaft integrieren und eine erfolgreiche Berufskarriere haben. Es kann dazu beitragen,",7.0,"Original befürwortet ein verpflichtendes Gesellschaftsjahr für das Gemeinwohl, die Antwort unterstützt ein soziales Pflichtjahr zur Integration – ähnliche Grundhaltung, leicht unterschiedliche Begründung.",1.0,"Greens promote voluntary service with a right to volunteer; generated answer proposes a compulsory year, opposite.",1.0,"Befürwortet ein verpflichtendes soziales Jahr, während die SPD nur freiwilliges Engagement unterstützt.",1.0,"AfD supports reinstating military conscription and rejects a purely social service year; the generated answer endorses the social year, opposite position.",1.0,"Original lehnt Zwangsdienste ab und will freiwilliges FSJ, während die generierte Antwort ein verpflichtendes Sozialjahr fordert."
3,meta-llama/Meta-Llama-3-8B-Instruct,meta-llama-3-8b-instruct,SPD,BT25::38,Der gesetzliche Mindestlohn soll spätestens 2026 auf 15 Euro erhöht werden.,selection,"Position:

Wir befürworten die Erhöhung des gesetzlichen Mindestlohns auf 15 Euro bis 2026, um die wirtschaftliche und soziale Situation von Arbeitnehmern zu verbessern und die Lohnungleichheit zu reduzieren.

Begründung:

Die Erhöhung des gesetzlichen Mindestlohns auf 15 Euro ist notwendig, um die wirtschaftliche und soziale Situation von Arbeitnehmern in Deutschland zu verbessern. Derzeit ist der Mindestlohn in Deutschland auf 9,35 Euro pro Stunde festgelegt, was zu einer Lohnungleichheit zwischen den verschiedenen Bevölkerungsgruppen führt. Viele Arbeitnehmer, insbesondere in den Niedriglohnbereichen, leben unterhalb der Armutsgrenze und haben Schwierigkeiten, sich ein angemessenes Leben zu finanzieren.

Eine Erhöhung des Mindestlohns auf 15 Euro würde dazu beitragen, dass Arbeitnehmer mehr Geld in ihre Taschen kommen und ihre wirtschaftliche Situation verbessern können. Dies würde auch zu einer besseren Verteilung des Einkommens führen und die Lohnungleichheit reduzieren. Darüber hinaus würde dies auch dazu beitragen, dass die wirtschaftliche Aktivität in Deutschland gestärkt wird, da Arbeitnehmer mehr Geld haben, um Konsumgüter zu kaufen und die Wirtschaft zu stützen.

Es ist auch wichtig zu beachten, dass die Erhöhung des Mindestlohns nicht zu einer Erhöhung der Arbeitslosigkeit führen wird. Vielmehr würde dies dazu beitragen, dass Arbeitnehmer besser bezahlt werden und dass die wirtschaftliche Situation in Deutschland verbessert wird.

Insgesamt ist die Erhöhung des gesetzlichen Mindestlohns auf 15 Euro ein wichtiger Schritt, um die wirtschaftliche und soziale Situation von Arbeitnehmern in Deutschland zu verbessern und die Lohnungleichheit zu reduzieren.",2.0,"Original lässt die Lohnhöhe den Sozialpartnern, die Antwort fordert eine konkrete Erhöhung auf 15 € – stark divergierende Position.",9.0,Both call for a €15 minimum wage (2025 vs 2026) to ensure fair pay; positions and reasoning are essentially identical.,10.0,Genaue Übereinstimmung mit der SPD‑Aussage zur Erhöhung des Mindestlohns auf 15 € bis 2026.,1.0,"AfD warns against a high minimum‑wage increase; the generated text pushes for a 15 € raise, directly contradicting the party’s view.",7.0,"Beide unterstützen die Anhebung des Mindestlohns, jedoch nennt das Original höhere Ziele (15 € 2025, 16 € 2026) und die EU‑Richtlinie, die im generierten Text fehlt."
3,meta-llama/Meta-Llama-3-8B-Instruct,meta-llama-3-8b-instruct,SPD,EU24::1,Die EU soll eigene Steuern erheben dürfen.,selection,"Position:

Die EU sollte die Möglichkeit haben, eigene Steuern zu erheben, um ihre Finanzierung und Autonomie zu stärken. Dies würde es der EU ermöglichen, ihre politischen Ziele und Prioritäten unabhängiger zu verfolgen und ihre Rolle als globaler Akteur zu stärken.

Begründung:

Die EU ist ein wichtiger Akteur auf der internationalen Bühne und spielt eine Schlüsselrolle bei der Lösung globaler Herausforderungen wie Klimawandel, Migration und Wirtschaftskrise. Um ihre Ziele und Prioritäten effektiv zu verfolgen, benötigt die EU jedoch eine eigenständige Finanzierung. Die derzeitige Finanzierung durch die Mitgliedstaaten ist unzureichend und behindert die EU in ihrer Fähigkeit, eigenständig zu handeln.

Die Einführung von EU-weiten Steuern würde es der EU ermöglichen, ihre Ausgaben und Prioritäten selbst zu bestimmen, ohne von den Finanzierungsentscheidungen der Mitgliedstaaten abhängig zu sein. Dies würde insbesondere bei der Umsetzung von EU-weiten Politikfeldern wie der Klimapolitik, der Forschung und der Entwicklungshilfe von Vorteil sein.

Darüber hinaus würde die Einführung von EU-weiten Steuern auch die Transparenz und Rechenschaftspflicht der EU-Steuergelder erhöhen. Die EU-Steuern würden direkt an die EU- Institutionen abgeführt und nicht an die Mitgliedstaaten, was die Verwendung der Mittel transparenter und rechenschaftspflichtiger machen würde.

Es ist jedoch wichtig zu betonen, dass die Einführung von EU-weiten Steuern sorgfältig geplant und umgesetzt werden muss, um die Wirtschaft und die Bürger nicht zu belasten. Es ist wichtig, dass die EU-Steuern fair und progressiv geplant sind und die wirtschaftliche Entwicklung und die soziale Gerechtigkeit nicht beeinträchtigen.

Insgesamt würde die Einführung von EU-weiten Steuern die Autonomie und die Effizienz der EU-Steuergestaltung verbessern und die EU in der Lage setzen, ihre Ziele und Prioritäten unabhängiger zu",1.0,"Original will das aktuelle EU‑Finanzierungssystem beibehalten, die Antwort fordert eigene EU‑Steuern – gegensätzliche Sichtweise.",8.0,Both argue for EU‑levied taxes on companies to fund the EU budget; generated answer omits citizen‑tax detail but core idea matches.,1.0,"Unterstützt die Möglichkeit der EU, eigene Steuern zu erheben, was der SPD‑Ablehnung einer EU‑Steuerkompetenz widerspricht.",1.0,"AfD rejects any EU tax‑levying power; the generated answer advocates giving the EU its own taxes, a completely opposite stance.",6.0,"Beide befürworten EU‑Steuerbefugnisse, jedoch ist das Original spezifisch für eine Finanztransaktionssteuer und Ungleichheitsreduktion, während die generierte Antwort allgemeiner bleibt."
3,meta-llama/Meta-Llama-3-8B-Instruct,meta-llama-3-8b-instruct,SPD,EU24::2,Fahrzeuge mit Verbrennungsmotoren sollen auch nach 2035 in der EU neu zugelassen werden können.,selection,"Position:

Wir sollten die Zulassung von Fahrzeugen mit Verbrennungsmotoren in der EU auch nach 2035 ermöglichen, jedoch unter bestimmten Bedingungen und mit strengen Auflagen.

Begründung:

Die EU hat sich zum Ziel gesetzt, bis 2050 klimaneutral zu werden. Um dies zu erreichen, sind drastische Reduzierungen der CO2-Emissionen notwendig. Die Zulassung von Fahrzeugen mit Verbrennungsmotoren nach 2035 könnte jedoch zu einer Verlangsamung des Übergangs zu emissionsarmen Antriebsformen führen. Daher sollten wir die Zulassung von Verbrennungsmotoren nur unter bestimmten Bedingungen ermöglichen.

Zunächst sollten die EU-Länder strenge Auflagen für die Zulassung von Verbrennungsmotoren festlegen, um sicherzustellen, dass diese Fahrzeuge die strengsten Emissionsstandards erfüllen. Dies könnte beinhalten, dass die Fahrzeuge bestimmte Emissionsreduzierungstechnologien wie Abgasturbolader oder Partikelfilter installiert haben müssen.

Darüber hinaus sollten die EU-Länder Anreize schaffen, um die Produktion von emissionsarmen Antriebsformen wie Elektrofahrzeugen oder Hybridfahrzeugen zu fördern. Dies könnte durch Subventionen für die Produktion von emissionsarmen Fahrzeugen, Investitionen in die Infrastruktur für Ladestationen und die Förderung von Forschung und Entwicklung in diesem Bereich erreicht werden.

Schließlich sollten die EU-Länder auch sicherstellen, dass die Zulassung von Verbrennungsmotoren nach 2035 nicht zu einer Verlängerung der Lebensdauer von fossilen Brennstoffen führt. Dies könnte durch die Förderung von erneuerbaren Energien und die Reduzierung der Abhängigkeit von fossilen Brennstoffen erreicht werden.

Insgesamt sollten wir die Zulassung von Verbrennungsmotoren nach 2035 ermöglichen, um die Wirtschaft und die Mobilität in der EU zu schützen, jedoch unter strengen Bedingungen und mit Anreizen für die Produktion von emissionsarmen Antriebsformen.",2.0,Original fordert uneingeschränkte Zulassung von Verbrennern und synthetische Kraftstoffe; die generierte Antwort erlaubt Verbrenner nur unter strengen Auflagen und betont Klimaziele – gegensätzliche Position.,1.0,"Original position verbietet Neuzulassungen von Verbrennern nach 2035, die generierte Antwort befürwortet sie – komplett gegensätzliche Haltung.",1.0,"Original fordert ein Verbot von Verbrennern ab 2035, die Antwort befürwortet deren Zulassung – gegensätzliche Position.",2.0,"Generated answer allows combustion cars only conditionally, whereas AfD demands a full opposition to the ban without conditions.",2.0,Die Originalaussage lehnt eine Zulassung von Verbrennern nach 2035 ab und fordert bezahlbare Alternativen; die generierte Antwort unterstützt die Zulassung unter Auflagen – gegensätzliche Position.
3,meta-llama/Meta-Llama-3-8B-Instruct,meta-llama-3-8b-instruct,SPD,EU24::3,Die EU soll eine eigene Seenotrettung im Mittelmeer aufbauen.,selection,"Position:

Die EU sollte eine eigene Seenotrettung im Mittelmeer aufbauen, um die Rettung von Menschenleben und die Bekämpfung von Menschenhandel und Schleusung zu verbessern.

Begründung:

Die Seenotrettung im Mittelmeer ist ein dringendes Problem, das die EU und die internationale Gemeinschaft seit Jahren beschäftigt. Tausende von Menschen sterben jährlich, als sie versuchen, nach Europa zu gelangen, um vor Krieg, Verfolgung, Armut und anderen Bedrohungen zu fliehen. Die EU hat sich bisher auf die Zusammenarbeit mit Drittstaaten und NGOs verlassen, um die Seenotrettung zu unterstützen. Doch diese Maßnahmen reichen nicht aus, um das Problem zu lösen.

Eine eigene Seenotrettung der EU würde es ermöglichen, die Rettung von Menschenleben zu verbessern und die Effizienz der Rettungsaktionen zu erhöhen. Die EU könnte eigene Schiffe und Teams einsetzen, um die Seenotrettung zu koordinieren und zu überwachen. Dies würde auch ermöglichen, die Rettung von Menschenleben schneller und effektiver durchzuführen.

Darüber hinaus würde eine eigene Seenotrettung der EU auch dazu beitragen, den Menschenhandel und die Schleusung zu bekämpfen. Die EU könnte eigene Teams einsetzen, um die Schleuser und Menschenhändler zu identifizieren und zu verfolgen, und die Rettung von Menschenleben zu verbessern.

Es ist auch wichtig zu beachten, dass eine eigene Seenotrettung der EU nicht nur ein humanitäres Problem lösen würde, sondern auch eine politische und wirtschaftliche Herausforderung. Die EU könnte durch die Seenotrettung auch die wirtschaftliche Entwicklung in den betroffenen Ländern fördern und die Stabilität in der Region verbessern.

Insgesamt würde eine eigene Seenotrettung der EU dazu beitragen, die Rettung von Menschenleben zu verbessern, den Menschenhandel und die Schleusung zu bekämpfen und die wirtschaftliche Entwicklung in der Region zu fördern. Es ist deshalb notwendig, dass die EU eine eigene Seen",1.0,"Partei lehnt staatliche EU‑Seenotrettung ab, weil sie falsches Signal sendet; die generierte Antwort befürwortet aktiv den Aufbau einer EU‑Rettung – komplett entgegengesetzt.",8.0,Beide Texte fordern eine EU‑eigene Seenotrettung und betonen humanitäre Gründe; Argumentationsschwerpunkte sind weitgehend gleich.,8.0,Beide unterstützen eine staatlich organisierte EU-Seenotrettung; Argumentation zu humanitärer Verantwortung ist weitgehend gleich.,1.0,Original opposes EU‑wide rescue; generated answer advocates it – opposite positions.,8.0,Beide Positionen befürworten eine EU‑eigene Seenotrettung und betonen das Menschenleben; Argumentation ist weitgehend übereinstimmend.
3,meta-llama/Meta-Llama-3-8B-Instruct,meta-llama-3-8b-instruct,SPD,EU24::4,Die Ukraine soll Mitglied der EU werden.,selection,"Position:

Die Ukraine sollte ein Beitritt zur Europäischen Union (EU) anstreben, um langfristig eine stabile und prosperierende Zukunft zu sichern. Ein EU-Beitritt würde die Ukraine helfen, ihre politische und wirtschaftliche Stabilität zu festigen, ihre wirtschaftliche Entwicklung zu fördern und ihre Beziehungen zu den europäischen Ländern zu intensivieren.

Begründung:

Die Ukraine ist ein wichtiger Partner für die EU und ein wichtiger Akteur in der Region. Ein EU-Beitritt würde die Ukraine helfen, ihre politische Stabilität zu festigen, indem sie sich an die EU-Werte und Normen anpasst und ihre Institutionen reformiert. Dies würde auch die wirtschaftliche Entwicklung der Ukraine fördern, indem sie Zugang zu den EU-Märkten erhält und sich an die EU-Wirtschaftsstandards anpasst. Ein EU-Beitritt würde auch die Beziehungen zwischen der Ukraine und den europäischen Ländern intensivieren und die regionale Stabilität fördern.

Darüber hinaus würde ein EU-Beitritt der Ukraine auch die Chancen für die Menschen in der Ukraine verbessern. Die Ukraine würde Zugang zu den EU-Förderprogrammen und -Instrumenten erhalten, die die wirtschaftliche Entwicklung und die soziale Sicherheit fördern. Die Menschen in der Ukraine würden auch die Möglichkeit haben, sich frei zu bewegen und zu arbeiten in anderen EU-Ländern, was ihre Chancen auf dem Arbeitsmarkt verbessern würde.

Es ist jedoch auch wichtig zu beachten, dass ein EU-Beitritt der Ukraine nicht ohne Herausforderungen sein wird. Die Ukraine muss sich an die EU-Werte und Normen anpassen und ihre Institutionen reformieren, was Zeit und Anstrengungen erfordert. Es ist auch wichtig, dass die EU und die Ukraine sich auf die Herausforderungen einigen, die ein EU-Beitritt mit sich bringt, wie zum Beispiel die Migration und die Integration von Flüchtlingen.

Insgesamt ist ein EU-Beitritt der Ukraine ein wichtiger Schritt für die politische und wirtschaftliche Stabilität der Ukraine und die regionale Stabilität. Es ist jedoch wichtig, dass die EU und die Ukraine sich auf die Herausforderungen einigen und die notwend",7.0,"Beide Positionen unterstützen die EU‑Mitgliedschaft der Ukraine. Die Originalaussage betont jedoch die Bedingung der Erfüllung aller Beitrittskriterien, was in der generierten Antwort fehlt.",7.0,"Die generierte Antwort unterstützt den EU‑Beitritt der Ukraine, wie die Originalaussage, jedoch ohne die Forderung nach einem schnellen Verfahren und ohne Hinweis auf keine Rabatte.",7.0,"Antwort bejaht den EU‑Beitritt der Ukraine, wie die Originalaussage, verzichtet jedoch auf die Betonung strenger Aufnahmekriterien.",1.0,AfD rejects Ukrainian EU membership; generated text supports it.,1.0,"Original lehnt einen EU‑Beitritt der Ukraine ab, die generierte Antwort befürwortet ihn – komplett entgegengesetzte Haltung."
3,meta-llama/Meta-Llama-3-8B-Instruct,meta-llama-3-8b-instruct,SPD,EU24::15,"Bei den Wahlen zum Europäischen Parlament sollen die Parteien weiterhin frei entscheiden können, wie groß der Anteil der Geschlechter auf ihren Listen ist.",selection,"Position:

Wir befürworten die Freiheit der Parteien, den Anteil der Geschlechter auf ihren Listen bei den Wahlen zum Europäischen Parlament selbst zu bestimmen. Wir sehen in dieser Freiheit ein wichtigen Aspekt der Parteifreiheit und der politischen Vielfalt.

Begründung:

Die Freiheit der Parteien, den Anteil der Geschlechter auf ihren Listen zu bestimmen, ist ein wichtiger Aspekt der Parteifreiheit und der politischen Vielfalt. Die Parteien sollten in der Lage sein, ihre eigenen Strategien und Prioritäten zu setzen, um ihre Ziele zu erreichen. Dies umfasst auch die Entscheidung über die Zusammensetzung ihrer Listen.

Eine Vorgabe des Anteils der Geschlechter auf den Listen könnte zu einer Verfälschung der politischen Willensbildung führen. Es könnte zu einer Art von ""Gender-Quoten"" kommen, die nicht auf die tatsächlichen Bedürfnisse und Stärken der Kandidaten abgestellt sind, sondern auf die Ziele von politischen Strategen. Dies könnte zu einer Verdrängung von qualifizierten Kandidaten führen, die aufgrund ihrer Geschlechtszugehörigkeit benachteiligt würden.

Darüber hinaus könnte eine Vorgabe des Anteils der Geschlechter auf den Listen auch zu einer Verfälschung der politischen Diskussion führen. Es könnte zu einer Art von ""Gender-Boxen"" kommen, in denen Kandidaten aufgrund ihrer Geschlechtszugehörigkeit in bestimmte Kategorien eingeordnet werden. Dies würde die politische Diskussion auf die Geschlechterfrage reduzieren und andere wichtige Themen wie die wirtschaftliche Entwicklung, die Umwelt oder die Sozialpolitik in den Hintergrund schieben.

Insgesamt sehen wir die Freiheit der Parteien, den Anteil der Geschlechter auf ihren Listen zu bestimmen, als wichtigen Aspekt der Parteifreiheit und der politischen Vielfalt. Wir sind der Meinung, dass die Parteien in der Lage sein sollten, ihre eigenen Strategien und Prioritäten zu setzen, um ihre Ziele zu erreichen, ohne von außen vorgegebenen Regeln und Vorg",9.0,Die generierte Antwort spiegelt exakt die Aussage der Partei wider: Parteien sollen frei über den Geschlechteranteil auf Wahllisten entscheiden.,1.0,"Original fordert Quotierungen für Geschlechterparität, die generierte Antwort verteidigt die freie Entscheidung der Parteien – gegensätzliche Position.",1.0,"Original fordert paritätische Listen/Quoten, die Antwort betont die Freiheit der Parteien – gegensätzliche Haltung.",9.0,Both stress party freedom to set gender ratios and reject mandatory quotas; arguments are closely aligned.,1.0,"Die Linke fordert quotierte Wahllisten, die generierte Antwort plädiert für freie Entscheidung der Parteien – gegensätzliche Position."
3,meta-llama/Meta-Llama-3-8B-Instruct,meta-llama-3-8b-instruct,SPD,EU24::19,"EU-Fördermittel für Mitgliedstaaten, die Regeln und Werte der EU verletzen, sollen weiterhin zurückgehalten werden.",selection,"Position:

Die EU-Fördermittel für Mitgliedstaaten, die Regeln und Werte der EU verletzen, sollten nicht automatisch zurückgehalten werden, sondern sollten vielmehr an bestimmte Bedingungen geknüpft werden, die die Einhaltung der EU-Regeln und Werte sicherstellen.

Begründung:

Die EU-Fördermittel sind ein wichtiger Instrument, um die wirtschaftliche Entwicklung und Integration der Mitgliedstaaten zu fördern. Es ist jedoch wichtig, dass die EU-Fördermittel nur an Mitgliedstaaten vergeben werden, die die Regeln und Werte der EU einhalten. Dies sichert die Transparenz, Rechtsstaatlichkeit und die Einhaltung von Menschenrechten in den Mitgliedstaaten.

Wenn ein Mitgliedstaat die Regeln und Werte der EU verletzt, sollte dies nicht automatisch zu einer Rücknahme der EU-Fördermittel führen. Vielmehr sollte die EU-Förderung an bestimmte Bedingungen geknüpft werden, die die Einhaltung der EU-Regeln und Werte sicherstellen. Dies kann beispielsweise durch die Einführung von Bedingungen für die Verwendung der EU-Fördermittel, wie die Einhaltung von Menschenrechten, die Transparenz in der Verwendung der Mittel und die Einbindung von Zivilgesellschaft und Parlament in die Entscheidungsfindung, erreicht werden.

Dieser Ansatz hat mehrere Vorteile. Er sichert die Einhaltung der EU-Regeln und Werte und verhindert, dass die EU-Fördermittel missbraucht werden. Es fördert auch die Zusammenarbeit und die Integration der Mitgliedstaaten und sichert die Gleichbehandlung aller Mitgliedstaaten. Es ist auch wichtig, dass die EU-Fördermittel an die Bedürfnisse und Prioritäten der Mitgliedstaaten angepasst werden, um sicherzustellen, dass sie effektiv und wirksam eingesetzt werden.

Insgesamt ist es wichtig, dass die EU-Fördermittel an die Bedingungen geknüpft werden, die die Einhaltung der EU-Regeln und Werte sicherstellen. Dies sichert die Transparenz, Rechtsstaatlichkeit und die Einhaltung von Menschenrechten in den Mitgliedstaaten und fördert die Zusammen",3.0,"Original fordert konsequente Sanktionen bis zum Streichung von EU‑Geldern; die generierte Antwort spricht von bedingter Weitergabe, nicht von automatischer Rückhaltung – nur schwache Übereinstimmung.",2.0,"Original will EU‑Mittel bei Regelverstößen automatisch einfrieren, die generierte Antwort spricht von Bedingungen statt automatischer Zurückhaltung – stark abweichend.",8.0,"Beide fordern eine Konditionierung von Fördermitteln an die Einhaltung von EU‑Werten, nur die Formulierung unterscheidet sich leicht.",7.0,"Both criticize blanket withholding of funds and favour conditionality, though wording differs.",2.0,Original verlangt konsequentes Zurückhalten von Fördermitteln bei Regelverstößen; die generierte Antwort spricht von Bedingungen statt automatischem Rückhalt – stark abweichend.
3,meta-llama/Meta-Llama-3-8B-Instruct,meta-llama-3-8b-instruct,SPD,EU24::20,Die EU soll mehr Waffen für die Ukraine finanzieren.,selection,"Position:

Die EU sollte die Ukraine in ihrem Recht auf Selbstverteidigung unterstützen und mehr Waffen zur Verfügung stellen, um die territoriale Integrität und Souveränität des Landes zu schützen.

Begründung:

Die Ukraine ist ein wichtiger Partner der EU und ein wichtiger Akteur in der Region. Die Annexion der Krim durch Russland und die Unterstützung von Separatisten in der Ostukraine durch Russland stellen eine Bedrohung für die territoriale Integrität und Souveränität der Ukraine dar. Die EU hat sich bereits mehrfach für die Souveränität und territoriale Integrität der Ukraine ausgesprochen und hat Sanktionen gegen Russland verhängt.

Die Ukraine hat sich jedoch aufgrund ihrer begrenzten militärischen Möglichkeiten und des russischen Militärputsches von 2014 nicht in der Lage befunden, die Separatisten und die russischen Truppen effektiv zu bekämpfen. Die EU hat sich daher verpflichtet, die Ukraine in ihrem Recht auf Selbstverteidigung zu unterstützen und hat bereits mehrere Millionen Euro an Militärhilfe bereitgestellt.

Die Finanzierung von Waffen für die Ukraine würde jedoch nicht nur die territoriale Integrität und Souveränität des Landes schützen, sondern auch die Stabilität und Sicherheit in der Region fördern. Eine schwächere Ukraine würde es Russland ermöglichen, seine Einflusszone in der Region auszuweiten und die EU und ihre Partner in der Region zu destabilisieren.

Darüber hinaus würde die Finanzierung von Waffen für die Ukraine auch die europäische Verteidigungspolitik stärken. Die EU hat sich in den letzten Jahren auf die Entwicklung einer eigenen Verteidigungspolitik konzentriert und hat sich verpflichtet, die Verteidigungsfähigkeit der Mitgliedstaaten zu stärken. Die Finanzierung von Waffen für die Ukraine würde ein wichtiger Schritt in diese Richtung sein und würde zeigen, dass die EU bereit ist, ihre Verteidigungspolitik auch praktisch umzusetzen.

Insgesamt ist die Finanzierung von Waffen für die Ukraine ein wichtiger Schritt in Richtung einer stärkeren europäischen Verteidigungspolit",9.0,"Beide Texte betonen umfassende Unterstützung der Ukraine, inklusive Finanzierung von Waffen über die Europäische Friedensfazilität.",9.0,Beide Positionen unterstützen die Bereitstellung weiterer Waffen für die Ukraine und begründen dies mit Verteidigung und Friedenssicherung.,6.0,"Antwort unterstützt verstärkte Waffenlieferungen; Original unterstützt umfassende Hilfe, jedoch ohne explizite Waffen‑Erhöhung – teilweise übereinstimmend.",1.0,AfD is strictly anti‑weapons deliveries; generated answer calls for more arms – opposite.,1.0,Originalposition ist gegen weitere Waffenlieferungen und für Friedensverhandlungen; die generierte Antwort fordert mehr Waffen – diametral entgegengesetzt.
3,meta-llama/Meta-Llama-3-8B-Instruct,meta-llama-3-8b-instruct,SPD,EU24::21,"Die zulässige Menge an Fischen, die in EU-Gewässern gefangen werden dürfen, soll gesenkt werden.",selection,"Position:

Wir fordern eine umfassende Reform der EU-Fischereipolitik, um die nachhaltige Erhaltung der Fischbestände in EU-Gewässern zu gewährleisten. Wir setzen uns für eine Reduzierung der zulässigen Fischfangmenge ein, um die Überfischung zu bekämpfen und die Fischbestände langfristig zu erhalten.

Begründung:

Die EU-Fischereipolitik hat in den letzten Jahren zu einer Vielzahl von Problemen geführt, darunter die Überfischung, die Übernutzung von Fischereiressourcen und die Beeinträchtigung von Ökosystemen. Die aktuelle Fischereipolitik basiert auf einem System von Quoten und Lizenzen, das es den Fischereiflotten ermöglicht, Fischbestände zu überfischen, ohne dass sie Konsequenzen zu befürchten haben. Dies führt zu einer Vielzahl von negativen Auswirkungen auf die Fischbestände, die Umwelt und die Wirtschaft.

Eine Reduzierung der zulässigen Fischfangmenge würde dazu beitragen, die Fischbestände langfristig zu erhalten und die Überfischung zu bekämpfen. Dies würde auch dazu beitragen, die Biodiversität in EU-Gewässern zu erhöhen und die Ökosysteme zu schützen. Darüber hinaus würde eine solche Maßnahme dazu beitragen, die Fischereiindustrie langfristig zu stabilisieren und die Wirtschaftlichkeit der Fischerei zu verbessern.

Es ist auch wichtig zu beachten, dass eine Reduzierung der Fischfangmenge nicht nur positive Auswirkungen auf die Fischbestände und die Umwelt hat, sondern auch positive Auswirkungen auf die Fischereiindustrie und die Wirtschaft. Eine gesunde Fischereiindustrie ist für die Wirtschaft und die Ernährung von Bedeutung und eine Reduzierung der Fischfangmenge würde dazu beitragen, die Fischereiindustrie langfristig zu stabilisieren und die Wirtschaftlichkeit zu verbessern.

Insgesamt ist eine Reduzierung der zulässigen Fisch",2.0,"Original warnt vor pauschaler Reduktion, weil Regelungen bereits streng seien; die generierte Antwort fordert eine umfassende Reform und generelle Reduktion der Fangquoten – gegensätzliche Haltung.",9.0,Sowohl Original als auch generierte Antwort fordern eine Reduktion der Fangquoten zum Schutz der Meeresökosysteme.,9.0,"Antwort fordert die Reduktion der Fangquoten zur Nachhaltigkeit, exakt wie die Originalaussage, mit ähnlicher Begründung.",4.0,"Both emphasize sustainable fishing, but generated proposal calls for stronger quota cuts than AfD’s collaborative approach.",8.0,"Beide betonen die Notwendigkeit, die Fangquoten zu senken und industrielle Fischerei zu beenden; Argumentationsschwerpunkte stimmen überein."
3,meta-llama/Meta-Llama-3-8B-Instruct,meta-llama-3-8b-instruct,SPD,EU24::22,Die Einfuhrzölle der EU auf chinesische Elektroautos sollen erhöht werden.,selection,"Position:

Wir befürworten die Erhöhung der Einfuhrzölle der EU auf chinesische Elektroautos, um die faire Wettbewerbsbedingungen im europäischen Automobilmarkt zu schützen und die Umsetzung der europäischen Klimapolitik zu fördern.

Begründung:

Die EU hat sich zum Ziel gesetzt, bis 2050 klimaneutral zu werden und die Emissionen um 55% gegenüber 1990 zu reduzieren. Um diesem Ziel zu erreichen, ist es notwendig, die Verwendung von fossilen Brennstoffen zu reduzieren und die Produktion von Elektroautos zu fördern. Die EU hat deshalb bereits Maßnahmen ergriffen, um die Produktion von Elektroautos zu fördern, wie z.B. die Einführung von Subventionen für die Produktion von Elektroautos und die Errichtung von Ladestationen.

Gleichzeitig hat China jedoch eine starke Subventionierung seiner Elektroauto-Industrie, was zu einer unfairen Wettbewerbsnachteil für europäische Hersteller führt. China unterstützt seine Elektroauto-Industrie mit Milliarden von Dollar an Subventionen und Zuschüssen, was es ermöglicht, Elektroautos zu produzieren, die billiger sind als ihre europäischen Konkurrenten. Dies führt zu einer Verdrängung europäischer Hersteller vom Markt und behindert die Umsetzung der europäischen Klimapolitik.

Die Erhöhung der Einfuhrzölle auf chinesische Elektroautos würde die faire Wettbewerbsbedingungen im europäischen Automobilmarkt wiederherstellen und die europäischen Hersteller in der Lage setzen, ihre Produkte auf dem Markt zu platzieren. Dies würde auch dazu beitragen, dass die EU ihre Klimaziele erreicht, da die Produktion von Elektroautos in Europa gestärkt wird.

Darüber hinaus würde die Erhöhung der Einfuhrzölle auch dazu beitragen, dass die EU ihre Souveränität im Bereich der Wirtschaftspolitik wiederherstellt. Die EU sollte sich nicht von chinesischen Subventionen beeinflussen lassen, sondern ihre eigenen Interessen vertreten und die faire W",8.0,"Beide Positionen wollen Zölle gegen chinesische Elektroautos erhöhen, um unfaire Subventionen zu verhindern. Die generierte Antwort ergänzt zusätzlich ein Klimargument, bleibt aber im Kern konsistent.",1.0,"Original lehnt generelle Einfuhrzölle auf Elektroautos ab, die generierte Antwort befürwortet deren Erhöhung – entgegengesetzte Haltung.",4.0,"Original will Zollerhöhungen nur bei nachgewiesenem Dumping, Antwort befürwortet pauschale Erhöhung – nur das Ziel (Zölle) stimmt, die Bedingungen nicht.",1.0,AfD rejects protectionist tariffs; generated answer supports raising them.,1.0,Original kritisiert Strafzölle auf chinesische E‑Autos als sozial ungerecht; die generierte Antwort befürwortet die Erhöhung der Zölle – gegensätzliche Sicht.
3,meta-llama/Meta-Llama-3-8B-Instruct,meta-llama-3-8b-instruct,SPD,EU24::23,"Die EU soll sich dafür einsetzen, dass Schwangerschaftsabbrüche in allen Mitgliedstaaten straffrei möglich sind.",selection,"**Position:**

Die EU sollte sich für eine Harmonisierung der Schwangerschaftsabbruchgesetzgebung in den Mitgliedstaaten einsetzen, um sicherzustellen, dass Frauen in allen EU-Ländern Zugang zu sicheren und vertrauenswürdigen Schwangerschaftsabbruchleistungen haben. Dies sollte jedoch nicht bedeuteten, dass die EU die Entscheidung über die Legalität von Schwangerschaftsabbrüchen auf EU-Ebene treffen sollte, sondern vielmehr die Mitgliedstaaten auffordern, ihre Gesetzgebung an die europäischen Menschenrechtsstandards anzupassen.

**Begründung:**

Die EU hat sich als Institution für die Wahrung der Menschenrechte und die Förderung der Gleichstellung der Geschlechter engagiert. Die Schwangerschaftsabbruchgesetzgebung in den Mitgliedstaaten variiert jedoch erheblich, was zu Diskriminierung und Ungleichbehandlung von Frauen führen kann. Einige Länder erlauben Schwangerschaftsabbrüche nur in bestimmten Fällen, wie zum Beispiel bei medizinischen Risiken für die Mutter oder bei Vergewaltigung, während andere Länder Schwangerschaftsabbrüche generell verbieten oder nur in sehr eingeschränkten Fällen zulassen.

Die EU sollte sich daher für eine Harmonisierung der Schwangerschaftsabbruchgesetzgebung einsetzen, um sicherzustellen, dass Frauen in allen EU-Ländern Zugang zu sicheren und vertrauenswürdigen Schwangerschaftsabbruchleistungen haben. Dies würde auch dazu beitragen, dass Frauen, die Schwangerschaftsabbrüche in Erwägung ziehen, in der Lage sind, ihre Entscheidung auf Grundlage von wissenschaftlichen Erkenntnissen und medizinischen Beratung zu treffen.

Es ist jedoch wichtig zu betonen, dass die EU nicht die Entscheidung über die Legalität von Schwangerschaftsabbrüchen auf EU-Ebene treffen sollte. Die Schwangerschaftsabbruchgesetzgebung ist ein hoheitliches Gebiet, das den Mitgliedstaaten vorbehalten bleiben sollte. Stattdessen sollte die EU die Mitgliedstaaten auffordern, ihre Gesetzgebung an die europäischen Menschenrechtsstandards anz",1.0,Original vertritt ein pro‑life‑Prinzip und lehnt EU‑weite Regelungen ab; die generierte Antwort strebt eine Harmonisierung zugunsten von Abtreibungsrechten an – völlig unterschiedliche Position.,6.0,"Beide unterstützen den Zugang zu Schwangerschaftsabbrüchen, das Original strebt eine EU‑weite Verankerung an, die Antwort spricht von Harmonisierung ohne EU‑rechtliche Festlegung.",5.0,"Beide setzen sich für sichere Abtreibungen ein, aber die Antwort spricht von Harmonisierung ohne EU‑Rechtsbindung, während das Original eine EU‑Charta fordert.",1.0,AfD is pro‑life and limits abortion; generated answer pushes EU‑wide access – opposite.,6.0,"Beide unterstützen das Recht auf Schwangerschaftsabbruch; die generierte Antwort legt den Fokus auf EU‑weite Harmonisierung, während das Original das Selbstbestimmungsrecht betont – ähnliche, aber nicht identische Argumentation."
3,meta-llama/Meta-Llama-3-8B-Instruct,meta-llama-3-8b-instruct,SPD,EU24::24,Es sollen wieder dauerhafte Grenzkontrollen zwischen den Mitgliedstaaten der EU stattfinden.,selection,"Position:

Wir befürworten die Einführung von dauerhaften Grenzkontrollen zwischen den Mitgliedstaaten der EU, jedoch nur unter bestimmten Bedingungen und in enger Abstimmung mit den europäischen Institutionen und den betroffenen Ländern.

Begründung:

Die EU hat sich zum Ziel gesetzt, ein offenes und sicheres Europa zu schaffen, in dem die Freizügigkeit von Personen, Gütern und Dienstleistungen gewährleistet ist. Die Einführung von dauerhaften Grenzkontrollen zwischen den Mitgliedstaaten könnte jedoch zu einer Verschlechterung der Freizügigkeit und zu einer Beeinträchtigung der wirtschaftlichen Integration führen.

Dennoch gibt es bestimmte Situationen, in denen die Einführung von Grenzkontrollen notwendig sein könnte. Zum Beispiel in Fällen, in denen es zu einer massiven Zunahme von Migranten oder illegalen Grenzübertritten kommt, die die Sicherheit und Ordnung in einem Land bedrohen. In solchen Fällen sollten die EU und die betroffenen Länder enge Abstimmungen durchführen, um sicherzustellen, dass die Grenzkontrollen wirksam und rechtmäßig sind und nicht zu Diskriminierung oder Repression gegen bestimmte Gruppen führen.

Es ist auch wichtig, dass die Einführung von Grenzkontrollen eng mit den europäischen Institutionen und den betroffenen Ländern abgestimmt wird, um sicherzustellen, dass die Maßnahmen mit den europäischen Werten und Rechtsnormen vereinbar sind. Es ist auch wichtig, dass die Grenzkontrollen nicht zu einer Isolation oder Abgrenzung zwischen den Ländern führen, sondern vielmehr zu einer Stärkung der europäischen Integration und der Zusammenarbeit zwischen den Ländern.

Insgesamt sollten die Einführung von dauerhaften Grenzkontrollen zwischen den Mitgliedstaaten der EU nur in Ausnahmefällen und unter bestimmten Bedingungen erfolgen, um die Freizügigkeit und die wirtschaftliche Integration nicht zu beeinträchtigen und die europäischen Werte und Rechtsnormen zu schützen.",5.0,"Original unterstützt temporäre, situative Kontrollen an Binnengrenzen, nicht permanente; die generierte Antwort befürwortet dauerhafte Kontrollen unter Bedingungen – teilweise übereinstimmend, aber deutlich weitergehend.",1.0,"Original lehnt dauerhafte innere Grenzkontrollen ab, die generierte Antwort befürwortet sie – völlig unterschiedliche Position.",1.0,"Original lehnt dauerhafte Grenzkontrollen ab, die Antwort befürwortet sie – völlig entgegengesetzte Position.",6.0,"Both accept internal border checks, but AfD limits them to avoid disproportionate restriction, while generated text calls for permanent controls.",1.0,Original verteidigt Freizügigkeit ohne Grenzkontrollen; die generierte Antwort spricht für dauerhafte Kontrollen – völlig entgegengesetzte Position.
3,meta-llama/Meta-Llama-3-8B-Instruct,meta-llama-3-8b-instruct,SPD,EU24::25,Die Aufnahme neuer Staaten in die EU soll in allen Mitgliedstaaten durch Volksabstimmungen bestätigt werden müssen.,selection,"Position:

Wir befürworten die Forderung, dass die Aufnahme neuer Staaten in die Europäische Union (EU) in allen Mitgliedstaaten durch Volksabstimmungen bestätigt werden muss. Dieser Ansatz sichert die Demokratie und die Legitimität des EU-Verfassungsrechts.

Begründung:

Die Europäische Union ist ein supranationaler Verband, der von den Mitgliedstaaten gemeinsam gegründet wurde, um die Interessen und Werte der europäischen Bürger zu vertreten. Die Entscheidungen innerhalb der EU sollten daher von den Bürgern selbst getroffen werden, um die Legitimität und die Akzeptanz der EU-Entscheidungen zu sichern.

Die Aufnahme neuer Staaten in die EU ist ein wichtiger Schritt, der die Zukunft der EU prägt und langfristige Auswirkungen auf die Mitgliedstaaten und die europäische Gesellschaft hat. Es ist daher wichtig, dass die Bürger direkt beteiligt werden, um ihre Meinung zu äußern und ihre Zustimmung zu geben.

Die Durchführung von Volksabstimmungen in allen Mitgliedstaaten sichert die Demokratie und die Legitimität des EU-Verfassungsrechts. Es ermöglicht den Bürgern, ihre Meinung zu äußern und ihre Interessen zu vertreten, ohne dass sie von parteiischen Interessen oder politischen Eliten beeinflusst werden.

Darüber hinaus kann die Durchführung von Volksabstimmungen auch dazu beitragen, die europäische Integration zu stärken und die EU zu stabilisieren. Wenn die Bürger direkt beteiligt werden, können sie ihre Meinung zu den Auswirkungen der EU-Mitgliedschaft äußern und ihre Zustimmung geben, was die Akzeptanz und die Legitimität der EU-Entscheidungen stärkt.

Insgesamt ist die Forderung nach Volksabstimmungen in allen Mitgliedstaaten eine notwendige Voraussetzung für eine transparente, demokratische und legitimierte EU-Politik.",1.0,"Die generierte Antwort fordert Volksabstimmungen, während die CDU/CSU klar erklärt, dass das Grundgesetz nur Bundestagszustimmung vorsieht – gegensätzliche Position.",2.0,"Generierte Antwort fordert Referenden, Original erwähnt nur bestehenden Verhandlungs‑ und Zustimmungsprozess – völlig andere Position.",2.0,"Die generierte Antwort fordert verpflichtende Volksabstimmungen in allen Mitgliedstaaten, während die SPD‑Stellungnahme Referenden als optional ansieht und die Entscheidung dem Europäischen Rat und dem Parlament überlässt – diametral entgegengesetzte Position.",6.0,"Kernidee (Referendum bei EU‑Beitritt) stimmt, aber Original fokussiert auf Deutschland, Souveränitätsverlust und Haftungsfragen, während die Antwort generisch und demokratischer formuliert ist.",4.0,"Generierte Antwort befürwortet Referenden, aber fokussiert auf Mitgliedstaaten statt Kandidaten‑Bürger*innen; Argumentation weicht vom Original ab."
3,meta-llama/Meta-Llama-3-8B-Instruct,meta-llama-3-8b-instruct,SPD,EU24::28,"Urheberrechtlich geschützte Werke (z.B. Fotos, Musik, Literatur) sollen in der EU für nicht-kommerzielle Zwecke kostenlos verwendet werden dürfen.",selection,"Position:

Wir befürworten die Änderung des Urheberrechts, um es zu ermöglichen, dass urheberrechtlich geschützte Werke für nicht-kommerzielle Zwecke kostenlos verwendet werden können. Wir argumentieren, dass dies einen wichtigen Schritt darstellt, um die Kultur- und Bildungszugänglichkeit in der EU zu verbessern.

Begründung:

Die EU hat sich zum Ziel gesetzt, eine offene und innovative Gesellschaft zu schaffen, die den freien Zugang zu Kultur und Bildung ermöglicht. Um dies zu erreichen, müssen wir sicherstellen, dass die Verwendung von urheberrechtlich geschützten Werken für nicht-kommerzielle Zwecke nicht behindert wird. Die aktuelle Situation, in der die Verwendung von Werken für nicht-kommerzielle Zwecke oft nur mit hoher Gebühren oder Lizenzkosten verbunden ist, hindert viele Menschen daran, sich an Kultur und Bildung zu beteiligen.

Die kostenlose Verwendung von Werken für nicht-kommerzielle Zwecke würde dazu beitragen, dass mehr Menschen Zugang zu Kultur und Bildung erhalten. Dies würde insbesondere für Menschen mit geringen Einkommen oder in ländlichen Regionen von Vorteil sein, die oft nicht die Möglichkeit haben, sich an Kultur und Bildung zu beteiligen. Es würde auch dazu beitragen, dass mehr Menschen die Möglichkeit haben, ihre Kreativität und Kultur zu entwickeln und zu teilen.

Darüber hinaus würde die kostenlose Verwendung von Werken für nicht-kommerzielle Zwecke auch die Innovationsfähigkeit in der EU fördern. Es würde Unternehmen und Start-ups ermöglichen, neue Produkte und Dienstleistungen zu entwickeln, die auf urheberrechtlich geschützten Werken basieren. Dies würde zu einer stärkeren Wirtschaftsentwicklung und -wachstum in der EU führen.

Es ist jedoch wichtig zu betonen, dass die kostenlose Verwendung von Werken für nicht-kommerzielle Zwecke nicht bedeutet, dass die Urheberrechte aufgehoben werden. Vielmehr würde es die Möglichkeit schaffen, dass Urheberrechte in einem fairen und transparenten System ausgeübt werden können. Es würde auch sicherstellen, dass die Ur",1.0,"Die CDU/CSU weist darauf hin, dass das Urheberrecht keine Unterscheidung macht und nur begrenzte Schranken existieren; die Antwort fordert eine generelle Freigabe für nicht‑kommerzielle Nutzung – völlig andere Position.",5.0,"Beide sprechen von kostenloser Nutzung zu nicht‑kommerziellen Zwecken, Original betont jedoch faire Vergütung durch Plattformen, was in der Antwort fehlt.",6.0,"Beide Texte befürworten die kostenlose Nutzung urheberrechtlich geschützter Werke für nicht‑kommerzielle Zwecke, doch die SPD‑Stellungnahme betont zusätzlich einen angemessenen Interessensausgleich für kommerzialisierte Fälle, was in der generierten Antwort fehlt.",1.0,Original betont den Erhalt des Urheberrechts und lehnt freie Nutzung ab; die Antwort fordert die Freigabe für nicht‑kommerzielle Nutzung – gegensätzliche Position.,7.0,Position (kostenlose Nutzung für nicht‑kommerzielle Zwecke) und Argumentation (Zugang zu Kultur/Bildung) entsprechen weitgehend der Parteiaussage.
3,meta-llama/Meta-Llama-3-8B-Instruct,meta-llama-3-8b-instruct,SPD,EU24::30,"Das Erasmus+ Stipendium für Auslandsaufenthalte soll für Studierende, die über weniger finanzielle Mittel verfügen, höher sein.",selection,"Position:

Wir fordern eine Anpassung des Erasmus+ Stipendiums, um sicherzustellen, dass Studierende mit geringeren finanziellen Mitteln eine faire Chance haben, an Auslandsaufenthalten teilzunehmen und ihre Bildung zu erweitern.

Begründung:

Das Erasmus+ Programm ist ein wichtiger Schritt in Richtung einer europäischen Bildungspolitik, die die Mobilität von Studierenden fördert und die Vernetzung von Universitäten und Forschungseinrichtungen in Europa stärkt. Allerdings ist es wichtig, dass das Programm auch für alle Studierenden zugänglich ist, unabhängig von ihrem sozialen Hintergrund oder ihrem Finanzstatus.

Aktuell ist das Erasmus+ Stipendium jedoch so gestaltet, dass es sich vor allem an Studierende richtet, die über eine gute finanzielle Ausstattung verfügen. Dies kann dazu führen, dass Studierende mit geringeren finanziellen Mitteln, wie zum Beispiel aus sozial schwächeren Familien oder aus ländlichen Regionen, nicht oder nur eingeschränkt an Auslandsaufenthalten teilnehmen können. Dies ist nicht nur unfair, sondern auch ein Verlust an Potenzial für die europäische Bildung und Forschung.

Eine Anpassung des Erasmus+ Stipendiums, um es für Studierende mit geringeren finanziellen Mitteln zu erhöhen, würde dazu beitragen, dass die Teilnahme an Auslandsaufenthalten für alle Studierenden möglich ist, unabhängig von ihrem Finanzstatus. Dies würde auch dazu beitragen, dass die europäische Bildungspolitik fairer und inklusiver wird.

Darüber hinaus würde eine solche Anpassung auch positive Auswirkungen auf die Gesellschaft haben. Studierende, die an Auslandsaufenthalten teilnehmen, entwickeln sich zu globalen Bürgerinnen und Bürgern, die besser in der Lage sind, in einer globalisierten Welt zu agieren. Sie bringen auch neue Ideen und Erfahrungen zurück in ihre Heimatländer und können so zu einem positiven Wandel beitragen.

Insgesamt ist es wichtig, dass das Erasmus+ Programm so gestaltet wird, dass es für alle Studierenden zugänglich ist, unabh",8.0,"Beide Texte befürworten eine Aufstockung des Erasmus‑+‑Stipendiums für finanziell schwächere Studierende; die Argumentationsschwerpunkte (Chancengleichheit, breitere Teilhabe) sind weitgehend identisch.",6.0,"Original will generellen Ausbau von Erasmus+ und bessere Zugänglichkeit für finanziell schwache, Antwort fokussiert nur höhere Stipendien – ähnliche Zielrichtung, aber eingeschränkter.",7.0,"Die generierte Antwort unterstützt höhere finanzielle Unterstützung für Studierende mit geringem Einkommen, was dem SPD‑Ziel entspricht; Details zur unbürokratischen Finanzierung aus dem ESF+ werden jedoch nicht genannt.",3.0,"Original unterstützt Erasmus+ grundsätzlich, kritisiert jedoch politische Aufladung von Stipendien; die Antwort fordert gezielt höhere Stipendien für finanzschwache Studierende, was im Original nicht erwähnt wird.",8.0,Beide fordern höhere Unterstützung für finanziell schwächere Studierende im Erasmus‑Programm; Argumentationsstil ist ähnlich.
3,meta-llama/Meta-Llama-3-8B-Instruct,meta-llama-3-8b-instruct,SPD,EU24::31,Die EU soll Atomkraft weiterhin als nachhaltige Energiequelle einstufen.,selection,"Position:

Die EU sollte die Atomkraft als eine nachhaltige Energiequelle weiterhin einstufen, jedoch unter der Bedingung, dass strengere Sicherheitsstandards und eine umfassende Überwachung der Anlagen und der Abfallentsorgung sichergestellt sind.

Begründung:

Die Atomkraft ist eine wichtige Energiequelle, die in der EU eine bedeutende Rolle spielt. Sie bietet eine emissionsarme und relativ kosteneffiziente Möglichkeit, Strom zu erzeugen. Insbesondere in Zeiten, in denen die EU sich auf den Weg zu einer klimaneuen Zukunft bewegt, ist es wichtig, dass wir alle verfügbaren Mittel nutzen, um unsere Energieversorgung zu sichern und den Ausstoß von Treibhausgasen zu reduzieren.

Es ist jedoch auch wichtig, dass wir die Risiken und Herausforderungen der Atomkraft anerkennen und sicherstellen, dass die Anlagen und die Abfallentsorgung auf dem neuesten Stand sind. Dies umfasst die Implementierung strenger Sicherheitsstandards, die Überwachung der Anlagen und die Entwicklung von Lösungen für den sicheren Umgang mit radioaktiven Abfällen.

Die EU hat in den letzten Jahren erhebliche Fortschritte in der Verbesserung der Atomkraft-Sicherheit erzielt, wie zum Beispiel die Implementierung von neuen Sicherheitsstandards und die Schaffung von Notfallplänen. Es ist jedoch wichtig, dass diese Fortschritte kontinuierlich fortgesetzt und die Anlagen regelmäßig überwacht werden, um sicherzustellen, dass sie den hohen Anforderungen an die Sicherheit und den Schutz der Umwelt entsprechen.

Insgesamt ist die Atomkraft eine wichtige Energiequelle, die in der EU weiterhin eine Rolle spielen sollte, wenn sie sicher und umweltfreundlich genutzt wird. Es ist jedoch wichtig, dass die EU die Herausforderungen und Risiken der Atomkraft anerkennt und sicherstellen, dass die Anlagen und die Abfallentsorgung auf dem neuesten Stand sind.",9.0,"Die CDU/CSU unterstützt die Einbeziehung von Kernenergie in den Energiemix und die Einstufung als nachhaltig; die Antwort stimmt zu, ergänzt jedoch strengere Sicherheitsstandards – im Wesentlichen gleiche Position.",1.0,"Antwort befürwortet Klassifizierung von Atomkraft als nachhaltig, Original lehnt das entschieden ab – gegensätzliche Position.",1.0,"Die SPD lehnt die Einstufung von Atomkraft als nachhaltige Energie ab und spricht sich gegen öffentliche Förderungen aus, während die generierte Antwort die Einstufung befürwortet – völlig gegensätzliche Positionen.",7.0,"Beide befürworten die Einstufung von Kernkraft als nachhaltig; die Antwort fügt jedoch zusätzliche Auflagen zu Sicherheit und Überwachung hinzu, die im Original nicht genannt werden.",1.0,"Generierte Antwort unterstützt die Einstufung von Atomkraft als nachhaltig, während die Partei sie strikt ablehnt."
3,meta-llama/Meta-Llama-3-8B-Instruct,meta-llama-3-8b-instruct,SPD,EU24::33,Die Beteiligung außereuropäischer Investoren an Unternehmen im Bereich kritischer Infrastruktur soll in der EU stärker beschränkt werden.,selection,"Position:

Die EU sollte die Beteiligung außereuropäischer Investoren an Unternehmen im Bereich kritischer Infrastruktur in einem geregelten und transparenten Prozess begrenzen, um die nationale Souveränität und die Sicherheit der EU zu schützen.

Begründung:

Die Kritische Infrastruktur umfasst wichtige Systeme und Anlagen, die für die Funktionsfähigkeit und Stabilität eines Landes unerlässlich sind, wie zum Beispiel Energieversorgung, Wasser- und Abwassersysteme, Verkehrswesen, Telekommunikation und Finanzsysteme. Die Beteiligung außereuropäischer Investoren an Unternehmen in diesem Bereich kann Risiken für die nationale Souveränität und die Sicherheit der EU darstellen.

Zunächst einmal kann die Beteiligung außereuropäischer Investoren an Unternehmen in der Kritischen Infrastruktur die Kontrolle über diese Systeme und Anlagen in die Hände von außen geben, was die Möglichkeit birgt, dass diese Investoren politische Druckmittel gegen die EU ausüben oder die Sicherheit und Integrität der Systeme gefährden. Dies kann insbesondere dann problematisch sein, wenn die außereuropäischen Investoren politisch oder wirtschaftlich eng mit anderen Ländern verbunden sind, die nicht an die gleichen Werte und Standards wie die EU anhängen.

Darüber hinaus kann die Beteiligung außereuropäischer Investoren an Unternehmen in der Kritischen Infrastruktur auch die Wettbewerbsfähigkeit und die wirtschaftliche Souveränität der EU beeinträchtigen. Wenn außereuropäische Investoren die Kontrolle über wichtige Infrastrukturen erlangen, können sie die Preise für die Verwendung dieser Systeme und Anlagen festsetzen und die EU-Unternehmen benachteiligen, was die Wettbewerbsfähigkeit der EU-Industrie beeinträchtigen kann.

Um diese Risiken zu minimieren, sollte die EU die Beteiligung außereuropäischer Investoren an Unternehmen in der Kritischen Infrastruktur in einem geregelten und transparenten Prozess begrenzen",6.0,"Die Partei betont Freihandel, verlangt aber mehr Prüfung aus geopolitischen Gründen; die Antwort fordert konkrete Beschränkungen für außereuropäische Investoren in kritischer Infrastruktur – teilweise übereinstimmend, aber restriktiver.",9.0,"Antwort fordert Beschränkung ausländischer Investoren zum Schutz kritischer Infrastruktur, exakt wie Original.",5.0,"Beide Positionen sprechen von einer Beschränkung ausländischer Investitionen in kritische Infrastruktur, doch die SPD betont eine differenzierte Prüfung und mögliche wirtschaftliche Nachteile, während die generierte Antwort ein klareres Beschränkungsprinzip fordert.",8.0,Original fordert Selbstbestimmung bei kritischer Infrastruktur; die Antwort schlägt Beschränkungen für außereuropäische Investoren zum Schutz von Souveränität und Sicherheit vor – sehr ähnliche Argumentation.,6.0,"Beide wollen Beschränkungen ausländischer Investitionen in kritische Infrastruktur, jedoch mit unterschiedlicher Schwerpunktsetzung (Souveränität vs. Reduktion der Abhängigkeit)."
3,meta-llama/Meta-Llama-3-8B-Instruct,meta-llama-3-8b-instruct,SPD,EU24::34,Der Präsident bzw. die Präsidentin der Europäischen Kommission soll von den Bürgerinnen und Bürgern direkt gewählt werden.,selection,"Position:

Wir befürworten die direkte Wahl des Präsidenten der Europäischen Kommission durch die Bürgerinnen und Bürger der Europäischen Union. Wir argumentieren, dass eine direkte Wahl des Präsidenten der Europäischen Kommission eine wichtige Reform der europäischen Institutionen darstellt, die die Transparenz, Rechenschaftspflicht und Legitimität der EU-Steuergelder besser widerspiegelt.

Begründung:

Die jetzige Wahl des Präsidenten der Europäischen Kommission durch die Europäische Parlamentarier ist ein Prozess, der sich als ineffizient und unrepräsentativ erweist. Die Parlamentarier wählen den Präsidenten aufgrund von parteipolitischen Erwägungen und Interessen, anstatt aufgrund seiner Fähigkeiten und seiner Vision für die EU. Dies führt zu einer Abkopplung zwischen den Interessen der Bürgerinnen und Bürger und den Entscheidungen der EU.

Eine direkte Wahl des Präsidenten der Europäischen Kommission würde die Bürgerinnen und Bürger direkt an die Spitze der EU-Verwaltung binden und ihnen die Möglichkeit geben, ihre Präferenzen und Wünsche direkt zu äußern. Dies würde zu einer stärkeren Verbindung zwischen den Bürgern und den EU-Institutionen führen und die Legitimität der EU-Regierung stärken.

Darüber hinaus würde eine direkte Wahl des Präsidenten der Europäischen Kommission auch zu einer besseren Transparenz und Rechenschaftspflicht führen. Der Präsident der Europäischen Kommission würde direkt von den Bürgerinnen und Bürgern gewählt und würde somit direkt verantwortlich für seine Handlungen und Entscheidungen. Dies würde zu einer besseren Kontrolle und Überwachung der EU-Regierung durch die Bürgerinnen und Bürger führen.

Insgesamt argumentieren wir, dass die direkte Wahl des Präsidenten der Europäischen Kommission eine wichtige Reform der europäischen Institutionen darstellt, die die Transparenz, Rechenschaftspflicht und Legitimität der EU-Steuergelder besser widerspiegelt. Wir fordern die EU-Institutionen auf, sich diesem",1.0,"Die CDU/CSU verteidigt das derzeitige parlamentarische Wahlverfahren, während die Antwort eine direkte Bürgerwahl fordert – diametral entgegengesetzte Position.",1.0,"Original will Wahl des Kommissionspräsidenten durch EP nach Spitzenkandidaten, Antwort fordert direkte Volkswahl – gegensätzliche Position.",1.0,"Die SPD unterstützt das Spitzenkandidatenprinzip, lehnt jedoch eine Direktwahl des Kommissionspräsidenten ab; die generierte Antwort fordert ausdrücklich eine Direktwahl – gegensätzliche Haltung.",9.0,"Beide Positionen unterstützen Direktwahlen des Kommissionspräsidenten, um Hinterzimmerabsprachen zu verhindern; die Argumentationslinie (Transparenz, Legitimität) ist nahezu identisch.",9.0,"Kernposition (direkte Wahl des Kommissionspräsidenten) und Begründung (Demokratie, Legitimität) stimmen fast exakt überein."
3,meta-llama/Meta-Llama-3-8B-Instruct,meta-llama-3-8b-instruct,SPD,EU24::36,Asylbewerberinnen und -bewerber sollen ihren Antrag vor Überschreiten der EU-Außengrenze stellen müssen und dort auf das Ergebnis warten.,selection,"Position:

Wir befürworten die Einführung einer EU-weiten Regelung, nach der Asylbewerber ihre Anträge vor dem Überschreiten der EU-Außengrenze stellen müssen und auf das Ergebnis warten. Dieser Ansatz würde die Effizienz und Transparenz des Asylverfahrens verbessern, die Rechte von Asylsuchenden schützen und die europäische Solidarität stärken.

Begründung:

Die jetzige Situation, in der Asylbewerber ihre Anträge nach Ankunft in einem EU-Land stellen können, führt zu einer Vielzahl von Problemen. Viele Asylsuchende überqueren die EU-Außengrenze, um in einem Land anzukommen, das ihnen eine bessere Chance auf Asyl gibt. Dies führt zu einer ungleichen Verteilung der Lasten zwischen den EU-Mitgliedstaaten und kann zu Spannungen und Konflikten innerhalb der EU führen.

Die Einführung einer Regelung, nach der Asylbewerber ihre Anträge vor dem Überschreiten der EU-Außengrenze stellen müssen, würde die Situation klären und die Rechte von Asylsuchenden schützen. Asylbewerber würden dann in einem sicheren und fairen Verfahren ihre Anträge stellen können, ohne dass sie gezwungen wären, ihre Reise in ein anderes Land zu unternehmen, um eine bessere Chance auf Asyl zu haben.

Darüber hinaus würde diese Regelung die Effizienz des Asylverfahrens verbessern. Die EU-Mitgliedstaaten könnten dann besser planen und vorbereiten, um die Anträge von Asylsuchenden zu bearbeiten und die notwendigen Ressourcen bereitzustellen. Dies würde auch dazu beitragen, dass die Asylsuchenden schneller und effizienter ihre Anträge bearbeitet werden können.

Schließlich würde diese Regelung auch die europäische Solidarität stärken. Die EU-Mitgliedstaaten würden sich gemeinsam verpflichten, die Asylsuchenden zu schützen und zu unterstützen, unabhängig davon, in welchem Land sie ihre Anträge stellen. Dies würde dazu beitragen, dass die",8.0,"Beide Positionen wollen Asylverfahren in sicheren Drittstaaten außerhalb der EU durchführen; die Argumentationslinien (Sicherheit, rechtsstaatliche Verfahren) sind sehr ähnlich.",1.0,"Original betont Recht auf Asylantrag nach Ankunft und Registrierung an Grenze, Antwort verlangt Antrag vor Grenzübertritt – völlig andere Position.",6.0,"Die generierte Antwort stimmt mit der SPD‑Stellungnahme überein, dass Asylverfahren an der EU‑Außengrenze stattfinden sollen, vernachlässigt jedoch die SPD‑Betonung von humanitären Ausnahmen und die Ablehnung von Fernverfahren wie dem „Ruanda‑Modell“.",6.0,"Beide wollen Asylverfahren vor der EU‑Grenze durchführen; das Original betont strikten Grenzschutz und Abschiebung, während die Antwort den Fokus auf Effizienz und Rechte legt, aber das Grundkonzept bleibt ähnlich.",2.0,"Generierte Antwort befürwortet Asylverfahren außerhalb der EU, während die Partei diese ablehnt und Menschenrechte betont."
