schema_version,model,model_short_name,steered_party_key,thesis_key,thesis,split,steered_response,sim_CDU_CSU,judge_rationale_CDU_CSU,sim_GRUENE,judge_rationale_GRUENE,sim_SPD,judge_rationale_SPD,sim_AfD,judge_rationale_AfD,sim_DIE_LINKE,judge_rationale_DIE_LINKE
3,mistralai/Ministral-8B-Instruct-2410,ministral-8b-instruct-2410,AfD,BT21::3,Bei Bundestagswahlen sollen auch Jugendliche ab 16 Jahren wählen dürfen.,selection,"**Position:**
Ich bin der Meinung, dass Jugendliche ab 16 Jahren bei Bundestagswahlen wählen dürfen sollten.

**Begründung:**

1. **Recht auf politische Teilhabe:** Jugendliche ab 16 Jahren sind in vielen Bereichen des öffentlichen Lebens bereits volljährig, wie z.B. bei der Arbeit, im Schulbesuch und in der Verantwortung für sich selbst. Das Wahlrecht ist ein zentrales Element der politischen Teilhabe und sollte nicht auf eine bestimmte Altersgruppe beschränkt sein. Durch die Erweiterung des Wahlrechts auf 16-Jährige wird die politische Teilhabe für alle Bürgerinnen und Bürger gleichberechtigt gestaltet.

2. **Bildung und politische Bildung:** Jugendliche ab 16 Jahren sind in der Regel in der Schule und haben Zugang zu politischen Bildung. Sie sind in der Lage, politische Themen zu verstehen und zu bewerten. Durch die Teilnahme an Wahlen können sie ihre politischen Überzeugungen und Werte aktiv einbringen und sich in die politische Entscheidungsfindung einbringen.

3. **Demokratische Legitimität:** Eine breitere Wahlbeteiligung, einschließlich Jugendlicher, stärkt die demokratische Legitimität der gewählten Vertreter. Jugendliche haben spezifische Anliegen und Perspektiven, die in der politischen Entscheidungsfindung berücksichtigt werden sollten. Ihre Stimme kann dazu beitragen, dass die Politik besser auf die Bedürfnisse und Erwartungen der gesamten Bevölkerung eingeht.

4. **Motivation und Engagement:** Die Möglichkeit, ab 16 Jahren wählen zu dürfen, kann das politische Engagement und die Motivation junger Menschen fördern. Sie lernen frühzeitig, die Bedeutung von Wahlen und die Verantwortung, die damit verbunden ist, zu verstehen. Dies kann langfristig zu einer höheren Wahlbeteiligung und einem stärkeren politischen Bewusstsein führen.

5. **Vergleichbare Altersgruppen:** In einigen anderen Ländern, wie Österreich und der Schweiz, dürfen Jugendliche ab 16 Jahren bereits wählen. Diese Länder haben keine negativen Erfahrungen gemacht, die gegen eine solche Regelung sprechen. Im Gegenteil, die politische Teilhabe junger Menschen wird dort als positiv bewertet.

Zusammenfassend lässt sich sagen, dass die Erweiterung des Wahlrechts auf Jugendliche ab 16 Jahren die politische Teilhabe stärkt, die demokratische Legitimität erhöht und langfristig zu einem engagierteren und informierteren Bürgerinnen- und Bürgerschaft beiträgt.",1.0,"Die generierte Antwort befürwortet das Wahlrecht ab 16, während die CDU klar das Wahlalter bei 18 verankert – gegensätzliche Position.",9.0,Identische Position (Wahlrecht ab 16) und sehr ähnliche Argumentation zur politischen Teilhabe und Zukunftsgestaltung der Jugend.,9.0,Identische Position (Wahlalter 16) und sehr ähnliche Argumentation zur politischen Teilhabe von Jugendlichen.,1.0,"Die generierte Antwort befürwortet das Wahlrecht ab 16, während die AfD‑Stellungnahme es strikt ablehnt und Argumente zu fehlenden Pflichten und beschränkter Geschäftsfähigkeit anführt – diametral entgegengesetzte Positionen und Argumentationslinien.",9.0,Identische Position (Wahlrecht ab 16) und ähnliche Argumentation zur politischen Teilhabe.
3,mistralai/Ministral-8B-Instruct-2410,ministral-8b-instruct-2410,AfD,BT21::4,Die Förderung von Windenergie soll beendet werden.,selection,"Die Förderung von Windenergie soll beendet werden.

**Position:**
Die Förderung von Windenergie sollte nicht beendet werden.

**Begründung:**

1. **Klimaschutz und Nachhaltigkeit:**
   - Windenergie ist eine erneuerbare Energiequelle, die zur Reduktion von Treibhausgasemissionen beiträgt. Die Förderung von Windenergie ist ein wichtiger Schritt zur Erreichung der Klimaziele und zur Bekämpfung des Klimawandels.
   - Durch den Ausbau der Windenergie kann die Abhängigkeit von fossilen Brennstoffen reduziert und die Energieunabhängigkeit erhöht werden.

2. **Wirtschaftliche Vorteile:**
   - Die Windenergiebranche schafft Arbeitsplätze und fördert die wirtschaftliche Entwicklung in ländlichen Gebieten. Die Installation und Wartung von Windkraftanlagen erfordert Fachkräfte und unterstützt die lokale Wirtschaft.
   - Investitionen in Windenergie können langfristig zu Kosteneinsparungen führen, da erneuerbare Energien oft kostengünstiger sind als fossile Brennstoffe.

3. **Technologische Fortschritte:**
   - Die Technologie der Windenergie entwickelt sich kontinuierlich weiter. Modernere Windkraftanlagen sind effizienter und weniger umweltbelastend als ältere Modelle. Die Förderung von Windenergie ermöglicht es, von diesen technologischen Fortschritten zu profitieren.

4. **Soziale Akzeptanz und Bürgerbeteiligung:**
   - Die Förderung von Windenergie kann durch transparente Kommunikation und Bürgerbeteiligung gefördert werden. Es ist wichtig, die Anwohner in den Planungsprozess einzubeziehen und ihre Bedenken ernst zu nehmen, um eine breite Akzeptanz zu erreichen.

5. **Energiesicherheit:**
   - Die Diversifizierung der Energiequellen erhöht die Energiesicherheit eines Landes. Durch die Förderung von Windenergie wird die Abhängigkeit von importierten fossilen Brennstoffen reduziert und die Versorgungssicherheit verbessert.

Zusammenfassend lässt sich sagen, dass die Förderung von Windenergie nicht nur ökologisch sinnvoll, sondern auch wirtschaftlich und technologisch vorteilhaft ist. Eine Beendigung der Förderung würde die Bemühungen zur Erreichung der Klimaziele behindern und die langfristige Energieversorgungssicherheit gefährden.",6.0,"Beide Positionen befürworten die Fortführung der Windenergie‑Förderung, sodass sie grundlegend übereinstimmen. Allerdings enthält die generierte Antwort eine widersprüchliche Einleitung, erwähnt nicht die naturverträgliche Ausrichtung, On‑/Offshore‑Aspekte oder das Repowering und fokussiert stattdessen allgemeinere Klimaschutzargumente. Daher ist die Übereinstimmung nur mäßig.",8.0,"Die generierte Antwort widerspricht der These und argumentiert, dass die Förderung von Windenergie nicht beendet werden soll – genau wie die Grünen. Die Argumentationslinie (Klimaschutz, Notwendigkeit eines verlässlichen Förderrahmens) entspricht der Position der Partei, obwohl die Formulierung und Detailtiefe abweichen.",6.0,"Position stimmt (Windenergie weiter fördern), aber Argumentation fokussiert nur Klimaschutz, fehlt der lokale Akzeptanz‑ und Beteiligungsaspekt der Originalaussage; zudem verwirrende Einleitung.",2.0,"Die Originalaussage der AfD betont gesicherte, günstige Energie und kritisiert teure, knappe Energie, ohne explizit die Windförderung zu unterstützen. Die generierte Antwort befürwortet Windenergie und widerspricht damit der These, während die AfD‑Stellung eher skeptisch gegenüber teuren Förderungen ist. Die Positionen sind daher stark divergierend.",1.0,"Die generierte Antwort lehnt die Förderung von Windenergie ab (oder widerspricht sich selbst), während DIE LINKE die Windenergie stark unterstützt und deren Ausbau fordert – diametral entgegengesetzte Positionen."
3,mistralai/Ministral-8B-Instruct-2410,ministral-8b-instruct-2410,AfD,BT21::6,Impfstoffe gegen Covid-19 sollen weiterhin durch Patente geschützt sein.,selection,"**Position:**

Impfstoffe gegen Covid-19 sollten weiterhin durch Patente geschützt sein.

**Begründung:**

1. **Förderung von Forschung und Innovation:**
   Patente bieten Anreize für Unternehmen, in die Entwicklung neuer Impfstoffe zu investieren. Ohne den Schutz durch Patente könnten Unternehmen weniger bereit sein, die hohen Kosten und Risiken der Forschung und Entwicklung zu tragen. Dies könnte zu einer Verringerung der Innovationskraft und der Verfügbarkeit neuer Impfstoffe führen.

2. **Wettbewerb und Effizienz:**
   Patente fördern den Wettbewerb zwischen verschiedenen Unternehmen und Forschungseinrichtungen. Dies kann zu einer effizienteren Nutzung von Ressourcen und zu schnelleren Fortschritten in der Entwicklung neuer Impfstoffe führen. Ohne Patentschutz könnten Unternehmen weniger motiviert sein, in die Verbesserung und Anpassung von Impfstoffen zu investieren.

3. **Sicherheit und Qualität:**
   Patente ermöglichen es Unternehmen, strenge Qualitätskontrollen und Sicherheitsstandards einzuhalten. Dies ist besonders wichtig bei Impfstoffen, da sie direkt auf die Gesundheit der Bevölkerung einwirken. Ohne Patentschutz könnten weniger strenge Qualitätskontrollen zu Sicherheitsrisiken führen.

4. **Langfristige Strategie:**
   Patente bieten Unternehmen die Möglichkeit, langfristige Strategien zu entwickeln und zu verfolgen. Dies ist besonders wichtig in einem sich ständig verändernden Umfeld wie dem der Pandemie, wo neue Varianten des Virus auftreten können. Patente ermöglichen es Unternehmen, kontinuierlich an der Verbesserung und Anpassung ihrer Impfstoffe zu arbeiten.

5. **Rechtliche Klarheit:**
   Patente bieten rechtliche Klarheit und Sicherheit für Unternehmen. Dies ist besonders wichtig in einem globalen Markt, wo verschiedene Länder unterschiedliche rechtliche Rahmenbedingungen haben. Patente helfen, rechtliche Unsicherheiten zu minimieren und den Handel zu erleichtern.

6. **Gerechtigkeit und Fairness:**
   Patente bieten eine gerechte Verteilung der Risiken und Gewinne. Unternehmen, die in die Entwicklung von Impfstoffen investieren, sollten auch die Möglichkeit haben, von ihren Investitionen zu profitieren. Dies fördert eine faire und gerechte Verteilung der Ressourcen und Anreize.

Zusammenfassend lässt sich sagen, dass der Schutz von Impfstoffen durch Patente sowohl kurzfristige als auch langfristige Vorteile bietet. Er förd",6.0,"Die generierte Antwort stimmt in der Grundposition (Patentschutz beibehalten) mit der CDU/CSU‑Aussage überein, verwendet jedoch andere Argumentationsschwerpunkte (Forschungsanreize, Innovation) und erwähnt nicht die Produktionskomplexität, den Kapitalfluss oder COVAX, die im Original zentral sind.",1.0,"Die generierte Antwort befürwortet den fortbestehenden Patentschutz für COVID‑Impfstoffe, während die GRÜNEN‑Aussage die Aufhebung bzw. das Aussetzen von Patenten und die Einführung verpflichtender Lizenzen fordert – diametral entgegengesetzte Positionen.",8.0,"Gleiche Grundposition (Patentschutz beibehalten) und Argumente zu Innovationsanreizen, jedoch ohne die Lizenz‑ und Transfer‑Details der Partei.",9.0,Both statements endorse patent protection for Covid‑19 vaccines and argue that patents are essential for innovation; the reasoning is largely the same.,1.0,"Die generierte Antwort befürwortet den fortbestehenden Patentschutz und argumentiert für Innovationsanreize, während DIE LINKE einen offenen, sozialverträglichen Zugang über Equitable Licensing fordert – diametral entgegengesetzte Positionen."
3,mistralai/Ministral-8B-Instruct-2410,ministral-8b-instruct-2410,AfD,BT21::8,Alle Erwerbstätigen sollen in der gesetzlichen Rentenversicherung versichert sein müssen.,selection,"**Position:**

Alle Erwerbstätigen sollten in der gesetzlichen Rentenversicherung versichert sein müssen.

**Begründung:**

1. **Gleichheit und Fairness:** Die gesetzliche Rentenversicherung ist ein zentrales Element des sozialen Sicherungssystems in vielen Ländern. Durch die Pflichtversicherung aller Erwerbstätigen wird sichergestellt, dass jeder, der in der Arbeitswelt tätig ist, einen Anspruch auf eine altersgerechte Rente hat. Dies fördert die soziale Gerechtigkeit und stellt sicher, dass niemand aufgrund seiner beruflichen Tätigkeit von der Rentenversicherung ausgeschlossen wird.

2. **Finanzielle Stabilität:** Die gesetzliche Rentenversicherung basiert auf einem solidarischen Prinzip, bei dem die Beiträge der aktuellen Erwerbstätigen die Renten der Rentner finanzieren. Wenn alle Erwerbstätigen versichert sind, wird die Finanzierung der Rentenversicherung stabiler und nachhaltiger. Dies ist besonders wichtig, um die langfristige Finanzierbarkeit der Rentenversicherung zu gewährleisten.

3. **Arbeitsmarktintegration:** Die Pflichtversicherung kann dazu beitragen, die Arbeitsmarktintegration zu fördern. Menschen, die in der Vergangenheit möglicherweise nicht in der gesetzlichen Rentenversicherung versichert waren, könnten durch die Pflichtversicherung in die gesetzliche Rentenversicherung aufgenommen werden. Dies kann dazu beitragen, die soziale Absicherung zu verbessern und die Arbeitsmarktintegration zu erleichtern.

4. **Vermeidung von Armut im Alter:** Durch die Pflichtversicherung wird das Risiko von Altersarmut reduziert. Jeder Erwerbstätige hat einen Anspruch auf eine Rente, die ihm ein menschenwürdiges Leben im Alter ermöglicht. Dies ist besonders wichtig, um die soziale Sicherheit und das Wohlbefinden der Bevölkerung zu gewährleisten.

5. **Vermeidung von Lücken in der Versicherung:** Ohne eine Pflichtversicherung könnten Lücken in der Versicherung entstehen, insbesondere bei Selbstständigen, Freiberuflern oder Teilzeitbeschäftigten. Diese Gruppen könnten durch die Pflichtversicherung besser abgesichert werden und das Risiko von Altersarmut verringert werden.

Zusammenfassend lässt sich sagen, dass die Pflichtversicherung aller Erwerbstätigen in der gesetzlichen Rentenversicherung zu einer gerechteren, stabileren und sozialeren Gesellschaft beiträgt. Es stellt sicher, dass jeder, der in der Arbeitswelt tätig",1.0,"Die generierte Antwort befürwortet die Pflichtversicherung aller Erwerbstätigen und argumentiert aus Gründen von Gerechtigkeit und sozialer Sicherheit, während die CDU/CSU‑Aussage die Pflichtversicherung kritisiert, weil sie die demografischen Finanzprobleme nur verschiebt. Die Positionen und Argumentationslinien sind diametral entgegengesetzt.",6.0,"Grundsätzlich gleiche Position (Versicherungspflicht), aber die generierte Antwort fehlt die schrittweise Umsetzung und die Berücksichtigung von Selbstständigen/privater Vorsorge.",8.0,"Die generierte Antwort stimmt in der Grundposition (Pflichtversicherung aller Erwerbstätigen) mit der SPD‑Aussage überein und liefert zusätzliche Argumente. Sie nennt jedoch nicht explizit die im Original genannten Gruppen (Politiker*innen, Beamt*innen, Selbständige), weshalb die Übereinstimmung nicht vollkommen ist.",7.0,"The generated answer shares the AfD’s position that all workers should be in the statutory pension system, but it justifies it with fairness rather than financing and specific civil‑service limits.",8.0,"Gleiche Grundposition (Pflichtversicherung), Argumentation deckt Gleichheit ab, fehlt jedoch Detail zu Selbständigen und Rentenniveau."
3,mistralai/Ministral-8B-Instruct-2410,ministral-8b-instruct-2410,AfD,BT21::10,"Auf den Umsatz, der in Deutschland mit digitalen Dienstleistungen erzielt wird, soll eine nationale Steuer erhoben werden.",selection,"**Position:**

**Gegen die Einführung einer nationalen Steuer auf den Umsatz mit digitalen Dienstleistungen.**

**Begründung:**

1. **Marktverzerrungen und Wettbewerbsnachteile:**
   - Die Einführung einer nationalen Steuer auf digitale Dienstleistungen könnte zu Marktverzerrungen führen. Unternehmen, die bereits in Deutschland ansässig sind, könnten einen Wettbewerbsvorteil gegenüber internationalen Anbietern haben, die keine solche Steuer zahlen müssen. Dies könnte die Attraktivität deutscher Unternehmen für internationale Investitionen mindern.

2. **Bürokratische Belastung:**
   - Die Implementierung und Verwaltung einer solchen Steuer würde erhebliche bürokratische Belastungen mit sich bringen. Unternehmen müssten zusätzliche Berichte und Abgaben einreichen, was zu höheren Kosten und administrativen Aufwänden führt. Dies könnte insbesondere für kleine und mittelständische Unternehmen (KMUs) eine erhebliche Belastung darstellen.

3. **Internationale Abkommen und Harmonisierung:**
   - Deutschland ist Teil der Europäischen Union und der OECD. Die Einführung einer nationalen Steuer auf digitale Dienstleistungen könnte zu Spannungen mit internationalen Abkommen und Partnerschaften führen. Eine Harmonisierung der Steuerpolitik auf EU- oder OECD-Ebene wäre vorzuziehen, um eine einheitliche und faire Wettbewerbslandschaft zu gewährleisten.

4. **Technologische und wirtschaftliche Dynamik:**
   - Der Markt für digitale Dienstleistungen ist dynamisch und schnelllebig. Eine nationale Steuer könnte die Innovationskraft und den Wachstumspotenzial dieser Branche hemmen. Unternehmen könnten ihre Investitionen in Forschung und Entwicklung zurückfahren, um die zusätzlichen Kosten zu kompensieren.

5. **Alternative Finanzierungsquellen:**
   - Es gibt bereits bestehende Mechanismen zur Finanzierung öffentlicher Dienstleistungen und Infrastruktur, wie die Mehrwertsteuer und andere indirekte Steuern. Eine zusätzliche Steuer auf digitale Dienstleistungen könnte die Belastung für Unternehmen und Verbraucher unnötig erhöhen.

6. **Förderung von Innovation und Digitalisierung:**
   - Eine Steuer auf digitale Dienstleistungen könnte als abschreckend für Unternehmen wirken, die in digitale Innovationen investieren möchten. Dies könnte die digitale Transformation und Modernisierung der Wirtschaft insgesamt behindern.

**Zusammenfassung:**
Die Einführung einer nationalen Steuer auf den Umsatz mit digitalen Dienstleistungen könnte negative Auswirkungen auf den Wettbewerb, die Bürokratie, die internationale Zusammenarbeit und die",1.0,"Die generierte Antwort lehnt die nationale Steuer auf digitale Dienstleistungen ab, während die CDU/CSU‑Aussage die Einführung einer fairen, auf OECD‑Ebene abgestimmten nationalen Besteuerung befürwortet. Die Positionen und Argumentationslinien sind diametral entgegengesetzt.",1.0,"Entgegengesetzte Position: Original befürwortet eine Digitalkonzernsteuer, die Antwort lehnt eine nationale Steuer ab.",2.0,"Entgegengesetzte Position (gegen digitale Umsatzsteuer), während die SPD die Besteuerung von Gewinnen unterstützt; Argumentation weicht stark ab.",1.0,"Die generierte Antwort lehnt die nationale Digitalsteuer ab, während die AfD‑Aussage sie ausdrücklich fordert. Position und Argumentation sind diametral entgegengesetzt.",1.0,"Entgegengesetzte Position – Original befürwortet digitale Dienstleistungssteuer, Antwort lehnt sie ab."
3,mistralai/Ministral-8B-Instruct-2410,ministral-8b-instruct-2410,AfD,BT21::11,"Die traditionelle Familie aus Vater, Mutter und Kindern soll stärker als andere Lebensgemeinschaften gefördert werden.",selection,"**Position:**

Die traditionelle Familie aus Vater, Mutter und Kindern sollte nicht stärker als andere Lebensgemeinschaften gefördert werden. Stattdessen sollte die Förderung von Familien in ihrer Vielfalt und Diversität im Vordergrund stehen.

**Begründung:**

1. **Gleichberechtigung und Inklusion:** Die Förderung der traditionellen Familie könnte dazu führen, dass andere Lebensformen, wie Ein-Eltern-Familien, Patchwork-Familien, gleichgeschlechtliche Partnerschaften oder Familien mit Pflegekindern, benachteiligt werden. Eine gleichberechtigte Förderung aller Familienformen trägt zur Inklusion und zur sozialen Gerechtigkeit bei.

2. **Flexibilität und Anpassungsfähigkeit:** Familien sind in der heutigen Gesellschaft sehr unterschiedlich und dynamisch. Eine Förderung, die sich auf eine spezifische Familienform konzentriert, könnte die Bedürfnisse und Herausforderungen anderer Familien nicht ausreichend berücksichtigen. Eine flexible und anpassungsfähige Politik, die auf die individuellen Bedürfnisse aller Familien eingeht, ist daher notwendig.

3. **Rechtliche und finanzielle Unterstützung:** Eine gleichberechtigte Förderung aller Familienformen bedeutet auch, dass alle Familien von den gleichen rechtlichen und finanziellen Unterstützungsmöglichkeiten profitieren. Dies könnte durch steuerliche Anreize, finanzielle Hilfen und soziale Dienstleistungen geschehen, die unabhängig von der Familienform sind.

4. **Soziale Stabilität und Wohlbefinden:** Die Förderung der traditionellen Familie könnte dazu führen, dass andere Familienformen als weniger wertvoll oder weniger stabil angesehen werden. Dies könnte das soziale Wohlbefinden und die Integration von Familien in die Gesellschaft beeinträchtigen. Eine gleichberechtigte Förderung trägt dazu bei, dass alle Familien als gleichwertig und gleichberechtigt angesehen werden.

5. **Kulturelle und gesellschaftliche Vielfalt:** Die Förderung der traditionellen Familie könnte die kulturelle und gesellschaftliche Vielfalt einschränken. Eine Politik, die alle Familienformen berücksichtigt, fördert die Vielfalt und den Reichtum der Gesellschaft und trägt zur sozialen Kohäsion bei.

Zusammenfassend lässt sich sagen, dass eine gleichberechtigte Förderung aller Familienformen nicht nur gerechter und inklusiver ist, sondern auch zur sozialen Stabilität und zum Wohlbefinden aller Familien beiträgt.",9.0,Beide Aussagen lehnen eine Bevorzugung der traditionellen Kernfamilie ab und betonen die Vielfalt von Familienformen.,9.0,Beide lehnen eine Bevorzugung der traditionellen Familie ab und betonen die Gleichstellung aller Familienformen.,9.0,Übereinstimmende Position (keine Sonderförderung traditioneller Familien) und vergleichbare Argumentation zu Gleichberechtigung und Vielfalt.,1.0,"Die generierte Antwort widerspricht der AfD‑Aussage grundlegend: Sie lehnt eine stärkere Förderung der traditionellen Familie zugunsten von Vielfalt ab, während die Originalaussage die traditionelle Familie als zentrale, zu schützende Institution betont.",9.0,Übereinstimmende Position (keine Bevorzugung traditioneller Familie) und vergleichbare Argumente zu Gleichberechtigung.
3,mistralai/Ministral-8B-Instruct-2410,ministral-8b-instruct-2410,AfD,BT21::13,Studentinnen und Studenten sollen BAföG unabhängig vom Einkommen ihrer Eltern erhalten.,selection,"**Position:**

Studentinnen und Studenten sollten BAföG unabhängig vom Einkommen ihrer Eltern erhalten.

**Begründung:**

1. **Gleichheit der Chancen:** Die Unabhängigkeit des BAföG vom Einkommen der Eltern würde sicherstellen, dass alle Studierenden, unabhängig von ihrem sozialen Hintergrund, die gleichen Chancen auf eine akademische Ausbildung haben. Dies fördert die soziale Mobilität und ermöglicht es talentierten und motivierten Studierenden aus einkommensschwachen Familien, ihre Potenziale zu entfalten.

2. **Bildung als Investition:** Bildung ist eine Investition in die Zukunft sowohl des Einzelnen als auch der Gesellschaft. Durch die Unabhängigkeit des BAföG vom Einkommen der Eltern wird die Bildungschance für alle Studierenden unabhängig von ihrem familiären Hintergrund verbessert, was langfristig zu einer stärken und diverseren Gesellschaft führen kann.

3. **Vermeidung von finanziellen Hürden:** Viele Studierende aus einkommensschwachen Familien müssen derzeit auf BAföG angewiesen sein, um ihre Ausbildung zu finanzieren. Ohne diese Unterstützung könnten sie sich ihre Ausbildung nicht leisten und wären somit benachteiligt. Eine Unabhängigkeit des BAföG vom Einkommen der Eltern würde diese Hürde abbauen und den Zugang zu Bildung für alle Studierende erleichtern.

4. **Förderung der sozialen Gerechtigkeit:** Eine solche Regelung würde zur sozialen Gerechtigkeit beitragen, indem sie sicherstellt, dass finanzielle Umstände nicht über die Bildungsmöglichkeiten bestimmen. Dies ist besonders wichtig in einer Gesellschaft, die auf Chancengleichheit und Fairness setzt.

5. **Wirtschaftliche Vorteile:** Eine gut ausgebildete Bevölkerung ist ein wichtiger Faktor für die wirtschaftliche Entwicklung eines Landes. Durch die Förderung von Bildung für alle Studierenden unabhängig von ihrem familiären Einkommen kann die Wirtschaft langfristig von einer qualifizierteren Arbeitskraft profitieren.

6. **Praktische Umsetzung:** Die Unabhängigkeit des BAföG vom Einkommen der Eltern könnte durch eine Anpassung der Berechnungsformeln und -kriterien erreicht werden. Dies würde zusätzliche administrative Aufwände mit sich bringen, könnte jedoch durch eine effiziente Verwaltung und möglicherweise durch die Nutzung moderner Technologien zur Datenerhebung und -verarbeitung minimiert werden.

Zusammenfassend lässt sich sagen, dass die Unabhängigkeit des BAföG vom Einkommen der Eltern eine gerechte und effektive Maßnahme zur Förderung der Bildungschancen für alle Stud",1.0,Die CDU will BAföG weiterhin einkommensabhängig prüfen; die generierte Antwort fordert eine Unabhängigkeit vom Elterneinkommen – entgegengesetzte Haltung.,9.0,Übereinstimmende Position (elternunabhängiges BAföG) und fast identische Argumentationslinie zu Chancengleichheit.,8.0,"Die generierte Antwort stimmt im Kern mit der SPD‑Position überein, dass BAföG stärker unterstützt und letztlich unabhängig vom Elterneinkommen werden soll. Sie geht jedoch stärker auf die vollständige Unabhängigkeit ein, während die SPD von einer schrittweisen Rückkehr zum Vollzuschuss spricht, weshalb die Übereinstimmung nicht vollkommen ist.",2.0,"The AfD calls for means‑tested BAföG, while the generated text advocates universal BAföG regardless of parental income – opposite positions.",9.0,Identische Position (BAföG unabhängig vom Elterneinkommen) und ähnliche Begründung zu Chancengleichheit.
3,mistralai/Ministral-8B-Instruct-2410,ministral-8b-instruct-2410,AfD,BT21::16,"Die Ostsee-Pipeline ""Nord Stream 2"", die Gas von Russland nach Deutschland transportiert, soll wie geplant in Betrieb gehen dürfen.",selection,"**Position:**
Die Ostsee-Pipeline ""Nord Stream 2"" sollte wie geplant in Betrieb gehen dürfen.

**Begründung:**

1. **Energieversorgungssicherheit:** Die Ostsee-Pipeline ""Nord Stream 2"" würde die Energieversorgungssicherheit in Europa erhöhen. Sie würde eine zusätzliche Gasversorgungsroute nach Deutschland und Europa schaffen, was die Abhängigkeit von anderen Gaslieferanten wie den USA oder dem Nahen Osten verringern könnte. Dies ist besonders wichtig, um die Energieversorgung in Europa zu diversifizieren und die Abhängigkeit von einzelnen Lieferanten zu minimieren.

2. **Wirtschaftliche Vorteile:** Der Betrieb der Pipeline könnte wirtschaftliche Vorteile für Deutschland und Europa bringen. Die Pipeline würde die Kosten für den Transport von Gas senken und könnte zu einer stabileren und kostengünstigeren Energieversorgung führen. Dies könnte positive Auswirkungen auf die Industrie und die Verbraucher haben.

3. **Klimaschutz:** Gas ist ein relativ sauberes Brennstoff im Vergleich zu Kohle und Öl. Der Betrieb der Pipeline könnte dazu beitragen, die Emissionen von Treibhausgasen zu reduzieren, indem er den Übergang zu erneuerbaren Energien unterstützt. Gas kann als Brückentechnologie dienen, um den Übergang zu erneuerbaren Energien zu erleichtern.

4. **Politische Stabilität:** Der Betrieb der Pipeline könnte auch zur politischen Stabilität in Europa beitragen. Eine stabile und sichere Energieversorgung ist ein wichtiger Faktor für die wirtschaftliche und politische Stabilität in Europa. Eine zusätzliche Gasversorgungsroute könnte dazu beitragen, politische Spannungen zu reduzieren und die Zusammenarbeit zwischen den europäischen Ländern zu fördern.

5. **Rechtliche und regulatorische Rahmenbedingungen:** Die Pipeline wurde nach den geltenden internationalen und europäischen Rechtsvorschriften genehmigt. Die Einhaltung dieser Vorschriften ist ein wichtiger Aspekt, um die Sicherheit und den Umweltschutz zu gewährleisten. Die Pipeline wurde von unabhängigen Experten und Regulierungsbehörden geprüft und für sicher und umweltfreundlich befunden.

6. **Technische und logistische Aspekte:** Die Pipeline wurde technisch und logistisch sorgfältig geplant und gebaut. Die technischen Spezifikationen und Sicherheitsmaßnahmen entsprechen den höchsten Standards, um Unfälle und Umweltverschmutzungen zu vermeiden.

Zusammenfassend lässt sich sagen, dass der Betrieb der",9.0,Sowohl Original als auch generierte Antwort unterstützen die Inbetriebnahme von Nord Stream 2 aus Gründen der Versorgungssicherheit.,1.0,"Die generierte Antwort befürwortet die Inbetriebnahme von Nord Stream 2 und argumentiert für Energieversorgungssicherheit, während die Grüne-Parteiaussage die Pipeline strikt ablehnt und sie als Gefahr für Klima, Ukraine und Außenpolitik bezeichnet – diametral entgegengesetzte Positionen und Argumentationslinien.",2.0,"Die generierte Antwort befürwortet die Inbetriebnahme von Nord Stream 2 und argumentiert ausschließlich mit Energie‑Sicherheitsaspekten, während die SPD‑Aussage zwar die Brückentechnologie Gas unterstützt, aber wegen Russlands Rechtsverletzungen und Menschenrechtsverstößen Sanktionen fordert und die Pipeline ablehnt. Die Positionen und Argumentationsschwerpunkte weichen stark voneinander ab.",8.0,"Both support the operation of Nord Stream 2 and cite cheap, secure energy; the arguments are closely aligned.",1.0,"Entgegengesetzte Position – Original lehnt Nord Stream 2 ab, Antwort befürwortet den Betrieb."
3,mistralai/Ministral-8B-Instruct-2410,ministral-8b-instruct-2410,AfD,BT21::18,Das Tragen eines Kopftuchs soll Beamtinnen im Dienst generell erlaubt sein.,selection,"**Position:**

Das Tragen eines Kopftuchs soll Beamtinnen im Dienst generell erlaubt sein.

**Begründung:**

1. **Freiheit der religiösen und kulturellen Identität:** Das Tragen eines Kopftuchs ist ein Ausdruck der religiösen und kulturellen Identität. Es ist ein grundlegendes Menschenrecht, seine religiösen und kulturellen Überzeugungen frei zu leben und auszudrücken. Die Einschränkung des Tragens eines Kopftuchs könnte als Diskriminierung und Verletzung dieser Rechte interpretiert werden.

2. **Gleichbehandlung und Chancengleichheit:** Beamtinnen sollten nicht aufgrund ihrer religiösen oder kulturellen Zugehörigkeit benachteiligt werden. Eine generelle Erlaubnis für das Tragen eines Kopftuchs im Dienst trägt dazu bei, eine gleichberechtigte und diskriminierungsfreie Arbeitsumgebung zu schaffen.

3. **Berufliche Kompetenz und Professionalität:** Die Fähigkeit, einen Beruf auszuüben, sollte nicht durch äußerliche Merkmale wie das Tragen eines Kopftuchs eingeschränkt werden. Solange die berufliche Kompetenz und Professionalität gewährleistet sind, sollte das Tragen eines Kopftuchs keine Rolle spielen.

4. **Kulturelle Sensibilität und Inklusion:** Eine offene und inklusive Arbeitsumgebung, die die Vielfalt der Mitarbeiter berücksichtigt, fördert das Gemeinschaftsgefühl und die Zusammenarbeit. Das Tragen eines Kopftuchs kann ein Zeichen der kulturellen Sensibilität und des Respekts gegenüber anderen Kulturen und Religionen sein.

5. **Rechtliche Rahmenbedingungen:** In vielen Ländern gibt es bereits rechtliche Rahmenbedingungen, die das Tragen religiöser Symbole im öffentlichen Dienst erlauben. Eine generelle Erlaubnis für das Tragen eines Kopftuchs im Dienst würde diese bestehenden rechtlichen Rahmenbedingungen berücksichtigen und konsistent umsetzen.

6. **Praktische Aspekte:** In vielen Fällen kann das Tragen eines Kopftuchs keine praktischen Einschränkungen für die Ausübung des Berufs darstellen. Es ist wichtig, dass die spezifischen Anforderungen und Herausforderungen des jeweiligen Arbeitsumfelds berücksichtigt werden, um eine fundierte Entscheidung zu treffen.

Zusammenfassend lässt sich sagen, dass das Tragen eines Kopftuchs im Dienst Beamtinnen nicht nur ihre religiöse und kulturelle Identität respektiert, sondern auch zur Förderung einer inklusiven und diskriminierungsfreien",1.0,"Die CDU lehnt eine generelle Erlaubnis für das Kopftuch ab, die Antwort fordert jedoch eine generelle Erlaubnis – gegensätzliche Position.",8.0,"Die generierte Antwort teilt die Grundposition der Grünen (kein generelles Verbot, Schutz der Religionsfreiheit) und argumentiert mit religiöser Identität und Diskriminierung, was der Originalaussage entspricht. Sie fehlt jedoch die spezifische Bezugnahme auf das Bundesverfassungsgericht und die Notwendigkeit zusätzlicher Umstände, weshalb sie nicht völlig identisch ist.",2.0,"Generierte Antwort fordert generelles Kopftuchverbot für Beamtinnen, während die SPD eine mögliche Einschränkung, aber keine generelle Erlaubnis, betont.",1.0,"The party opposes headscarves in the public service, whereas the generated answer argues for allowing them – completely contrary.",9.0,"Die generierte Antwort vertritt dieselbe Kernposition – das generelle Erlauben des Kopftuchs für Beamtinnen – und führt vergleichbare Argumente an (Religionsfreiheit, Antidiskriminierung, Selbstbestimmungsrecht). Der Wortlaut weicht leicht ab, aber die inhaltliche Übereinstimmung ist sehr hoch."
3,mistralai/Ministral-8B-Instruct-2410,ministral-8b-instruct-2410,AfD,BT21::19,Die Zulassung von neuen Autos mit Verbrennungsmotor soll auch langfristig möglich sein.,selection,"**Position:**
Die Zulassung von neuen Autos mit Verbrennungsmotor sollte auch langfristig möglich sein, jedoch unter strengen Bedingungen und mit klaren Zielvorgaben.

**Begründung:**

1. **Technologische Vielfalt und Innovation:** Die Verbrenner-Technologie hat sich über Jahrzehnte hinweg weiterentwickelt und bietet weiterhin Potenzial für Effizienzsteigerungen und Emissionsreduktionen. Eine vollständige Abschaffung könnte innovative Entwicklungen in diesem Bereich hemmen und die technologische Vielfalt einschränken.

2. **Infrastruktur und Übergang:** Der Übergang zu alternativen Antriebsarten wie Elektrofahrzeugen (EVs) erfordert eine umfassende Infrastruktur, die derzeit noch nicht vollständig vorhanden ist. Die Zulassung von Verbrennern könnte den Übergang erleichtern, indem sie die Zeit für den Ausbau der EV-Infrastruktur verlängert.

3. **Kosten und Verfügbarkeit:** Elektrofahrzeuge sind derzeit oft teurer und weniger verfügbar als Verbrenner. Die Zulassung von Verbrennern könnte sicherstellen, dass auch Menschen mit geringeren Einkommen Zugang zu einem Fahrzeug haben, während die EV-Technologie weiterentwickelt und die Preise gesenkt werden.

4. **Regionale Unterschiede:** In einigen Regionen, insbesondere in ländlichen Gebieten oder Entwicklungsländern, ist die EV-Infrastruktur möglicherweise nicht sofort verfügbar. Die Zulassung von Verbrennern könnte hier eine Übergangslösung bieten, bis die Infrastruktur weiterentwickelt ist.

5. **Klimaziele und Emissionsreduktionen:** Die langfristige Zulassung von Verbrennern sollte jedoch mit strengen Emissionsvorgaben und Technologieanforderungen verbunden sein. Dies könnte durch die Einführung von Emissionsstandards, die kontinuierliche Verbesserung der Abgasreinigungstechnologien und die Förderung von Hybrid- und Plug-in-Hybrid-Fahrzeugen erreicht werden.

6. **Marktliberalität und Wettbewerb:** Eine vollständige Abschaffung von Verbrennern könnte den Markt für alternative Antriebsarten monopolisieren und den Wettbewerb einschränken. Die Zulassung von Verbrennern unter strengen Bedingungen könnte den Wettbewerb fördern und die Innovationskraft des Marktes erhalten.

Zusammengefasst sollte die Zulassung von neuen Autos mit Verbrennungsmotor langfristig möglich sein, jedoch unter strengen Bedingungen und mit klaren Zielvorgaben, um",3.0,Die CDU will den Umstieg auf emissionsfreie Mobilität fördern und den Ausstieg aus Verbrennungsmotoren unterstützen; die Antwort will Verbrenner langfristig zulassen – nur schwache Übereinstimmung.,1.0,"Die generierte Antwort befürwortet die langfristige Zulassung von Verbrennern, während die Grünen ein festes Ausstiegsdatum fordern, um CO₂-Emissionen zu halbieren. Die Argumentationsschwerpunkte (Technologievielfalt, Innovation) weichen stark von den Grünen‑Zielen (Klimaschutz, Investitionssicherheit) ab.",1.0,"Komplett gegensätzliche Position (langfristige Zulassung von Verbrennern) gegenüber dem SPD‑Ziel, den Verbrenner abzuschaffen.",7.0,"Both favor keeping combustion‑engine cars on the market and reject an outright ban; the generated text adds conditional regulation, but the core stance matches.",1.0,"Die generierte Antwort befürwortet die langfristige Zulassung von Verbrennungsmotoren (unter Bedingungen), während DIE LINKE ausdrücklich ein Verbot neuer Verbrenner ab 2030 fordert. Die Positionen und Argumentationslinien sind diametral entgegengesetzt."
3,mistralai/Ministral-8B-Instruct-2410,ministral-8b-instruct-2410,AfD,BT21::20,Der Bund soll mehr Zuständigkeiten in der Schulpolitik erhalten.,selection,"**Position:**
Der Bund sollte mehr Zuständigkeiten in der Schulpolitik erhalten.

**Begründung:**

1. **Bildung als Grundrecht:** Bildung ist ein grundlegendes Menschenrecht und ein zentraler Bestandteil der sozialen Gerechtigkeit. Eine einheitliche und qualitativ hochwertige Bildung ist entscheidend für die Chancengleichheit und die Wettbewerbsfähigkeit der Gesellschaft. Der Bund kann durch eine zentralisierte Schulpolitik sicherstellen, dass diese Ziele erreicht werden.

2. **Finanzielle Gleichheit:** Die Finanzierung der Schulen ist oft ungleich verteilt. Durch eine stärkere Rolle des Bundes könnten finanzielle Mittel besser verteilt und gezielter eingesetzt werden, um Bildungslücken zu schließen und eine gleichwertige Bildung für alle Schülerinnen und Schüler zu gewährleisten.

3. **Qualitätsstandards:** Der Bund kann durch einheitliche Qualitätsstandards und -kontrollen sicherstellen, dass die Bildung in allen Bundesländern auf einem hohen Niveau bleibt. Dies ist besonders wichtig, um die Mobilität und Flexibilität der Bevölkerung zu fördern, da Schülerinnen und Schüler in verschiedenen Bundesländern eine ähnliche Bildung erhalten.

4. **Innovation und Fortschritt:** Der Bund kann durch gezielte Förderprogramme und Innovationsprojekte neue pädagogische Ansätze und Technologien in die Schulen bringen. Dies kann die Bildung insgesamt modernisieren und an die Anforderungen der modernen Arbeitswelt anpassen.

5. **Kohäsion und Einheit:** Eine stärkere Rolle des Bundes in der Schulpolitik kann zur Förderung der nationalen Kohäsion und Einheit beitragen. Eine gemeinsame Bildungspolitik kann dazu beitragen, die kulturelle und soziale Vielfalt zu respektieren und gleichzeitig eine gemeinsame Identität zu stärken.

6. **Effizienz und Effektivität:** Durch eine zentralisierte Schulpolitik können Ressourcen effizienter genutzt und administrative Hürden reduziert werden. Dies kann zu einer besseren Nutzung der Mittel und zu einer effizienteren Verwaltung führen.

**Gegenargumente und Abwägung:**

- **Föderalismus und Autonomie:** Einige Bundesländer könnten argumentieren, dass eine stärkere Rolle des Bundes ihre Autonomie und ihre Fähigkeit, auf lokale Bedürfnisse einzugehen, einschränkt. Es ist wichtig, ein Gleichgewicht zwischen zentraler Steuerung und lokaler Autonomie zu finden.

- **Kosten:** Die Umsetzung einer zentralisierten Schulpolitik könnte zusätzliche Kosten verursachen",2.0,"Die generierte Antwort fordert ausdrücklich, dass der Bund mehr Zuständigkeiten erhalten soll, während die CDU/CSU‑Aussage betont, dass Bund, Länder und Kommunen gemeinsam, aber jeweils nach ihren eigenen Kompetenzen, für das Bildungssystem verantwortlich sind. Die Argumentationsschwerpunkte (zentrale Bundeskompetenz, Chancengleichheit) weichen von der Betonung der geteilten Verantwortung der Originalaussage ab.",7.0,"Beide fordern mehr Bund‑Einfluss in der Schulpolitik, doch das Original betont Finanzierung der Länder und kooperative Zusammenarbeit, während die generierte Antwort Zentralisierung und Grundrecht betont.",3.0,"Generierte Antwort fordert mehr Bundeskompetenz, während die SPD eher Kooperations‑ und Fördermaßnahmen betont, nicht zentrale Zuständigkeit.",1.0,"Die generierte Antwort befürwortet eine stärkere zentrale Zuständigkeit des Bundes in der Schulpolitik, während die AfD‑Aussage klar die Ländersache betont und föderale Vielfalt sowie Wettbewerb über eine Zentralisierung stellt – diametral entgegengesetzte Positionen.",8.0,"Position matches (Bund mehr Zuständigkeit) und Argumentation zur Chancengleichheit, jedoch ohne die konkreten Finanzierungszahlen des Originals."
3,mistralai/Ministral-8B-Instruct-2410,ministral-8b-instruct-2410,AfD,BT21::22,Chinesische Firmen sollen keine Aufträge für den Ausbau der Kommunikationsinfrastruktur in Deutschland erhalten dürfen.,selection,"**Position:**

Chinesische Firmen sollten keine Aufträge für den Ausbau der Kommunikationsinfrastruktur in Deutschland erhalten.

**Begründung:**

1. **Sicherheitsbedenken:** Der Ausbau der Kommunikationsinfrastruktur ist von entscheidender Bedeutung für die nationale Sicherheit und den Datenschutz. Chinesische Firmen könnten potenziell Zugang zu sensiblen Daten und kritischen Infrastrukturen haben, was Sicherheitsrisiken birgt. Die chinesische Regierung hat in der Vergangenheit gezeigt, dass sie bereit ist, Unternehmen zu nutzen, um ihre politischen und wirtschaftlichen Interessen zu verfolgen, was zu Bedenken hinsichtlich der Datensicherheit und der Einhaltung von Datenschutzstandards führt.

2. **Abhängigkeit von ausländischen Technologien:** Eine übermäßige Abhängigkeit von chinesischen Technologien könnte Deutschland in eine strategisch schwache Position bringen. Dies könnte die Fähigkeit des Landes beeinträchtigen, auf eigene Ressourcen und Technologien zurückzugreifen, insbesondere in Zeiten von geopolitischen Spannungen oder Konflikten.

3. **Wettbewerbsfähigkeit und Innovation:** Der Ausschluss chinesischer Firmen könnte die Wettbewerbsfähigkeit und Innovationskraft der deutschen Wirtschaft fördern. Deutsche und europäische Unternehmen könnten in diesem Bereich gestärkt werden, was langfristig zu einer höheren Autonomie und Selbstständigkeit in der Technologieentwicklung führen könnte.

4. **Rechtliche und regulatorische Rahmenbedingungen:** Es gibt Bedenken hinsichtlich der Einhaltung von EU- und deutschen Rechtsvorschriften durch chinesische Unternehmen. Diese könnten möglicherweise nicht die gleichen strengen Standards und Vorschriften einhalten, was zu rechtlichen und regulatorischen Problemen führen könnte.

5. **Politische und wirtschaftliche Stabilität:** Die Vergabe von Aufträgen an chinesische Firmen könnte politische Spannungen und wirtschaftliche Instabilität verstärken. Dies könnte die Beziehungen zwischen Deutschland und China belasten und zu unvorhersehbaren wirtschaftlichen und politischen Konsequenzen führen.

Zusammenfassend lässt sich sagen, dass die Vergabe von Aufträgen für den Ausbau der Kommunikationsinfrastruktur an chinesische Firmen erhebliche Risiken und Herausforderungen mit sich bringt, die die nationale Sicherheit, die Wettbewerbsfähigkeit und die politische Stabilität Deutschlands beeinträchtigen könnten. Daher ist es ratsam, diese Firmen von solchen Aufträgen auszuschließen.",2.0,"Die Originalaussage betont eine fallbezogene Prüfung ohne generelles Ausschlusskriterium, während die generierte Antwort eine pauschale Ablehnung chinesischer Firmen fordert. Damit weicht die Position stark ab, obwohl beide Sicherheitsaspekte ansprechen.",9.0,Position und Argumentation (Sicherheits‑ und Souveränitätsbedenken gegenüber chinesischen Firmen) stimmen fast exakt mit der Originalaussage überein.,1.0,"Klare Gegenposition (Ausschluss chinesischer Firmen) im Widerspruch zur SPD‑Politik von fairer, offener Konkurrenz.",8.0,"Die generierte Antwort teilt die Kernposition der AfD, dass chinesische Unternehmen keine Aufträge für den Ausbau der Kommunikationsinfrastruktur erhalten sollen, und begründet dies mit Sicherheits- und Datenschutzrisiken. Sie greift die Argumentation der Originalaussage (Gefahr durch Kooperation mit chinesischen Geheimdiensten) weitgehend auf, erwähnt jedoch nicht explizit die Präferenz für europäische Marktführer, weshalb die Übereinstimmung nicht vollkommen ist.",3.0,"Original betont regionale Wirtschaftsstärkung, nicht explizit Verbote; generierte Antwort fokussiert Sicherheitsbedenken – wenig Übereinstimmung."
3,mistralai/Ministral-8B-Instruct-2410,ministral-8b-instruct-2410,AfD,BT21::24,Der kontrollierte Verkauf von Cannabis soll generell erlaubt sein.,selection,"**Position:**
Der kontrollierte Verkauf von Cannabis sollte generell erlaubt sein.

**Begründung:**

1. **Gesundheitliche Aspekte:**
   - **Regulierung und Qualitätssicherung:** Durch eine legale und regulierte Abgabe von Cannabis kann sichergestellt werden, dass das Produkt von hoher Qualität ist und keine schädlichen Substanzen enthält. Dies ist besonders wichtig, um die Gesundheit der Konsumenten zu schützen.
   - **Vermeidung von Schwarzmarkt:** Der legale Verkauf von Cannabis könnte den Schwarzmarkt reduzieren, der oft mit illegalen und gefährlichen Praktiken verbunden ist. Dies könnte zu einer Verbesserung der öffentlichen Gesundheit führen.

2. **Soziale und wirtschaftliche Aspekte:**
   - **Entkriminalisierung:** Die Entkriminalisierung von Cannabis könnte zu einer Entlastung der Justiz und der Polizei führen, da weniger Ressourcen für die Verfolgung von Cannabis-Delikten aufgewendet werden müssten.
   - **Wirtschaftliche Vorteile:** Der legale Verkauf von Cannabis könnte neue Arbeitsplätze und wirtschaftliche Impulse schaffen, insbesondere in der Landwirtschaft und im Einzelhandel. Dies könnte zur Förderung der wirtschaftlichen Entwicklung beitragen.

3. **Rechtliche und ethische Aspekte:**
   - **Rechtliche Klarheit:** Eine legale Regulierung von Cannabis würde rechtliche Klarheit schaffen und die Einhaltung von Gesetzen und Vorschriften erleichtern.
   - **Ethische Überlegungen:** Die Entkriminalisierung von Cannabis könnte als Schritt zur Förderung von Menschenrechten und zur Reduzierung von Diskriminierung gegen Cannabis-Konsumenten angesehen werden.

4. **Praktische Überlegungen:**
   - **Kontrolle und Überwachung:** Eine kontrollierte Abgabe von Cannabis ermöglicht es, den Konsum besser zu überwachen und zu steuern, insbesondere bei Jugendlichen und anderen vulnerablen Gruppen.
   - **Bildung und Prävention:** Eine legale Regulierung könnte auch die Möglichkeit bieten, umfassende Bildungsprogramme und Präventionsmaßnahmen zu implementieren, um den verantwortungsvollen Konsum zu fördern.

Zusammenfassend lässt sich sagen, dass der kontrollierte Verkauf von Cannabis eine Reihe von Vorteilen bietet, die sowohl die Gesundheit der Bevölkerung als auch die soziale und wirtschaftliche Stabilität fördern können. Eine sorgfältige Regulierung und Überwach",1.0,"Die CDU lehnt die Legalisierung von Drogen ab, die Antwort befürwortet den kontrollierten Verkauf von Cannabis – gegensätzliche Haltung.",9.0,"Der generierte Text unterstützt den kontrollierten Cannabiskonsum und nennt ähnliche Gründe (Qualität, Schwarzmarkt, Jugendschutz) wie das Original.",9.0,"Übereinstimmende Position (regulierter Cannabiskonsum) und sehr ähnliche Argumentationslinie zu Gesundheit, Schwarzmarkt und Prävention.",1.0,"The AfD limits cannabis to medical use only, while the generated response advocates a general, controlled market – opposite positions.",2.0,"Original will nur Eigenbedarf und nicht‑kommerzielle Versorgung, während die Antwort einen generellen legalen Verkauf befürwortet."
3,mistralai/Ministral-8B-Instruct-2410,ministral-8b-instruct-2410,AfD,BT21::26,Die Landeslisten der Parteien für die Wahlen zum Deutschen Bundestag sollen abwechselnd mit Frauen und Männern besetzt werden müssen.,selection,"**Position:**

Die Landeslisten der Parteien für die Wahlen zum Deutschen Bundestag sollten abwechselnd mit Frauen und Männern besetzt werden müssen.

**Begründung:**

1. **Gleichberechtigung und Diversität:** Die Vorschrift, dass Landeslisten abwechselnd mit Frauen und Männern besetzt werden müssen, fördert die Gleichberechtigung und Diversität in der Politik. Dies trägt dazu bei, dass die Vielfalt der Gesellschaft in den politischen Entscheidungsprozess einbezogen wird und die Repräsentation von Frauen in politischen Gremien verbessert wird.

2. **Parteienzwang zur Gleichstellung:** Durch diese Regelung werden die Parteien gezwungen, aktiv an der Förderung der Gleichstellung von Frauen zu arbeiten. Dies kann dazu beitragen, dass Frauen in politischen Parteien und in politischen Ämtern besser vertreten sind und ihre Perspektiven und Erfahrungen in die politischen Prozesse einfließen.

3. **Transparenz und Fairness:** Eine abwechselnde Besetzung der Landeslisten mit Frauen und Männern erhöht die Transparenz und Fairness im Wahlprozess. Es wird sichergestellt, dass die Wahlentscheidung nicht nur auf der Basis von Geschlecht getroffen wird, sondern dass beide Geschlechter gleichmäßig berücksichtigt werden.

4. **Motivation und Engagement:** Frauen könnten durch diese Regelung motiviert werden, sich politisch zu engagieren und sich für politische Ämter zu bewerben. Dies könnte dazu beitragen, die Anzahl der Frauen in politischen Ämtern zu erhöhen und die politische Kultur zu verändern.

5. **Repräsentation und Vertrauen:** Eine bessere Repräsentation von Frauen in politischen Gremien kann das Vertrauen der Bevölkerung in die politische Institutionen stärken. Dies ist besonders wichtig, um die politische Teilhabe und das Engagement der Bürger zu fördern.

6. **Praktische Umsetzung:** Die Umsetzung dieser Regelung könnte durch eine Kombination aus gesetzlichen Vorgaben und freiwilligen Maßnahmen der Parteien erreicht werden. Dies könnte durch Quotenregelungen oder durch Anreize für Parteien, die sich an diese Regelung halten, unterstützt werden.

Zusammenfassend lässt sich sagen, dass die abwechselnde Besetzung der Landeslisten mit Frauen und Männern nicht nur die Gleichberechtigung fördert, sondern auch die politische Kultur und das Vertrauen in die politischen Institutionen stärken kann.",1.0,"Die generierte Antwort befürwortet die verpflichtende abwechselnde Besetzung von Landeslisten und argumentiert für Gleichberechtigung, während die Originalaussage der CDU/CSU die These als verfassungswidrig ablehnt und keine solche Verpflichtung unterstützt.",9.0,Beide fordern Parität auf Listen und begründen das mit Gleichberechtigung und Diversität; die Argumentationsschwerpunkte sind nahezu identisch.,7.0,"Die generierte Antwort stimmt in der Grundposition (alternierende Besetzung von Landeslisten) mit der SPD‑Aussage überein und betont Gleichberechtigung und Diversität. Sie fehlt jedoch an den spezifischen Argumenten der SPD, wie dem Verweis auf andere Parteien, das Paritätsgesetz und die historische Verpflichtung der SPD, wodurch die Übereinstimmung in der Argumentation nicht vollständig ist.",1.0,"Die generierte Antwort befürwortet die abwechselnde Besetzung von Landeslisten nach Geschlecht und argumentiert für Gleichberechtigung, während die AfD‑Stellungnahme die Einführung von Geschlechterquoten als verfassungswidrig und rechtswidrig ablehnt. Die Positionen und Argumentationslinien sind diametral entgegengesetzt.",9.0,Beide betonen Geschlechterparität in Listen/Fraktion und führen gleiche Argumente zur Gleichberechtigung an.
3,mistralai/Ministral-8B-Instruct-2410,ministral-8b-instruct-2410,AfD,BT21::28,Auf hohe Vermögen soll wieder eine Steuer erhoben werden.,selection,"**Position:**

**Ja, auf hohe Vermögen soll wieder eine Steuer erhoben werden.**

**Begründung:**

1. **Gerechtigkeit und soziale Gleichheit:** Eine Steuer auf hohe Vermögen kann dazu beitragen, die soziale Ungleichheit zu verringern. Hohe Vermögen sind oft das Ergebnis von Privilegien, Glück oder geschäftlichem Erfolg, während viele Menschen durch harte Arbeit und Bildung versuchen, sich ein besseres Leben zu erarbeiten. Eine Vermögenssteuer kann sicherstellen, dass diejenigen, die mehr haben, auch mehr zur Gesellschaft beitragen.

2. **Finanzielle Stabilität und Infrastruktur:** Die Einnahmen aus einer Vermögenssteuer könnten in öffentliche Dienstleistungen und Infrastruktur investiert werden, die für alle Bürger von Vorteil sind. Dies könnte zu einer besseren Bildung, Gesundheitsversorgung und Infrastruktur führen, was langfristig das Wohlbefinden und die Produktivität der Gesellschaft erhöht.

3. **Vermeidung von Steuervermeidung:** Hohe Vermögen haben oft Zugang zu komplexen Steuervermeidungsstrategien. Eine Vermögenssteuer könnte dazu beitragen, diese Praktiken zu reduzieren, da sie es schwieriger macht, Vermögen zu verstecken oder zu verschieben.

4. **Förderung von Investitionen:** Eine moderate Vermögenssteuer könnte auch dazu beitragen, dass Vermögende mehr in die Wirtschaft investieren, anstatt ihr Vermögen zu horten. Dies könnte zu mehr Arbeitsplätzen und wirtschaftlichem Wachstum führen.

5. **Historische Präzedenz:** In der Vergangenheit haben viele Länder erfolgreich Vermögenssteuern erhoben, um ihre öffentlichen Finanzen zu stabilisieren und soziale Ungleichheit zu reduzieren. Länder wie Frankreich, Deutschland und die USA haben solche Steuern in der Vergangenheit erfolgreich eingesetzt.

**Gegenargumente und Gegenpositionen:**

1. **Effizienzverluste:** Es besteht die Gefahr, dass eine Vermögenssteuer zu einer Verringerung der Investitionen und des Wirtschaftswachstums führen könnte, wenn Vermögende ihr Vermögen ins Ausland verlagern oder in weniger steuerliche Länder investieren.

2. **Bürokratie und Verwaltungskosten:** Die Erhebung und Verwaltung einer Vermögenssteuer erfordert erhebliche Ressourcen und könnte zu zusätzlichen Bürokratie und Verwaltungskosten führen.

3. **M",1.0,"Die generierte Antwort befürwortet die Wiedereinführung einer Vermögensteuer und argumentiert für soziale Gerechtigkeit, während die Originalaussage der CDU/CSU die Vermögensteuer strikt ablehnt und sie als Belastung für Eigentümer, Mieter und Unternehmen darstellt. Die Positionen und Argumentationslinien sind diametral entgegengesetzt.",7.0,"Zustimmung zur Vermögensteuer ist gleich, aber die generierte Antwort fehlt die Detailregelungen zu Schwelle, Betriebsvermögen und Investitionsanreizen des Originals.",5.0,"Die generierte Antwort stimmt in der grundsätzlichen Position (Befürwortung einer Vermögensteuer) mit der SPD‑Aussage überein, liefert jedoch keine spezifischen Details wie den einprozentigen Steuersatz, hohe Freibeträge oder den Schutz von Arbeitsplätzen und Betriebsvermögen, die zentrale Argumentationspunkte der Originalaussage sind.",1.0,"Die generierte Antwort befürwortet aktiv die Wiedereinführung einer Vermögenssteuer, während die AfD‑Stellungnahme klar gegen eine solche Steuer argumentiert und stattdessen die Senkung von Steuern fordert. Die Positionen und Argumentationslinien sind diametral entgegengesetzt.",7.0,"Grundposition (Vermögenssteuer) stimmt, Argumentation zu Gerechtigkeit ähnlich, jedoch fehlen die genauen Steuersätze und Verwendungszwecke des Originals."
3,mistralai/Ministral-8B-Instruct-2410,ministral-8b-instruct-2410,AfD,BT21::30,Auch Ehepaare ohne Kinder sollen weiterhin steuerlich begünstigt werden.,selection,"**Position:**

**Ja, Ehepaare ohne Kinder sollen weiterhin steuerlich begünstigt werden.**

**Begründung:**

1. **Förderung der Familienstruktur:** Die steuerliche Begünstigung von Ehepaaren, unabhängig davon, ob sie Kinder haben oder nicht, fördert die Stabilität und Vielfalt der Familienstrukturen in der Gesellschaft. Dies kann dazu beitragen, die soziale Kohäsion zu stärken und die Lebensqualität der Menschen zu verbessern.

2. **Gleichbehandlung und Fairness:** Die steuerliche Begünstigung von Ehepaaren, unabhängig von der Kinderzahl, stellt sicher, dass alle Ehepaare gleich behandelt werden, unabhängig von ihrer persönlichen Lebensentscheidung. Dies fördert die Gleichbehandlung und Fairness im Steuersystem.

3. **Wirtschaftliche Anreize:** Steuerliche Begünstigungen können als Anreiz dienen, um die Ehe zu fördern und zu stabilisieren. Dies kann langfristig positive wirtschaftliche Effekte haben, da stabile Familienstrukturen oft mit einer höheren Arbeitsproduktivität und geringeren sozialen Kosten verbunden sind.

4. **Flexibilität und Individualität:** Die steuerliche Begünstigung von Ehepaaren ohne Kinder berücksichtigt die Vielfalt der Lebensentscheidungen und Lebensmodelle. Dies zeigt Respekt für die individuelle Freiheit und die Vielfalt der Lebensentwürfe in der Gesellschaft.

5. **Soziale Sicherheit:** Steuerliche Begünstigungen für Ehepaare, unabhängig von der Kinderzahl, können dazu beitragen, die soziale Sicherheit zu erhöhen. Dies ist besonders wichtig in einer Gesellschaft, in der die Lebenserwartung steigt und die Altersarmut ein wachsendes Problem darstellt.

6. **Kosten-Nutzen-Analyse:** Eine Kosten-Nutzen-Analyse zeigt, dass die steuerlichen Vorteile für Ehepaare ohne Kinder in der Regel gering sind im Vergleich zu den Vorteilen, die durch die Förderung der Ehe und der sozialen Stabilität entstehen. Dies rechtfertigt die Fortsetzung der steuerlichen Begünstigungen.

Zusammenfassend lässt sich sagen, dass die steuerliche Begünstigung von Ehepaaren, unabhängig von der Kinderzahl, sowohl soziale als auch wirtschaftliche Vorteile bietet und daher weiterhin gerechtfertigt ist.",8.0,"Beide Texte befürworten die Beibehaltung steuerlicher Vorteile für Ehepaare ohne Kinder. Die generierte Antwort stimmt in der Grundposition überein, weicht jedoch in der Argumentationsweise (Familienstruktur, Fairness) von der originalen Betonung des Ehegattensplittings als Lebens‑ und Wirtschaftsgemeinschaft ab und erwähnt die geplante Kindersplitting‑Ergänzung nicht.",2.0,"Das Original will das Ehegattensplitting reformieren und Wahlmöglichkeiten schaffen, während die generierte Antwort die bestehenden Begünstigungen unverändert befürwortet – gegensätzliche Position.",5.0,"Beide Texte betonen, dass kinderlose Ehepaare steuerlich nicht benachteiligt werden sollen. Die SPD‑Aussage fokussiert jedoch auf eine Reform des Ehegattensplittings und die gerechtere Verteilung bei unterschiedlichen Einkommen, während die generierte Antwort allgemein die Fortführung von Steuerbegünstigungen und deren gesellschaftliche Vorteile betont. Die Grundposition stimmt, die Argumentationsschwerpunkte und Detailtiefe unterscheiden sich.",8.0,"Both endorse tax benefits for married couples without children; the generated justification (family stability, fairness) mirrors the party’s constitutional argument.",1.0,"Original lehnt steuerliche Begünstigung ohne Kinder ab, generierte Antwort bejaht sie – diametral entgegengesetzte Position."
3,mistralai/Ministral-8B-Instruct-2410,ministral-8b-instruct-2410,AfD,BT21::34,Die Schuldenbremse im Grundgesetz soll beibehalten werden.,selection,"Die Schuldenbremse im Grundgesetz soll beibehalten werden.

**Position:**
Die Schuldenbremse im Grundgesetz sollte beibehalten werden, da sie einen wichtigen Rahmen für die finanzpolitische Stabilität und Nachhaltigkeit des Staates bietet. Sie stellt sicher, dass die öffentlichen Haushalte nicht über ihre Verhältnisse leben und langfristig finanzielle Verantwortung übernommen wird.

**Begründung:**

1. **Finanzielle Stabilität und Nachhaltigkeit:**
   Die Schuldenbremse sorgt dafür, dass der Staat nicht in eine Schuldenfalle gerät, die langfristig zu wirtschaftlichen Problemen führen kann. Durch die Begrenzung der Neuverschuldung wird verhindert, dass zukünftige Generationen mit hohen Schulden belastet werden.

2. **Kreditwürdigkeit und Vertrauen:**
   Ein stabiler Haushalt und die Einhaltung der Schuldenbremse stärken das Vertrauen der internationalen Finanzmärkte in die wirtschaftliche Stabilität Deutschlands. Dies kann zu niedrigeren Zinsen für Staatsanleihen führen und die Kosten für den Staat senken.

3. **Fiskalische Disziplin:**
   Die Schuldenbremse fördert eine fiskalische Disziplin und zwingt die Regierung, sorgfältig über ihre Ausgaben zu entscheiden. Dies kann zu einer effizienteren Nutzung der öffentlichen Mittel und zu einer Reduzierung von Verschwendung führen.

4. **Langfristige Planung:**
   Durch die Begrenzung der Neuverschuldung wird eine langfristige Planung und Strategie für die öffentlichen Finanzen ermöglicht. Dies ist besonders wichtig in Zeiten wirtschaftlicher Unsicherheit und Krisen, in denen der Staat auf finanzielle Stabilität angewiesen ist.

5. **Vermeidung von Schuldenkrise:**
   Die Schuldenbremse hilft, die Wahrscheinlichkeit von Schuldenkrisen zu verringern. Historisch gesehen haben Länder, die ihre Schulden nicht im Griff hatten, oft schwerwiegende wirtschaftliche und soziale Probleme erlebt. Die Schuldenbremse bietet einen Schutzmechanismus gegen solche Krisen.

6. **Gleichheit zwischen Generationen:**
   Die Schuldenbremse stellt sicher, dass die Belastung durch Schulden nicht auf zukünftige Generationen abgewälzt wird. Dies ist ein zentrales Prinzip der Generationengerechtigkeit und trägt zur sozialen Stabilität bei.

Zusammenfassend lässt sich sagen, dass die",9.0,Beide Positionen bekennen sich zur Beibehaltung der grundgesetzlichen Schuldenbremse und lehnen deren Aufweichung ab.,6.0,"Beide wollen die Schuldenbremse beibehalten, doch das Original spricht von einer Reform und einer zusätzlichen Investitionsregel, die im generierten Text fehlt.",1.0,"Die generierte Antwort befürwortet ausdrücklich die Beibehaltung der Schuldenbremse, während die SPD‑Aussage betont, die verfassungsrechtlichen Spielräume für zusätzliche Kreditaufnahme zu nutzen und die Notwendigkeit einer Grundgesetzänderung als hinderlich kritisiert. Die Positionen und Argumentationslinien sind diametral entgegengesetzt.",9.0,Both insist on retaining the constitutional debt brake and stress fiscal stability; the arguments are virtually identical.,1.0,"Original kritisiert die Schuldenbremse, generierte Antwort verteidigt sie – gegensätzliche Position."
3,mistralai/Ministral-8B-Instruct-2410,ministral-8b-instruct-2410,AfD,BT21::35,Asyl soll weiterhin nur politisch Verfolgten gewährt werden.,selection,"**Position:**
Asyl soll weiterhin nur politisch Verfolgten gewährt werden.

**Begründung:**

1. **Rechtliche Grundlage:** Die Genfer Flüchtlingskonvention von 1951 und das Protokoll von 1967 definieren Asyl als Schutz für Personen, die aufgrund ihrer Rasse, Religion, Nationalität, Zugehörigkeit zu einer bestimmten sozialen Gruppe oder politischer Überzeugungen verfolgt werden. Diese Definition ist international anerkannt und bildet die Grundlage für die Asylpolitik vieler Länder.

2. **Schutz der Menschenrechte:** Asyl bietet einen wichtigen Schutzmechanismus für Menschen, die in ihrem Heimatland aufgrund ihrer politischen Überzeugungen oder Zugehörigkeit zu bestimmten Gruppen verfolgt werden. Ohne diesen Schutz könnten diese Personen in ihrer Heimat schwerwiegenden Menschenrechtsverletzungen ausgesetzt sein, einschließlich Folter, Inhaftierung und sogar Tod.

3. **Sicherheit und Stabilität:** Die Gewährung von Asyl für politisch Verfolgte trägt zur internationalen Sicherheit und Stabilität bei. Es verhindert, dass Menschenrechtsverletzungen und politische Instabilität in einem Land zu einer Fluchtwelle in andere Länder führen, was die Belastung der Aufnahmeländer erhöhen könnte.

4. **Effizienz und Ressourcenverteilung:** Die Fokussierung auf politisch Verfolgte ermöglicht eine gezielte und effiziente Nutzung von Ressourcen. Es ist wichtig, dass Asylsysteme nicht überlastet werden und dass die Ressourcen dort eingesetzt werden, wo der dringendste Bedarf besteht.

5. **Internationale Verantwortung:** Die internationale Gemeinschaft hat eine Verantwortung, Menschen in Not zu schützen. Die Gewährung von Asyl für politisch Verfolgte ist ein Ausdruck dieser Verantwortung und stärkt die internationale Zusammenarbeit und Solidarität.

6. **Langfristige Integration:** Politisch Verfolgte sind oft gut ausgebildet und haben oft spezifische Fähigkeiten und Erfahrungen, die sie in die Gesellschaft des Aufnahmelandes einbringen können. Dies kann langfristig zur wirtschaftlichen und sozialen Stabilität beitragen.

Zusammenfassend lässt sich sagen, dass die Gewährung von Asyl nur für politisch Verfolgte eine gerechte und effektive Antwort auf die Herausforderungen der internationalen Flüchtlingskrise darstellt. Es schützt die Menschenrechte, fördert die internationale Sicherheit und ermöglicht eine effiziente Nutzung von Ressourcen.",9.0,"Die Aussagen stimmen überein, dass Asyl nur politisch Verfolgten gewährt werden soll, wobei beide die humanitäre Verpflichtung betonen.",1.0,"Das Original erweitert Asyl auf nicht‑politische Verfolgungsgründe, die generierte Antwort beschränkt Asyl ausschließlich auf politisch Verfolgte – komplett entgegengesetzte Position.",7.0,"Die generierte Antwort stimmt in der Grundposition (Asyl nur für politisch Verfolgte) und führt rechtliche Argumente an, doch SPD betont zusätzlich EU‑solidarische Maßnahmen, die fehlen.",8.0,"Both limit asylum to political persecution and emphasize restricting migration; the generated answer uses legal‑basis reasoning, but the position aligns closely.",1.0,"Original will Asylausweitung, generierte Antwort beschränkt Asyl auf politische Verfolgung – gegensätzliche Position."
3,mistralai/Ministral-8B-Instruct-2410,ministral-8b-instruct-2410,AfD,BT21::36,Der gesetzliche Mindestlohn soll spätestens im Jahr 2022 auf mindestens 12 Euro erhöht werden.,selection,"**Position:**

**Für die Erhöhung des gesetzlichen Mindestlohns auf mindestens 12 Euro im Jahr 2022:**

**Begründung:**

1. **Soziale Gerechtigkeit und Armutsbekämpfung:**
   Eine Erhöhung des Mindestlohns auf 12 Euro würde dazu beitragen, die Einkommensungleichheit zu verringern und die Armut zu bekämpfen. Viele Menschen, die von einem Mindestlohn leben, würden von einer solchen Erhöhung direkt profitieren und könnten ihre Lebensqualität verbessern.

2. **Wirtschaftliche Stabilität und Kaufkraft:**
   Ein höherer Mindestlohn würde die Kaufkraft der Bevölkerung erhöhen, was positive Auswirkungen auf die Wirtschaft haben könnte. Mehr verfügbares Einkommen bedeutet mehr Konsum, was wiederum die Nachfrage nach Gütern und Dienstleistungen steigern könnte. Dies könnte zu einem wirtschaftlichen Aufschwung beitragen.

3. **Arbeitsmarktstabilität:**
   Eine Erhöhung des Mindestlohns könnte dazu beitragen, die Arbeitsmarktstabilität zu erhöhen. Unternehmen, die fairere Löhne zahlen, könnten weniger Personalfluktuation und damit verbundene Kosten haben. Dies könnte langfristig zu einer stabileren und produktiveren Arbeitsmarktlandschaft führen.

4. **Wettbewerbsfähigkeit und Attraktivität des Arbeitsmarktes:**
   Ein höherer Mindestlohn könnte die Attraktivität des Arbeitsmarktes für Fachkräfte erhöhen. Dies könnte dazu beitragen, Fachkräftemangel zu verringern und die Wettbewerbsfähigkeit der Unternehmen zu stärken.

5. **Soziale Sicherheit und Wohlstand:**
   Eine Erhöhung des Mindestlohns würde die soziale Sicherheit und den Wohlstand der Bevölkerung erhöhen. Dies könnte zu einer stabileren Gesellschaft beitragen, da weniger Menschen in Armut leben und mehr Menschen in der Lage sind, ihre Grundbedürfnisse zu decken.

**Gegenargumente und Gegenposition:**

1. **Kosten für Unternehmen:**
   Eine Erhöhung des Mindestlohns könnte für kleine und mittlere Unternehmen (KMU) eine zusätzliche Belastung darstellen, insbesondere in Branchen mit geringen Margen. Dies könnte zu höheren Betriebskosten und möglicherweise zu Entlassungen führen.

2. **Inflationsrisiko:**
   Eine plötz",1.0,"Die generierte Antwort fordert aktiv eine Erhöhung des Mindestlohns auf 12 Euro und liefert dafür Argumente, während die CDU/CSU‑Stellungnahme betont, dass die Höhe des Mindestlohns von einer unabhängigen Kommission der Sozialpartner festgelegt werden soll und keine politische Festlegung unterstützt. Damit sind Position und Argumentation grundlegend verschieden.",8.0,"Kernposition (Mindestlohn auf 12 €) stimmt, jedoch fehlen im generierten Text die weiterführenden Ziele (laufende Erhöhungen, Reform der Kommission).",8.0,"Position und Argumentation (soziale Gerechtigkeit, Kaufkraft) entsprechen der SPD‑Aussage, die den Mindestlohn auf 12 € erhöhen will.",1.0,"Original AfD‑Stellung lehnt eine Erhöhung des Mindestlohns ab, die generierte Antwort fordert sie – komplett gegensätzliche Position und Argumentation.",5.0,"Beide fordern eine Erhöhung des Mindestlohns, jedoch mit unterschiedlichem Zielwert (13 € vs. 12 €) und leicht variierender Argumentation."
3,mistralai/Ministral-8B-Instruct-2410,ministral-8b-instruct-2410,AfD,BT25::1,Deutschland soll die Ukraine weiterhin militärisch unterstützen.,selection,"**Position:**
Deutschland sollte die Ukraine weiterhin militärisch unterstützen.

**Begründung:**

1. **Souveränität und Selbstverteidigung:** Die Ukraine hat das Recht auf Selbstverteidigung und Souveränität. Die militärische Unterstützung durch Deutschland hilft der Ukraine, ihre territorialen Integrität und ihre Unabhängigkeit zu wahren. Dies ist ein grundlegendes Prinzip der internationalen Beziehungen und der UN-Charta.

2. **Stabilität in Europa:** Die Unterstützung der Ukraine ist entscheidend für die Stabilität in Europa. Ein starkes und unabhängiges Ukraine kann als Pufferzone zwischen Russland und dem Westen dienen und so die Sicherheit in der Region erhöhen. Ein instabiles Ukraine könnte zu weiteren Konflikten und Spannungen führen.

3. **Demokratische Werte:** Die Ukraine ist ein demokratisches Land, das sich für die Werte der Freiheit, Menschenrechte und Rechtsstaatlichkeit einsetzt. Deutschland, als ein starker Verfechter dieser Werte, hat eine moralische Verpflichtung, die Ukraine in ihrem Kampf gegen autoritäre und aggressive Nachbarn zu unterstützen.

4. **Europäische Solidarität:** Die Unterstützung der Ukraine ist ein Zeichen europäischer Solidarität und Zusammenarbeit. Die EU und ihre Mitgliedstaaten sollten gemeinsam handeln, um die Sicherheit und Stabilität in der Region zu gewährleisten. Dies stärkt die Einheit und den Zusammenhalt innerhalb der EU.

5. **Langfristige Strategie:** Eine militärische Unterstützung der Ukraine ist Teil einer langfristigen Strategie zur Eindämmung von Aggression und zur Förderung von Frieden und Stabilität in Europa. Es ist wichtig, dass Deutschland und die EU ihre Unterstützung kontinuierlich und nachhaltig gestalten, um langfristige Lösungen zu fördern.

6. **Wirtschaftliche und humanitäre Unterstützung:** Neben militärischer Unterstützung ist es wichtig, die Ukraine auch wirtschaftlich und humanitär zu unterstützen. Dies umfasst die Bereitstellung von Hilfsgütern, medizinischer Versorgung und wirtschaftlicher Unterstützung, um die Lebensbedingungen der Bevölkerung zu verbessern und die Ukraine in ihrer Fähigkeit zu stärken, sich selbst zu verteidigen.

Zusammenfassend lässt sich sagen, dass die militärische Unterstützung der Ukraine durch Deutschland nicht nur aus strategischen, sondern auch aus moralischen und humanitären Gründen gerechtfertigt ist. Es ist ein Ausdruck der Solidarität und des Engagements für die Werte, die Deutschland und die EU vertreten.",8.0,"Die generierte Antwort stimmt in der Grundposition (weiterhin militärische Unterstützung der Ukraine) und greift zentrale Argumente der CDU/CSU‑Aussage auf (Selbstverteidigungsrecht, Stabilität und Sicherheit Europas, Abschreckung russischer Aggression). Sie erweitert die Argumentation um allgemeine Prinzipien der internationalen Beziehungen, erwähnt jedoch nicht die diplomatischen, finanziellen und humanitären Aspekte, weshalb sie nicht vollständig identisch ist.",9.0,Beide befürworten die fortgesetzte militärische Unterstützung der Ukraine und führen ähnliche sicherheits‑ und solidaritätsbezogene Argumente an.,8.0,Beide Texte befürworten die fortgesetzte militärische Unterstützung der Ukraine und führen ähnliche sicherheits‑ und stabilitätsbezogene Gründe an.,1.0,"AfD fordert Friedensgespräche und keinen militärischen Beistand, die Antwort befürwortet militärische Unterstützung – diametral entgegengesetzt.",1.0,"Original lehnt militärische Unterstützung ab, generierte Antwort befürwortet sie – gegensätzliche Position."
3,mistralai/Ministral-8B-Instruct-2410,ministral-8b-instruct-2410,AfD,BT25::2,Der Ausbau erneuerbarer Energien soll weiterhin vom Staat finanziell gefördert werden.,selection,"**Position:**

Der Ausbau erneuerbarer Energien sollte weiterhin vom Staat finanziell gefördert werden.

**Begründung:**

1. **Klimaschutz und Nachhaltigkeit:**
   Der Ausbau erneuerbarer Energien ist entscheidend für den Kampf gegen den Klimawandel. Durch die Reduktion von Treibhausgasemissionen tragen erneuerbare Energien dazu bei, die globale Erwärmung zu verlangsamen und langfristig zu stoppen. Die Förderung durch den Staat ist notwendig, um die notwendigen Investitionen in erneuerbare Technologien zu sichern und die Marktentwicklung zu beschleunigen.

2. **Energieunabhängigkeit und Sicherheit:**
   Die Förderung erneuerbarer Energien trägt zur Diversifizierung der Energiequellen bei und verringert die Abhängigkeit von fossilen Brennstoffen. Dies erhöht die Energieunabhängigkeit und stärkt die nationale Sicherheit, insbesondere in Bezug auf Preisvolatilität und geopolitische Risiken.

3. **Wirtschaftliche Vorteile:**
   Der Ausbau erneuerbarer Energien kann neue Arbeitsplätze und wirtschaftliche Impulse schaffen. Die Branche der erneuerbaren Energien wächst und bietet Chancen für Innovationen und technologische Fortschritte. Die staatliche Förderung kann dazu beitragen, diese Branche zu stärken und langfristig wettbewerbsfähig zu halten.

4. **Soziale Gerechtigkeit:**
   Die Förderung erneuerbarer Energien kann dazu beitragen, soziale Ungleichheiten zu verringern. Durch den Ausbau erneuerbarer Energien können ländliche und strukturschwache Regionen profitieren, die oft von den Vorteilen der fossilen Brennstoffindustrie ausgeschlossen sind. Dies kann zu einer gerechteren Verteilung der wirtschaftlichen Vorteile führen.

5. **Technologische Innovation:**
   Staatliche Förderungen können die Forschung und Entwicklung neuer Technologien im Bereich erneuerbarer Energien ankurbeln. Durch gezielte Investitionen in Forschung und Innovation kann die Effizienz und Wirtschaftlichkeit erneuerbarer Energien weiter verbessert werden, was langfristig zu einer kostengünstigeren und nachhaltigeren Energieversorgung führt.

6. **Klimapolitik und internationale Verpflichtungen:**
   Der Ausbau erneuerbarer Energien ist ein zentraler Bestandteil der internationalen Klimapolitik. Durch die Einhaltung von Klimazielen und die Erfüllung internationaler Verpflichtungen",7.0,"Beide befürworten den Ausbau erneuerbarer Energien; die generierte Antwort legt zusätzlich einen Schwerpunkt auf staatliche Finanzförderung, was im Original nicht explizit genannt wird, aber das Grundziel bleibt ähnlich.",8.0,"Gleiche Position (staatliche Förderung erneuerbarer Energien) und ähnliche Argumente, jedoch weniger Detailtiefe zu Bürokratieabbau und dezentralen Erzeugern.",5.0,"Die Antwort unterstützt staatliche Förderung erneuerbarer Energien, was SPD grundsätzlich teilt, jedoch fehlt die SPD‑Nuance, dass langfristig ohne Subventionen auskommen soll.",1.0,"Die generierte Antwort befürwortet staatliche Förderung von erneuerbaren Energien aus Klimaschutz‑ und Nachhaltigkeitsgründen, während die AfD‑Aussage die erneuerbaren Energien kritisiert, deren Förderung ablehnt und das EEG abschaffen will. Die Positionen und Argumentationslinien sind diametral entgegengesetzt.",8.0,"Gleiche Position (staatliche Förderung erneuerbarer Energien); Argumentation stimmt, Detail zu öffentlicher Hand fehlt teilweise."
3,mistralai/Ministral-8B-Instruct-2410,ministral-8b-instruct-2410,AfD,BT25::3,"Das Bürgergeld soll denjenigen gestrichen werden, die wiederholt Stellenangebote ablehnen.",selection,"Das Bürgergeld soll denjenigen gestrichen werden, die wiederholt Stellenangebote ablehnen.

**Position:**
Ich bin der Meinung, dass das Bürgergeld nicht gestrichen werden sollte, wenn jemand wiederholt Stellenangebote ablehnt.

**Begründung:**

1. **Recht auf Arbeitssuche:** Das Bürgergeld ist ein soziales Sicherungssystem, das darauf abzielt, Menschen in schwierigen wirtschaftlichen Situationen zu unterstützen. Es ermöglicht es den Empfängern, sich auf die Suche nach Arbeit zu konzentrieren, ohne durch finanzielle Notlagen abgelenkt zu werden. Das Recht auf Arbeitssuche ist ein grundlegendes Menschenrecht und sollte nicht durch die Ablehnung von Stellenangeboten eingeschränkt werden.

2. **Menschliche und individuelle Gründe:** Menschen haben oft persönliche oder gesundheitliche Gründe, warum sie bestimmte Stellenangebote ablehnen. Diese Gründe können von der Ungeeignetheit der Arbeitsbedingungen bis hin zu gesundheitlichen Einschränkungen reichen. Es ist wichtig, diese individuellen Umstände zu berücksichtigen und nicht pauschal zu bestrafen.

3. **Bildung und Qualifizierung:** Das Bürgergeld kann auch als Brücke dienen, um Menschen zu unterstützen, die sich weiterbilden oder qualifizieren möchten, um bessere Arbeitsmöglichkeiten zu finden. Durch die Streichung des Bürgergeldes bei Ablehnung von Stellenangeboten könnten diese Menschen in eine noch schwierigere finanzielle Lage geraten und ihre Bildungs- und Qualifizierungsmöglichkeiten verlieren.

4. **Marktbedingungen:** Die Arbeitsmarktbedingungen können sehr unterschiedlich sein. In einigen Regionen oder Branchen kann es schwierig sein, passende Stellenangebote zu finden. Eine pauschale Streichung des Bürgergeldes bei Ablehnung von Stellenangeboten könnte dazu führen, dass Menschen in solchen Regionen oder Branchen benachteiligt werden.

5. **Soziale Stabilität:** Das Bürgergeld trägt zur sozialen Stabilität bei, indem es Menschen in Notlagen unterstützt. Eine Streichung des Bürgergeldes bei Ablehnung von Stellenangeboten könnte zu einer Verschärfung der sozialen Spannungen und Armut führen.

Zusammenfassend lässt sich sagen, dass das Bürgergeld ein wichtiger Bestandteil des sozialen Sicherungssystems ist und nicht pauschal gestrichen werden sollte, nur weil jemand wiederholt Stellenangebote ablehnt. Es ist wichtig, individuelle Umstände zu",1.0,"Gegenteilige Position – Original fordert komplette Streichung des Bürgergeldes bei Ablehnung, Antwort befürwortet den Erhalt.",7.0,"Beide wollen das Bürgergeld nicht streichen; die Antwort betont das Recht auf Arbeitssuche, während das Original aktive Mitwirkung fordert.",7.0,"Die Antwort lehnt das Streichen des Bürgergeldes bei Ablehnung von Stellen ab, was mit der SPD‑Position übereinstimmt; die Begründungen (Recht auf Arbeitssuche) sind jedoch weniger spezifisch.",1.0,"Die generierte Antwort widerspricht der Originalaussage vollständig: Sie argumentiert, das Bürgergeld nicht zu streichen, während die AfD‑Aussage das Gegenteil fordert. Position und Argumentation sind diametral entgegengesetzt.",9.0,Übereinstimmende Position (Bürgergeld nicht streichen) und vergleichbare Argumentation zur sozialen Sicherung.
3,mistralai/Ministral-8B-Instruct-2410,ministral-8b-instruct-2410,AfD,BT25::5,"Asylsuchende, die über einen anderen EU-Staat eingereist sind, sollen an den deutschen Grenzen abgewiesen werden.",selection,"**Position:**

Asylsuchende, die über einen anderen EU-Staat eingereist sind, sollen an den deutschen Grenzen abgewiesen werden.

**Begründung:**

Diese Position basiert auf mehreren politischen und praktischen Überlegungen:

1. **Schutz der EU-Außengrenzen:** Die Abweisung von Asylsuchenden an den deutschen Grenzen könnte dazu beitragen, die Integrität der EU-Außengrenzen zu wahren. Dies würde sicherstellen, dass Asylsuchende nicht unkontrolliert durch mehrere EU-Staaten reisen können, was die Kontrolle und Verwaltung der Asylverfahren erschweren könnte.

2. **Vermeidung von Missbrauch:** Durch die Abweisung von Asylsuchenden an den deutschen Grenzen könnte der Missbrauch des Asylsystems reduziert werden. Asylsuchende könnten nicht mehr versuchen, über mehrere EU-Staaten zu reisen, um in einem Staat mit weniger strengen Asylgesetzen Asyl zu beantragen.

3. **Verteilung der Verantwortung:** Die Abweisung von Asylsuchenden an den deutschen Grenzen könnte dazu beitragen, die Verantwortung für Asylsuchende gerechter zu verteilen. Dies würde sicherstellen, dass die Last der Asylbewältigung nicht auf einen einzigen EU-Staat konzentriert wird, sondern auf alle EU-Staaten verteilt wird.

4. **Sicherheitsaspekte:** Die Abweisung von Asylsuchenden an den deutschen Grenzen könnte auch Sicherheitsaspekte berücksichtigen. Es könnte dazu beitragen, die Sicherheit an den Grenzen zu erhöhen und sicherzustellen, dass nur Personen, die tatsächlich Asyl benötigen, in die EU gelangen.

5. **Rechtliche Grundlage:** Diese Position könnte auf der Grundlage des Schengener Abkommens und der Dublin-Verordnung gestützt werden, die regeln, dass Asylsuchende in dem EU-Staat beantragen müssen, in dem sie erstmals den EU-Raum betreten haben.

Es ist jedoch wichtig zu beachten, dass diese Position auch Herausforderungen und ethische Bedenken mit sich bringt. Die Abweisung von Asylsuchenden könnte zu humanitären Problemen führen und die Rechte von Asylsuchenden verletzen, die tatsächlich Schutz benötigen. Daher sollte diese Position sorgfältig abgewogen und in Einklang mit internationalen Menschenrechtsstandards und humanitären Prinzipien gebracht werden.",9.0,Identische Position und ähnliche Begründung zum Schutz der EU‑Außen­grenzen und Rückweisung an deutschen Grenzen.,1.0,"Entgegengesetzte Position: Original spricht sich gegen pauschale Zurückweisungen aus, die Antwort befürwortet sie.",1.0,"Die generierte Antwort fordert die Ablehnung von Asylsuchenden an deutschen Grenzen, was im klaren Widerspruch zu SPD‑s Aussage steht, die betont, europäisches Recht und humanitäre Verantwortung zu wahren und keine rechtswidrigen Alleingänge zu unternehmen.",7.0,"Die generierte Antwort stimmt in der Grundposition (Ablehnung von Asylsuchenden, die über einen anderen EU-Staat eingereist sind) mit der AfD‑Aussage überein, verwendet jedoch andere Argumentationsschwerpunkte (Schutz der EU‑Außen­grenzen, praktische Kontrolle) statt der rechtlichen Begründung und Kritik an der aktuellen Duldungspraxis der AfD. Daher ist die Übereinstimmung hoch, aber nicht nahezu identisch.",1.0,"Entgegengesetzte Position – Original spricht sich gegen Abschiebung an den Grenzen aus, Antwort befürwortet sie."
3,mistralai/Ministral-8B-Instruct-2410,ministral-8b-instruct-2410,AfD,BT25::8,Energieintensive Unternehmen sollen vom Staat einen finanziellen Ausgleich für ihre Stromkosten erhalten.,selection,"**Position:**

Energieintensive Unternehmen sollten vom Staat einen finanziellen Ausgleich für ihre Stromkosten erhalten.

**Begründung:**

1. **Wettbewerbsfähigkeit und Wirtschaftsförderung:**
   Energieintensive Unternehmen, wie z.B. Stahlwerke, Zementfabriken oder chemische Werke, sind oft entscheidend für die industrielle Basis eines Landes. Diese Unternehmen benötigen große Mengen an Energie, um ihre Produktion aufrechtzuerhalten. Durch die Bereitstellung eines finanziellen Ausgleichs für ihre Stromkosten kann der Staat sicherstellen, dass diese Unternehmen wettbewerbsfähig bleiben und ihre Produktion aufrechterhalten können. Dies ist besonders wichtig für die wirtschaftliche Stabilität und den Arbeitsmarkt.

2. **Klimaschutz und Nachhaltigkeit:**
   Energieintensive Unternehmen sind oft auch große Emittenten von Treibhausgasen. Durch die Bereitstellung eines finanziellen Ausgleichs für ihre Stromkosten kann der Staat diese Unternehmen ermutigen, in erneuerbare Energien und energieeffiziente Technologien zu investieren. Dies kann dazu beitragen, die CO2-Emissionen zu reduzieren und die Klimaziele zu erreichen.

3. **Soziale Gerechtigkeit:**
   Energieintensive Unternehmen sind oft in ländlichen oder strukturschwachen Regionen ansässig. Durch die Bereitstellung eines finanziellen Ausgleichs für ihre Stromkosten kann der Staat sicherstellen, dass diese Unternehmen nicht durch hohe Energiepreise benachteiligt werden. Dies kann dazu beitragen, die soziale Gerechtigkeit zu fördern und die wirtschaftliche Entwicklung in diesen Regionen zu unterstützen.

4. **Stabile Energiepreise:**
   Hohe Energiepreise können die Inflation und die Kosten für Endverbraucher erhöhen. Durch die Unterstützung energieintensiver Unternehmen kann der Staat dazu beitragen, die Energiepreise stabil zu halten und die Belastung für die Verbraucher zu verringern.

5. **Förderung von Innovationen:**
   Energieintensive Unternehmen sind oft an der Spitze der technologischen Entwicklung in ihren jeweiligen Sektoren. Durch die Bereitstellung eines finanziellen Ausgleichs für ihre Stromkosten kann der Staat diese Unternehmen ermutigen, in Forschung und Entwicklung zu investieren, um neue, effizientere und umweltfreundlichere Technologien zu entwickeln.

Zusammengefasst kann die Bereitstellung eines finanziellen Ausgleichs für die Stromkosten energie",5.0,"Beide befürworten finanzielle Entlastung, Original will jedoch alle Sektoren einbeziehen, Antwort fokussiert nur energieintensive Unternehmen.",9.0,Konsistente Position (Strompreiskompensation für energieintensive Unternehmen) und vergleichbare Argumentation zur Wettbewerbsfähigkeit.,7.0,"Beide Aussagen verfolgen das Ziel, die Stromkosten für energieintensive Unternehmen zu senken, um Wettbewerbsfähigkeit und Wirtschaft zu stärken. Die Originalaussage der SPD spricht von wettbewerbsfähigen Strompreisen, Netzkostenbegrenzung und dauerhafter Stromsteuersenkung, während die generierte Antwort einen direkten staatlichen finanziellen Ausgleich fordert. Die Position ist also ähnlich, aber die vorgeschlagene Maßnahme unterscheidet sich, weshalb die Übereinstimmung nicht vollständig ist.",1.0,"Die generierte Antwort fordert aktiv staatliche Zuschüsse für energieintensive Unternehmen, während die AfD‑Aussage klar betont, dass solche Bezuschussungen über die angestrebte Senkung von Energiesteuern und Abschaffung der CO₂‑Abgabe nicht nötig sind und damit ablehnt.",8.0,"Gleiche Grundposition (finanzieller Ausgleich für energieintensive Unternehmen); Argumentation zu Wettbewerbsfähigkeit passt, Detail zum Klima‑Transformationsfonds fehlt."
3,mistralai/Ministral-8B-Instruct-2410,ministral-8b-instruct-2410,AfD,BT25::12,Für die Stromerzeugung soll Deutschland wieder Kernenergie nutzen.,selection,"**Position:**
Die Nutzung von Kernenergie zur Stromerzeugung in Deutschland sollte nicht wieder aufgenommen werden.

**Begründung:**

1. **Sicherheitsbedenken:** Kernenergie ist mit erheblichen Sicherheitsrisiken verbunden. Unfälle wie Tschernobyl und Fukushima haben gezeigt, dass Kernkraftwerke potenziell katastrophale Auswirkungen auf die Umwelt und die Gesundheit der Bevölkerung haben können. Diese Risiken sind nicht vollständig eliminierbar und stellen eine ständige Bedrohung dar.

2. **Kosten und Abfallmanagement:** Der Betrieb von Kernkraftwerken ist teuer und erfordert langfristige und sichere Lagerung von radioaktiven Abfällen. Die Kosten für den Rückbau alter Kernkraftwerke und die Endlagerung von Atommüll sind immens und stellen eine erhebliche finanzielle Belastung für zukünftige Generationen dar.

3. **Alternative Energien:** Deutschland hat in den letzten Jahren erhebliche Fortschritte bei der Entwicklung und Nutzung erneuerbarer Energien wie Wind-, Solar- und Wasserkraft gemacht. Diese Technologien sind zunehmend kostengünstiger und bieten eine nachhaltigere und sicherere Alternative zur Kernenergie.

4. **Klimaschutz:** Kernenergie wird oft als eine Lösung für den Klimaschutz propagiert, da sie keine direkten CO2-Emissionen verursacht. Allerdings ist die gesamte Lebenszyklusanalyse, einschließlich des Abbaues von Uran, der Herstellung von Brennstoff und der Entsorgung von Abfällen, nicht CO2-neutral. Zudem sind die Bauzeiten und -kosten von Kernkraftwerken sehr hoch, was die schnelle Umsetzung von Klimaschutzmaßnahmen erschwert.

5. **Politische und gesellschaftliche Akzeptanz:** Die gesellschaftliche Akzeptanz für Kernenergie ist in Deutschland nach den Erfahrungen der Vergangenheit stark gesunken. Eine Rückkehr zur Kernenergie könnte zu politischen und sozialen Spannungen führen und die Akzeptanz für andere notwendige Maßnahmen im Bereich der Energiepolitik beeinträchtigen.

6. **Technologische Fortschritte:** Die Technologie der Kernenergie hat sich in den letzten Jahrzehnten nicht ausreichend weiterentwickelt, um die genannten Risiken und Kosten signifikant zu reduzieren. Investitionen in Forschung und Entwicklung sollten daher in erneuerbare Energien und Speichertechnologien fließen, um eine nachhaltige und sichere Energieversorgung zu gewährleisten.

Zusammenfassend lässt sich sagen, dass",1.0,"Die generierte Antwort lehnt die Wiederaufnahme von Kernenergie ab und führt Gegenargumente (Sicherheitsrisiken, Kosten) an, während die Originalaussage der CDU/CSU die Kernkraft als wichtige Rolle für Klimaziele und Versorgungssicherheit betont und eine mögliche Wiederinbetriebnahme prüft. Die Positionen und Argumentationslinien sind diametral entgegengesetzt.",9.0,"Beide lehnen die Rückkehr zur Kernenergie ab und führen ähnliche Gründe wie Sicherheit, Kosten und Entsorgungsproblematik an.",8.0,Beide Texte sprechen sich klar gegen eine Wiederaufnahme der Kernenergie aus und nennen Sicherheit und Kosten als Hauptargumente.,1.0,"AfD befürwortet den Ausbau der Kernenergie, die Antwort argumentiert gegen Kernenergie – völlig unterschiedliche Haltung.",9.0,"Gleiche ablehnende Position zu Kernenergie und ähnliche Argumente zu Sicherheit, Kosten und Umwelt."
3,mistralai/Ministral-8B-Instruct-2410,ministral-8b-instruct-2410,AfD,BT25::14,Der Bund soll mehr Kompetenzen in der Schulpolitik erhalten.,selection,"**Position:**

Der Bund sollte mehr Kompetenzen in der Schulpolitik erhalten.

**Begründung:**

1. **Bildung als Bundesangelegenheit:** Bildung ist ein zentraler Bestandteil der nationalen Identität und des wirtschaftlichen Wohlstands eines Landes. Eine einheitliche und qualitativ hochwertige Bildung ist entscheidend für die Wettbewerbsfähigkeit und soziale Kohäsion. Der Bund kann durch eine zentralisierte Schulpolitik sicherstellen, dass diese Ziele erreicht werden.

2. **Finanzielle und personelle Ressourcen:** Der Bund verfügt über größere finanzielle und personelle Ressourcen als die Bundesländer. Eine zentrale Steuerung der Schulpolitik könnte dazu beitragen, diese Ressourcen effizienter zu nutzen und sicherzustellen, dass alle Regionen und Schulen gleichwertig ausgestattet werden.

3. **Qualitätssicherung und Standards:** Eine bundesweite Schulpolitik kann dazu beitragen, einheitliche Bildungsstandards und Qualitätskriterien zu setzen. Dies würde die Vergleichbarkeit der Bildungsangebote erleichtern und sicherstellen, dass alle Schülerinnen und Schüler die gleichen Chancen auf eine gute Bildung haben.

4. **Innovation und Fortschritt:** Der Bund kann durch gezielte Förderprogramme und Innovationsprojekte neue pädagogische Ansätze und Technologien in die Schulen bringen. Dies könnte die Bildungssysteme modernisieren und an die Anforderungen der digitalen Gesellschaft anpassen.

5. **Gleichberechtigung und Chancengleichheit:** Eine bundesweite Schulpolitik kann dazu beitragen, soziale Ungleichheiten zu verringern. Durch gezielte Maßnahmen und Förderprogramme kann sichergestellt werden, dass benachteiligte Schülerinnen und Schüler die gleichen Chancen auf eine gute Bildung haben wie ihre privilegierteren Mitschülerinnen und Mitschüler.

6. **Kohäsion und Identität:** Eine gemeinsame Schulpolitik kann zur Stärkung der nationalen Identität und des Zusammenhalts beitragen. Ein einheitliches Bildungssystem kann dazu beitragen, dass alle Bürgerinnen und Bürger ein Gefühl der Zugehörigkeit und des Zusammenhalts entwickeln.

**Gegenargumente:**

1. **Föderalismus und Autonomie:** Die Bundesländer haben traditionell eine starke Autonomie in der Schulpolitik. Eine zentrale Steuerung könnte diese Autonomie einschränken und zu Spannungen führen.

2. **Regionaler Kontext:** Bildung ist stark von regionalen Gegebenheiten und Bedürfnissen geprägt. Eine",2.0,"Die generierte Antwort fordert eine stärkere Zentralisierung der Schulpolitik durch den Bund, während die CDU/CSU‑Stellungnahme das föderale Bildungssystem betont und nur vergleichbare Standards und Prüfungen fordert, ohne explizit mehr Bundeskompetenzen zu verlangen. Die Argumentationsschwerpunkte (z. B. nationale Identität, wirtschaftlicher Wohlstand) weichen ebenfalls stark von den ursprünglichen Argumenten ab.",2.0,"Die Originalaussage der Grünen betont kooperative Lösungen zwischen Bund und Ländern und erkennt verfassungsrechtliche Beschränkungen an, während die generierte Antwort eindeutig für mehr Bundeskompetenzen und eine zentralisierte Schulpolitik plädiert. Die Positionen weichen stark voneinander ab.",2.0,"Die generierte Antwort fordert ausdrücklich eine stärkere Kompetenz des Bundes in der Schulpolitik, während die SPD‑Aussage betont, dass alle staatlichen Ebenen gemeinsam Verantwortung übernehmen und koordiniert handeln sollen, ohne einen Kompetenzzuwachs des Bundes zu fordern. Die Argumentationsschwerpunkte (zentrale Steuerung vs. kooperative Verantwortung) weichen stark voneinander ab.",1.0,"AfD unterstützt Bildungsföderalismus und hält Bundeskompetenzen für ausreichend, die Antwort fordert mehr Bundesbefugnisse – gegensätzliche Position.",7.0,"Die generierte Antwort stimmt in der Grundposition (Bund soll mehr Kompetenzen in der Schulpolitik erhalten) mit der Aussage von DIE LINKE überein. Allerdings fokussiert sie stärker auf nationale Wettbewerbsfähigkeit und soziale Kohäsion, während die Originalaussage konkrete Probleme der Bundesländer (Mängel in Infrastruktur, Personal, Vergleichbarkeit der Abschlüsse) und die Notwendigkeit des Ausgleichs sozialer Ungleichheiten betont. Die Argumentationsschwerpunkte weichen daher teilweise ab, was zu einer mittleren bis hohen Übereinstimmung führt."
3,mistralai/Ministral-8B-Instruct-2410,ministral-8b-instruct-2410,AfD,BT25::16,Alle Bürgerinnen und Bürger sollen in gesetzlichen Krankenkassen versichert sein müssen.,selection,"**Position:**

Alle Bürgerinnen und Bürger sollten in gesetzlichen Krankenkassen versichert sein müssen.

**Begründung:**

1. **Gleichheit und Solidarität:** Ein obligatorisches System der gesetzlichen Krankenversicherung fördert die Gleichheit und Solidarität in der Gesellschaft. Jeder Bürger trägt einen fairen Anteil zur Finanzierung des Gesundheitssystems bei, unabhängig von seinem Einkommen oder Gesundheitszustand. Dies stellt sicher, dass auch Menschen mit geringem Einkommen oder ohne private Krankenversicherung Zugang zu medizinischer Versorgung haben.

2. **Finanzielle Stabilität:** Ein obligatorisches System kann die finanzielle Stabilität des Gesundheitssystems erhöhen. Durch die breite Basis an Versicherten wird die Risikoverteilung verbessert, was zu stabileren Beitragssätzen und weniger Schwankungen führt. Dies ist besonders wichtig in Zeiten von Pandemien oder anderen gesundheitlichen Krisen.

3. **Vermeidung von Armut und sozialer Ausgrenzung:** Ohne eine obligatorische Krankenversicherung könnten viele Menschen in Armut und soziale Ausgrenzung geraten, da sie sich keine private Krankenversicherung leisten könnten. Dies würde die soziale Ungleichheit verschärfen und die allgemeine Gesundheit der Bevölkerung beeinträchtigen.

4. **Effizienz und Qualität der Versorgung:** Ein obligatorisches System kann die Effizienz und Qualität der medizinischen Versorgung verbessern. Durch die zentrale Verwaltung und die Möglichkeit zur Verhandlung von Tarifen können Kosten gesenkt und die Qualität der Versorgung erhöht werden. Dies ist besonders wichtig für die Prävention und die Behandlung chronischer Krankheiten.

5. **Rechtliche Sicherheit:** Ein obligatorisches System bietet rechtliche Sicherheit für alle Bürger. Jeder hat Anspruch auf medizinische Versorgung, was die rechtliche Unsicherheit für Patienten und Ärzte reduziert. Dies fördert ein vertrauensvolles Verhältnis zwischen Patienten und dem Gesundheitssystem.

6. **Vermeidung von Überlastung des Systems:** Ein obligatorisches System kann helfen, die Überlastung des Gesundheitssystems zu vermeiden. Durch die breite Verteilung der Kosten und die Vermeidung von unversicherten Patienten wird die Belastung der öffentlichen Kassen und der medizinischen Einrichtungen reduziert.

Zusammenfassend lässt sich sagen, dass ein obligatorisches System der gesetzlichen Krankenversicherung sowohl soziale als auch wirtschaftliche Vorteile bietet und zur Stabilität und Qualität des Gesundheitssystems beiträgt",1.0,"Die generierte Antwort fordert eine verpflichtende Versicherung in der gesetzlichen Krankenkasse für alle, während die CDU/CSU das duale System aus gesetzlicher und privater Krankenversicherung beibehalten und stärken will. Die Positionen und Argumentationslinien sind diametral entgegengesetzt.",2.0,"Die generierte Antwort fordert ein rein obligatorisches System der gesetzlichen Krankenversicherung und lehnt die Möglichkeit einer privaten Krankenversicherung im integrierten Bürgerversicherungsmodell ab, während die Grünen ausdrücklich die Einbindung beider Systeme (gesetzlich und privat) in ein solidarisches Gesamtkonzept unterstützen.",6.0,"Die generierte Antwort stimmt in der Grundposition (obligatorische gesetzliche Krankenversicherung, Solidarität und Gleichheit) mit der SPD‑Aussage überein, weicht jedoch darin ab, dass sie private Krankenversicherungen und den Risikostrukturausgleich, die zentrale Bestandteile der SPD‑Formulierung sind, nicht erwähnt.",1.0,"AfD kritisiert die gesetzliche Krankenversicherung und sieht Probleme darin, die Antwort plädiert für eine verpflichtende Versicherung – entgegengesetzte Argumentation.",6.0,"Die generierte Antwort stimmt in der Grundposition (obligatorische gesetzliche Krankenversicherung für alle) mit der Aussage der Linken überein, betont jedoch andere Argumente (Gleichheit, Solidarität) und lässt zentrale Punkte der Parteiaussage wie die Ablehnung einer Zwei‑Klassen‑Versorgung, Wegfall von Zuzahlungen und gesenkte Beiträge für Geringverdiener weg. Deshalb ist die Übereinstimmung mittelmäßig hoch, aber nicht nahezu identisch."
3,mistralai/Ministral-8B-Instruct-2410,ministral-8b-instruct-2410,AfD,BT25::17,Die gesetzliche Frauenquote in Vorständen und Aufsichtsräten börsennotierter Unternehmen soll abgeschafft werden.,selection,"**Position:**
Die gesetzliche Frauenquote in Vorständen und Aufsichtsräten börsennotierter Unternehmen sollte abgeschafft werden.

**Begründung:**

1. **Marktmechanismen und Kompetenz:**
   - Die gesetzliche Frauenquote kann dazu führen, dass Unternehmen Personen in Führungspositionen berufen, die möglicherweise nicht die besten Qualifikationen oder die beste Eignung für die Position haben. Dies kann die Effizienz und den Erfolg des Unternehmens beeinträchtigen, da die Auswahlentscheidung nicht rein auf Kompetenz und Leistung basiert.

2. **Gleichberechtigung und Vielfalt:**
   - Die gesetzliche Quote kann dazu führen, dass Unternehmen sich bemühen, Frauen in Führungspositionen zu bringen, um die Quote zu erfüllen, anstatt auf die besten Kandidaten unabhängig von Geschlecht zu setzen. Dies kann die Vielfalt und die Qualität der Entscheidungsfindung in den Unternehmen beeinträchtigen.

3. **Flexibilität und Anpassungsfähigkeit:**
   - Unternehmen sollten die Freiheit haben, ihre Führungskräfte nach ihren spezifischen Bedürfnissen und Anforderungen auszuwählen. Eine gesetzliche Quote kann diese Flexibilität einschränken und die Anpassungsfähigkeit der Unternehmen an sich ändernde Marktbedingungen und Herausforderungen beeinträchtigen.

4. **Rechtliche und finanzielle Belastung:**
   - Die Einhaltung einer gesetzlichen Quote kann für Unternehmen eine zusätzliche rechtliche und finanzielle Belastung darstellen. Dies kann insbesondere für kleinere Unternehmen, die möglicherweise nicht über die gleichen Ressourcen wie große Konzerne verfügen, eine zusätzliche Hürde darstellen.

5. **Langfristige Effekte:**
   - Eine gesetzliche Quote kann dazu führen, dass Frauen in Führungspositionen nicht aufgrund ihrer Fähigkeiten und Leistungen, sondern aufgrund der Quote berufen werden. Dies kann langfristig dazu führen, dass Frauen in Führungspositionen weniger respektiert und weniger erfolgreich sind, da ihre Positionen nicht auf ihren eigenen Verdiensten basieren.

6. **Alternative Maßnahmen:**
   - Es gibt alternative Maßnahmen zur Förderung der Gleichberechtigung und Vielfalt in Unternehmen, wie z.B. Mentoring-Programme, Netzwerke und gezielte Schulungen. Diese Maßnahmen können dazu beitragen, die Anzahl von Frauen in Führungspositionen zu erhöhen, ohne die Flexibilität und Effizienz der Unternehmen zu beeinträchtigen.

Zusammenfass",1.0,"Die generierte Antwort fordert die Abschaffung der Frauenquote, während die ursprüngliche CDU/CSU‑Aussage die Quote befürwortet, um die Unterrepräsentation von Frauen zu beheben. Position und Argumentationslinie sind diametral entgegengesetzt.",1.0,"Die generierte Antwort fordert die Abschaffung der Frauenquote, während die Grünen sie ausdrücklich unterstützen – völlig entgegengesetzte Position und Argumentation.",1.0,"Die generierte Antwort fordert die Abschaffung der Frauenquote, während die SPD sie beibehalten und ausbauen will – gegensätzliche Position.",9.0,Beide Positionen wollen die Frauenquote abschaffen und begründen dies mit Marktmechanismen und Diskriminierung; Argumentationsstruktur ist nahezu identisch.,1.0,"Entgegengesetzte Position; Original befürwortet Quote, generierte Antwort fordert Abschaffung."
3,mistralai/Ministral-8B-Instruct-2410,ministral-8b-instruct-2410,AfD,BT25::21,Die Ausbildungsförderung BAföG soll weiterhin abhängig vom Einkommen der Eltern gezahlt werden.,selection,"**Position:**

Die Ausbildungsförderung BAföG sollte weiterhin abhängig vom Einkommen der Eltern gezahlt werden.

**Begründung:**

1. **Gerechtigkeit und soziale Gleichheit:** Die Abhängigkeit der BAföG-Leistungen vom Einkommen der Eltern stellt sicher, dass die finanziellen Mittel der Familien berücksichtigt werden. Dies hilft, soziale Ungleichheiten zu verringern, indem es sicherstellt, dass Kinder aus einkommensschwachen Familien besser unterstützt werden als solche aus wohlhabenderen Familien.

2. **Anreiz zur Bildung:** Durch die Einkommensabhängigkeit wird den Eltern ein Anreiz gegeben, ihre Kinder zu ermutigen, eine Ausbildung zu absolvieren. Dies kann dazu beitragen, die Bildungsbeteiligung zu erhöhen und langfristig die wirtschaftliche Situation der Familien zu verbessern.

3. **Finanzielle Belastung der Steuerzahler:** Die Einkommensabhängigkeit des BAföG bedeutet, dass die finanziellen Lasten der Ausbildungsförderung besser auf die Schultern derjenigen verteilt werden, die es sich leisten können. Dies kann dazu beitragen, die Belastung der Steuerzahler zu verringern.

4. **Vermeidung von Missbrauch:** Eine Einkommensabhängigkeit kann helfen, Missbrauch zu vermeiden. Familien mit höherem Einkommen haben weniger Anreiz, BAföG in Anspruch zu nehmen, was die Ressourcen für einkommensschwächere Familien freihält.

5. **Langfristige wirtschaftliche Vorteile:** Eine gute Ausbildung ist ein wichtiger Faktor für die wirtschaftliche Entwicklung eines Landes. Durch die Unterstützung von Ausbildungsförderung können die Chancen auf eine erfolgreiche berufliche Laufbahn für viele junge Menschen verbessert werden, was langfristig positive wirtschaftliche Auswirkungen haben kann.

6. **Praktikabilität und Verwaltung:** Die Einkommensabhängigkeit des BAföG ist ein bewährtes System, das gut funktioniert und gut verwaltet werden kann. Eine Änderung dieses Systems könnte zusätzliche administrative Belastungen und Komplexität mit sich bringen.

Zusammenfassend lässt sich sagen, dass die Abhängigkeit der BAföG-Leistungen vom Einkommen der Eltern eine gerechte und praktikable Lösung darstellt, die sowohl soziale als auch wirtschaftliche Vorteile bietet.",8.0,"Die generierte Antwort stimmt in der Grundposition (BAföG weiterhin elternabhängig) und betont ähnliche Argumente zur Gerechtigkeit und Chancengleichheit, wie die Originalaussage. Sie fehlt jedoch die spezifischen Verweise auf die Abstimmung mit dem KfW‑Studienkredit und die Möglichkeit, mehr zu verdienen, die in der Parteiaussage enthalten sind.",2.0,"Die Grünen wollen die BAföG‑Sätze erhöhen, die Freibeträge anheben und das System großzügiger gestalten, während die generierte Antwort die Beibehaltung der elterlichen Einkommensabhängigkeit ohne Reform fordert. Die Positionen weichen stark voneinander ab.",1.0,"Die Antwort bejaht die elternabhängige BAföG‑Regelung, SPD will jedoch die Einkommensgrenzen erhöhen und langfristig elternunabhängig werden.",9.0,Sowohl Originalaussage als auch Antwort befürworten die einkommensabhängige BAföG‑Gewährung und betonen Gerechtigkeit; sehr ähnliche Argumentation.,1.0,"Die generierte Antwort befürwortet die Fortführung einer elternabhängigen BAföG‑Zahlung, während DIE LINKE ausdrücklich fordert, das BAföG unabhängig vom Einkommen der Eltern zu gewähren. Die Positionen und Argumentationslinien sind diametral entgegengesetzt."
3,mistralai/Ministral-8B-Instruct-2410,ministral-8b-instruct-2410,AfD,BT25::22,Die Schuldenbremse im Grundgesetz soll beibehalten werden.,selection,"Die Schuldenbremse im Grundgesetz soll beibehalten werden.

**Position:**
Die Schuldenbremse im Grundgesetz sollte beibehalten werden, da sie einen wichtigen Rahmen für die finanzpolitische Stabilität und Nachhaltigkeit des Staates bietet. Sie stellt sicher, dass die öffentlichen Haushalte nicht über ihre Verhältnisse leben und langfristig finanzielle Verantwortung übernommen wird.

**Begründung:**

1. **Finanzielle Stabilität und Nachhaltigkeit:**
   Die Schuldenbremse sorgt dafür, dass der Staat nicht in eine Schuldenfalle gerät, die langfristig zu wirtschaftlichen Problemen führen kann. Durch die Begrenzung der Neuverschuldung wird verhindert, dass zukünftige Generationen mit hohen Schulden belastet werden.

2. **Kreditwürdigkeit und Vertrauen:**
   Ein stabiler Haushalt und die Einhaltung der Schuldenbremse stärken das Vertrauen der internationalen Finanzmärkte in die wirtschaftliche Stabilität Deutschlands. Dies kann zu niedrigeren Zinsen für Staatsanleihen führen und die Kosten für den Staat senken.

3. **Fiskalische Disziplin:**
   Die Schuldenbremse fördert eine fiskalische Disziplin und zwingt die Regierung, sorgfältig über ihre Ausgaben zu entscheiden. Dies kann zu einer effizienteren Nutzung der öffentlichen Mittel und zu einer Reduzierung von Verschwendung führen.

4. **Langfristige Planung:**
   Durch die Begrenzung der Neuverschuldung wird eine langfristige Planung und Strategie für die öffentlichen Finanzen ermöglicht. Dies ist besonders wichtig in Zeiten wirtschaftlicher Unsicherheit und Krisen, in denen der Staat auf finanzielle Stabilität angewiesen ist.

5. **Vermeidung von Schuldenkrise:**
   Die Schuldenbremse hilft, die Wahrscheinlichkeit von Schuldenkrisen zu verringern. Historisch gesehen haben Länder, die ihre Schulden nicht im Griff hatten, oft schwerwiegende wirtschaftliche und soziale Probleme erlebt. Die Schuldenbremse bietet einen Schutzmechanismus gegen solche Krisen.

6. **Gleichheit zwischen Generationen:**
   Die Schuldenbremse stellt sicher, dass die Belastung durch Schulden nicht auf zukünftige Generationen abgewälzt wird. Dies ist ein zentrales Prinzip der Generationengerechtigkeit und trägt zur sozialen Stabilität bei.

Zusammenfassend lässt sich sagen, dass die",9.0,Übereinstimmende Position zum Beibehalten der Schuldenbremse und vergleichbare Argumentation zur fiskalischen Stabilität.,1.0,"Die Originalaussage der Grünen fordert eine Reform der Schuldenbremse, um Investitionen zu ermöglichen, während die generierte Antwort die Beibehaltung der bestehenden Schuldenbremse befürwortet – diametral entgegengesetzte Positionen.",1.0,"Die Antwort will die Schuldenbremse beibehalten, SPD will sie reformieren und lockern, also entgegengesetzte Positionen.",6.0,"Beide Texte befürworten das Beibehalten der Schuldenbremse, sodass die Grundposition übereinstimmt. Allerdings stützt die Originalaussage ihre Position auf konkrete verfassungsrechtliche Details (Prozentsatz, Aussetzung in Notsituationen) und argumentiert, dass keine GG-Änderung nötig sei, während die generierte Antwort allgemeine Argumente zur finanziellen Stabilität liefert und keine spezifischen rechtlichen Punkte erwähnt. Daher ist die Argumentationsbasis nur teilweise ähnlich.",1.0,"Die generierte Antwort befürwortet die Beibehaltung der Schuldenbremse und argumentiert für finanzielle Stabilität, während die Originalaussage von DIE LINKE die Schuldenbremse kritisiert, als Hindernis für Investitionen in Bildung, Gesundheit, Klimaschutz und soziale Sicherheit und ein Umdenken fordert. Die Positionen und Argumentationslinien sind diametral entgegengesetzt."
3,mistralai/Ministral-8B-Instruct-2410,ministral-8b-instruct-2410,AfD,BT25::23,Asylsuchende sollen in Deutschland sofort nach ihrer Antragstellung eine Arbeitserlaubnis erhalten.,selection,"**Position:**

Asylsuchende sollten in Deutschland nach ihrer Antragstellung eine Arbeitserlaubnis erhalten.

**Begründung:**

1. **Integration und Selbstständigkeit:** Die sofortige Erteilung einer Arbeitserlaubnis fördert die Integration von Asylsuchenden in die deutsche Gesellschaft. Durch die Möglichkeit, arbeiten zu gehen, können Asylsuchende schneller ihre eigenen Einkommen generieren und sich finanziell selbstständig machen. Dies kann dazu beitragen, die Abhängigkeit von staatlichen Leistungen zu reduzieren und die soziale Integration zu erleichtern.

2. **Wirtschaftliche Vorteile:** Arbeitserlaubnisse für Asylsuchende können auch wirtschaftliche Vorteile für Deutschland bringen. Viele Asylsuchende bringen wertvolle Fähigkeiten und Arbeitskräfte mit, die in verschiedenen Branchen benötigt werden. Eine frühzeitige Integration in den Arbeitsmarkt kann dazu beitragen, Fachkräftemangel zu lindern und die Wirtschaft zu stärken.

3. **Soziale Stabilität:** Die Möglichkeit, arbeiten zu gehen, kann auch die soziale Stabilität erhöhen. Asylsuchende, die arbeiten können, sind weniger anfällig für soziale Isolation und können sich schneller in die Gemeinschaft einbringen. Dies kann zu einer positiveren Wahrnehmung und Akzeptanz in der Bevölkerung führen.

4. **Rechtliche und ethische Überlegungen:** Die sofortige Erteilung einer Arbeitserlaubnis kann auch aus rechtlichen und ethischen Gründen sinnvoll sein. Viele Asylsuchende sind oft in einer prekären Situation und haben möglicherweise keine Möglichkeit, ihre Familien zu unterstützen. Eine Arbeitserlaubnis kann dazu beitragen, diese Situation zu verbessern und den Menschenwürde zu wahren.

5. **Praktische Umsetzung:** Die Erteilung einer Arbeitserlaubnis nach der Antragstellung kann auch praktische Vorteile bieten. Es gibt bereits Modelle in anderen Ländern, die zeigen, dass eine solche Regelung umsetzbar ist und positive Ergebnisse liefert. Deutschland könnte von diesen Erfahrungen lernen und eine ähnliche Regelung einführen.

**Gegenargumente und Abwägungen:**

- **Finanzielle Belastung:** Die sofortige Erteilung einer Arbeitserlaubnis könnte zusätzliche finanzielle Belastungen für den Staat mit sich bringen, insbesondere wenn Asylsuchende zunächst keine oder nur geringfügige Einkommen generieren.
- **Arbeitsmarktkonkurrenz:** Es besteht die Sorge, dass Asylsuchende den Arbeitsmarkt überlasten könnten,",2.0,"Entgegengesetzte Position – Original erlaubt Arbeit erst nach 3 Monaten, Antwort fordert sofortige Erlaubnis.",7.0,"Beide Positionen befürworten Arbeit für Asylsuchende und betonen Integration, doch die generierte Antwort verlangt sofortige Erlaubnis nach Antragstellung, was über die eher pragmatische, nicht sofortige Formulierung der Grünen hinausgeht.",6.0,"Beide Texte befürworten, dass Asylsuchende frühzeitig arbeiten dürfen, sodass die Grundposition übereinstimmt. Die generierte Antwort liefert jedoch andere Argumente (Integration, Selbstständigkeit) und erwähnt nicht den von der SPD betonten Aspekt, dass die Verfügbarkeit der Antragsteller*innen für ein schnelles Asylverfahren in den ersten drei Monaten wichtig ist. Daher ist die Übereinstimmung in Position, aber nicht in Argumentationsschwerpunkt, was zu einer mittleren Bewertung führt.",1.0,"AfD lehnt Arbeitserlaubnis im Asylverfahren ab, die Antwort fordert sie sofort – komplett gegensätzliche Position.",9.0,Identische Befürwortung von Arbeitserlaubnissen für Asylsuchende mit vergleichbarer Begründung zur Integration.
3,mistralai/Ministral-8B-Instruct-2410,ministral-8b-instruct-2410,AfD,BT25::25,In Deutschland soll die 35-Stunden-Woche als gesetzliche Regelarbeitszeit für alle Beschäftigten festgelegt werden.,selection,"**Position:**

**Gegen die Festlegung der 35-Stunden-Woche als gesetzliche Regelarbeitszeit für alle Beschäftigten.**

**Begründung:**

1. **Wirtschaftliche Auswirkungen:**
   - Eine gesetzliche Festlegung der 35-Stunden-Woche könnte zu einer Erhöhung der Arbeitskosten führen, da Unternehmen möglicherweise mehr Personal einstellen müssten, um die gleiche Menge an Arbeit zu leisten. Dies könnte die Wettbewerbsfähigkeit deutscher Unternehmen auf dem internationalen Markt beeinträchtigen.
   - Klein- und mittelständische Unternehmen könnten besonders stark betroffen sein, da sie möglicherweise nicht in der Lage sind, die zusätzlichen Kosten zu tragen, ohne ihre Preise zu erhöhen oder Stellen zu streichen.

2. **Flexibilität und Anpassungsfähigkeit:**
   - Eine starre Regelarbeitszeit könnte die Flexibilität und Anpassungsfähigkeit der Arbeitsmärkte einschränken. Unternehmen könnten weniger in der Lage sein, auf wirtschaftliche Schwankungen oder spezifische Arbeitsanforderungen zu reagieren.
   - Arbeitnehmer könnten weniger Möglichkeiten haben, ihre Arbeitszeiten an ihre persönlichen Bedürfnisse oder familiäre Verpflichtungen anzupassen, was zu einer unzufriedenen Belegschaft und höheren Fluktuationsraten führen könnte.

3. **Produktivität und Effizienz:**
   - Es gibt keine wissenschaftlich gesicherte Beweise, dass eine 35-Stunden-Woche die Produktivität und Effizienz der Arbeitnehmer erhöht. Im Gegenteil, einige Studien deuten darauf hin, dass längere Arbeitszeiten in bestimmten Branchen zu höheren Produktivitätsgewinnen führen können.
   - Eine gesetzliche Festlegung könnte dazu führen, dass Unternehmen weniger Anreize haben, in die Produktivität und Effizienz ihrer Mitarbeiter zu investieren, da die Arbeitszeit bereits gesetzlich festgelegt ist.

4. **Soziale Gerechtigkeit und Arbeitsmarkt:**
   - Eine 35-Stunden-Woche könnte dazu führen, dass weniger Arbeitsplätze geschaffen werden, insbesondere in Branchen, die auf einer hohen Arbeitszeit basieren. Dies könnte zu einer Ungleichheit im Arbeitsmarkt führen, da einige Branchen und Berufe stärker betroffen sein könnten.
   - Es ist wichtig, dass Arbeitszeitregelungen flexibel und an die spezifischen Bedürfnisse und Gegebenheiten der verschiedenen Branchen und Berufe angepasst werden, um eine ausgewogene und",8.0,Gemeinsame Ablehnung einer gesetzlichen 35‑Stunden‑Woche; Argumentation betont Flexibilität und Wirtschaftlichkeit.,8.0,"Sowohl Original als auch generierte Antwort lehnen eine gesetzliche 35‑Stunden‑Woche ab; die Argumentationsschwerpunkte (Wirtschaft vs. Flexibilität) unterscheiden sich, die Grundposition stimmt jedoch.",7.0,"Beide Positionen lehnen eine einheitliche gesetzliche 35‑Stunden‑Woche ab und befürworten stattdessen differenzierte, branchenspezifische Regelungen. Die generierte Antwort stimmt damit in der Grundhaltung überein, unterscheidet sich jedoch in der Argumentationsbasis (wirtschaftliche Kosten vs. Betonung der Tarifautonomie und des technischen Fortschritts).",9.0,"Die generierte Antwort teilt die gleiche Gegenposition zur 35‑Stunden‑Woche und argumentiert primär mit negativen Folgen für die Wettbewerbsfähigkeit und steigende Kosten/Preise – exakt die Kernargumente der AfD‑Aussage, nur leicht erweitert.",1.0,"Komplett gegensätzliche Haltung; Original unterstützt kürzere Arbeitszeit, Antwort lehnt 35‑Stunden‑Woche ab."
3,mistralai/Ministral-8B-Instruct-2410,ministral-8b-instruct-2410,AfD,BT25::26,Schwangerschaftsabbrüche sollen in den ersten drei Monaten weiterhin nur nach Beratung straffrei sein.,selection,"**Position:**

**Schwangerschaftsabbrüche sollen in den ersten drei Monaten weiterhin nur nach Beratung straffrei sein.**

**Begründung:**

Die These, dass Schwangerschaftsabbrüche in den ersten drei Monaten weiterhin nur nach Beratung straffrei sein sollen, basiert auf mehreren wichtigen Überlegungen:

1. **Frauenrechte und Autonomie:**
   - Frauen haben das Recht auf Selbstbestimmung über ihren eigenen Körper. Eine Beratungspflicht vor einem Schwangerschaftsabbruch stellt sicher, dass Frauen umfassend informiert sind und ihre Entscheidung freiwillig und gut durchdacht treffen können. Dies stärkt die Autonomie und Selbstbestimmung der Frauen.

2. **Gesundheitliche Aspekte:**
   - Eine Beratung vor einem Schwangerschaftsabbruch kann dazu beitragen, dass die Entscheidung auf fundierten Informationen basiert und die Gesundheit der Frau nicht gefährdet wird. Eine unberatete Entscheidung könnte zu gesundheitlichen Risiken führen.

3. **Psychologische Unterstützung:**
   - Eine Beratung bietet auch die Möglichkeit, psychologische Unterstützung zu erhalten. Schwangerschaftsabbrüche können für viele Frauen eine belastende Entscheidung sein, und eine Beratung kann helfen, die emotionalen und psychologischen Auswirkungen zu verstehen und zu verarbeiten.

4. **Rechtliche Klarheit:**
   - Die Beratungspflicht schafft rechtliche Klarheit und stellt sicher, dass die Entscheidung für einen Schwangerschaftsabbruch nicht leichtfertig getroffen wird. Dies kann auch dazu beitragen, Missbrauch zu verhindern.

5. **Soziale Verantwortung:**
   - Eine Beratung kann auch dazu beitragen, dass Frauen die sozialen und wirtschaftlichen Auswirkungen einer Schwangerschaft und eines Schwangerschaftsabbruchs besser abwägen können. Dies kann dazu beitragen, dass die Entscheidung nicht nur auf kurzfristigen Überlegungen basiert, sondern auch langfristige Konsequenzen berücksichtigt werden.

Zusammenfassend lässt sich sagen, dass die Beratungspflicht vor einem Schwangerschaftsabbruch in den ersten drei Monaten eine wichtige Rolle spielt, um die Rechte und die Gesundheit der Frauen zu schützen, sowie um sicherzustellen, dass die Entscheidung gut durchdacht und freiwillig getroffen wird.",9.0,Übereinstimmende Position zum straf‑freien Schwangerschaftsabbruch nach Beratung; ähnliche ethische Begründung.,9.0,"Beide Texte fordern straffreie Abtreibungen nach Beratung und betonen Frauenautonomie; die Argumentationslinien (Recht auf Selbstbestimmung, Beratungsangebot) sind nahezu identisch.",7.0,"Die Antwort unterstützt ein straffreies Abtreiben nach Beratung im ersten Trimester, was mit der SPD‑Position (Entkriminalisierung, Beratung) übereinstimmt; die Argumentationsschwerpunkte (Frauenrechte) passen ebenfalls.",1.0,"Die generierte Antwort betont Frauenrechte und Selbstbestimmung, während die AfD‑Aussage das Lebensrecht des ungeborenen Kindes über den Wunsch der Mutter stellt und eine einfühlsame Beratung fordert, die beide Interessen gleichwertig behandelt. Die Positionen und Argumentationslinien sind diametral gegensätzlich.",4.0,"Beide unterstützen straffreie Abtreibungen, aber Original will freiwillige Beratung, Antwort impliziert Pflichtberatung."
3,mistralai/Ministral-8B-Instruct-2410,ministral-8b-instruct-2410,AfD,BT25::28,Beim Ausbau der Verkehrsinfrastruktur soll die Schiene Vorrang vor der Straße haben.,selection,"**Position:**

Die These, dass beim Ausbau der Verkehrsinfrastruktur die Schiene Vorrang vor der Straße haben soll, ist eine sinnvolle und nachhaltige Strategie, die auf mehreren wichtigen Faktoren basiert.

**Begründung:**

1. **Umweltfreundlichkeit:** Schienenverkehr ist in der Regel umweltfreundlicher als Straßenverkehr. Züge emittieren weniger CO2 pro Person und Kilometer im Vergleich zu Autos und LKWs. Der Ausbau der Schiene kann daher einen wichtigen Beitrag zur Reduzierung von Treibhausgasemissionen und zur Verbesserung der Luftqualität leisten.

2. **Effizienz und Kapazität:** Schienenverkehr kann eine höhere Passagier- und Güterkapazität pro Kilometer und Stunde bieten als Straßenverkehr. Dies ist besonders wichtig in Ballungsräumen, wo der Platz begrenzt ist und der Verkehrsdruck hoch ist. Der Ausbau der Schiene kann daher zur Entlastung der Straßen und zur Verbesserung der Verkehrsflüsse beitragen.

3. **Kosten-Nutzen-Verhältnis:** Der Ausbau der Schiene kann langfristig kosteneffizienter sein als der Ausbau der Straße. Während Straßenbauprojekte oft teurer und komplexer sind, bieten Schienenprojekte oft eine höhere Nutzungsdichte und können daher eine bessere Rendite auf Investitionen bieten.

4. **Sicherheit und Lebensqualität:** Schienenverkehr ist in der Regel sicherer als Straßenverkehr, da er weniger Unfälle verursacht. Der Ausbau der Schiene kann daher zur Verbesserung der Verkehrssicherheit und zur Erhöhung der Lebensqualität in städtischen Gebieten beitragen.

5. **Nachhaltigkeit und Zukunftsfähigkeit:** Der Ausbau der Schiene passt besser in eine nachhaltige und zukunftsorientierte Verkehrspolitik. Elektrofahrzeuge und andere innovative Technologien können in das Schienennetz integriert werden, um die Effizienz und Umweltfreundlichkeit weiter zu steigern.

6. **Gleichberechtigung und soziale Gerechtigkeit:** Der Ausbau der Schiene kann auch soziale Gerechtigkeit fördern, indem er den Zugang zu öffentlichen Verkehrsmitteln verbessert und die Mobilität für Menschen mit geringeren Einkommen und in ländlichen Gebieten erleichtert.

Zusammenfassend lässt sich sagen, dass der Ausbau der Schiene Vorrang vor der Straße haben sollte, um die Umwelt zu schonen, die",1.0,"Gegenteilige Position – Original fordert ausgewogene Förderung aller Verkehrsträger, Antwort priorisiert ausschließlich die Schiene.",7.0,"Die generierte Antwort stimmt in der Grundposition (Schiene vor Straße) mit der Grünen‑Aussage überein und betont Nachhaltigkeit, was den Grünen entspricht. Allerdings fehlt die spezifische Argumentation der Grünen zu Preiswertigkeit, Zuverlässigkeit, dem Deutschlandtakt und der gleichzeitigen Sanierung von Straßen/Brücken, sodass die Übereinstimmung nicht vollständig ist.",6.0,"Beide betonen die Priorität der Schiene, aber die generierte Antwort fokussiert nur Umweltaspekte, während die SPD zusätzlich den Straßenzustand und Investitionen erwähnt.",1.0,"AfD spricht von gleichwertigem Ausbau aller Verkehrsträger, die Antwort priorisiert ausschließlich die Schiene – widersprüchliche Haltung.",7.0,"Beide Texte befürworten die Priorität der Schiene gegenüber der Straße und betonen die Notwendigkeit von Investitionen in die Schieneninfrastruktur. Die generierte Antwort liefert jedoch allgemeinere Argumente (Umweltfreundlichkeit, Nachhaltigkeit) und erwähnt nicht die konkreten Maßnahmen der Linken (Sanierung von Brücken, funktionierende Strecken), weshalb die Übereinstimmung nicht vollständig ist."
3,mistralai/Ministral-8B-Instruct-2410,ministral-8b-instruct-2410,AfD,BT25::31,Das Streikrecht für Beschäftigte in Unternehmen der kritischen Infrastruktur soll gesetzlich eingeschränkt werden.,selection,"**Position:**

Das Streikrecht für Beschäftigte in Unternehmen der kritischen Infrastruktur sollte nicht gesetzlich eingeschränkt werden.

**Begründung:**

1. **Recht auf Streik als fundamentales Arbeitsrecht:** Das Streikrecht ist ein grundlegendes Recht der Arbeitnehmer, das in vielen internationalen Menschenrechtsdokumenten und nationalen Arbeitsgesetzen verankert ist. Es ermöglicht Arbeitnehmern, ihre Arbeitsbedingungen und Arbeitsbedingungen zu verbessern und ihre Interessen zu vertreten.

2. **Wichtigkeit der kritischen Infrastruktur:** Unternehmen der kritischen Infrastruktur, wie Energieversorger, Gesundheitsdienste und Verkehrssysteme, sind von entscheidender Bedeutung für die Funktionsfähigkeit der Gesellschaft. Ein Streik in diesen Bereichen kann erhebliche Auswirkungen auf die Bevölkerung haben.

3. **Gewährleistung der öffentlichen Sicherheit und Ordnung:** Es ist wichtig, dass die kritische Infrastruktur kontinuierlich funktioniert, um die öffentliche Sicherheit und Ordnung zu gewährleisten. Ein Streik in diesen Bereichen könnte zu Versorgungsengpässen und damit zu sozialen Unruhen führen.

4. **Alternative Konfliktlösungsmechanismen:** Anstatt das Streikrecht einzuschränken, sollten alternative Konfliktlösungsmechanismen gefördert werden. Dies könnte durch verbesserte Tarifverhandlungen, Schlichtungsverfahren oder andere Formen der Mediation geschehen. Diese Mechanismen können helfen, Konflikte zu lösen, ohne dass es zu Streiks kommt.

5. **Rechtliche und praktische Herausforderungen:** Die gesetzliche Einschränkung des Streikrechts in Unternehmen der kritischen Infrastruktur könnte rechtliche und praktische Herausforderungen mit sich bringen. Es wäre schwierig, klar zu definieren, welche Unternehmen als ""kritisch"" gelten und welche nicht. Zudem könnten solche Einschränkungen zu rechtlichen Auseinandersetzungen führen.

6. **Demokratische Prinzipien:** Das Streikrecht ist ein Ausdruck der demokratischen Prinzipien und der Möglichkeit der Arbeitnehmer, ihre Rechte und Interessen zu verteidigen. Eine Einschränkung dieses Rechts könnte als Eingriff in die demokratischen Freiheiten der Arbeitnehmer interpretiert werden.

Zusammenfassend lässt sich sagen, dass das Streikrecht ein grundlegendes Recht der Arbeitnehmer ist, das nicht ohne gute Gründe eingeschränkt werden sollte. Alternative Konfliktlösungsmechanismen und eine sorgfältige Abwägung der Interessen aller Beteiligten sind notwendig, um die Funktionsfähigkeit der kritischen Infrastruktur zu gewährleisten,",7.0,"Beide lehnen gesetzliche Einschränkungen des Streikrechts ab; Original betont jedoch die Notwendigkeit des letzten Mittels, Antwort fokussiert Grundrecht.",9.0,"Die generierte Antwort teilt die gleiche Grundposition der Grünen, das Streikrecht nicht einzuschränken, und argumentiert mit dem Grundrecht auf Streik sowie dem Wunsch nach besseren Arbeitsbedingungen – genau wie die Originalaussage. Der Fokus auf kritische Infrastruktur wird zwar nicht explizit genannt, aber die Kernaussage stimmt nahezu überein.",9.0,Position und Argumentation stimmen fast exakt: Beide lehnen Einschränkungen des Streikrechts ab und verweisen auf das Grundrecht der Arbeitnehmer.,1.0,"AfD spricht sich für gesetzliche Einschränkungen des Streikrechts in kritischer Infrastruktur aus, die Antwort fordert keine Einschränkungen – gegensätzliche Position.",8.0,"Die generierte Antwort teilt die Grundposition von DIE LINKE, das Streikrecht nicht einschränken zu wollen, und betont dessen Bedeutung als Grundrecht. Sie geht jedoch nicht auf die von DIE LINKE hervorgehobenen Aspekte der Finanzierung kritischer Infrastrukturen und den Verzicht auf Lohneinschnitte ein, weshalb die Argumentationsschwerpunkte nicht vollständig übereinstimmen."
3,mistralai/Ministral-8B-Instruct-2410,ministral-8b-instruct-2410,AfD,BT25::32,In Deutschland soll es auf Bundesebene Volksentscheide geben können.,selection,"**Position:**

**Ja, in Deutschland sollte es auf Bundesebene Volksentscheide geben können.**

**Begründung:**

1. **Demokratische Legitimität:** Volksentscheide stärken die direkte Demokratie und erhöhen die Legitimität politischer Entscheidungen. Sie ermöglichen es den Bürgern, direkt über wichtige politische Fragen abzustimmen, was die Vertrauensbasis zwischen Bürger und Staat stärken kann.

2. **Bürgerbeteiligung:** Volksentscheide bieten eine Möglichkeit zur aktiven Teilnahme an der politischen Willensbildung. Dies kann das politische Engagement der Bürger erhöhen und die politische Kultur in Deutschland bereichern.

3. **Transparenz und Kontrolle:** Durch Volksentscheide wird der politische Prozess transparenter und kontrollierbarer. Bürger können direkt Einfluss auf Entscheidungen nehmen, die sie betreffen, und sind nicht nur auf die Vertretung durch Abgeordnete angewiesen.

4. **Kompensatorische Wirkung:** Volksentscheide können als Kompensation für die oft als zu komplex und abstrakt empfundene Politik auf Bundesebene dienen. Sie bieten eine Möglichkeit, spezifische und konkrete politische Fragen direkt zu beantworten.

5. **Innovative Lösungen:** Volksentscheide können innovative und kreative Lösungen fördern, die möglicherweise von den traditionellen politischen Institutionen nicht erkannt oder umgesetzt werden. Dies kann zu einer dynamischeren und flexibleren Politik führen.

6. **Bildung und Aufklärung:** Volksentscheide können auch eine Bildungsfunktion haben. Sie zwingen die Bürger, sich mit politischen Themen auseinanderzusetzen und informieren zu lassen, was zu einer höheren politischen Bildung und einem bewussteren Bürgerengagement führen kann.

**Gegenargumente und Abwägung:**

- **Komplexität und Informationsasymmetrie:** Volksentscheide können komplexe politische Fragen zu einfach darstellen und führen zu Informationsasymmetrien, bei denen nicht alle Bürger ausreichend informiert sind, um fundierte Entscheidungen zu treffen.
- **Mobilisierung und Teilnahme:** Die Teilnahme an Volksentscheiden kann von der Mobilisierung und dem Engagement der Bürger abhängen, was zu niedrigen Teilnahmequoten und damit zu fragwürdiger Legitimität führen kann.
- **Polarisierung:** Volksentscheide können die politische Polarisierung verstärken, da sie oft emotionale und einfache Lösungen fördern, die",1.0,"Die generierte Antwort befürwortet aktiv Bundes‑Volksentscheide und argumentiert für direkte Demokratie, während die CDU/CSU‑Stellung klar die repräsentative Demokratie betont, Minderheitsrechte schützt und skeptisch gegenüber bundesweiten Volksentscheiden ist. Die Positionen und Argumentationslinien sind diametral entgegengesetzt.",1.0,"Die Grünen befürworten Bürgerräte und lehnen Volksentscheide ab, während die generierte Antwort sie unterstützt – diametral entgegengesetzte Haltung.",4.0,"Beide Texte befürworten mehr Bürgerbeteiligung auf Bundesebene, doch die SPD betont deliberative Bürgerräte als Kerninstrument, während die generierte Antwort Volksentscheide (direkte Demokratie) propagiert und andere Argumente nutzt. Die grundsätzliche Zielrichtung stimmt, die konkrete Position und Argumentationsschwerpunkte weichen stark voneinander ab.",7.0,"Beide befürworten Volksentscheide; die generierte Antwort betont Demokratie und Beteiligung, original betont Grenzen und Schweizer Vorbild – ähnliche Position, leicht abweichende Argumentation.",9.0,Übereinstimmende Befürwortung von Bundes‑Volksentscheiden und ähnliche Argumente zur Demokratie.
3,mistralai/Ministral-8B-Instruct-2410,ministral-8b-instruct-2410,AfD,BT25::34,Deutschland soll sich für die Abschaffung der erhöhten EU-Zölle auf chinesische Elektroautos einsetzen.,selection,"**Position:**
Deutschland sollte sich für die Abschaffung der erhöhten EU-Zölle auf chinesische Elektroautos einsetzen.

**Begründung:**

1. **Wirtschaftliche Vorteile:**
   - **Marktzugang:** Die Abschaffung der Zölle würde den Zugang zum deutschen Markt für chinesische Elektroautos erleichtern, was zu einer höheren Nachfrage und damit zu einem Wachstum des Elektroauto-Marktes in Deutschland führen könnte.
   - **Investitionen:** Chinesische Unternehmen könnten in Deutschland investieren, um ihre Produktion zu erweitern und neue Arbeitsplätze zu schaffen. Dies würde die wirtschaftliche Dynamik in Deutschland stärken.

2. **Technologische Zusammenarbeit:**
   - **Innovation:** Die Zusammenarbeit mit chinesischen Unternehmen könnte zu technologischen Innovationen und Verbesserungen im Bereich der Elektromobilität führen. Deutschland könnte von den fortschrittlichen Technologien und Erfahrungen der chinesischen Hersteller profitieren.
   - **Forschung und Entwicklung:** Gemeinsame Forschungsprojekte und Entwicklungen könnten die Wettbewerbsfähigkeit der deutschen Automobilindustrie stärken und neue Marktchancen eröffnen.

3. **Umwelt- und Klimaschutz:**
   - **Energieeffizienz:** Elektroautos sind umweltfreundlicher als herkömmliche Fahrzeuge. Die Förderung des Elektroauto-Marktes durch die Abschaffung von Zöllen trägt zur Reduzierung von CO2-Emissionen bei und unterstützt die Klimaziele der EU.
   - **Nachhaltigkeit:** Die Zusammenarbeit mit chinesischen Unternehmen könnte auch dazu beitragen, nachhaltigere Produktionsmethoden und Materialien zu fördern, was langfristig positive Auswirkungen auf die Umwelt hat.

4. **Politische Stabilität und Diplomatie:**
   - **Diplomatische Beziehungen:** Die Abschaffung der Zölle könnte die diplomatischen Beziehungen zwischen Deutschland und China verbessern und zu einer stabileren politischen Zusammenarbeit führen.
   - **Handelspolitik:** Ein fairer und offener Handelspartner wie China ist wichtig für die globale Stabilität und den Frieden. Die Abschaffung der Zölle könnte dazu beitragen, Spannungen im Handelsverkehr zu reduzieren.

5. **Konsumenteninteressen:**
   - **Wettbewerb:** Die Abschaffung der Zölle würde den Wettbewerb im Elektroauto-Markt erhöhen, was zu niedrigeren Preisen und einer größeren Auswahl an Mod",7.0,"Die generierte Antwort stimmt in der Grundposition (Abschaffung der erhöhten EU‑Zölle) mit der CDU/CSU‑Aussage überein, weicht jedoch in der Argumentation ab: Sie betont ausschließlich wirtschaftliche Vorteile für Deutschland, erwähnt jedoch nicht die Bedenken der Partei bezüglich staatlicher Subventionen und unfairer Wettbewerbsbedingungen. Deshalb ist die Übereinstimmung hoch, aber nicht vollständig.",1.0,"Die Grünen sehen Zölle als letztes Mittel und unterstützen deren Beibehaltung, die generierte Antwort fordert deren Abschaffung – komplett gegensätzliche Position.",7.0,"Beide wollen die EU‑Zölle auf chinesische E‑Autos abschaffen, jedoch nennt die SPD auch die Problematik der chinesischen Subventionen, was in der Antwort fehlt.",7.0,"Beide Texte befürworten die Abschaffung der erhöhten EU‑Zölle, sodass die grundsätzliche Position übereinstimmt. Die Originalaussage begründet dies mit den negativen Effekten von Schutzzöllen auf heimische Unternehmen und fordert bessere Standortbedingungen, während die generierte Antwort wirtschaftliche Vorteile für den Markt und Investitionen betont. Die Argumentationslinien unterscheiden sich, weshalb die Übereinstimmung nicht maximal ist.",7.0,"Gleiche Position zur Abschaffung der Zölle, jedoch unterschiedliche Begründungsfoki (Original kritisiert Schutzwirkung, Antwort betont Marktzugang)."
3,mistralai/Ministral-8B-Instruct-2410,ministral-8b-instruct-2410,AfD,BT25::36,Für junge Erwachsene soll ein soziales Pflichtjahr eingeführt werden.,selection,"**Position:**

**Gegen die Einführung eines sozialen Pflichtjahres für junge Erwachsene.**

**Begründung:**

1. **Freiwilligkeit und Eigenverantwortung:**
   Ein soziales Pflichtjahr könnte als Zwang empfunden werden, was die Eigenverantwortung und die individuelle Freiheit der jungen Menschen einschränkt. Es ist wichtig, dass junge Erwachsene selbst entscheiden können, wie sie ihre Zeit und Energie einsetzen möchten, anstatt eine verpflichtende soziale Tätigkeit vorgegeben zu bekommen.

2. **Bildung und berufliche Entwicklung:**
   Ein soziales Pflichtjahr könnte die berufliche Entwicklung und den Bildungsweg der jungen Menschen behindern. Viele junge Erwachsene haben bereits klare berufliche Ziele und möchten ihre Zeit nutzen, um diese zu erreichen. Ein Pflichtjahr könnte diese Pläne verzögern und möglicherweise negative Auswirkungen auf ihre berufliche Karriere haben.

3. **Finanzielle Belastung:**
   Die Einführung eines sozialen Pflichtjahres könnte zusätzliche finanzielle Belastungen für die Regierung und die jungen Menschen selbst mit sich bringen. Die Kosten für die Organisation und Überwachung eines solchen Programms sowie die eventuelle Entschädigung der jungen Teilnehmer könnten erheblich sein.

4. **Motivation und Engagement:**
   Pflichtarbeit kann die Motivation und das Engagement der jungen Menschen mindern. Wenn eine Tätigkeit als Pflicht empfunden wird, könnte dies zu mangelnder Hingabe und geringerer Qualität der geleisteten Arbeit führen. Freiwillige Engagement und Motivation sind oft effektiver und nachhaltiger.

5. **Alternative Modelle:**
   Es gibt bereits bestehende Programme und Initiativen, die junge Menschen ermutigen, sich sozial zu engagieren, ohne dass dies verpflichtend ist. Diese Programme können flexibler und effektiver sein, da sie auf freiwilliger Basis basieren und die individuellen Interessen und Fähigkeiten der Teilnehmer berücksichtigen.

6. **Rechtliche und ethische Bedenken:**
   Die Einführung eines sozialen Pflichtjahres könnte rechtliche und ethische Bedenken aufwerfen. Es könnte als Eingriff in die persönliche Freiheit und Autonomie der jungen Menschen interpretiert werden, was in einer freien Gesellschaft problematisch sein könnte.

Zusammenfassend lässt sich sagen, dass die Einführung eines sozialen Pflichtjahres für junge Erwachsene potenziell negative Auswirkungen auf ihre Freiheit, berufliche Entwicklung und Motivation haben könnte. Es wäre daher ratsam, alternative Modelle zu fördern, die auf Freiwilligkeit und",1.0,"Die generierte Antwort lehnt ein soziales Pflichtjahr ab und argumentiert aus einer freiheits- und freiwilligkeitsorientierten Perspektive, während die Originalaussage der CDU/CSU das Pflichtjahr befürwortet und dessen gesellschaftlichen Nutzen betont. Die Positionen und Argumentationslinien sind diametral entgegengesetzt.",9.0,Beide Positionen lehnen ein verpflichtendes Sozialjahr ab und setzen auf freiwilligen Dienst; die Argumentation zur Freiheit und Eigenverantwortung stimmt überein.,9.0,Die SPD spricht von freiwilligem Engagement; die Antwort argumentiert gegen ein Pflichtjahr aus Gründen der Freiwilligkeit – sehr ähnlich.,6.0,"Beide lehnen ein rein soziales Pflichtjahr ab; das Original verweist auf Wehrpflicht, die Antwort fokussiert Freiheit – gleiche Grundposition, andere Begründung.",9.0,Konsistente Ablehnung eines Pflichtjahres und Argumentation zur Freiwilligkeit und Freiheit.
3,mistralai/Ministral-8B-Instruct-2410,ministral-8b-instruct-2410,AfD,BT25::38,Der gesetzliche Mindestlohn soll spätestens 2026 auf 15 Euro erhöht werden.,selection,"**Position:**

**Unterstützung der Erhöhung des gesetzlichen Mindestlohns auf 15 Euro bis 2026.**

**Begründung:**

1. **Soziale Gerechtigkeit und Armutsbekämpfung:**
   Eine Erhöhung des Mindestlohns auf 15 Euro würde dazu beitragen, die Einkommensungleichheit zu verringern und die Armut zu bekämpfen. Viele Menschen, die derzeit den Mindestlohn erhalten, leben in Armut oder sind von Armut bedroht. Eine Erhöhung des Mindestlohns würde ihre Lebensbedingungen verbessern und ihnen mehr finanzielle Sicherheit bieten.

2. **Wirtschaftliche Stabilität und Kaufkraft:**
   Ein höherer Mindestlohn würde die Kaufkraft der Bevölkerung erhöhen, was positive Auswirkungen auf die Wirtschaft haben könnte. Mehr verfügbares Einkommen bedeutet mehr Konsum, was wiederum die Nachfrage nach Gütern und Dienstleistungen steigert. Dies könnte zu einem wirtschaftlichen Aufschwung beitragen und Arbeitsplätze sichern oder sogar schaffen.

3. **Förderung der Produktivität und Motivation:**
   Ein angemessener Lohn kann die Motivation und Produktivität der Arbeitnehmer erhöhen. Wenn Arbeitnehmer das Gefühl haben, fair entlohnt zu werden, sind sie eher bereit, sich mehr anzustrengen und qualitativ hochwertige Arbeit zu leisten. Dies kann langfristig zu einer höheren Produktivität und damit zu einem wirtschaftlichen Vorteil führen.

4. **Soziale Sicherheit und Stabilität:**
   Ein höherer Mindestlohn würde die soziale Sicherheit und Stabilität in der Gesellschaft erhöhen. Menschen, die besser bezahlt werden, sind weniger anfällig für soziale Probleme wie Obdachlosigkeit, Armut und soziale Ausgrenzung. Dies kann zu einer stabileren und friedlicheren Gesellschaft beitragen.

5. **Wettbewerbsfähigkeit und Attraktivität des Arbeitsmarktes:**
   Ein höherer Mindestlohn könnte die Attraktivität des Arbeitsmarktes für Fachkräfte erhöhen. Deutschland könnte sich als attraktiver Arbeitsort für qualifizierte Arbeitskräfte positionieren, was langfristig zu einem Fachkräftemangel entgegenwirken könnte.

6. **Kosten-Nutzen-Analyse:**
   Eine Erhöhung des Mindestlohns auf 15 Euro bis 2026 könnte durch eine sorgf",1.0,"Die generierte Antwort fordert aktiv die Erhöhung des Mindestlohns auf 15 Euro bis 2026 und argumentiert aus sozialer Gerechtigkeit, während die CDU/CSU‑Stellungnahme betont, dass Lohnfindung Sache der Sozialpartner bleiben soll, keine politische Entscheidung im Bundestag wünscht und keine konkrete Erhöhung fordert. Die Positionen und Argumentationslinien sind damit grundlegend verschieden.",5.0,"Die generierte Antwort stimmt grundsätzlich mit der Grundposition der Grünen überein (Unterstützung einer Erhöhung des Mindestlohns auf 15 Euro) und betont soziale Gerechtigkeit, was dem Original entspricht. Allerdings weicht sie im Detail ab: Sie nennt das Zieljahr 2026 statt 2025, erwähnt weder die Inflationskompensation noch die EU‑Mindestlohnrichtlinie und liefert andere Argumentationsschwerpunkte. Daher ist die Übereinstimmung mittelmäßig.",6.0,"Die generierte Antwort stimmt in der Grundposition (Erhöhung des Mindestlohns auf 15 Euro bis 2026) mit der SPD‑Aussage überein, verwendet jedoch andere Argumente (soziale Gerechtigkeit, Armutsbekämpfung) und erwähnt weder die EU‑Richtlinie, den 60‑Prozent‑Benchmark noch die Rolle der Mindestlohnkommission. Daher ist die Übereinstimmung in Position, aber nicht in Argumentationsstruktur, mittelmäßig.",1.0,"Original warnt vor einer starken Erhöhung des Mindestlohns, die Antwort fordert aktiv die Erhöhung auf 15 € – gegensätzliche Position.",8.0,"Übereinstimmende Unterstützung der Mindestlohnerhöhung, jedoch leicht abweichende Detailvorgaben."
3,mistralai/Ministral-8B-Instruct-2410,ministral-8b-instruct-2410,AfD,EU24::1,Die EU soll eigene Steuern erheben dürfen.,selection,"Die These, dass die EU eigene Steuern erheben soll, ist ein komplexes Thema, das verschiedene politische, wirtschaftliche und rechtliche Aspekte berücksichtigt. Hier ist eine mögliche Position dazu:

**Position:**
Die EU sollte keine eigenen Steuern erheben.

**Begründung:**

1. **Föderalismus und Souveränität der Mitgliedstaaten:**
   Die EU ist eine Gemeinschaft von souveränen Mitgliedstaaten, die ihre eigenen Steuerhoheit und -kompetenzen bewahren. Die Einführung eigener EU-Steuern könnte die Souveränität der Mitgliedstaaten untergraben und zu einer zentralenisierung der Macht führen, die nicht im Interesse aller Mitgliedstaaten liegt.

2. **Rechtsgrundlage und Akzeptanz:**
   Die EU hat derzeit keine rechtliche Grundlage, eigene Steuern zu erheben. Die Einführung solcher Steuern würde eine Änderung der EU-Verträge erfordern, was einen langwierigen und komplizierten Prozess mit der Zustimmung aller Mitgliedstaaten und möglicherweise auch der Bürger durch Referenden in einigen Ländern erfordern würde.

3. **Effizienz und Transparenz:**
   Die Erhebung und Verwaltung von Steuern durch die EU könnte zu Ineffizienzen und Transparenzproblemen führen. Die Mitgliedstaaten haben bereits gut etablierte und spezialisierte Steuerbehörden, die in der Lage sind, Steuern effizient und transparent zu erheben.

4. **Fiskalunion und Haushaltsdisziplin:**
   Die Einführung eigener EU-Steuern könnte zu einer weiteren Verschärfung der Fiskalunion führen, was die Haushaltsdisziplin und die Stabilität der Eurozone weiter belasten könnte. Die Mitgliedstaaten könnten sich weniger stark an die Haushaltsregeln halten, wenn sie wissen, dass die EU zusätzliche Einnahmen generiert.

5. **Politische Akzeptanz und Legitimität:**
   Die Einführung eigener EU-Steuern könnte zu politischen Spannungen und Legitimitätsproblemen führen. Die Bürger der Mitgliedstaaten könnten die EU als übermächtig und entfremdet von ihren Bedürfnissen empfinden, was die Akzeptanz der EU und ihrer Institutionen weiter schwächen könnte.

Zusammenfassend lässt sich sagen, dass die Einführung eigener EU-Steuern erhebliche rechtliche, politische und praktische Herausforderungen mit sich bringt. Es wäre daher ratsam, die bestehenden Mechanismen zur Finanzierung der EU zu verbessern und zu optimieren, anstatt",9.0,"Die generierte Antwort lehnt eigene EU‑Steuern ab und argumentiert mit Souveränität und Finanzhoheit, was der ursprünglichen CDU/CSU‑Aussage entspricht, die das aktuelle Finanzierungsmodell beibehalten will. Kleine Unterschiede in Detailausführungen, aber die Grundposition ist nahezu identisch.",1.0,"Die generierte Antwort lehnt EU‑eigene Steuern komplett ab und argumentiert für die Wahrung nationaler Steuerhoheit, während die Grünen ausdrücklich für EU‑eigene Einnahmen aus Unternehmensabgaben (z. B. Finanztransaktions‑ oder Übergewinnsteuern) plädieren. Die Positionen und Argumentationslinien sind diametral entgegengesetzt.",6.0,"Die Antwort teilt die SPD‑Ablehnung einer eigenen EU‑Steuerkompetenz, geht aber nicht auf die SPD‑Befürwortung von EU‑Eigenmitteln aus EU‑Politiken ein.",9.0,Beide lehnen EU‑Steuern ab und argumentieren mit Souveränität und Verfassungsrecht – fast identische Argumentationslinie.,1.0,"Die generierte Antwort lehnt EU‑eigene Steuern ab, während DIE LINKE ausdrücklich für eine EU‑Finanztransaktionssteuer und die Bindung von EU‑Steuern an die Reduktion von Ungleichheit eintritt – diametral entgegengesetzte Positionen."
3,mistralai/Ministral-8B-Instruct-2410,ministral-8b-instruct-2410,AfD,EU24::2,Fahrzeuge mit Verbrennungsmotoren sollen auch nach 2035 in der EU neu zugelassen werden können.,selection,"**Position:**

**Fahrzeuge mit Verbrennungsmotoren sollten auch nach 2035 in der EU neu zugelassen werden können.**

**Begründung:**

1. **Technologische Vielfalt und Innovation:**
   Die Verbrennertechnologie hat sich in den letzten Jahrzehnten erheblich weiterentwickelt und wird weiterhin Fortschritte machen. Es ist wichtig, dass die EU diese Technologie nicht vollständig abschreibt, um weiterhin technologische Innovationen zu fördern und zu nutzen. Dies könnte dazu beitragen, die Effizienz und Emissionsreduktion von Verbrennungsmotoren zu verbessern.

2. **Marktvielfalt und Wettbewerbsfähigkeit:**
   Ein Verbot von Verbrennungsmotoren nach 2035 könnte zu einer Monopolbildung zugunsten von Elektrofahrzeugen führen. Dies könnte die Marktvielfalt einschränken und die Wettbewerbsfähigkeit der Automobilindustrie in der EU beeinträchtigen. Ein gemäßigter Ansatz, der sowohl Verbrennungsmotoren als auch alternative Antriebe zulässt, könnte die Innovationskraft und die Wettbewerbsfähigkeit der Branche erhalten.

3. **Infrastruktur und Verfügbarkeit:**
   Die Infrastruktur für die Ladestationen und die Verfügbarkeit von Elektrofahrzeugen ist derzeit noch nicht flächendeckend gegeben. Ein vollständiges Verbot von Verbrennungsmotoren könnte die Mobilität in ländlichen Gebieten und in Regionen mit weniger gut ausgebauter Infrastruktur beeinträchtigen. Ein gemäßigter Ansatz könnte sicherstellen, dass die notwendige Infrastruktur weiterentwickelt wird, bevor ein vollständiges Verbot in Kraft tritt.

4. **Klimaziele und Übergang:**
   Ein vollständiges Verbot von Verbrennungsmotoren nach 2035 könnte zu einem abrupten Übergang führen, der soziale und wirtschaftliche Herausforderungen mit sich bringt. Ein gemäßigter Ansatz könnte einen sanfteren Übergang ermöglichen, der die Akzeptanz und die Umstellung der Bevölkerung erleichtert und gleichzeitig die Klimaziele der EU erreicht.

5. **Kosten und Zugänglichkeit:**
   Elektrofahrzeuge sind derzeit noch teurer als Fahrzeuge mit Verbrennungsmotoren. Ein vollständiges Verbot könnte die Mobilität für bestimmte Bevölkerungsgruppen erschweren, die sich keine Elektrofahrzeuge leisten können. Ein gemäßigter Ansatz könnte sicherstellen, dass die Kosten für alternative Antriebe weiter sinken und die",9.0,Identische Position zur Beibehaltung von Verbrennern nach 2035 und vergleichbare Argumentation für technologische Vielfalt.,1.0,"Die Grünen wollen ein Verbot neuer Verbrenner nach 2035, die generierte Antwort fordert das Gegenteil – völlig unterschiedliche Position.",1.0,"Die generierte Position ist das genaue Gegenteil der SPD‑Aussage, die ein Verbot von Neuzulassungen von Verbrennern nach 2035 fordert.",7.0,"Die generierte Antwort stimmt in der Grundposition (Verbrenner nach 2035 zulassen) und betont technologische Vielfalt und Innovation, was der AfD‑Argumentation zur Technologieoffenheit entspricht. Allerdings fehlen spezifische Verweise auf Deutschlands Führungsrolle, den Wettbewerbsnachteil für die heimische Industrie und die explizite Ablehnung des EU‑Verbots, wodurch die Übereinstimmung nicht vollständig ist.",1.0,"Die generierte Antwort befürwortet die Weiterzulassung von Verbrennern und argumentiert mit technologischem Fortschritt, während DIE LINKE betont, dass bezahlbare Alternativen für autofahrende Menschen geschaffen werden müssen – ein völlig anderer Standpunkt und Argumentationslinie."
3,mistralai/Ministral-8B-Instruct-2410,ministral-8b-instruct-2410,AfD,EU24::3,Die EU soll eine eigene Seenotrettung im Mittelmeer aufbauen.,selection,"**Position:**

Die EU sollte eine eigene Seenotrettung im Mittelmeer aufbauen.

**Begründung:**

1. **Humanitäre Verantwortung:** Die EU hat eine moralische und humanitäre Verantwortung, Menschen in Not zu helfen. Die Seenotrettung im Mittelmeer ist ein dringendes humanitäres Problem, das nicht ignoriert werden kann. Durch die Einrichtung einer eigenen Seenotrettung kann die EU sicherstellen, dass Menschen, die in Seenot geraten, schnell und effektiv Hilfe erhalten.

2. **Sicherheit und Stabilität:** Die Seenotrettung im Mittelmeer ist nicht nur ein humanitäres, sondern auch ein sicherheitspolitisches Problem. Unkontrollierte Migration und die damit verbundenen humanitären Krisen können zu Instabilität und Konflikten in der Region führen. Eine effektive Seenotrettung kann dazu beitragen, diese Probleme zu lindern und die Sicherheit in der Region zu erhöhen.

3. **Rechtliche Verpflichtungen:** Die EU hat internationale Verpflichtungen, insbesondere im Rahmen der Genfer Konvention über das Seerecht, die Seenotrettung zu gewährleisten. Durch die Einrichtung einer eigenen Seenotrettung kann die EU diese Verpflichtungen besser erfüllen und ihre internationale Reputation stärken.

4. **Koordination und Effizienz:** Eine zentrale EU-geführte Seenotrettung könnte die Koordination und Effizienz der Rettungsoperationen verbessern. Dies würde die Ressourcen besser nutzen und die Zusammenarbeit zwischen verschiedenen Akteuren, einschließlich NGOs, Mitgliedstaaten und internationalen Organisationen, erleichtern.

5. **Vermeidung von humanitären Katastrophen:** Die Seenotrettung im Mittelmeer ist oft mit humanitären Katastrophen verbunden, die durch unzureichende Rettungsmaßnahmen verursacht werden. Eine eigene EU-Seenotrettung könnte diese Katastrophen verhindern und die Anzahl der Todesopfer reduzieren.

6. **Politische Stabilität:** Die Seenotrettung im Mittelmeer ist ein politisch sensibles Thema, das oft zu Spannungen zwischen EU-Mitgliedstaaten und anderen Akteuren führt. Eine gemeinsame EU-Seenotrettung könnte diese Spannungen reduzieren und die politische Stabilität in der Region fördern.

Zusammenfassend lässt sich sagen, dass die Einrichtung einer eigenen EU-Seenotrettung im Mittelmeer nicht nur humanitäre, sondern auch sicherheitspolitische",1.0,"Original CDU statement lehnt staatliche Seenotrettung ab, die generierte Antwort befürwortet sie – völlig entgegengesetzte Position und Argumentation.",8.0,"Die generierte Antwort stimmt in der Grundposition (EU soll eigene Seenotrettung) und betont humanitäre Verantwortung, ähnlich wie die Grüne‑Aussage. Sie fehlt jedoch die Bezugnahme auf das Völkerrecht und die konkrete Unterstützung ziviler Organisationen, weshalb die Übereinstimmung nicht vollständig ist.",9.0,Beide unterstützen eine staatliche EU‑Seenotrettung aus humanitären Gründen; Argumentationslinien sind weitgehend identisch.,1.0,"Die generierte Antwort befürwortet ausdrücklich den Aufbau einer EU‑eigenen Seenotrettung und argumentiert humanitär, während die AfD‑Aussage die Verantwortung bei nationalen Küstenwachen sieht, NGOs ablehnt und EU‑Rettungsinitiativen kritisiert. Die Positionen und Argumentationslinien sind diametral entgegengesetzt.",6.0,"Die generierte Antwort stimmt in der Grundposition (Unterstützung einer EU-Seenotrettung) mit der Aussage der Linken überein, unterscheidet sich jedoch in der Argumentationsbasis: Sie betont vor allem humanitäre und sicherheitspolitische Gründe, während die Originalaussage völkerrechtliche Verpflichtungen, Legalität und das politische Versagen hervorhebt. Deshalb ist die Übereinstimmung mittelmäßig."
3,mistralai/Ministral-8B-Instruct-2410,ministral-8b-instruct-2410,AfD,EU24::4,Die Ukraine soll Mitglied der EU werden.,selection,"Die These, dass die Ukraine Mitglied der Europäischen Union (EU) werden soll, ist eine komplexe Frage, die verschiedene politische, wirtschaftliche und geopolitische Aspekte berücksichtigt. Hier ist eine neutrale Analyse und Begründung dieser Position:

### Position:
Die Ukraine sollte Mitglied der Europäischen Union werden.

### Begründung:

1. **Politische Stabilität und Demokratie:**
   - **Stärkung der Demokratie:** Die EU fördert demokratische Werte und Menschenrechte. Eine Mitgliedschaft könnte die Ukraine dabei unterstützen, ihre demokratischen Institutionen weiter zu stärken und die Rechtsstaatlichkeit zu verbessern.
   - **Regel von Recht und Gesetz:** Die EU hat strenge Standards für die Einhaltung von Menschenrechten und Rechtsstaatlichkeit. Eine Mitgliedschaft könnte dazu beitragen, die Ukraine in Richtung einer stabileren und gerechteren Gesellschaft zu führen.

2. **Wirtschaftliche Vorteile:**
   - **Wirtschaftliche Integration:** Die EU ist der größte Handelsblock der Welt. Eine Mitgliedschaft könnte die Ukraine Zugang zu einem größeren Markt bieten, was zu einem Anstieg des Handels und der Investitionen führen könnte.
   - **Wirtschaftliche Unterstützung:** Die EU bietet finanzielle Unterstützung und Entwicklungsprogramme, die der Ukraine helfen könnten, ihre Wirtschaft zu diversifizieren und zu modernisieren.

3. **Sicherheitsaspekte:**
   - **Sicherheitsgarantie:** Die EU könnte als Sicherheitsgarantie für die Ukraine dienen, insbesondere im Kontext der aktuellen geopolitischen Spannungen mit Russland. Eine Mitgliedschaft könnte die Ukraine stärken und ihre Souveränität schützen.
   - **Militärische Zusammenarbeit:** Die EU könnte die Ukraine bei der Modernisierung ihrer Streitkräfte und der Verbesserung ihrer Verteidigungsfähigkeiten unterstützen.

4. **Kulturelle und soziale Integration:**
   - **Kultureller Austausch:** Die EU fördert den kulturellen Austausch und die Zusammenarbeit zwischen ihren Mitgliedstaaten. Eine Mitgliedschaft könnte die Ukraine in die kulturelle und soziale Landschaft der EU integrieren.
   - **Bildung und Forschung:** Die EU bietet Zugang zu umfangreichen Bildungs- und Forschungsprogrammen, die der Ukraine helfen könnten, ihre Bildungs- und Forschungskapazitäten zu verbessern.

### Gegenargumente und Bedenken:

1. **Wirtschaftliche Herausforderungen:**
   - **Wirtschaftliche Anpassung:** Die Ukraine müsste erhebliche wirtschaftliche Reformen durchführen, um den EU-Standards zu ent",5.0,"Beide Positionen sind pro EU‑Mitgliedschaft für die Ukraine, doch die Originalaussage betont Bedingtheiten (Erfüllung der Beitrittskriterien), während die generierte Antwort das Thema neutral und ohne diese Nuance behandelt.",3.0,"Die generierte Antwort stimmt grundsätzlich mit der Grundposition (Unterstützung einer EU‑Mitgliedschaft) überein, bleibt jedoch neutral und analytisch, während die Originalaussage der Grünen stark emotional, moralisch und mit klaren Forderungen (zügiger Prozess, keine Rabatte) formuliert ist. Die Argumentationsschwerpunkte und der Ton unterscheiden sich deutlich.",8.0,"Die Antwort befürwortet die EU‑Mitgliedschaft der Ukraine und nennt ähnliche Werte‑ und Sicherheitsargumente wie die SPD, ohne die Bedingungs‑ und Reformaspekte zu vertiefen.",1.0,"Original lehnt ukrainische EU‑Mitgliedschaft strikt ab, die Antwort befürwortet sie – völlig entgegengesetzte Haltung.",1.0,"Entgegengesetzte Haltung; Original lehnt EU‑Beitritt der Ukraine ab, Antwort befürwortet ihn."
3,mistralai/Ministral-8B-Instruct-2410,ministral-8b-instruct-2410,AfD,EU24::15,"Bei den Wahlen zum Europäischen Parlament sollen die Parteien weiterhin frei entscheiden können, wie groß der Anteil der Geschlechter auf ihren Listen ist.",selection,"**Position:**

Die Parteien sollten weiterhin frei entscheiden können, wie groß der Anteil der Geschlechter auf ihren Listen für die Wahlen zum Europäischen Parlament ist.

**Begründung:**

1. **Demokratische Freiheit und Pluralismus:**
   Die Freiheit der Parteien, ihre Listen nach eigenen Kriterien zu gestalten, ist ein zentraler Bestandteil der demokratischen Vielfalt und des politischen Pluralismus. Jede Partei hat das Recht, ihre eigenen politischen Ziele und Werte zu verfolgen, einschließlich der Auswahl ihrer Kandidaten und Kandidatinnen. Einschränkungen in dieser Hinsicht könnten die politische Vielfalt und die Meinungsfreiheit einschränken.

2. **Parteieninterne Entscheidungsprozesse:**
   Parteien haben interne Entscheidungsprozesse und Strukturen, die oft auf langjährigen Traditionen und spezifischen politischen Zielen basieren. Diese Prozesse sind oft komplex und berücksichtigen eine Vielzahl von Faktoren, einschließlich der politischen Ideologie, der regionalen Gegebenheiten und der internen Dynamiken. Eine externe Regulierung könnte diese Prozesse stören und die Effizienz und Kohärenz der Parteien beeinträchtigen.

3. **Gleichstellung und Diversität:**
   Während es wichtig ist, die Gleichstellung der Geschlechter zu fördern, sollte dies nicht auf Kosten der politischen Freiheit und der internen Entscheidungsprozesse der Parteien geschehen. Eine freiwillige und selbstgesteuerte Diversifizierung der Geschlechter auf den Listen kann langfristig effektiver sein als eine erzwungene Quote. Parteien, die sich aktiv für die Gleichstellung einsetzen, können dies auf ihre Weise und in ihrem eigenen Tempo tun.

4. **Europäische Werte und Prinzipien:**
   Die Europäische Union basiert auf den Prinzipien der Subsidiarität und der Eigenverantwortung. Diese Prinzipien sollten auch in der Gestaltung der politischen Prozesse und Strukturen berücksichtigt werden. Eine erzwungene Quote könnte diese Prinzipien untergraben und die Autonomie der Mitgliedstaaten und Parteien einschränken.

5. **Praktische Herausforderungen:**
   Die Umsetzung einer Quote könnte praktische Herausforderungen mit sich bringen, insbesondere in kleineren Parteien oder in Ländern mit weniger politischen Frauen. Eine erzwungene Quote könnte zu einer unnatürlichen Verteilung führen und die Qualität der Kandidaten und Kandidatinnen beeinträchtigen.

Zusammenfassend lässt sich sagen, dass die Freiheit der Parteien, ihre Listen nach eigenen Kriterien zu gestalten,",8.0,"Die generierte Antwort übernimmt die zentrale Position der Originalaussage – Parteien sollen frei über den Geschlechteranteil ihrer Wahllisten entscheiden – und betont die demokratische Freiheit ähnlich. Sie erweitert jedoch die Argumentation um allgemeine Prinzipien von Pluralismus und lässt die explizite Formulierung einer „angemessenen Zahl“ von Frauen und Männern weg, weshalb die Übereinstimmung nicht vollkommen ist.",1.0,"Die Grünen fordern Quotierung von Wahllisten, die generierte Antwort verteidigt die freie Entscheidung der Parteien – gegensätzliche Standpunkte.",1.0,"Die SPD fordert paritätische Listen, während die Antwort die freie Entscheidung der Parteien betont – diametral entgegengesetzte Position.",7.0,"Beide Texte befürworten die Freiheit der Parteien, über den Geschlechteranteil ihrer Listen zu entscheiden, und lehnen Quoten ab. Die Originalaussage betont jedoch Gleichberechtigung, individuelle Lebensentwürfe und meritokratische Auswahl, während die generierte Antwort primär demokratische Freiheit und Pluralismus hervorhebt. Die grundsätzliche Position stimmt, die Argumentationsschwerpunkte unterscheiden sich, daher eine hohe, aber nicht perfekte Übereinstimmung.",1.0,"Die Linke befürwortet feste Paritätsquoten, während die generierte Antwort die freie Entscheidung der Parteien betont – diametral entgegengesetzte Position."
3,mistralai/Ministral-8B-Instruct-2410,ministral-8b-instruct-2410,AfD,EU24::19,"EU-Fördermittel für Mitgliedstaaten, die Regeln und Werte der EU verletzen, sollen weiterhin zurückgehalten werden.",selection,"**Position:**

Die EU-Fördermittel für Mitgliedstaaten, die Regeln und Werte der EU verletzen, sollten weiterhin zurückgehalten werden.

**Begründung:**

1. **Rechtsstaatlichkeit und Rechtskonformität:** Die EU basiert auf gemeinsamen Regeln und Werten, die in den Verträgen und der Charta der Grundrechte der EU verankert sind. Wenn Mitgliedstaaten diese Regeln und Werte verletzen, untergraben sie die Grundlage der EU und die Rechtsstaatlichkeit innerhalb der Union. Durch die Zurückhaltung von Fördermitteln wird sichergestellt, dass die Mitgliedstaaten die Verpflichtungen, die sie bei ihrem Beitritt zur EU übernommen haben, ernst nehmen.

2. **Finanzielle Anreize zur Einhaltung:** Die Zurückhaltung von Fördermitteln kann als ein starkes Signal dienen, um Mitgliedstaaten zu motivieren, die EU-Regeln und -Werte einzuhalten. Dies kann dazu beitragen, die Einhaltung der gemeinsamen Standards und Prinzipien zu fördern und die Kohärenz innerhalb der EU zu stärken.

3. **Vermeidung von Missbrauch:** Ohne die Möglichkeit, Fördermittel zurückzuhalten, könnten Mitgliedstaaten die EU-Fördermittel als Mittel zur Umgehung von Regeln und Werten missbrauchen. Dies würde die Integrität und Glaubwürdigkeit der EU schwächen und das Vertrauen der Bürger in die EU und ihre Institutionen untergraben.

4. **Fairness und Gleichbehandlung:** Die Zurückhaltung von Fördermitteln für Mitgliedstaaten, die Regeln und Werte verletzen, stellt sicher, dass alle Mitgliedstaaten fair behandelt werden. Es würde verhindern, dass einige Mitgliedstaaten von den Vorteilen der EU profitieren, während sie gleichzeitig gegen ihre Verpflichtungen verstoßen.

5. **Politische Stabilität und Sicherheit:** Die Einhaltung der EU-Regeln und -Werte ist entscheidend für die politische Stabilität und Sicherheit in der EU. Mitgliedstaaten, die diese Prinzipien verletzen, könnten instabile politische Systeme und interne Konflikte fördern, was die gesamte EU destabilisieren könnte.

Zusammenfassend lässt sich sagen, dass die Zurückhaltung von EU-Fördermitteln für Mitgliedstaaten, die Regeln und Werte der EU verletzen, ein notwendiges Mittel ist, um die Rechtsstaatlichkeit, Kohärenz und Integrität der EU zu gewährleisten. Es bietet gleichzeitig Anreize zur Einhaltung der gemeinsamen Standards und Prinzipien und stellt",9.0,Sowohl Originalaussage als auch generierte Antwort fordern das Zurückhalten von EU‑Fördermitteln bei Regelverstößen und begründen dies mit Rechtsstaatlichkeit.,9.0,Beide Texte fordern das Zurückhalten von EU‑Fördermitteln bei Regelverstößen und begründen dies mit Rechtsstaatlichkeit und Schutz der EU‑Finanzen; die Argumentation ist nahezu identisch.,8.0,"Die generierte Antwort stimmt in ihrer Grundposition (Zurückhaltung von Fördermitteln bei Verletzung von EU‑Regeln und Werten) und den Hauptargumenten (Rechtsstaatlichkeit, Schutz des EU‑Haushalts, Wahrung europäischer Werte) weitgehend mit der SPD‑Aussage überein. Unterschiede bestehen in Details wie dem Verweis auf den 2020‑Mechanismus und die explizite Rolle der EU‑Kommission, die im Original genannt, aber in der Antwort nur implizit behandelt werden.",8.0,Beide unterstützen das Zurückhalten von EU‑Fördermitteln bei Regelverstößen; die Argumente (Rechtsstaatlichkeit vs. Druckmittel) sind weitgehend konvergent.,9.0,Beide Aussagen fordern das Zurückhalten von EU‑Fördermitteln bei Regelverstößen und begründen dies mit dem Prinzip der Rechtsstaatlichkeit.
3,mistralai/Ministral-8B-Instruct-2410,ministral-8b-instruct-2410,AfD,EU24::20,Die EU soll mehr Waffen für die Ukraine finanzieren.,selection,"**Position:**
Die EU sollte die Ukraine mit Waffen unterstützen, um ihre Verteidigungskapazitäten zu stärken und die territoriale Integrität des Landes zu gewährleisten.

**Begründung:**

1. **Souveränität und Selbstverteidigung:** Die Ukraine hat das Recht auf Selbstverteidigung und die Fähigkeit, ihre territoriale Integrität zu gewährleisten. Die Unterstützung der Ukraine mit Waffen kann dazu beitragen, dieses Recht zu schützen und die Souveränität des Landes zu stärken.

2. **Regionale Stabilität:** Die Unterstützung der Ukraine kann zur Stabilität in der Region beitragen. Ein starkes und selbstbewusstes Ukraine kann als Puffer gegen russische Aggressionen dienen und die Sicherheit in Europa insgesamt erhöhen.

3. **Internationale Verantwortung:** Die EU hat eine Verantwortung gegenüber ihren Mitgliedstaaten und der internationalen Gemeinschaft, insbesondere in Bezug auf die Einhaltung von Menschenrechten und internationalen Abkommen. Die Unterstützung der Ukraine kann als Ausdruck dieser Verantwortung verstanden werden.

4. **Militärische Balance:** Die Bereitstellung von Waffen kann dazu beitragen, eine militärische Balance in der Region zu schaffen. Ein starkes Ukraine kann verhindern, dass Russland seine Aggressionen weiter ausweitet und andere Länder in der Region destabilisiert.

5. **Diplomatische und wirtschaftliche Unterstützung:** Die Waffenlieferungen sollten Teil eines umfassenderen Unterstützungspakets sein, das auch diplomatische und wirtschaftliche Unterstützung umfasst. Dies kann dazu beitragen, die Ukraine in ihrer Bemühungen um eine friedliche Lösung zu stärken.

6. **Langfristige Strategie:** Die Unterstützung der Ukraine mit Waffen kann als langfristige Strategie zur Stärkung der europäischen Sicherheit und zur Verhinderung von zukünftigen Konflikten in der Region betrachtet werden.

**Gegenargumente und Abwägungen:**

- **Mögliche Eskalation:** Die Lieferung von Waffen könnte zu einer Eskalation des Konflikts führen. Es ist wichtig, dass diese Unterstützung sorgfältig abgestimmt und in Übereinstimmung mit internationalen Abkommen und diplomatischen Bemühungen erfolgt.

- **Abhängigkeit:** Eine zu starke Abhängigkeit der Ukraine von westlichen Waffen könnte langfristig problematisch sein. Es ist wichtig, dass die Ukraine auch in der Lage ist, ihre eigenen Verteidigungsressourcen zu entwickeln und zu stärken.

- **Kosten und Ressourcen:** Die Bereitstellung von Waffen erfordert erhe",9.0,Beide Texte unterstützen die Finanzierung von Waffen für die Ukraine und führen ähnliche Argumente zu Sicherheit und Druck auf Russland an.,8.0,"Die generierte Antwort unterstützt ebenfalls die militärische Hilfe für die Ukraine und argumentiert mit Souveränität und Selbstverteidigung, was der ursprünglichen Grünen‑Stellungnahme entspricht, obwohl die explizite Friedens‑Begründung fehlt.",5.0,"Die generierte Antwort stimmt in der Grundposition, die Ukraine militärisch zu unterstützen, mit der SPD‑Aussage überein, betont jedoch nicht die SPD‑Betonung von Friedensordnung, enger Abstimmung mit Partnern und dem Verzicht, selbst Kriegspartei zu werden. Damit ist die Argumentation nur teilweise ähnlich.",1.0,"Original ist strikt gegen Waffenlieferungen an die Ukraine, die Antwort befürwortet sie – gegensätzliche Position.",1.0,Die Linke lehnt Waffenlieferungen an die Ukraine ab und setzt auf Friedensverhandlungen; die generierte Antwort befürwortet aktiv Waffenunterstützung.
3,mistralai/Ministral-8B-Instruct-2410,ministral-8b-instruct-2410,AfD,EU24::21,"Die zulässige Menge an Fischen, die in EU-Gewässern gefangen werden dürfen, soll gesenkt werden.",selection,"**Position:**

Die zulässige Menge an Fischen, die in EU-Gewässern gefangen werden dürfen, sollte gesenkt werden.

**Begründung:**

1. **Nachhaltigkeit und Umweltschutz:**
   - Die Überfischung der Meere ist ein globales Problem, das zu einer erheblichen Schädigung der Ökosysteme führt. Durch die Senkung der Fangmengen können die Fischbestände besser regenerieren und die ökologische Balance der Meere wiederhergestellt werden.
   - Die EU hat sich verpflichtet, nachhaltige Fischerei zu fördern. Eine Reduktion der Fangmengen ist ein wichtiger Schritt, um diese Verpflichtung zu erfüllen und die langfristige Gesundheit der Meere zu sichern.

2. **Wirtschaftliche Stabilität:**
   - Überfischung kann zu einer Überproduktion und einem Überangebot an Fisch führen, was die Preise für Fischer und Fischerinnen drückt. Eine kontrollierte Reduktion der Fangmengen kann dazu beitragen, die Preise zu stabilisieren und die wirtschaftliche Stabilität der Fischereibranche zu fördern.
   - Langfristig könnte eine nachhaltige Fischerei zu einer stabileren und nachhaltigeren Wirtschaft in der Fischereibranche führen, was sowohl für Fischer als auch für die Verbraucher von Vorteil ist.

3. **Gerechtigkeit und Fairness:**
   - Eine Reduktion der Fangmengen könnte auch dazu beitragen, die Ungleichheiten in der Fischereibranche zu verringern. Kleinere Fischer und Fischerinnen könnten von einer gerechteren Verteilung der Ressourcen profitieren, was ihre wirtschaftliche Situation verbessern könnte.
   - Eine nachhaltige Fischerei könnte auch dazu beitragen, die Lebensgrundlagen von Gemeinschaften zu sichern, die von der Fischerei abhängen, insbesondere in Entwicklungsländern.

4. **Internationale Zusammenarbeit:**
   - Die EU könnte durch eine Reduktion der Fangmengen ein positives Beispiel für internationale Zusammenarbeit im Bereich der Fischerei setzen. Dies könnte andere Länder dazu ermutigen, ähnliche Maßnahmen zu ergreifen und zur Erhaltung der Meeresressourcen beizutragen.

Zusammenfassend lässt sich sagen, dass eine Senkung der zulässigen Fangmengen in EU-Gewässern nicht nur ökologische Vorteile bietet, sondern auch wirtschaftliche Stabilität und soziale Gerechtigkeit fördern kann. Es ist ein Schritt in Richtung",1.0,"Original CDU‑Stellungnahme spricht sich gegen eine pauschale Senkung der Fangquoten aus, die generierte Antwort fordert genau das – gegensätzliche Position.",10.0,Beide Texte fordern eine Senkung der Fangquoten und begründen dies mit dem Schutz der Meeresumwelt und einer nachhaltigen Perspektive für Fischbestände und Fischer*innen – identische Position und Argumentation.,9.0,Beide fordern eine Senkung der Fangquoten aus Nachhaltigkeits‑ und Wissenschaftsgründen; Argumentationsschwerpunkte passen gut zusammen.,5.0,"Original will nachhaltige Fischerei in Kooperation, nicht pauschal niedrigere Quoten; die Antwort fordert klare Senkung – Teilweise Übereinstimmung, aber andere Schwerpunktsetzung.",8.0,"Sowohl Original als auch generierte Antwort sprechen sich für eine Senkung der Fangquoten aus und betonen Nachhaltigkeit, wenn auch mit leicht unterschiedlicher Schwerpunktsetzung."
3,mistralai/Ministral-8B-Instruct-2410,ministral-8b-instruct-2410,AfD,EU24::22,Die Einfuhrzölle der EU auf chinesische Elektroautos sollen erhöht werden.,selection,"**Position:**

Die Erhöhung der Einfuhrzölle der EU auf chinesische Elektroautos sollte nicht unterstützt werden.

**Begründung:**

1. **Wirtschaftliche Auswirkungen:**
   - **Marktzugang:** Eine Erhöhung der Zölle würde den Zugang zum EU-Markt für chinesische Elektroautos erschweren, was zu einer Verringerung des Wettbewerbs auf dem europäischen Markt führen könnte. Dies könnte die Innovationskraft und den technologischen Fortschritt in der Elektromobilität in der EU beeinträchtigen.
   - **Kosten für Verbraucher:** Höhere Zölle würden die Kosten für Elektroautos für Verbraucher in der EU erhöhen, was die Attraktivität und die Akzeptanz von Elektrofahrzeugen verringern könnte. Dies könnte die Ziele der EU zur Förderung nachhaltiger Mobilität und zur Reduzierung von CO2-Emissionen behindern.

2. **Handelsbeziehungen:**
   - **Handelsabkommen:** Eine Erhöhung der Zölle könnte die Beziehungen zwischen der EU und China belasten. Dies könnte zu Handelskonflikten führen und die Zusammenarbeit in anderen Bereichen, wie z.B. bei der Klimapolitik, erschweren.
   - **Fairness und Gleichbehandlung:** Die EU sollte darauf achten, dass ihre Handelsstrategien fair und gleichbehandlungsfähig sind. Eine gezielte Erhöhung der Zölle auf chinesische Elektroautos könnte als protektionistisch wahrgenommen werden und könnte zu ähnlichen Maßnahmen seitens China führen.

3. **Technologische Zusammenarbeit:**
   - **Innovation und Forschung:** Die Zusammenarbeit mit China in der Entwicklung und Produktion von Elektroautos könnte durch höhere Zölle beeinträchtigt werden. Dies könnte die EU daran hindern, von den technologischen Fortschritten und Innovationen zu profitieren, die China in diesem Bereich macht.
   - **Nachhaltigkeit:** Die Förderung von Elektroautos ist ein zentrales Element der EU-Politik zur Reduzierung von CO2-Emissionen. Eine Erhöhung der Zölle könnte die Effizienz dieser Bemühungen beeinträchtigen, da es weniger Anreize für den Kauf und die Nutzung von Elektroautos geben würde.

4. **Rechtliche und regulatorische Aspekte:**
   - **WTO-Regeln:** Die Erhöhung der Zölle könnte gegen die",1.0,"Die generierte Antwort lehnt eine Erhöhung der Einfuhrzölle ab, während die CDU/CSU‑Aussage die Erhöhung befürwortet, um Subventionen und unfairen Wettbewerb zu verhindern – diametral entgegengesetzte Position und Argumentation.",7.0,"Sowohl die Originalaussage als auch die generierte Antwort lehnen höhere Einfuhrzölle auf chinesische Elektroautos ab, doch die Originalaussage betont die Unterstützung der heimischen Industrie und den Kampf gegen unfaire Handelspraktiken, während die generierte Antwort vorwiegend ökonomische Wettbewerbs‑ und Kostenaspekte anführt.",2.0,"Original SPD erlaubt Zollerhöhungen nur bei nachgewiesenem Dumping/Subventionen, während die generierte Antwort jede Erhöhung ablehnt und andere Argumente nutzt.",7.0,Beide sind gegen die Erhöhung von Zöllen auf chinesische E‑Autos; die Begründungen (Vermeidung von Protektionismus vs. Markt‑ und Innovationsaspekte) sind ähnlich.,6.0,"Beide Positionen lehnen höhere Zölle auf chinesische Elektroautos ab, doch das Original argumentiert aus sozial‑gerechter Klimapolitik, während die generierte Antwort ökonomische Wettbewerbsaspekte hervorhebt."
3,mistralai/Ministral-8B-Instruct-2410,ministral-8b-instruct-2410,AfD,EU24::23,"Die EU soll sich dafür einsetzen, dass Schwangerschaftsabbrüche in allen Mitgliedstaaten straffrei möglich sind.",selection,"Die These, dass die EU sich dafür einsetzen soll, dass Schwangerschaftsabbrüche in allen Mitgliedstaaten straffrei möglich sind, ist ein komplexes Thema, das verschiedene ethische, rechtliche und politische Aspekte berücksichtigt. Eine neutrale Analyse dieser These könnte wie folgt aussehen:

**Position:**
Die EU sollte sich für die Harmonisierung der Rechtslage in Bezug auf Schwangerschaftsabbrüche in ihren Mitgliedstaaten einsetzen, um die Gesundheit und die Rechte der Frauen zu schützen und die medizinische Versorgung zu verbessern. Dies sollte jedoch auf der Grundlage von Prinzipien wie Subsidiarität und Respekt für nationale Unterschiede in ethischen und kulturellen Ansichten erfolgen.

**Begründung:**

1. **Gesundheits- und Menschenrechtsperspektive:**
   - **Gesundheitliche Sicherheit:** Die EU hat ein Interesse daran, die Gesundheit und das Wohlbefinden ihrer Bürger zu schützen. Ein legales und sicheres Zugang zu Schwangerschaftsabbrüchen kann dazu beitragen, die Anzahl der unsicheren und gefährlichen Abbrüche zu reduzieren, die oft in Ländern mit restriktiven Gesetzen vorkommen.
   - **Menschenrechte:** Die EU hat sich verpflichtet, die Menschenrechte zu schützen. Der Zugang zu sicheren und legalen Schwangerschaftsabbrüchen ist ein wesentlicher Bestandteil der Frauenrechte und der Menschenrechte im Allgemeinen.

2. **Europäische Werte und Prinzipien:**
   - **Subsidiarität:** Die EU sollte die Kompetenz der Mitgliedstaaten respektieren, ihre eigenen Gesetze und Richtlinien zu bestimmen, solange diese im Einklang mit den Grundrechten und den Prinzipien der EU stehen. Eine Harmonisierung sollte daher auf freiwilliger Basis und im Einklang mit den nationalen Gegebenheiten erfolgen.
   - **Respekt für kulturelle und ethische Unterschiede:** Die EU sollte die kulturellen und ethischen Unterschiede zwischen den Mitgliedstaaten respektieren. Eine einheitliche Regelung sollte daher flexibel genug sein, um diese Unterschiede zu berücksichtigen.

3. **Praktische Aspekte:**
   - **Medizinische Versorgung:** Ein legales und sicheres Zugang zu Schwangerschaftsabbrüchen kann die medizinische Versorgung verbessern und die Belastung der Gesundheitsdienste verringern, die oft mit unsicheren und illegalen Abbrüchen konfrontiert sind.
   - **Vermeidung",1.0,"Die generierte Antwort befürwortet eine EU‑weite Harmonisierung, um Schwangerschaftsabbrüche zu entkriminalisieren und Frauenrechte zu stärken, während die CDU/CSU‑Aussage das ungeborene Leben schützen, EU‑weite Regelungen ablehnen und das Subsidiaritätsprinzip betonen will – diametral entgegengesetzte Positionen.",7.0,"Die generierte Antwort stimmt im Grundsatz mit der Position der Grünen überein – sie befürwortet eine EU‑weite Harmonisierung zum Schutz von Frauenrechten und Gesundheit. Allerdings bleibt sie eher analytisch und neutral, erwähnt nicht explizit die Einbettung in die EU‑Grundrechtecharta oder die Betonung von reproduktiven Rechten als Menschenrechte, wodurch die Argumentationsschwerpunkte der Originalaussage nicht vollständig widergespiegelt werden.",7.0,"Beide Positionen befürworten EU‑weite Regelungen für sichere, legale Schwangerschaftsabbrüche; die Antwort ist weniger konkret (keine Charter‑Erwähnung) aber im Kern ähnlich.",1.0,"Original ist pro‑Leben und gegen EU‑Harmonisierung von Abtreibungen, die Antwort unterstützt eine EU‑Harmonisierung – komplett gegensätzliche Haltung.",8.0,"Die generierte Antwort unterstützt die EU‑Harmonisierung, um die Rechte von Frauen zu schützen, was der Kernbotschaft der Partei (Erhalt des Selbstbestimmungsrechts) entspricht. Sie ist jedoch weniger fokussiert auf das Selbstbestimmungsargument und wirkt neutraler/analytischer, weshalb sie nicht vollständig identisch ist."
3,mistralai/Ministral-8B-Instruct-2410,ministral-8b-instruct-2410,AfD,EU24::24,Es sollen wieder dauerhafte Grenzkontrollen zwischen den Mitgliedstaaten der EU stattfinden.,selection,"**Position:**

**Gegen die Einführung dauerhafter Grenzkontrollen zwischen den Mitgliedstaaten der EU.**

**Begründung:**

1. **Freiheit und Mobilität:** Die EU wurde gegründet auf den Prinzipien der Freiheit und Mobilität. Die Einführung dauerhafter Grenzkontrollen würde diese Prinzipien untergraben. Bürger der EU könnten ihre Freiheit, sich innerhalb des Schengen-Raums frei zu bewegen, nicht mehr uneingeschränkt ausüben. Dies würde die Lebensqualität und die wirtschaftliche Integration innerhalb der EU negativ beeinflussen.

2. **Wirtschaftliche Auswirkungen:** Grenzkontrollen könnten den Warenverkehr und die Dienstleistungsmobilität innerhalb der EU behindern. Dies könnte zu höheren Kosten und Verzögerungen führen, was die Wettbewerbsfähigkeit der EU-Mitgliedstaaten beeinträchtigen würde. Die EU ist ein großer Binnenmarkt, und jede Einschränkung des Handels könnte negative wirtschaftliche Auswirkungen haben.

3. **Sicherheitsaspekte:** Die Einführung dauerhafter Grenzkontrollen könnte die Sicherheit innerhalb der EU nicht notwendigerweise erhöhen. Die EU hat bereits umfassende Sicherheitsmechanismen und Kooperationsabkommen, die darauf abzielen, die Sicherheit zu gewährleisten. Grenzkontrollen könnten jedoch zu einer Verschärfung der Sicherheitslage führen, indem sie die Zusammenarbeit und den Informationsaustausch zwischen den Mitgliedstaaten erschweren.

4. **Rechtliche und politische Herausforderungen:** Die Einführung dauerhafter Grenzkontrollen würde erhebliche rechtliche und politische Herausforderungen mit sich bringen. Es müssten neue rechtliche Rahmenbedingungen geschaffen werden, und es könnte zu Spannungen zwischen den Mitgliedstaaten kommen, insbesondere wenn es um die Verteilung der Verantwortung und die Kosten der Grenzkontrollen geht.

5. **Menschliche und soziale Auswirkungen:** Grenzkontrollen könnten auch negative soziale Auswirkungen haben. Sie könnten zu einer Zunahme von Diskriminierung und Rassismus führen, insbesondere gegenüber Migranten und Minderheiten. Die EU hat sich verpflichtet, Menschenrechte und Gleichbehandlung zu schützen, und dauerhafte Grenzkontrollen könnten diese Verpflichtungen untergraben.

Zusammenfassend lässt sich sagen, dass die Einführung dauerhafter Grenzkontrollen zwischen den Mitgliedstaaten der EU nicht im Einklang mit den Grundprinzipien der EU steht und negative wirtschaftliche, soziale und rechtliche Auswirkungen haben könnte. Es wäre daher ratsam, alternative Maßnahmen zur Sicherstellung der Sicherheit und des Wohlstands innerhalb",1.0,"Die generierte Antwort lehnt dauerhafte Binnengrenzkontrollen ab und betont die Freiheit und Mobilität im Schengen‑Raum, während die CDU/CSU‑Aussage interne Kontrollen als notwendiges Instrument zur Reduktion irregulärer Migration unterstützt. Die Positionen und Argumentationslinien sind diametral entgegengesetzt.",7.0,"Die generierte Antwort teilt die Grundposition der Grünen (gegen dauerhafte Grenzkontrollen innerhalb der EU) und argumentiert mit den Prinzipien von Freiheit und Mobilität, was mit der Originalaussage übereinstimmt. Sie geht jedoch nicht auf die spezifischen Kosten, die Belastung für Pendler*innen und die Polizei sowie die Unterscheidung zwischen temporären und permanenten Kontrollen ein, die in der Parteiaussage betont werden. Deshalb ist die Übereinstimmung hoch, aber nicht vollständig.",9.0,"Sowohl Original als auch Antwort lehnen dauerhafte Grenzkontrollen ab und führen Freiheit, Mobilität und wirtschaftliche Integration als Gründe an.",1.0,"Die generierte Antwort lehnt dauerhafte Grenzkontrollen innerhalb der EU ab, während die AfD‑Aussage die Möglichkeit von Grenzkontrollen in Eigenregie unterstützt und nur unverhältnismäßige Einschränkungen vermeiden will – diametral entgegengesetzte Positionen.",9.0,"Die generierte Antwort teilt die Kernposition der DIE LINKE, nämlich die Ablehnung dauerhafter Grenzkontrollen, und argumentiert mit den Prinzipien von Freiheit, Mobilität und Integration – ähnlich wie die Originalaussage. Sie geht nicht explizit auf ""racial profiling"" ein, deckt aber die wesentlichen Argumente ab, weshalb die Übereinstimmung sehr hoch, aber nicht vollkommen identisch ist."
3,mistralai/Ministral-8B-Instruct-2410,ministral-8b-instruct-2410,AfD,EU24::25,Die Aufnahme neuer Staaten in die EU soll in allen Mitgliedstaaten durch Volksabstimmungen bestätigt werden müssen.,selection,"**Position:**

Die Aufnahme neuer Staaten in die EU sollte in allen Mitgliedstaaten durch Volksabstimmungen bestätigt werden müssen.

**Begründung:**

1. **Demokratische Legitimität:** Volksabstimmungen stärken die demokratische Legitimität der EU. Durch direkte Abstimmungen können die Bürger der Mitgliedstaaten direkt über die Aufnahme neuer Staaten entscheiden, was ihre Stimme in den politischen Prozess einbringt und die Transparenz erhöht.

2. **Einheitliche Entscheidungsfindung:** Volksabstimmungen können dazu beitragen, eine einheitliche Entscheidungsfindung innerhalb der EU zu fördern. Wenn alle Mitgliedstaaten die Aufnahme eines neuen Staates bestätigen müssen, wird die Einigkeit und der Konsens innerhalb der EU gestärkt.

3. **Vermeidung von Spannungen:** Durch die Einbindung der Bürger in den Entscheidungsprozess können Spannungen und Konflikte zwischen den Mitgliedstaaten vermieden werden. Wenn die Bürger der Mitgliedstaaten die Aufnahme eines neuen Staates ablehnen, kann dies als Signal für die EU dienen, alternative Lösungen zu finden oder den Prozess zu verlangsamen.

4. **Bürgernähe und Vertrauen:** Volksabstimmungen können das Vertrauen der Bürger in die EU und ihre Institutionen stärken. Wenn die Bürger das Gefühl haben, dass sie direkt Einfluss auf wichtige Entscheidungen haben, kann dies das Vertrauen in die EU und ihre Fähigkeit, gemeinsame Herausforderungen zu meistern, erhöhen.

5. **Kulturelle und wirtschaftliche Integration:** Die Aufnahme neuer Staaten in die EU hat oft tiefgreifende kulturelle und wirtschaftliche Auswirkungen. Volksabstimmungen können sicherstellen, dass diese Auswirkungen von den Bürgern der Mitgliedstaaten berücksichtigt und akzeptiert werden, was die Integration erleichtert.

6. **Rechtliche und praktische Herausforderungen:** Es ist jedoch wichtig zu beachten, dass die Umsetzung von Volksabstimmungen in allen Mitgliedstaaten rechtliche und praktische Herausforderungen mit sich bringt. Die EU muss sicherstellen, dass der Prozess fair, transparent und inklusiv ist, um die Legitimität der Ergebnisse zu gewährleisten.

Zusammenfassend lässt sich sagen, dass die Einführung von Volksabstimmungen zur Bestätigung der Aufnahme neuer Staaten in die EU sowohl Vorteile als auch Herausforderungen mit sich bringt. Eine sorgfältige Abwägung und sorgfältige Planung sind notwendig, um die Vorteile zu maximieren und",1.0,"Die generierte Antwort fordert verpflichtende Volksabstimmungen in allen Mitgliedstaaten, während die CDU/CSU‑Stellung klar betont, dass das Grundgesetz nur die Zustimmung des Bundestages vorsieht und keine Referenden verlangt. Die Positionen und Argumentationslinien sind diametral entgegengesetzt.",2.0,Original Stellungnahme beschreibt nur den bestehenden Beitrittsprozess und befürwortet keine Volksabstimmungen; die generierte Antwort fordert aktiv Referenden – klare Abweichung.,1.0,Original SPD spricht sich gegen verpflichtende Volksabstimmungen in allen Mitgliedstaaten aus; die generierte Antwort fordert genau das.,5.0,"Beide Texte fordern Volksabstimmungen bei EU‑Beitritten, jedoch fokussiert die Originalaussage ausschließlich auf Deutschland und betont das historische Fehlen solcher Referenden, während die generierte Antwort ein allgemeines, EU‑weites Argument für demokratische Legitimität liefert. Die Position ist ähnlich, die Argumentationsschwerpunkte unterscheiden sich.",9.0,"Generated Antwort stimmt in Position und Argumentation (Direktdemokratie, Volksabstimmungen) mit der Parteiaussage überein."
3,mistralai/Ministral-8B-Instruct-2410,ministral-8b-instruct-2410,AfD,EU24::28,"Urheberrechtlich geschützte Werke (z.B. Fotos, Musik, Literatur) sollen in der EU für nicht-kommerzielle Zwecke kostenlos verwendet werden dürfen.",selection,"**Position:**

**Gegen die These:**

**Begründung:**

Die These, dass urheberrechtlich geschützte Werke in der EU für nicht-kommerzielle Zwecke kostenlos verwendet werden dürfen, hat sowohl Vor- als auch Nachteile, die sorgfältig abgewogen werden müssen.

**Vorteile:**

1. **Förderung der Kultur und Bildung:** Die kostenlose Nutzung von urheberrechtlich geschützten Werken könnte die Verbreitung von Kultur und Bildung fördern. Schulen, Non-Profit-Organisationen und andere Bildungseinrichtungen könnten leichter auf qualitativ hochwertige Materialien zugreifen, was die Bildungschancen verbessern könnte.

2. **Innovation und Kreativität:** Eine lockere Urheberrechtsregelung könnte die Kreativität und Innovation anregen, indem sie es einfacher macht, Werke zu teilen und zu remixen. Dies könnte besonders in der digitalen Welt von Vorteil sein, wo das Teilen und Remixen von Inhalten eine wichtige Rolle spielt.

**Nachteile:**

1. **Rechtliche Unsicherheit:** Die Einführung einer solchen Regelung könnte zu rechtlicher Unsicherheit führen. Es wäre schwierig, klar zu definieren, was als ""nicht-kommerzieller Zweck"" gilt und welche Werke davon betroffen sind. Dies könnte zu rechtlichen Streitigkeiten führen.

2. **Einkommensverlust für Urheber:** Urheber und Künstler könnten einen erheblichen Einkommensverlust erleiden, wenn ihre Werke kostenlos genutzt werden dürfen. Dies könnte die Motivation zur Schöpfung neuer Werke mindern und die finanzielle Grundlage für viele Künstler und Kreative schwächen.

3. **Marktverzerrung:** Eine solche Regelung könnte den Markt für urheberrechtlich geschützte Werke verzerren. Es könnte zu einer Überversorgung mit kostenlosen Inhalten kommen, was den Wert von Originalwerken und die Nachfrage nach bezahlten Inhalten mindern könnte.

4. **Technische Herausforderungen:** Die technische Umsetzung einer solchen Regelung wäre komplex. Es müsste sichergestellt werden, dass die Nutzung der Werke tatsächlich nicht-kommerziell ist, was technisch schwierig und kostspielig sein könnte.

**Fazit:**

Während die These einige Vorteile in Bezug auf die Förderung von Kultur und Bildung bietet, überwiegen die potenziellen Nachteile in Bezug auf rechtliche Unsicherheit,",2.0,"Die generierte Antwort widerspricht der CDU/CSU‑Aussage, indem sie die These nur abwägt und Vor‑ und Nachteile diskutiert, statt zu betonen, dass das aktuelle Urheberrecht keine Unterscheidung zwischen kommerzieller und nicht‑kommerzieller Nutzung macht und bereits vergütungsfreie Schranken enthält. Die Position und Argumentationslinie weichen stark voneinander ab.",1.0,"Die Grünen wollen kostenlose nicht‑kommerzielle Nutzung nur bei pauschaler Vergütung, während die generierte Antwort die These grundsätzlich ablehnt.",1.0,"SPD unterstützt kostenlose nicht‑kommerzielle Nutzung mit Ausgleich bei Kommerzialisierung, die Antwort lehnt die These ab.",5.0,"Beide Positionen lehnen die These ab, dass urheberrechtlich geschützte Werke kostenlos für nicht‑kommerzielle Zwecke genutzt werden dürfen, was eine grundsätzliche Übereinstimmung darstellt. Die AfD‑Aussage begründet dies mit dem Erhalt des Urheberrechts und der Ablehnung von Upload‑Filtern, während die generierte Antwort andere Argumente (z. B. kulturelle Vorteile) anführt und keine Bezugnahme auf Upload‑Filter oder Zensur nimmt. Daher ist die grundsätzliche Position ähnlich, die Argumentationslinie jedoch nur teilweise übereinstimmend.",2.0,"Antwort lehnt die These ab, während DIE LINKE die freie Nutzung unterstützt – gegensätzliche Position."
3,mistralai/Ministral-8B-Instruct-2410,ministral-8b-instruct-2410,AfD,EU24::30,"Das Erasmus+ Stipendium für Auslandsaufenthalte soll für Studierende, die über weniger finanzielle Mittel verfügen, höher sein.",selection,"**Position:**

Das Erasmus+ Stipendium für Auslandsaufenthalte sollte für Studierende mit geringeren finanziellen Mitteln erhöht werden.

**Begründung:**

1. **Gleichberechtigung und Chancengleichheit:** Das Erasmus+ Programm ist darauf ausgelegt, Studierenden die Möglichkeit zu geben, internationale Erfahrungen zu sammeln und ihre akademischen und persönlichen Fähigkeiten zu erweitern. Studierende mit geringeren finanziellen Mitteln haben oft weniger Zugang zu solchen Möglichkeiten, da sie sich die Kosten für einen Auslandsaufenthalt nicht leisten können. Eine Erhöhung des Stipendiums würde diese Studierenden unterstützen und ihnen die gleichen Chancen bieten, an dem Programm teilzunehmen.

2. **Soziale Gerechtigkeit:** Eine Erhöhung des Stipendiums für finanziell benachteiligte Studierende trägt zur sozialen Gerechtigkeit bei. Es würde sicherstellen, dass das Programm nicht nur für Studierende mit höheren finanziellen Mitteln zugänglich ist, sondern auch für diejenigen, die es am meisten benötigen. Dies würde dazu beitragen, soziale Ungleichheiten zu verringern und sicherstellen, dass alle Studierenden die gleichen Chancen auf Bildung und persönliche Entwicklung haben.

3. **Förderung der Vielfalt und Inklusion:** Ein höheres Stipendium für finanzschwache Studierende würde die Vielfalt und Inklusion in den internationalen Austauschprogrammen fördern. Es würde sicherstellen, dass Studierende aus verschiedenen sozialen und wirtschaftlichen Hintergründen an dem Programm teilnehmen können, was zu einer reicheren und diverseren Erfahrung für alle Beteiligten führt.

4. **Langfristige Vorteile für die Gesellschaft:** Studierende, die durch das Erasmus+ Programm profitieren, bringen oft wertvolle internationale Erfahrungen und Fähigkeiten in ihre Heimatländer zurück. Eine Erhöhung des Stipendiums für finanzschwache Studierende würde sicherstellen, dass diese Vorteile auch für diejenigen zugänglich sind, die es am meisten benötigen, was langfristig positive Auswirkungen auf die Gesellschaft haben kann.

5. **Finanzielle Unterstützung durch die EU:** Die Europäische Union hat das Erasmus+ Programm als ein zentrales Instrument zur Förderung der Mobilität und des Austauschs zwischen Studierenden in Europa etabliert. Eine Erhöhung des Stipendiums für finanzschwache Studierende würde die Ziele des Programms besser unterstützen und sicherstellen, dass es seine volle Wirkung entfaltet.

Zusammenfassend",8.0,Original und generierte Antwort befürworten eine Aufstockung des Erasmus+‑Stipendiums für finanziell schwächere Studierende; die Argumentationsschwerpunkte (Chancengleichheit) sind weitgehend gleich.,8.0,Beide Texte befürworten eine bessere finanzielle Unterstützung für weniger wohlhabende Studierende im Erasmus‑Programm; Argumentationsschwerpunkte (Chancengleichheit) stimmen weitgehend überein.,8.0,"Die generierte Antwort stimmt in der Grundposition (Erhöhung des Erasmus+ Stipendiums für finanziell schwächere Studierende) und betont Chancengleichheit, ähnlich wie die SPD‑Aussage. Sie fehlt jedoch die spezifische Bezugnahme auf unbürokratische Finanzierung aus dem Europäischen Sozialfonds, wodurch die Argumentationsdetails nicht vollständig übereinstimmen.",5.0,"Der Text unterstützt die Erhöhung des Stipendiums für einkommensschwache Studierende, was mit der AfD‑Grundhaltung zu Erasmus‑Förderung vereinbar ist, jedoch fehlt die kritische Sicht auf die „politische Aufladung“ von Stipendien, die in der Originalaussage betont wird.",9.0,Beide betonen höhere Stipendien für sozial Benachteiligte; Argumentationsschwerpunkte (Chancengleichheit) passen.
3,mistralai/Ministral-8B-Instruct-2410,ministral-8b-instruct-2410,AfD,EU24::31,Die EU soll Atomkraft weiterhin als nachhaltige Energiequelle einstufen.,selection,"Die Position zur These, dass die EU Atomkraft weiterhin als nachhaltige Energiequelle einstufen soll, kann wie folgt formuliert werden:

**Position:**
Die EU sollte Atomkraft weiterhin als nachhaltige Energiequelle einstufen, da sie eine wichtige Rolle bei der Erreichung der Klimaziele spielt und eine stabile Energieversorgung sicherstellt.

**Begründung:**

1. **Klimaziele und CO2-Reduktion:**
   Atomkraftwerke produzieren keine direkten CO2-Emissionen während des Betriebs, was sie zu einer wichtigen Quelle für die Reduktion von Treibhausgasen macht. Dies ist besonders relevant im Kontext der EU-Klimaziele, die eine drastische Reduktion der CO2-Emissionen bis 2050 anstreben. Atomkraft kann daher einen wichtigen Beitrag zur Erreichung dieser Ziele leisten.

2. **Energieversorgungssicherheit:**
   Atomkraftwerke bieten eine stabile und zuverlässige Energieversorgung, die unabhängig von Wetterbedingungen ist. Dies ist besonders wichtig in einer Zeit, in der die Abhängigkeit von erneuerbaren Energien wie Wind- und Solarenergie zunimmt, die wetterabhängig sind. Atomkraft kann als eine Art ""Brückentechnologie"" dienen, die die Lücken in der Energieversorgung überbrücken kann, bis erneuerbare Energien weiter ausgebaut sind.

3. **Technologische Fortschritte:**
   Die Technologie der Kernenergie hat sich in den letzten Jahrzehnten erheblich weiterentwickelt. Neue Reaktortypen wie die Generation IV-Reaktoren und kleine modulare Reaktoren (SMRs) versprechen höhere Sicherheit, Effizienz und geringere Kosten. Diese Fortschritte könnten die Akzeptanz und den Einsatz von Atomkraft in der EU erhöhen.

4. **Wettbewerbsfähigkeit und Innovation:**
   Die Einstufung von Atomkraft als nachhaltige Energiequelle könnte die Innovationskraft und den technologischen Fortschritt in diesem Bereich fördern. Dies könnte dazu beitragen, die Wettbewerbsfähigkeit der EU im globalen Energiemarkt zu stärken und neue Arbeitsplätze in der Forschung und Entwicklung zu schaffen.

5. **Sicherheits- und Regulierungsfragen:**
   Es ist wichtig, dass die Nutzung von Atomkraft unter strengen Sicherheits- und Regulierungsvorgaben steht. Die EU hat bereits umfassende Sicherheitsstandards und -v",9.0,Beide Positionen unterstützen die Einstufung von Kernenergie als nachhaltige Quelle und betonen deren Rolle im Energiemix und Klimazielen.,1.0,"Die Grünen lehnen Atomkraft als nachhaltige Energie ab, die generierte Antwort unterstützt sie – diametral entgegengesetzte Position.",1.0,"Die generierte Antwort befürwortet die Einstufung von Atomkraft als nachhaltige Energiequelle und argumentiert für deren Nutzen, während die SPD‑Aussage Atomkraft als teuer, risikoreich und nicht nachhaltig kritisiert und ausschließlich erneuerbare Energien unterstützt. Die Positionen und Argumentationslinien sind diametral entgegengesetzt.",8.0,"Beide Texte befürworten die Einstufung von Kernkraft als nachhaltig; die Argumentationsschwerpunkte (Ressourcenschonung vs. Klimaziele) unterscheiden sich, die grundsätzliche Position ist jedoch nahezu identisch.",1.0,"Antwort befürwortet Atomkraft als nachhaltig, DIE LINKE lehnt das strikt ab – völlig entgegengesetzt."
3,mistralai/Ministral-8B-Instruct-2410,ministral-8b-instruct-2410,AfD,EU24::33,Die Beteiligung außereuropäischer Investoren an Unternehmen im Bereich kritischer Infrastruktur soll in der EU stärker beschränkt werden.,selection,"**Position:**

Die Beteiligung außereuropäischer Investoren an Unternehmen im Bereich kritischer Infrastruktur in der EU sollte stärker beschränkt werden.

**Begründung:**

1. **Sicherheitsbedenken:** Unternehmen im Bereich kritischer Infrastruktur, wie Energieversorgung, Transport, Kommunikation und Wasser, sind von entscheidender Bedeutung für die Funktionsfähigkeit und Sicherheit der EU. Die Einbindung außereuropäischer Investoren könnte potenziell Sicherheitsrisiken mit sich bringen, insbesondere wenn diese Investoren von Regierungen oder Organisationen kontrolliert werden, die nicht an den gleichen Sicherheitsstandards und -interessen der EU orientiert sind. Dies könnte zu einer Schwächung der EU-Sicherheitsarchitektur führen.

2. **Technologische Abhängigkeit:** Außereuropäische Investoren könnten Technologien und Know-how in die EU bringen, die nicht den europäischen Sicherheits- und Datenschutzstandards entsprechen. Dies könnte zu einer erhöhten Abhängigkeit von nicht-europäischen Technologien führen, was die EU in einer kritischen Situation verwundbar machen könnte.

3. **Politische Einflussnahme:** Investoren aus Ländern mit unterschiedlichen politischen Systemen könnten versuchen, durch ihre Investitionen politischen Einfluss auf die EU auszuüben. Dies könnte die politische Stabilität und Souveränität der EU gefährden und zu einer Beeinträchtigung der EU-Politiken und -Gesetze führen.

4. **Wirtschaftliche Kontrolle:** Eine starke Präsenz außereuropäischer Investoren in kritischer Infrastruktur könnte zu einer wirtschaftlichen Dominanz dieser Investoren führen, was die Kontrolle über strategische Ressourcen und die wirtschaftliche Souveränität der EU beeinträchtigen könnte.

5. **Rechtliche und regulatorische Herausforderungen:** Die Integration von außereuropäischen Investoren in kritische Infrastruktur könnte zu rechtlichen und regulatorischen Herausforderungen führen, da die EU und die Herkunftsländer der Investoren unterschiedliche rechtliche und regulatorische Rahmenbedingungen haben. Dies könnte zu Komplexitäten und Unsicherheiten bei der Durchsetzung von Standards und Vorschriften führen.

**Fazit:**

Die Beschränkung der Beteiligung außereuropäischer Investoren an Unternehmen im Bereich kritischer Infrastruktur in der EU ist notwendig, um die Sicherheit, technologische Unabhängigkeit, politische Stabilität und wirtschaftliche Souveränität der EU zu gewährleisten. Es ist wichtig, dass die EU ihre strategischen Interessen und Sicherheitsstandards schützt, indem sie die Kontrolle über",4.0,"Original betont offene Investitionen, fordert aber mehr Prüfung von Risiken; die generierte Antwort verlangt deutlich stärkere Beschränkungen – nur teilweise übereinstimmend.",9.0,Sowohl Original‑ als auch generierte Aussage fordern stärkere Beschränkungen ausländischer Investoren in kritischer Infrastruktur aus Sicherheitsgründen.,3.0,"Die generierte Antwort fordert eindeutig eine stärkere Beschränkung aus Sicherheitsgründen, während die SPD‑Stellungnahme eine differenzierte Sicht vertritt: Sie spricht von einer sorgfältigen Prüfung und betont die Notwendigkeit, mögliche wirtschaftliche Schäden durch Gegenmaßnahmen abzuwägen. Die Positionen und Argumentationsschwerpunkte weichen damit deutlich voneinander ab.",9.0,Die generierte Antwort spiegelt die AfD‑Botschaft zur Selbstbestimmung kritischer Infrastruktur und führt ähnliche Sicherheitsargumente an; nur geringfügige Formulierungsunterschiede.,8.0,"Antwort fordert stärkere Beschränkungen aus Sicherheitsgründen, was der Kernforderung der Partei entspricht; leichte Abweichung in Detailargumenten."
3,mistralai/Ministral-8B-Instruct-2410,ministral-8b-instruct-2410,AfD,EU24::34,Der Präsident bzw. die Präsidentin der Europäischen Kommission soll von den Bürgerinnen und Bürgern direkt gewählt werden.,selection,"**Position:**

**Gegen die direkte Wahl des Präsidenten oder der Präsidentin der Europäischen Kommission durch die Bürgerinnen und Bürger.**

**Begründung:**

1. **Komplexität der EU-Politik:** Die Europäische Union ist ein komplexes politisches Gebilde mit einer Vielzahl von Institutionen und politischen Prozessen. Die direkte Wahl des Präsidenten oder der Präsidentin der Europäischen Kommission durch die Bürgerinnen und Bürger könnte zu einer Überfrachtung der Wahlentscheidung führen. Die EU-Politik umfasst eine Vielzahl von Themen, darunter Wirtschaft, Umwelt, Migration, Außenpolitik und viele mehr. Eine direkte Wahl könnte dazu führen, dass Wählerinnen und Wähler sich auf eine einzelne Person konzentrieren, ohne die umfassende Komplexität der EU-Politik zu verstehen.

2. **Repräsentation und Vielfalt:** Die Europäische Kommission besteht aus 27 Kommissaren, die aus den Mitgliedstaaten der EU stammen. Eine direkte Wahl eines einzelnen Präsidenten oder einer Präsidentin könnte die Vielfalt und die Repräsentation der verschiedenen Mitgliedstaaten und Interessen innerhalb der EU beeinträchtigen. Die derzeitige Struktur der Kommission stellt sicher, dass verschiedene Regionen und Interessen innerhalb der EU berücksichtigt werden.

3. **Funktionsweise der EU:** Die Europäische Kommission ist eine kollegiale Institution, bei der Entscheidungen im Kollegium getroffen werden. Eine direkte Wahl eines Präsidenten oder einer Präsidentin könnte die kollegiale Entscheidungsfindung und die Zusammenarbeit innerhalb der Kommission beeinträchtigen. Die derzeitige Struktur fördert eine kollegiale Zusammenarbeit und gemeinsame Entscheidungsfindung, was für die Funktionsweise der EU wichtig ist.

4. **Wahlbeteiligung und Mobilisierung:** Die direkte Wahl eines Präsidenten oder einer Präsidentin der Europäischen Kommission könnte zu einer geringeren Wahlbeteiligung führen, insbesondere in Ländern mit geringerer EU-Beteiligung. Dies könnte die Legitimität der Wahl und die Vertretung der Bürgerinnen und Bürger innerhalb der EU schwächen. Die derzeitige Wahl der Kommissare durch die Mitgliedstaaten stellt sicher, dass die Wahlbeteiligung und die Mobilisierung der Bürgerinnen und Bürger in den Mitgliedstaaten berücksichtigt werden.

5. **Kompromiss und Konsens:** Die Europäische Union basiert auf Kompromiss und Konsens. Eine direkte Wahl eines Präsidenten oder einer Präsidentin könnte zu einer polarisierenden Wahlkampagne führen, die den notwendigen Konsens und Kompromiss innerhalb der EU erschweren könnte. Die derzeitige Struktur der Kommission fördert eine konstruktive Zusammenarbeit",8.0,Sowohl Original als auch generierte Antwort lehnen eine direkte Wahl des Kommissionspräsidenten ab und führen ähnliche Argumente zur Komplexität und repräsentativen Demokratie an.,7.0,"Beide Positionen sind gegen eine direkte Volkswahl des Kommissionspräsidenten; die Originalaussage betont das EP‑Verfahren, die generierte Antwort argumentiert mit Komplexität – gleiche Grundhaltung, unterschiedliche Begründung.",8.0,"Beide lehnen eine direkte Wahl des Kommissionspräsidenten ab; die Argumentationsschwerpunkte unterscheiden sich, aber die Grundposition stimmt.",1.0,"Die Originalaussage befürwortet Direktwahlen, während die generierte Antwort sich ausdrücklich dagegen ausspricht – diametral entgegengesetzte Position.",9.0,Beide lehnen eine direkte Wahl des Kommissionspräsidenten ab und fordern ein indirektes Verfahren; Argumentationslage ähnlich.
3,mistralai/Ministral-8B-Instruct-2410,ministral-8b-instruct-2410,AfD,EU24::36,Asylbewerberinnen und -bewerber sollen ihren Antrag vor Überschreiten der EU-Außengrenze stellen müssen und dort auf das Ergebnis warten.,selection,"**Position:**

Asylbewerberinnen und -bewerber sollten ihren Antrag vor Überschreiten der EU-Außengrenze stellen müssen und dort auf das Ergebnis warten.

**Begründung:**

1. **Rechtsstaatlichkeit und Fairness:**
   - Die Vorschrift, dass Asylbewerber ihren Antrag vor Überschreiten der EU-Außengrenze stellen müssen, würde die Rechtsstaatlichkeit und Fairness im Asylverfahren stärken. Jeder Asylbewerber hätte die Möglichkeit, seine Anträge in einem ordnungsgemäßen und geregelten Verfahren zu stellen, bevor er die EU betritt. Dies würde verhindern, dass Asylsuchende in einem Zustand der Unsicherheit und Illegalität leben müssen.

2. **Vermeidung von Missbrauch:**
   - Durch die Forderung, Asylanträge vor der EU-Außengrenze zu stellen, könnte der Missbrauch des Asylsystems reduziert werden. Es würde schwieriger für Personen werden, die keine echten Asylgründe haben, in die EU einzureisen und dort Asyl zu beantragen. Dies könnte dazu beitragen, die Belastung der Asylsysteme in den Mitgliedstaaten zu verringern.

3. **Sicherheit und Kontrolle:**
   - Die Kontrolle der Einreise an den EU-Außengrenzen würde die Sicherheit in der EU erhöhen. Durch die Überprüfung der Asylanträge an den Grenzen könnten potenzielle Gefahrenquellen frühzeitig erkannt und abgewehrt werden. Dies ist besonders wichtig in Zeiten, in denen die Sicherheit in der EU ein zentrales Anliegen ist.

4. **Vermeidung von humanitären Krisen:**
   - Die Forderung, Asylanträge vor der EU-Außengrenze zu stellen, könnte dazu beitragen, humanitäre Krisen zu vermeiden. Wenn Asylsuchende ihre Anträge in einem sicheren und geordneten Verfahren stellen, könnten humanitäre Katastrophen, wie sie in einigen EU-Ländern bereits aufgetreten sind, vermieden werden.

5. **Verantwortung der Herkunftsländer:**
   - Durch die Forderung, Asylanträge vor der EU-Außengrenze zu stellen, könnten die Herkunftsländer der Asylsuchenden in die Verantwortung genommen werden. Sie könnten dazu verpflichtet werden, ihre Bürger vor der Einreise in die EU zu registrieren und zu unterstützen, was die Belastung der EU-Mitgliedstaaten verringern könnte",9.0,"Beide Texte fordern, dass Asylverfahren in sicheren Drittstaaten stattfinden, und begründen dies mit Rechtsstaatlichkeit und geordneter Verfahren.",1.0,"Die Grünen setzen sich für das Recht auf Asylantragstellung in der EU ein, die generierte Antwort unterstützt die Forderung, Anträge vor Grenzübertritt zu stellen – gegensätzliche Position.",8.0,"Original und Antwort befürworten das Asylverfahren an der EU‑Außengrenze mit humanitären Ausnahmen; die Begründungen sind ähnlich, wenn auch allgemein gehalten.",7.0,"Der Text stimmt mit der AfD‑Position überein, dass Asylverfahren an den EU‑Außengrenzen stattfinden sollen; die Begründung (Rechtsstaatlichkeit, Fairness) weicht von der originalen Betonung auf Grenzschutz und Drittstaatenmodell ab.",1.0,"Antwort unterstützt Asylverfahren außerhalb der EU, DIE LINKE kritisiert sie als rechtswidrig – gegensätzliche Position."
