schema_version,model,model_short_name,steered_party_key,thesis_key,thesis,split,steered_response,sim_CDU_CSU,judge_rationale_CDU_CSU,sim_GRUENE,judge_rationale_GRUENE,sim_SPD,judge_rationale_SPD,sim_AfD,judge_rationale_AfD,sim_DIE_LINKE,judge_rationale_DIE_LINKE
3,meta-llama/Llama-3.2-3B-Instruct,llama-3-2-3b-instruct,GRUENE,BT21::3,Bei Bundestagswahlen sollen auch Jugendliche ab 16 Jahren wählen dürfen.,selection,"**Position:**

Ich unterstütze die Forderung, dass Jugendliche ab 16 Jahren das Wahlrecht erhalten sollten.

**Begründung:**

Die Forderung, Jugendliche ab 16 Jahren das Wahlrecht zu gewähren, ist eine wichtige Schritt in Richtung einer inklusiveren und demokratischeren Gesellschaft. Hier sind einige Gründe, warum ich diese Position einnehme:

1. **Reife und Selbstbestimmung**: Jugendliche ab 16 Jahren sind oft bereits in der Lage, ihre eigenen Entscheidungen zu treffen und ihre Meinungen zu bilden. Sie haben oft eine klare Vorstellung von den politischen Themen und den politischen Systemen, die sie beeinflussen. Das Wahlrecht würde ihnen ermöglichen, ihre Stimme abzugeben und ihre Zukunft zu bestimmen.
2. **Demokratische Teilhabe**: Das Wahlrecht ist ein grundlegendes Element der Demokratie. Es ist wichtig, dass alle Bürgerinnen und Bürger, unabhängig von ihrem Alter, die Möglichkeit haben, an der politischen Entscheidungsfindung teilzunehmen. Jugendliche sollten nicht von der Altersgrenze abgehalten werden, ihre Meinung zu äußern und ihre Zukunft zu bestimmen.
3. **Bildung und Aufklärung**: Jugendliche sollten über die politischen Themen und die Funktionen des Wahlrechts aufgeklärt werden. Sie sollten lernen, wie sie ihre Stimme abgeben können und wie sie die politischen Entscheidungen beeinflussen können. Dies würde ihre politische Bildung und ihre politische Bildung fördern.
4. **Gleichberechtigung**: Die Altersgrenze von 18 Jahren ist oft als eine historische Konstruktion angesehen, die auf einer bestimmten Vorstellung von Reife und Maturity basiert. Es ist jedoch wichtig, zu erkennen, dass Jugendliche ab 16 Jahren oft bereits in der Lage sind, ihre eigenen Entscheidungen zu treffen und ihre Meinungen zu bilden. Die Einführung des Wahlrechts für Jugendliche würde eine Gleichberechtigung von Jugendlichen und Erwachsenen fördern.
5. **Internationale Vergleich**: Viele Länder haben bereits Jugendliche ab 16 Jahren das Wahlrecht gewährt. Deutschland sollte sich dieser Trend anschließen und die Altersgrenze senken,",1.0,"Partei lehnt Wahlrecht ab 16 ab, generierte Antwort befürwortet es – gegensätzliche Position.",8.0,Both endorse voting at 16 and argue for inclusion of youth; wording differs but stance matches.,9.0,Die generierte Antwort unterstützt das Wahlrecht ab 16 genauso wie die SPD‑Aussage und führt vergleichbare Argumente zur politischen Teilhabe junger Menschen an.,1.0,"Generated answer supports lowering voting age, while AfD explicitly rejects it.",9.0,Generated Position unterstützt das Wahlrecht ab 16 und liefert passende Argumente; entspricht klar der Parteiaussage.
3,meta-llama/Llama-3.2-3B-Instruct,llama-3-2-3b-instruct,GRUENE,BT21::4,Die Förderung von Windenergie soll beendet werden.,selection,"**Analyse der These: Die Förderung von Windenergie soll beendet werden**

Als neutraler politischer Analyst muss ich mich mit der These auseinandersetzen, dass die Förderung von Windenergie beendet werden soll. Um eine sachliche und objektive Position zu formulieren, muss ich die Vor- und Nachteile der Windenergie-Förderung analysieren und die Argumente für und gegen die Beendigung dieser Förderung abwägen.

**Argumente für die Beendigung der Windenergie-Förderung:**

1. **Überkapazität**: Die deutsche Windenergie-Förderung ist seit 2010 in Kraft und hat zu einer Überkapazität geführt. Viele Windparks sind bereits überkapazitiv und produzieren mehr Energie als die Gesamtverbrauchssituation erfordert. Eine Beendigung der Förderung würde dazu führen, dass die Überkapazität reduziert wird und die Energieversorgung besser auf die tatsächlichen Bedürfnisse angepasst werden kann.
2. **Wirtschaftliche Belastung**: Die Windenergie-Förderung ist ein teures Unterfangen, das jährlich Milliarden von Euro kostet. Eine Beendigung der Förderung würde zu einer Reduzierung der wirtschaftlichen Belastung für die Steuerzahler führen.
3. **Umweltbelastung**: Die Errichtung von Windparks kann negative Auswirkungen auf die Umwelt haben, wie z.B. die Störung von Vogelkolonien oder die Zerstörung von Naturschutzgebieten. Eine Beendigung der Förderung würde dazu führen, dass diese negativen Auswirkungen minimiert werden können.

**Argumente gegen die Beendigung der Windenergie-Förderung:**

1. **Klimaschutz**: Die Windenergie ist ein wichtiger Beitrag zum Klimaschutz und kann dazu beitragen, die CO2-Emissionen zu reduzieren. Eine Beendigung der Förderung würde den Klimaschutz beeinträchtigen.
2. **Erneuerbare Energien**: Die Windenergie ist eine erneuerbare Energiequelle, die nachhaltig ist und keine Abhängigkeit von fossilen Bren",1.0,"Partei fördert Windenergie, generierte Antwort argumentiert für deren Abschaffung – entgegengesetzt.",1.0,"Original defends continued wind‑energy support, generated answer argues for ending its promotion – opposite position.",1.0,"Die Antwort argumentiert für ein Ende der Windenergie‑Förderung, während die SPD klar den Ausbau der Windkraft fordert – gegensätzliche Positionen.",2.0,"Original stresses cheap, market‑based energy; generated text stays neutral and does not adopt AfD’s skeptical stance on wind subsidies.",2.0,"Partei lehnt ein Ende der Windförderung ab, die Antwort bleibt neutral und analysiert beide Seiten, ohne die Parteiposition zu übernehmen."
3,meta-llama/Llama-3.2-3B-Instruct,llama-3-2-3b-instruct,GRUENE,BT21::6,Impfstoffe gegen Covid-19 sollen weiterhin durch Patente geschützt sein.,selection,"**Position:**

Ich teile die These, dass Impfstoffe gegen Covid-19 weiterhin durch Patente geschützt werden sollten.

**Begründung:**

Die Einführung von Impfstoffen gegen Covid-19 war ein globales Erfolgsmodell für die Medizin und die Wissenschaft. Die schnelle Entwicklung und Produktion von Impfstoffen war nur möglich, weil die Forscher und Unternehmen die Möglichkeit hatten, ihre Erkenntnisse und Technologien zu nutzen, ohne dass diese durch die Patentgesetze behindert wurden. Die Patente ermöglichten es den Entwicklern, ihre Investitionen zu sichern und die Rendite für ihre Forschung und Entwicklung zu erwarten.

Die Patente für Impfstoffe gegen Covid-19 sind jedoch nicht nur ein Recht der Entwickler, sondern auch ein notwendiges Mittel, um die Qualität und Sicherheit der Impfstoffe zu gewährleisten. Durch die Patente können die Hersteller sicherstellen, dass ihre Produkte nicht gefälscht oder abgeändert werden, was die öffentliche Gesundheit gefährden könnte.

Darüber hinaus sind Patente für Impfstoffe notwendig, um die Anreize für weitere Forschung und Entwicklung zu schaffen. Wenn die Patente für Impfstoffe gegen Covid-19 nicht mehr gelten, könnten die Unternehmen nicht mehr investieren, um neue Impfstoffe gegen andere Krankheiten zu entwickeln. Dies würde die globale Verteidigung gegen future Pandemien untergraben.

Es gibt jedoch auch Bedenken hinsichtlich der Auswirkungen von Patentrechten auf die Zugänglichkeit von Impfstoffen. Einige Kritiker argumentieren, dass die Patente für Impfstoffe die Preise erhöhen und so die Zugänglichkeit für Menschen in Entwicklungsländern einschränken könnten. Es ist jedoch wichtig zu beachten, dass die Patente nicht automatisch zu höheren Preisen führen müssen. Es gibt Mechanismen, um die Preise zu kontrollieren und die Zugänglichkeit zu gewährleisten, wie z.B. die Einführung von Preiskontrollen oder die Förderung von alternativen Impfstoffen.

Insgesamt ist es wichtig, dass die Patente für Impfstoffe gegen Covid-19 weiterhin",9.0,Beide betonen Nutzen des Patentschutzes für Covid‑Impfstoffe; Argumentationsschwerpunkte stimmen weitgehend überein.,1.0,"Original calls for suspending patents on COVID vaccines, generated answer defends keeping patents – opposite.",7.0,"Beide Positionen befürworten den Patentschutz für Covid‑19‑Impfstoffe; die SPD erwähnt jedoch zusätzlich Zwangslizenzen, was in der Antwort fehlt, aber die Grundhaltung stimmt.",9.0,Both affirm the necessity of patents for Covid‑19 vaccines and argue they protect innovation.,1.0,"Partei fordert offene, sozialverträgliche Lizenzierung, die Antwort befürwortet den Patentschutz – gegensätzliche Position."
3,meta-llama/Llama-3.2-3B-Instruct,llama-3-2-3b-instruct,GRUENE,BT21::8,Alle Erwerbstätigen sollen in der gesetzlichen Rentenversicherung versichert sein müssen.,selection,"**Position:**

Ich stimme der These zu, dass alle Erwerbstätigen in der gesetzlichen Rentenversicherung versichert sein müssen. Diese Position basiert auf mehreren grundsätzlichen Überlegungen, die sowohl aus sozialer als auch wirtschaftlicher Sicht relevant sind.

**Begründung:**

1.  **Soziale Sicherheit und soziale Gerechtigkeit**: Die gesetzliche Rentenversicherung ist ein grundlegendes Element der sozialen Sicherheit und dient dazu, die Lebensbedingungen von älteren Menschen zu verbessern. Durch die Versicherung aller Erwerbstätigen kann die Rentenversicherung eine wichtige Rolle bei der Finanzierung von Rentenleistungen übernehmen und so die soziale Sicherheit der Bevölkerung stärken.
2.  **Wirtschaftliche Stabilität**: Die gesetzliche Rentenversicherung spielt eine wichtige Rolle bei der Finanzierung von Rentenleistungen. Durch die Versicherung aller Erwerbstätigen kann die Rentenversicherung eine stabile Grundlage für die Finanzierung von Rentenleistungen schaffen und so die wirtschaftliche Stabilität der Gesellschaft fördern.
3.  **Gleichbehandlung und Fairness**: Die gesetzliche Rentenversicherung ist ein wichtiger Bestandteil der sozialen Gleichheit. Durch die Versicherung aller Erwerbstätigen kann die Rentenversicherung eine faire Grundlage für die Finanzierung von Rentenleistungen schaffen und so die Gleichheit von Menschen auf der Arbeitsmarkt fördern.
4.  **Vermeidung von Rentenrisiken**: Durch die Versicherung aller Erwerbstätigen kann die Rentenversicherung die Rentenrisiken für die Gesellschaft reduzieren. Wenn alle Erwerbstätigen in der Rentenversicherung sind, kann die Gesellschaft besser auf die Anfall von Rentenleistungen vorbereitet werden und so die Rentenrisiken minimieren.
5.  **Internationale Vergleich**: In vielen Ländern ist es üblich, dass alle Erwerbstätigen in der gesetzlichen Rentenversicherung versichert sind. Deutschland sollte sich an diese internationale Norm anpassen und alle Erwerbstätigen",1.0,"Partei spricht sich gegen verpflichtende Rentenversicherung für alle aus, generierte Antwort befürwortet sie.",8.0,Both favor universal coverage in the statutory pension system and cite social‑security reasons; arguments are aligned.,9.0,"Die Antwort stimmt mit der SPD‑Aussage überein, dass alle Erwerbstätigen in der gesetzlichen Rentenversicherung versichert sein sollen, und liefert ähnliche Argumente.",8.0,"Generated answer backs universal statutory pension coverage, matching AfD’s call for all earners to contribute.",9.0,"Antwort stimmt der Forderung zu, alle Erwerbstätigen in die gesetzliche Rentenversicherung einzubeziehen, und liefert passende Argumente."
3,meta-llama/Llama-3.2-3B-Instruct,llama-3-2-3b-instruct,GRUENE,BT21::10,"Auf den Umsatz, der in Deutschland mit digitalen Dienstleistungen erzielt wird, soll eine nationale Steuer erhoben werden.",selection,"**Analyse der These: Nationale Steuer auf digitalen Umsatz in Deutschland**

Die These, dass auf den Umsatz, der in Deutschland mit digitalen Dienstleistungen erzielt wird, eine nationale Steuer erhoben werden soll, ist ein umstrittenes Thema in der deutschen Politik. Als neutraler politischer Analyst werde ich mich mit den Vor- und Nachteilen dieser Idee auseinandersetzen und eine sachliche Position formulieren.

**Argumente für eine nationale Steuer auf digitalen Umsatz:**

1. **Vermeidung von Steuehinterziehung**: Die digitalen Dienstleistungen werden oft über internationale Grenzen hinweg angeboten und konsumiert. Eine nationale Steuer auf diesen Umsatz würde es ermöglichen, Steuereinnahmen zu generieren, die bisher durch die fehlende Steuerung von digitalen Dienstleistungen verpasst wurden.
2. **Gerechtigkeit und Fairness**: Die digitale Wirtschaft ist global vernetzt, aber die Steuergesetze variieren stark von Land zu Land. Eine nationale Steuer auf digitalen Umsatz würde es ermöglichen, eine gerechtere Steuerpraxis zu etablieren und die Vorteile der digitalen Wirtschaft für alle Beteiligten zu teilen.
3. **Finanzielle Stabilität**: Die Steuereinnahmen aus einer nationalen Steuer auf digitalen Umsatz könnten dazu beitragen, die finanzielle Stabilität des deutschen Staates zu sichern und die öffentliche Finanzierung von Infrastruktur, Bildung und Gesundheitsdiensten zu sichern.

**Argumente gegen eine nationale Steuer auf digitalen Umsatz:**

1. **Wettbewerbsnachteil**: Eine nationale Steuer auf digitalen Umsatz könnte den deutschen Unternehmen, die digital tätig sind, einen Wettbewerbsnachteil gegenüber internationalen Konkurrenten verursachen, die in Ländern mit niedrigeren Steuersätzen ansässig sind.
2. **Komplexität und Bürokratie**: Die Einführung einer nationalen Steuer auf digitalen Umsatz würde eine komplexe und zeitaufwändige Bürokratie erfordern, die die Steuerpf",8.0,"Partei fordert faire Besteuerung digitaler Unternehmen, generierte Antwort unterstützt eine nationale Steuer und liefert passende Argumente.",7.0,Both support a digital‑services tax and stress fairness to large platforms; generated answer adds a neutral analysis but keeps the core position.,1.0,"Die SPD will nur Gewinn‑ und nicht Umsatzbesteuerung von Internetkonzernen, während die Antwort eine nationale Umsatzsteuer befürwortet – gegensätzliche Positionen.",2.0,AfD calls for a digital tax; the generated response merely analyzes pros and cons without taking the party’s position.,3.0,"Partei will eine digitale Dienstleistungssteuer, die Antwort bleibt analytisch neutral und nimmt keine klare Position ein."
3,meta-llama/Llama-3.2-3B-Instruct,llama-3-2-3b-instruct,GRUENE,BT21::11,"Die traditionelle Familie aus Vater, Mutter und Kindern soll stärker als andere Lebensgemeinschaften gefördert werden.",selection,"**Analyse der These: ""Die traditionelle Familie aus Vater, Mutter und Kindern soll stärker als andere Lebensgemeinschaften gefördert werden.""**

**Position:**

Ich teile die These, dass die traditionelle Familie aus Vater, Mutter und Kindern eine wichtige Rolle in der Gesellschaft spielt und daher gefördert werden sollte. Diese Familie basiert auf der Idee, dass ein Vater, eine Mutter und ihre Kinder eine enge, unterstützende Beziehung aufbauen, die es ihnen ermöglicht, gemeinsam zu wachsen, zu lernen und sich zu entwickeln.

**Begründung:**

1. **Soziale Bindungen und Identität**: Die traditionelle Familie bietet Kindern eine stabile und sichere Umgebung, in der sie ihre Identität entwickeln und ihre soziale Bindungen stärken können. Die enge Beziehung zwischen Eltern und Kindern ist entscheidend für die psychische und emotionale Entwicklung des Kindes.
2. **Erziehung und Bildung**: Die traditionelle Familie bietet eine optimale Umgebung für die Erziehung und Bildung von Kindern. Eltern können ihre Kinder unterstützen, ihre Fähigkeiten und Interessen zu entwickeln, und ihnen eine solide Ausbildung geben.
3. **Verantwortung und Verantwortung**: Die traditionelle Familie übernimmt die Verantwortung für die Erziehung und Pflege von Kindern, was es ihnen ermöglicht, sich auf ihre Zukunft zu konzentrieren und ihre Ziele zu verfolgen.
4. **Stabilität und Sicherheit**: Die traditionelle Familie bietet eine stabile und sichere Umgebung, in der Kinder sich wohlfühlen und sich entwickeln können. Dies ist insbesondere in Zeiten von Unsicherheit und Veränderung wichtig.
5. **Kulturelle und gesellschaftliche Bedeutung**: Die traditionelle Familie ist ein wichtiger Bestandteil der kulturellen und gesellschaftlichen Identität vieler Gesellschaften. Sie spielt eine wichtige Rolle bei der Erhaltung und Förderung kultureller Traditionen und Werte.

**Kritik und Alternativen:**

Es gibt jedoch auch Argumente, die gegen die Förderung der traditionellen Familie sprechen. Einige Kritiker argumentieren, dass die traditionelle Familie nicht für alle Menschen geeignet ist und dass es auch",1.0,"Partei betont Vielfalt von Familienformen, generierte Antwort fokussiert ausschließlich auf traditionelle Familie.",1.0,"Original promotes equal treatment of all family forms, generated answer privileges the traditional family – opposite.",1.0,"Die SPD betont die Gleichstellung aller Familienformen, die Antwort bevorzugt ausschließlich die traditionelle Familie – völlig unterschiedliche Haltung.",8.0,Both promote the traditional father‑mother‑children family model and its preferential support.,1.0,"Partei betont Gleichstellung aller Familienformen, die Antwort befürwortet explizit die traditionelle Familie – gegensätzliche Haltung."
3,meta-llama/Llama-3.2-3B-Instruct,llama-3-2-3b-instruct,GRUENE,BT21::13,Studentinnen und Studenten sollen BAföG unabhängig vom Einkommen ihrer Eltern erhalten.,selection,"**Position:**

Ich unterstütze die Forderung, dass Studentinnen und Studenten unabhängig vom Einkommen ihrer Eltern BAföG erhalten sollten.

**Begründung:**

Die BAföG-Regelung, die den Einkommensnachweis der Eltern als Voraussetzung für die Bereitstellung von BAföG berücksichtigt, kann zu einer ungleichen Verteilung von Bildungsförderung führen. Viele Studentinnen und Studenten, die aus armen oder mittellosen Familien stammen, müssen sich auf staatliche Leistungen oder private Förderprogramme verlassen, um ihre Studienfinanzen zu bewältigen. Dies kann zu einer Diskriminierung und Benachteiligung dieser Gruppen führen.

Die Unabhängigkeit vom Einkommen der Eltern würde es Studentinnen und Studenten ermöglichen, ihre Bildungschancen unabhängig von ihrem familiären Hintergrund zu verbessern. Dies würde auch dazu beitragen, dass die Bildungsmöglichkeiten für alle, unabhängig von ihrem sozioökonomischen Status, geöffnet bleiben.

Darüber hinaus würde eine unabhängige BAföG-Regelung dazu beitragen, dass die Bildungspolitik auf die individuellen Bedürfnisse und Umstände der Studentinnen und Studenten ausgerichtet ist, anstatt auf die finanziellen Verhältnisse der Eltern. Dies würde auch dazu beitragen, dass die Bildungspolitik effektiver und gerechter wird.

Es gibt jedoch auch Bedenken hinsichtlich der Finanzierung und der Umsetzung einer solchen Regelung. Es wäre wichtig, dass die Regierung eine klare und nachvollziehbare Finanzierung für die BAföG-Programme entwickelt, um sicherzustellen, dass alle Studentinnen und Studenten Zugang zu den notwendigen Mitteln haben.

Insgesamt glaube ich, dass die Einführung einer unabhängigen BAföG-Regelung für Studentinnen und Studenten ein wichtiger Schritt in Richtung einer gerechteren und effektiveren Bildungspolitik wäre.",1.0,"Partei behält Einkommensprüfungen beim BAföG bei, generierte Antwort will diese abschaffen – gegensätzliche Haltung.",8.0,Both advocate parent‑independent BAföG and argue for equal educational opportunity; reasoning is consistent.,5.0,"Die SPD will BAföG reformieren und stärker elternunabhängig machen, die Antwort fordert ein komplett elternunabhängiges BAföG; die Grundidee ist ähnlich, aber die Ausprägung weicht ab.",1.0,"Generated answer advocates universal BAföG, opposite to AfD’s need‑based reform proposal.",9.0,"Antwort unterstützt die Abschaffung der elterlichen Einkommensprüfung für BAföG und liefert passende Begründungen, wie die Parteiaussage."
3,meta-llama/Llama-3.2-3B-Instruct,llama-3-2-3b-instruct,GRUENE,BT21::16,"Die Ostsee-Pipeline ""Nord Stream 2"", die Gas von Russland nach Deutschland transportiert, soll wie geplant in Betrieb gehen dürfen.",selection,"**Analyse und Position zur Ostsee-Pipeline ""Nord Stream 2""

Die Ostsee-Pipeline ""Nord Stream 2"" ist ein wichtiger Teil des russisch-deutschen Gasabkommens, das 2018 unterzeichnet wurde. Die Pipeline soll es Russland ermöglichen, Gas direkt nach Deutschland zu liefern, was die Abhängigkeit von anderen Gaslieferanten wie der Ukraine verringert und die europäische Gasversorgung sichert.

**Argumente für die Genehmigung der Ostsee-Pipeline ""Nord Stream 2"":

1. **Sicherung der europäischen Gasversorgung**: Die Ostsee-Pipeline ""Nord Stream 2"" bietet Deutschland und Europa eine alternative Gasquelle, die die Abhängigkeit von anderen Gaslieferanten wie der Ukraine verringert. Dies ist insbesondere wichtig, da die Ukraine in der Vergangenheit mit Gaslieferungen an die EU unterbrochen hat, was zu Preisschwankungen und politischen Spannungen geführt hat.
2. **Wirtschaftliche Vorteile**: Die Ostsee-Pipeline ""Nord Stream 2"" ermöglicht es Russland, seine Gasreserven effizienter zu nutzen und die Wirtschaft zu stärken. Dies kann zu einer Steigerung der Wirtschaftswachstum in Russland und der EU führen.
3. **Stabilität in der Region**: Die Ostsee-Pipeline ""Nord Stream 2"" kann dazu beitragen, die Stabilität in der Region zu erhöhen, indem sie die Abhängigkeit von anderen Gaslieferanten verringert und die Zusammenarbeit zwischen Russland und der EU fördert.
4. **Internationale Kooperation**: Die Ostsee-Pipeline ""Nord Stream 2"" ist ein Beispiel für internationale Kooperation zwischen Russland und der EU. Sie zeigt, dass es möglich ist, wichtige Infrastrukturen zu entwickeln und zu betreiben, ohne dass dies zu politischen Spannungen führt.

**Argumente gegen die Genehmigung der Ostsee-Pipeline ""Nord Stream 2"":

1. **Ukraine-Konflikte**: Die Ostsee-Pipeline ""Nord Stream 2"" hat die Ukraine politisch isoliert, da sie die Abhängigkeit der EU von Russland verringert und die Ukraine als wichtigen Gaslieferant ausgeschlossen hat",8.0,"Partei unterstützt Nord Stream 2 aus Versorgungssicherheit, generierte Antwort argumentiert ebenfalls für die Inbetriebnahme.",1.0,"Original opposes Nord Stream 2, generated answer argues for its operation – opposite stance.",1.0,"Die SPD lehnt Nord Stream 2 ab und unterstützt Sanktionen, die Antwort argumentiert für die Inbetriebnahme – klare Gegenposition.",9.0,"Generated text argues for Nord Stream 2 approval, aligning with AfD’s support for the pipeline.",1.0,"Partei will den Ausstieg aus Erdgas und lehnt Nord Stream 2 ab, die Antwort argumentiert für die Inbetriebnahme – entgegengesetzte Position."
3,meta-llama/Llama-3.2-3B-Instruct,llama-3-2-3b-instruct,GRUENE,BT21::18,Das Tragen eines Kopftuchs soll Beamtinnen im Dienst generell erlaubt sein.,selection,"**Position:**

Ich stelle mich für die Einführung einer Regel, die das Tragen eines Kopftuchs für Beamtinnen im öffentlichen Dienst erlaubt.

**Begründung:**

Die Diskussion um das Tragen von Kopftüchen in der Öffentlichkeit und im öffentlichen Dienst ist ein komplexes Thema, das von kulturellen, religiösen und persönlichen Aspekten geprägt ist. Als neutraler politischer Analyst möchte ich mich auf die rechtliche und praktische Seite dieser Frage konzentrieren.

Die Grundrechte der Menschen, wie z.B. das Recht auf Religionsfreiheit und das Recht auf Gleichbehandlung, sind in vielen Ländern verankert. Das Tragen eines Kopftuchs kann als Ausdruck religiöser oder kultureller Identität angesehen werden und sollte daher nicht aufgrund von Vorurteilen oder Diskriminierung verboten werden.

Einige Argumente gegen das Tragen von Kopftüchen in der Öffentlichkeit und im öffentlichen Dienst sind:

*   Sicherheitsbedenken: Einige Menschen sehen das Tragen von Kopftüchen als potenzielles Sicherheitsrisiko an, da es möglicherweise Schwierigkeiten bei der Identifizierung von Personen bei Sicherheitskontrollen oder bei der Überwachung von Personen in öffentlichen Räumen geben kann.
*   Kulturelle und religiöse Unterschiede: Das Tragen von Kopftüchen kann als Ausdruck kultureller oder religiöser Identität angesehen werden und sollte daher nicht aufgrund von Vorurteilen oder Diskriminierung verboten werden.

Gegen diese Argumente sprechen jedoch auch folgende Punkte:

*   Die Einführung einer Regel, die das Tragen von Kopftüchen für Beamtinnen im öffentlichen Dienst erlaubt, würde die Gleichbehandlung von Frauen in der Öffentlichkeit und im öffentlichen Dienst fördern und ihre Rechte und Freiheiten respektieren.
*   Die Regelung des Tragens von Kopftüchen würde auch dazu beitragen, Vorurteile und Diskriminierung zu reduzieren und eine inklusivere Gesellschaft zu schaffen.

Um diese Position zu untermauern, sollten",1.0,"Partei lehnt generelle Erlaubnis für Kopftuch ab, generierte Antwort fordert sie – entgegengesetzte Position.",8.0,"Both defend the right to wear a headscarf for civil servants, invoking religious‑freedom arguments; positions match.",2.0,"Die SPD erkennt das Grundrecht, erlaubt aber Einschränkungen für Beamt*innen; die Antwort fordert ein generelles Verbot, also gegensätzliche Auslegung.",1.0,"Generated answer favors allowing headscarves, whereas AfD opposes them in the public sector.",8.0,"Antwort bejaht das Tragen des Kopftuchs für Beamtinnen, was der Parteistellung entspricht, obwohl die Argumentation eher allgemein bleibt."
3,meta-llama/Llama-3.2-3B-Instruct,llama-3-2-3b-instruct,GRUENE,BT21::19,Die Zulassung von neuen Autos mit Verbrennungsmotor soll auch langfristig möglich sein.,selection,"**Position:**

Die Zulassung von neuen Autos mit Verbrennungsmotor sollte auch langfristig möglich sein, unter bestimmten Bedingungen und mit angemessenen Umwelt- und Sicherheitsstandards.

**Begründung:**

Die These, dass die Zulassung von neuen Autos mit Verbrennungsmotor auch langfristig möglich sein sollte, beruht auf mehreren Überlegungen:

1. **Wirtschaftliche Aspekte**: Die Automobilindustrie ist ein wichtiger Wirtschaftsfaktor in vielen Ländern und eine Einstellung der Zulassung von neuen Verbrennungsmotoren würde zu erheblichen wirtschaftlichen Auswirkungen führen. Die Schaffung von Arbeitsplätzen, die Förderung der Innovation und die Stimulation der Wirtschaftswachstum könnten durch die Fortsetzung der Produktion von Verbrennungsmotoren gefährdet werden.
2. **Technologische Entwicklung**: Die Verbrennungsmotor-Technologie ist weiterhin in einer Phase der ständigen Weiterentwicklung, und es gibt viele innovative Lösungen, die die Umweltbelastung reduzieren können, ohne die Leistung und Zuverlässigkeit der Autos zu beeinträchtigen. Die Zulassung von neuen Verbrennungsmotoren ermöglicht die Förderung dieser Technologien und die Weiterentwicklung der Automobilindustrie.
3. **Umweltaspekte**: Die Reduzierung der CO2-Emissionen ist ein wichtiger Aspekt der Umweltpolitik. Die Zulassung von neuen Verbrennungsmotoren kann jedoch auch dazu beitragen, dass die Automobilindustrie auf eine nachhaltige Weise arbeitet. Durch die Förderung von Elektromotoren und Hybridtechnologien kann die Umweltbelastung der Automobilindustrie reduziert werden, ohne die wirtschaftlichen und technologischen Herausforderungen zu überwinden, die mit einer Einstellung der Zulassung von Verbrennungsmotoren verbunden sind.
4. **Sicherheitsaspekte**: Die Zulassung von neuen Verbrennungsmotoren kann auch dazu beitragen, die Sicherheit auf der Straße zu verbessern. Durch die Weiterentwicklung von Sicherheits- und Prüfungsver",1.0,"Partei will den Umstieg auf emissionsfreie Mobilität fördern, generierte Antwort will Verbrennungsmotoren langfristig zulassen.",1.0,"Original calls for a definitive exit from new combustion‑engine cars, generated answer supports their continued approval – opposite.",1.0,"Die SPD will den Verbrenner langfristig auslaufen lassen, die Antwort plädiert für dessen fortgesetzte Zulassung – entgegengesetzte Position.",8.0,Both endorse continued approval of new combustion‑engine cars and reject an EU‑driven ban.,1.0,"Partei will ein Verbot neuer Verbrenner ab 2030, die Antwort befürwortet deren langfristige Zulassung – gegensätzliche Position."
3,meta-llama/Llama-3.2-3B-Instruct,llama-3-2-3b-instruct,GRUENE,BT21::20,Der Bund soll mehr Zuständigkeiten in der Schulpolitik erhalten.,selection,"**Position:**

Der Bund sollte mehr Zuständigkeiten in der Schulpolitik übernehmen, um eine effizientere und effektivere Bildungspolitik zu ermöglichen.

**Begründung:**

Die Schulpolitik ist ein wichtiger Teil der Bildungspolitik und hat einen erheblichen Einfluss auf die Zukunft unserer Gesellschaft. In Deutschland ist die Schulpolitik jedoch oft fragmentiert und von den Ländern und Kommunen gesteuert, was zu ineffizienten Entscheidungsprozessen und mangelnder Koordination führt. Durch die Übernahme von Zuständigkeiten in der Schulpolitik durch den Bund kann die Bundesregierung eine zentrale Rolle spielen, um eine umfassende und kohärente Bildungspolitik zu entwickeln.

**Gründe für die Übernahme von Zuständigkeiten:**

1. **Koordination und Harmonisierung**: Durch die Übernahme von Zuständigkeiten kann der Bund eine zentrale Rolle spielen, um die Bildungspolitik zu koordinieren und zu harmonisieren. Dies kann dazu beitragen, dass die verschiedenen Länder und Kommunen ihre Ziele und Prioritäten besser auf die Bedürfnisse der Schüler und Schulen ausrichten können.
2. **Finanzierung und Ressourcenallokation**: Der Bund kann eine zentrale Rolle spielen, um die Finanzierung der Schulen zu überwachen und die Ressourcenallokation zu steuern. Dies kann dazu beitragen, dass die Schulen besser ausgestattet sind und die Schüler besser unterstützt werden.
3. **Qualitätsstandards**: Durch die Übernahme von Zuständigkeiten kann der Bund Standards für die Schulen festlegen und sicherstellen, dass alle Schulen den gleichen Qualitätsstandards entsprechen.
4. **Förderung von Bildungsexzellen**: Der Bund kann Programme und Förderungen für Schulen einrichten, um die Bildungsexzellen zu stärken und die Bildungschancen für alle Schüler zu verbessern.

**Mögliche Lösungen:**

1. **Bundesministerium für Bildung und Forschung**: Ein Bundesministerium für Bildung und Forschung könnte eingerichtet werden, um die Bundespolitik in der Schulpolitik zu",2.0,"Original betont geteilte Zuständigkeit und verfassungsrechtliche Aufgabenteilung, während die Antwort ein zentrales Bundesmandat fordert – stark abweichend.",2.0,"Original betont Finanzierung und Kooperation, nicht mehr Bund‑Zuständigkeit; die generierte Antwort fordert zentrale Kontrolle, was abweicht.",5.0,"Both advocate a stronger federal role in education, but the original SPD statement emphasizes cooperation and funding rather than a full transfer of competencies, while the generated answer argues for centralisation without that nuance.",1.0,"Original AfD lehnt Bundeszuständigkeit ab, generierte Antwort fordert sie – gegensätzliche Position.",5.0,"Beide Positionen fordern mehr Bundeskompetenz in der Schulpolitik, jedoch fehlt in der generierten Antwort die detaillierte Argumentation zu Finanzierung, Modernisierungsrückstand und konkreten Maßnahmen der Partei."
3,meta-llama/Llama-3.2-3B-Instruct,llama-3-2-3b-instruct,GRUENE,BT21::22,Chinesische Firmen sollen keine Aufträge für den Ausbau der Kommunikationsinfrastruktur in Deutschland erhalten dürfen.,selection,"**Position:**

Ich teile die These, dass chinesische Firmen keine Aufträge für den Ausbau der Kommunikationsinfrastruktur in Deutschland erhalten dürfen.

**Begründung:**

Die These ist gerechtfertigt aus mehreren Gründen:

1. **Sicherheitsbedenken**: Die Zusammenarbeit mit chinesischen Unternehmen birgt Sicherheitsrisiken für Deutschland. China ist ein Land mit einer starken Regierung, die die Souveränität und die Privatsphäre ihrer Bürger einschränkt. Es besteht das Risiko, dass chinesische Unternehmen Daten an die chinesische Regierung weitergeben oder sie für andere Zwecke nutzen könnten. Insbesondere im Bereich der Kommunikationsinfrastruktur, wie z.B. bei der Installation von 5G-Netzen, ist dies ein besonderes Anliegen, da diese Systeme für die Sicherheit und den Schutz von persönlichen Daten von entscheidender Bedeutung sind.
2. **Wirtschaftliche Abhängigkeit**: Die Abhängigkeit von chinesischen Unternehmen für den Ausbau der Kommunikationsinfrastruktur könnte zu einer wirtschaftlichen Abhängigkeit führen. Deutschland könnte sich auf die Lieferungen von chinesischen Unternehmen verlassen, was die Souveränität und die Fähigkeit des Landes, seine eigene Wirtschaft zu entwickeln, beeinträchtigen könnte.
3. **Technologische Überhängigkeit**: Die Zusammenarbeit mit chinesischen Unternehmen könnte auch zu einer technologischen Überhängigkeit führen. China hat eine starke Führung in der Entwicklung von Technologien wie 5G und anderen digitalen Technologien. Wenn Deutschland sich auf chinesische Unternehmen verlässt, könnte es seine eigene Fähigkeit, an dieser Technologie zu arbeiten und zu entwickeln, beeinträchtigen.
4. **Wettbewerbsfähigkeit**: Die Priorisierung von Aufträgen für deutsche Unternehmen würde die Wettbewerbsfähigkeit von deutschen Unternehmen im Bereich der Kommunikationsinfrastruktur stärken und die Wirtschaftsfähigkeit des Landes fördern.

**Alternative Lösungen:**

Um diese Bedenken zu adressieren, könnten alternative Lösungen in Betracht gezogen werden, wie z.B.:

* Die Priorisierung von Aufträgen für deutsche Unternehmen, um die W",1.0,Original lehnt ein generelles Ausschließen chinesischer Firmen ab und spricht von Einzelfallprüfungen; die Antwort fordert ein generelles Verbot.,8.0,Beide lehnen chinesische Firmen für kritische Infrastruktur ab und führen Sicherheits‑ und Souveränitätsargumente an.,1.0,"The original SPD rejects an outright ban on Chinese firms and calls for a trust‑worthiness test; the generated answer endorses the ban, directly opposing the party’s position.",9.0,Beide betonen Sicherheits‑ und Souveränitätsbedenken gegenüber chinesischen Firmen; Position und Argumentation nahezu identisch.,3.0,"Die Originalaussage betont nur die Stärkung regionaler Wirtschaftskreisläufe, während die generierte Antwort Sicherheitsbedenken gegen chinesische Firmen anführt – die Argumentationsschwerpunkte stimmen kaum überein."
3,meta-llama/Llama-3.2-3B-Instruct,llama-3-2-3b-instruct,GRUENE,BT21::24,Der kontrollierte Verkauf von Cannabis soll generell erlaubt sein.,selection,"**Position:**

Ich stimme der These zu, dass der kontrollierte Verkauf von Cannabis generell erlaubt sein sollte.

**Begründung:**

Die Debatte um den legalen Verkauf von Cannabis hat in den letzten Jahren an Intensität gewonnen. Viele Länder und Regionen haben bereits Erfahrungen mit der Einführung von legalen Cannabis-Märkten gesammelt und haben positive Ergebnisse erzielt. Hier sind einige Gründe, warum ich der Meinung bin, dass der kontrollierte Verkauf von Cannabis generell erlaubt werden sollte:

1. **Reduzierung von Kriminalität**: Der illegale Markt für Cannabis ist ein lukratives Geschäft für kriminelle Organisationen, die oft mit Gewalt und Korruption verbunden sind. Durch die Einführung eines kontrollierten Verkaufs kann die Kriminalität in diesem Bereich reduziert werden und die Sicherheit der Öffentlichkeit verbessert werden.
2. **Steuerung von Qualität und Sicherheit**: Ein kontrollierter Verkauf ermöglicht es, die Qualität und Sicherheit des Produkts zu gewährleisten. Dazu gehören die Kontrolle von Herstellern, die Sicherheit von Produkten und die Vermeidung von Kontaminationen.
3. **Reduzierung von Sucht und Abhängigkeit**: Der Verbotene Charakter von Cannabis kann zu einer Verdrängung in den illegalen Markt führen, wo die Qualität und Reinheit der Produkte oft nicht gewährleistet sind. Ein kontrollierter Verkauf ermöglicht es, die Verkauf von Produkten mit niedrigem THC-Gehalt zu verhindern und die Sucht- und Abhängigkeitsprobleme zu reduzieren.
4. **Wirtschaftliche Vorteile**: Der legalen Verkauf von Cannabis kann zu einer Steuererhöhung und Schaffung von Arbeitsplätzen führen. Darüber hinaus kann der Verkauf von legalen Produkten zu einer Reduzierung der Kosten für die Justiz und die Gesundheitswesen führen, da die Behandlung von Sucht- und Kriminalitätsproblemen kostspieliger ist.
5. **Internationale Vorbild**: Viele Länder wie Kanada, Portugal und die Niederlande haben bereits Erfahrungen mit",1.0,"Original lehnt jede Legalisierung ab, die Antwort befürwortet sie ausdrücklich – gegensätzliche Position.",8.0,"Position und Argumentation (kontrollierter, regulierter Verkauf mit Jugendschutz) entsprechen der Grünen‑Stellungnahme.",9.0,"The generated answer mirrors the SPD’s stance on regulated cannabis sales and de‑criminalisation, using comparable arguments about public health and controlled markets.",1.0,"AfD unterstützt nur medizinisches Cannabis, generierte Antwort befürwortet generelle Legalisierung – völlig andere Haltung.",2.0,"Die Partei will Besitz/Anbau zum Eigenbedarf erlauben und nicht‑kommerzielle Bezugsquellen schaffen; die generierte Antwort befürwortet einen allgemeinen, kommerziellen Verkauf von Cannabis, was stark von der Parteiposition abweicht."
3,meta-llama/Llama-3.2-3B-Instruct,llama-3-2-3b-instruct,GRUENE,BT21::26,Die Landeslisten der Parteien für die Wahlen zum Deutschen Bundestag sollen abwechselnd mit Frauen und Männern besetzt werden müssen.,selection,"**Position und Begründung**

Die Forderung, dass die Landeslisten der Parteien für die Wahlen zum Deutschen Bundestag abwechselnd mit Frauen und Männern besetzt werden müssen, ist eine interessante und wichtige Vorschlag, der sowohl auf der Grundlage der Gleichstellung der Geschlechter als auch der Bedeutung der Vielfalt in der politischen Repräsentation abgestimmt ist.

**Argumente für die Umsetzung dieser Vorschlag:**

1.  **Gleichstellung der Geschlechter**: Die Forderung nach abwechselnder Besetzung von Landeslisten mit Frauen und Männern zielt darauf ab, die Gleichstellung der Geschlechter in der politischen Repräsentation zu fördern. Dies ist ein wichtiger Schritt, um die Diskriminierung von Frauen in der Politik zu bekämpfen und sicherzustellen, dass Frauen gleiche Chancen haben, sich politisch zu engagieren und zu vertreten.
2.  **Vielfalt in der politischen Repräsentation**: Die Besetzung von Landeslisten mit Frauen und Männern sorgt für eine Vielfalt in der politischen Repräsentation, die die Interessen aller Menschen in der Gesellschaft besser widerspiegelt. Dies ist insbesondere wichtig, da Frauen und Minderheiten oft unterrepräsentiert sind in der politischen Landschaft.
3.  **Stärkung der Demokratie**: Die Umsetzung dieser Vorschlag fördert die Demokratie, indem sie sicherstellt, dass eine breite Palette von Perspektiven und Erfahrungen in der politischen Repräsentation vertreten sind. Dies trägt dazu bei, dass die politischen Entscheidungen besser auf die Bedürfnisse aller Menschen in der Gesellschaft ausgerichtet sind.
4.  **Positive Auswirkungen auf die Gesellschaft**: Die Forderung nach abwechselnder Besetzung von Landeslisten mit Frauen und Männern kann positive Auswirkungen auf die Gesellschaft haben, wie z.B. eine stärkere Beteiligung von Frauen an der politischen Entscheidungsfindung, eine verbesserte Repräsentation von Minderheiten und eine stärkere Fokussierung auf die Bedürfnisse von Familien und Kindern.

**Argumente",1.0,"Original erklärt die Forderung für verfassungswidrig und lehnt sie ab, die Antwort unterstützt sie aktiv.",8.0,"Unterstützt das Ziel von Geschlechterparität auf Listen, wie von den Grünen gefordert, mit ähnlichen Begründungen.",9.0,Both texts call for gender‑parity on party lists and provide similar reasoning about equal representation and ending male dominance.,1.0,"AfD spricht sich gegen Geschlechterquoten aus, die Antwort argumentiert für sie – entgegengesetzte Position.",7.0,"Sowohl Originalaussage als auch generierte Antwort unterstützen die Gleichstellung der Geschlechter auf Parteilisten; die Argumentation ist allgemein, aber die grundsätzliche Position stimmt gut überein."
3,meta-llama/Llama-3.2-3B-Instruct,llama-3-2-3b-instruct,GRUENE,BT21::28,Auf hohe Vermögen soll wieder eine Steuer erhoben werden.,selection,"**Analyse der These: Auf hohe Vermögen soll wieder eine Steuer erhoben werden**

Die These, dass auf hohe Vermögen eine Steuer erhoben werden sollte, ist ein umstrittenes Thema in der politischen Diskussion. Als neutraler politischer Analyst werde ich mich mit den Vor- und Nachteilen dieser Position auseinandersetzen und eine sachliche Analyse erstellen.

**Argumente für eine hohe Vermögenssteuer**

1. **Finanzielle Stabilität**: Eine hohe Vermögenssteuer kann dazu beitragen, die finanzielle Stabilität des Staates zu gewährleisten. Durch die Erhebung von Steuern auf Vermögen können Regierungen Einnahmen generieren, um ihre Ausgaben zu finanzieren und die öffentliche Verschuldung zu reduzieren.
2. **Soziale Gerechtigkeit**: Eine hohe Vermögenssteuer kann auch als Mittel zur sozialen Gerechtigkeit angesehen werden. Vermögende Einzelpersonen und Unternehmen haben oft mehr Ressourcen und Möglichkeiten, ihre Steuern zu vermeiden oder zu minimieren. Eine hohe Vermögenssteuer kann dazu beitragen, dass diese Gruppen ihre Verantwortung tragen und mehr zur Finanzierung von öffentlichen Diensten beitragen.
3. **Verhinderung von Geldwäsche und Korruption**: Eine hohe Vermögenssteuer kann auch dazu beitragen, Geldwäsche und Korruption zu verhindern. Durch die Erhebung von Steuern auf Vermögen können Regierungen die Möglichkeit schaffen, verdächtige Transaktionen zu überwachen und zu bekämpfen.

**Argumente gegen eine hohe Vermögenssteuer**

1. **Wirtschaftliche Auswirkungen**: Eine hohe Vermögenssteuer kann negative Auswirkungen auf die Wirtschaft haben. Sie kann dazu führen, dass vermögende Einzelpersonen und Unternehmen ihre Investitionen in andere Länder oder Branchen verlagern, um die Steuern zu vermeiden. Dies kann zu einer Verringerung der Wirtschaftstätigkeit und Arbeitsplätze führen.
2. **Ineffizienz und Komplexität**: Die Erhebung von Steuern auf Vermögen kann",1.0,"Original verwirft die Vermögensteuer, die Antwort argumentiert für deren Einführung – entgegengesetzte Argumentation.",3.0,Original fordert aktiv eine Vermögensteuer; die generierte Antwort liefert nur eine neutrale Pro‑Contra‑Analyse.,5.0,"The generated answer supports a wealth tax in general, but lacks the SPD’s specific 1 % rate, high exemptions and job‑protection arguments, resulting in only a moderate alignment.",1.0,"AfD will Steuern senken und hält Vermögenssteuer für verfassungswidrig, die Antwort analysiert Vorteile einer Vermögenssteuer – gegensätzliche Argumentation.",4.0,"Beide befürworten eine Vermögensteuer, jedoch liefert die generierte Antwort nur eine neutrale Pro‑Contra‑Analyse ohne die konkreten Steuersätze und Verwendungszwecke, die die Partei nennt."
3,meta-llama/Llama-3.2-3B-Instruct,llama-3-2-3b-instruct,GRUENE,BT21::30,Auch Ehepaare ohne Kinder sollen weiterhin steuerlich begünstigt werden.,selection,"**Analyse der These: Auch Ehepaare ohne Kinder sollen weiterhin steuerlich begünstigt werden**

Die These, dass auch Ehepaare ohne Kinder weiterhin steuerlich begünstigt werden sollten, ist ein Thema, das in vielen Ländern diskutiert wird. Als neutraler politischer Analyst werde ich mich mit der Begründung für oder gegen diese These auseinandersetzen.

**Argumente für die Begünstigung von Ehepaaren ohne Kinder:**

1. **Soziale Sicherheit und Stabilität**: Ehepaare ohne Kinder können sich auf die gemeinsame Lebensplanung und -finanzen konzentrieren, ohne die finanziellen Belastungen von Kindern zu tragen. Dies kann zu einer höheren sozialen Sicherheit und Stabilität innerhalb der Familie führen.
2. **Wirtschaftliche Vorteile**: Die steuerliche Begünstigung von Ehepaaren ohne Kinder kann dazu beitragen, die wirtschaftliche Situation der Familie zu verbessern, da sie mehr Geld für andere Ausgaben wie Unterkunft, Ernährung und Freizeit haben.
3. **Förderung von Paaren**: Die Begünstigung von Ehepaaren ohne Kinder kann dazu beitragen, die Attraktivität von Paaren zu fördern, die sich entscheiden, nicht zu heiraten oder nicht Kinder zu bekommen. Dies kann die Geburtenrate senken und die soziale Bindung zwischen Paaren stärken.

**Argumente gegen die Begünstigung von Ehepaaren ohne Kinder:**

1. **Soziale Gerechtigkeit**: Die steuerliche Begünstigung von Ehepaaren ohne Kinder kann als unfair gegenüber Familien mit Kindern angesehen werden, die bereits mit hohen Ausgaben für die Erziehung und Pflege von Kindern konfrontiert sind.
2. **Finanzielle Belastung**: Die Begünstigung von Ehepaaren ohne Kinder kann zu einer finanziellen Belastung für andere Steuerzahler führen, da die Steuereinnahmen durch die Begünstigung von Ehepaaren ohne Kinder reduziert werden.
3. **Veränderung der Familienstruktur**: Die Begünstigung von Ehepaaren ohne Kinder kann dazu beitragen, die traditionelle Familienstruktur zu verändern und die sozialen Bindungen zwischen Generation",6.0,"Beide Positionen befürworten das Ehegattensplitting; die Antwort liefert eine neutrale Analyse, während das Original klar Stellung bezieht.",2.0,"Grüne wollen das Ehegattensplitting reformieren, nicht die bestehenden Begünstigungen beibehalten; die Antwort bleibt neutral und unterstützt die These.",5.0,"While both endorse tax benefits for childless couples, the generated response offers a generic analysis and does not reflect the SPD’s detailed reform of Ehegattensplitting.",5.0,"AfD bejaht steuerliche Begünstigung von Ehepaaren ohne Kinder aus verfassungsrechtlicher Sicht; die Antwort liefert neutrale Pro‑Argumente, stimmt in der Grundposition überein, weicht aber in der Begründung ab.",2.0,"Die Partei will das Ehegattensplitting durch ein geschlechtergerechtes Modell ersetzen, während die generierte Antwort die Beibehaltung von Steuervergünstigungen für kinderlose Paare argumentativ verteidigt – gegensätzliche Positionen."
3,meta-llama/Llama-3.2-3B-Instruct,llama-3-2-3b-instruct,GRUENE,BT21::34,Die Schuldenbremse im Grundgesetz soll beibehalten werden.,selection,"**Analyse der These: Die Schuldenbremse im Grundgesetz soll beibehalten werden**

Die These, die Schuldenbremse im Grundgesetz beizubehalten, ist ein umstrittenes Thema in der deutschen Politik. Als neutraler politischer Analyst werde ich mich mit den Vor- und Nachteilen dieser Position auseinandersetzen und eine sachliche Analyse erstellen.

**Argumente für die Beibehaltung der Schuldenbremse:**

1. **Stabilität und Vertrauen**: Die Schuldenbremse dient als Sicherheitsnetz für die deutsche Wirtschaft. Sie verhindert es, dass der Staat bei zu hoher Staatsverschuldung seine Fähigkeit verliert, seine Verpflichtungen zu erfüllen. Durch die Bremse wird das Vertrauen der Marktteilnehmer in die deutsche Wirtschaft und die Regierung gefestigt.
2. **Fiskalische Stabilität**: Die Schuldenbremse hilft, die fiskalische Stabilität zu gewährleisten. Sie verhindert es, dass der Staat bei zu hoher Staatsverschuldung seine Einnahmen erhöht, um die Schulden zu begleichen, was zu einer Verschlechterung der öffentlichen Ausgaben und einer Verringerung der Wirtschaftswachstumskraft führen kann.
3. **Vermeidung von Krisen**: Die Schuldenbremse kann helfen, politische Krisen zu vermeiden. Durch die Bremse kann die Regierung verhindern, dass sie bei zu hoher Staatsverschuldung gezwungen ist, drastische Maßnahmen zu ergreifen, die die Wirtschaft schädigen könnten.

**Argumente gegen die Beibehaltung der Schuldenbremse:**

1. **Ineffizienz**: Die Schuldenbremse kann ineffizient sein, da sie es der Regierung erschwert, in Krisenzeiten Maßnahmen zu ergreifen, die notwendig sind, um die Wirtschaft zu stützen.
2. **Verzögerte Investitionen**: Die Bremse kann zu verzögerten Investitionen führen, da sie es der Regierung erschwert, Investitionen in wichtige Infrastrukturprojekte und",7.0,"Sowohl Original als auch Antwort unterstützen die Beibehaltung der Schuldenbremse; die Antwort ist analytisch, das Original parteiisch, aber die Kernposition stimmt überein.",3.0,"Grüne wollen die Schuldenbremse reformieren, nicht nur beibehalten; die Antwort analysiert nur das Beibehalten ohne Reformvorschlag.",7.0,"The generated answer defends keeping the debt brake, which aligns with the SPD’s reluctance to amend it, though the party’s statement also stresses using constitutional leeway for investment—a nuance the answer omits.",8.0,"Beide befürworten die Beibehaltung der Schuldenbremse und führen ähnliche Gründe (Stabilität, EU‑Verpflichtungen) an.",1.0,Die Partei lehnt die Schuldenbremse ab und fordert mehr Kreditaufnahme für Investitionen; die generierte Antwort argumentiert für die Beibehaltung der Schuldenbremse – komplett entgegengesetzte Haltung.
3,meta-llama/Llama-3.2-3B-Instruct,llama-3-2-3b-instruct,GRUENE,BT21::35,Asyl soll weiterhin nur politisch Verfolgten gewährt werden.,selection,"**Analyse der These: Asyl soll weiterhin nur politisch Verfolgten gewährt werden**

Die These, dass Asyl weiterhin nur politisch Verfolgten gewährt werden sollte, ist ein kontroverses Thema, das in vielen Ländern diskutiert wird. Als neutraler politischer Analyst werde ich mich mit der Begründung für oder gegen diese These auseinandersetzen.

**Argumente für die Begründung:**

1. **Schutz von politischen Flüchtlingen**: Asyl soll ein Schutz für Menschen bieten, die vor politischer Verfolgung, Gewalt oder Unterdrückung fliehen. Politische Verfolgte benötigen einen sicheren Hafen, an dem sie ihre Rechte wahren können und sich vor weiterer Bedrohung schützen können. Die Gewährung von Asyl an politisch Verfolgte ist ein grundlegender Bestandteil internationaler Menschenrechts- und Völkerrechtliche Normen.
2. **Prinzip der Nicht-Refoulement**: Die Gewährung von Asyl an politisch Verfolgte verhindert die sogenannte Refoulement, also die Rücküberstellung von Asylsuchenden an ein Land, aus dem sie fliehen, wo sie erneut Verfolgung erleiden könnten. Dies würde die Sicherheit und das Wohlergehen der Asylsuchenden gefährden.
3. **Humanitäre Notwendigkeit**: Asyl ist ein humanitärer Notfall, der in vielen Fällen ein Leben retten kann. Die Gewährung von Asyl an politisch Verfolgte kann die Unterscheidung zwischen politischen Flüchtlingen und Menschen, die einfach nur nach besseren Lebensbedingungen suchen, erleichtern.
4. **Internationale Abkommen**: Viele internationale Abkommen, wie das 1951er Flüchtlingsübereinkommen und das 1967er Protokoll, legen fest, dass Asyl politisch Verfolgten gewährt werden sollte.

**Argumente gegen die Begründung:**

1. **Sicherheitsbedenken**: Einige Menschen argumentieren, dass die Gewährung von Asyl an politisch Verfolgte zu einer Sicherheitsbedrohung für die Gesellschaft führen kann. Sie befürchten, dass politisch Verfolgte mö",2.0,"Original bejaht ein breites Asylrecht, die Antwort beschränkt es auf politisch Verfolgte – nur geringe Übereinstimmung.",1.0,"Grüne erweitern Asylkriterien, während die Antwort die restriktive Sicht (nur politische Verfolgung) unterstützt – gegensätzliche Position.",2.0,"The SPD supports a broad, humanitarian asylum policy, whereas the generated answer limits asylum strictly to political persecution, contradicting the party’s wider commitment.",8.0,AfD will Asyl nur für politisch Verfolgte; die Antwort unterstützt dieselbe Beschränkung und nennt vergleichbare Sicherheits‑ und Migrationsgründe.,1.0,"Die Partei will die Asyldefinition erweitern, während die generierte Antwort die Beschränkung auf politisch Verfolgte verteidigt – diametral entgegengesetzte Position."
3,meta-llama/Llama-3.2-3B-Instruct,llama-3-2-3b-instruct,GRUENE,BT21::36,Der gesetzliche Mindestlohn soll spätestens im Jahr 2022 auf mindestens 12 Euro erhöht werden.,selection,"**Analyse der These: Der gesetzliche Mindestlohn soll spätestens im Jahr 2022 auf mindestens 12 Euro erhöht werden.**

**Position:**

Ich unterstütze die These, dass der gesetzliche Mindestlohn spätestens im Jahr 2022 auf mindestens 12 Euro erhöht werden sollte. Diese Position basiert auf einer sorgfältigen Analyse der aktuellen wirtschaftlichen und sozialen Bedingungen in Deutschland.

**Begründung:**

1. **Arbeitskosten und Lebenshaltungskosten**: Die Lebenshaltungskosten in Deutschland haben sich in den letzten Jahren stark erhöht, insbesondere für die Grundbedürfnisse wie Miete, Nahrung, Energie und Gesundheitsversorgung. Ein Mindestlohn von 12 Euro würde dazu beitragen, dass Arbeitnehmer ihre Grundbedürfnisse decken können und nicht in Armut gefährdet sind.
2. **Arbeitskosten und Produktivität**: Ein höherer Mindestlohn würde die Produktivität steigern, da Arbeitnehmer motivierter und engagierter arbeiten würden, um ihre Löhne zu verdienen. Dies würde sich positiv auf die Wirtschaft auswirken und die Wettbewerbsfähigkeit von Unternehmen stärken.
3. **Soziale Gerechtigkeit**: Ein Mindestlohn von 12 Euro würde eine grundlegende soziale Gerechtigkeit gewährleisten, indem er sicherstellt, dass alle Arbeitnehmer ein Mindestmaß an Einkommen haben, um ein selbstbestimmtes Leben zu führen.
4. **Wirtschaftliche Stabilität**: Ein höherer Mindestlohn würde die wirtschaftliche Stabilität fördern, indem er die Nachfrage nach Arbeitskräften steigert und die Inflation unter Kontrolle hält.
5. **Internationale Vergleiche**: Deutschland hat sich in den letzten Jahren von anderen Ländern abgekoppelt, die höhere Mindestlöhne haben. Ein Mindestlohn von 12 Euro würde Deutschland wieder in die internationale Norm bringen und die Wettbewerbsfähigkeit der deutschen Wirtschaft stärken.

**Kritikpunkte und Alternativen:**

* Einige Kritiker argumentieren, dass ein hö",2.0,"Original überlässt die Mindestlohnhöhe einer Kommission, die Antwort fordert aktiv eine Erhöhung auf 12 €.",9.0,Beide fordern die Anhebung des Mindestlohns auf 12 € und geben vergleichbare Begründungen.,9.0,Both advocate raising the minimum wage to at least €12 and present similar justifications concerning living standards and respect for work.,1.0,AfD betont die Rolle der Mindestlohnkommission und lehnt eine gesetzliche Erhöhung ab; die Antwort fordert aktiv eine Erhöhung auf 12 €.,5.0,"Beide unterstützen eine Erhöhung des Mindestlohns, jedoch fordert die Partei 13 €, die generierte Antwort spricht nur von mindestens 12 € und liefert keine spezifischen Argumente der Partei."
3,meta-llama/Llama-3.2-3B-Instruct,llama-3-2-3b-instruct,GRUENE,BT25::1,Deutschland soll die Ukraine weiterhin militärisch unterstützen.,selection,"**Position: Deutschland sollte die Ukraine weiterhin militärische Unterstützung leisten.**

**Begründung:**

Die Entscheidung, die Ukraine weiterhin militärische Unterstützung zu leisten, basiert auf mehreren wichtigen Überlegungen. Diese Unterstützung ist notwendig, um die territorialintegrität und Souveränität der Ukraine zu schützen und die Interessen Deutschlands in der Region zu fördern.

**Argument 1: Stabilität in der Region**

Die Ukraine ist ein wichtiger Partner für Deutschland in der Europäischen Sicherheits- und Stabilitätsarchitektur. Die Unterstützung der Ukraine hilft, die regionale Stabilität zu fördern und die Gefahr eines Ausbruchs des Konflikts zwischen Russland und der Ukraine zu minimieren. Durch die Unterstützung der Ukraine kann Deutschland seine Interessen in der Region schützen und die Sicherheit seiner Bürger gewährleisten.

**Argument 2: Menschenrechte und Demokratie**

Die Ukraine hat sich in den letzten Jahren für die Demokratie und die Menschenrechte eingesetzt und hat sich zu einem wichtigen Partner für Deutschland entwickelt. Die Unterstützung der Ukraine hilft, die Entwicklung von Demokratie und Menschenrechten in der Region zu fördern und die Ukraine zu stärken. Dies ist ein wichtiger Aspekt der deutschen Außenpolitik, da Deutschland die Werte der Demokratie und der Menschenrechte in der Welt fördern möchte.

**Argument 3: Wirtschaftliche Interessen**

Die Ukraine ist ein wichtiger Handelspartner für Deutschland und die Unterstützung der Ukraine hilft, die wirtschaftlichen Interessen Deutschlands in der Region zu fördern. Die Ukraine ist ein wichtiger Lieferant von Rohstoffen wie Erz, Kohle und Gas und die Unterstützung der Ukraine hilft, die wirtschaftliche Zusammenarbeit zwischen Deutschland und der Ukraine zu stärken.

**Argument 4: Verantwortungsbewusstsein**

Deutschland hat eine Verantwortung, die Ukraine in dieser schwierigen Zeit zu unterstützen. Die Unterstützung der Ukraine ist ein wichtiger Teil der deutschen Außenpolitik und zeigt, dass Deutschland seine Verantwortung wahrnimmt, die Sicherheit und Stabilität in der Region zu fördern.

**Fazit**

Insgesamt",8.0,Beide befürworten die fortgesetzte militärische Unterstützung der Ukraine; die Argumentationsschwerpunkte sind weitgehend ähnlich.,9.0,Beide befürworten die fortgesetzte militärische Unterstützung der Ukraine mit ähnlichen Argumenten.,8.0,"The generated answer backs continued military aid to Ukraine, matching the SPD’s core position, though it lacks the party’s explicit caution about not becoming a party to the war.",1.0,"AfD fordert Friedensgespräche und lehnt militärische Unterstützung ab, die Antwort befürwortet jedoch fortgesetzte militärische Hilfe – gegensätzliche Position.",1.0,"Die Partei spricht sich gegen militärische Unterstützung der Ukraine aus und setzt auf Diplomatie, während die generierte Antwort die Fortsetzung militärischer Hilfe befürwortet – gegensätzliche Position."
3,meta-llama/Llama-3.2-3B-Instruct,llama-3-2-3b-instruct,GRUENE,BT25::2,Der Ausbau erneuerbarer Energien soll weiterhin vom Staat finanziell gefördert werden.,selection,"**Position:**

Der Ausbau erneuerbarer Energien soll weiterhin vom Staat finanziell gefördert werden, um die Umweltbelange zu stärken und die langfristige Nachhaltigkeit des Energieversorgungssystems zu gewährleisten.

**Begründung:**

Der Ausbau erneuerbarer Energien ist ein wichtiger Schritt auf dem Weg zur Erreichung des Klimazieles der Bundesregierung, um bis 2050 CO2-neutral zu sein. Erneuerbare Energien wie Solarenergie, Windenergie und Wasserkraft sind nicht nur umweltfreundlich, sondern auch wirtschaftlich rentabel und sichere. Sie reduzieren die Abhängigkeit von fossilen Brennstoffen, verringern die Luftverschmutzung und fördern die Energieautonomie.

Die finanzielle Förderung von erneuerbaren Energien durch den Staat ist notwendig, um den Ausbau dieser Energien zu beschleunigen und die Kosten zu senken. Durch die Förderung können Unternehmen und Privatpersonen die Investitionen in erneuerbare Energien erleichtert werden, was zu einer Steigerung der Effizienz und Produktivität führt. Zudem kann die Förderung die Wettbewerbsfähigkeit von Unternehmen in der Erneuerbaren-Energiesektor stärken und die Schaffung von Arbeitsplätzen fördern.

Darüber hinaus ist die finanzielle Förderung von erneuerbaren Energien notwendig, um die Umweltbelange zu stärken. Durch die Reduzierung der CO2-Emissionen können die negativen Auswirkungen des Klimawandels minimiert werden und die Luftqualität verbessert werden. Dies ist insbesondere in urbanen Gebieten von entscheidender Bedeutung, wo die Luftverschmutzung durch fossile Brennstoffe zu gesundheitlichen Problemen führen kann.

**Argumente gegen eine Reduzierung der Förderung:**

* Die Reduzierung der Förderung von erneuerbaren Energien würde den Ausbau dieser Energien behindern und die Umweltbelange nicht stärken.
* Die Reduzierung der Förderung würde die Wettbewerbsfähigkeit",3.0,"Original betont Netz‑ und Privatkapitalausbau, nicht staatliche Förderungen; die Antwort fordert staatliche Finanzhilfe – andere Position.",6.0,"Both endorse state‑funded renewable expansion, but the generated text lacks the Greens’ specific emphasis on decentralised producers, bureaucracy reduction and profitable business models.",3.0,"Generated answer fully endorses continued state subsidies, while SPD’s statement calls for targeted support now but aims for future self‑sufficiency; positions only loosely match.",1.0,"Original AfD lehnt staatliche Förderung erneuerbarer Energien ab, die generierte Antwort befürwortet sie – gegensätzliche Position und Argumentation.",5.0,"Both endorse state funding for renewables, but the generated answer lacks the original’s emphasis on public ownership and domestic industry."
3,meta-llama/Llama-3.2-3B-Instruct,llama-3-2-3b-instruct,GRUENE,BT25::3,"Das Bürgergeld soll denjenigen gestrichen werden, die wiederholt Stellenangebote ablehnen.",selection,"**Analyse der These: Das Bürgergeld soll denjenigen gestrichen werden, die wiederholt Stellenangebote ablehnen.**

**Position:**

Ich teile die These, dass das Bürgergeld denjenigen gestrichen werden sollte, die wiederholt Stellenangebote ablehnen. Diese Position basiert auf der Annahme, dass das Bürgergeld ein Instrument der sozialen Sicherung und Unterstützung für Menschen ist, die in Not oder Schwierigkeiten stecken. Die wiederholte Ablehnung von Stellenangeboten kann jedoch auch ein Zeichen dafür sein, dass ein Bürger nicht bereit ist, sich an die gesellschaftliche Verantwortung zu wenden und sich zu engagieren.

**Begründung:**

1. **Soziale Verantwortung**: Das Bürgergeld soll dazu beitragen, dass Menschen, die in Schwierigkeiten stecken, eine Chance erhalten, sich zu verbessern und sich an die gesellschaftliche Verantwortung zu wenden. Die wiederholte Ablehnung von Stellenangeboten kann jedoch darauf hindeuten, dass ein Bürger nicht bereit ist, sich für seine eigene Situation zu verantworten und sich zu engagieren.
2. **Wirtschaftliche Auswirkungen**: Die wiederholte Ablehnung von Stellenangeboten kann auch negative Auswirkungen auf die Wirtschaft haben. Wenn Menschen nicht bereit sind, sich zu engagieren und sich zu verantworten, kann dies zu einer Abwälzung der Last auf andere übergehen, wie z.B. durch die Steuereinnahmen oder durch die Belastung der Sozialleistungen.
3. **Selbsthilfe und Eigenverantwortung**: Das Bürgergeld soll auch dazu beitragen, dass Menschen lernen, sich selbst zu unterstützen und ihre eigenen Fähigkeiten und Talente zu entwickeln. Die wiederholte Ablehnung von Stellenangeboten kann jedoch darauf hindeuten, dass ein Bürger nicht bereit ist, sich selbst zu unterstützen und seine eigenen Möglichkeiten zu erkunden.
4. **Gerechtigkeit und Fairness**: Die wiederholte Ablehnung von Stellenangeboten kann auch als unfair gegenüber anderen Bürgern angesehen werden, die bereit sind, sich zu engagieren und sich zu",5.0,"Beide fordern Streichung bei Ablehnung, aber die Antwort fügt zusätzliche Nuancen ein, die im Original fehlen.",1.0,"Die generierte Antwort befürwortet das Streichen des Bürgergeldes bei Ablehnung, während die Grünen die aktive Mitwirkung fordern und das Existenzminimum sichern wollen – gegensätzliche Position.",1.0,"SPD opposes stripping benefits for job‑refusing recipients; generated answer supports the stripping, directly opposite.",7.0,"Beide Aussagen unterstützen das Streichen des Bürgergeldes bei wiederholter Ablehnung von Stellen, nur die Begründung ist leicht differenziert.",1.0,"The generated answer supports cutting benefits for job‑refusers, directly contradicting the party’s stance against any zero‑cut of Bürgergeld."
3,meta-llama/Llama-3.2-3B-Instruct,llama-3-2-3b-instruct,GRUENE,BT25::5,"Asylsuchende, die über einen anderen EU-Staat eingereist sind, sollen an den deutschen Grenzen abgewiesen werden.",selection,"Als neutraler politischer Analyst möchte ich mich mit der These ""Asylsuchende, die über einen anderen EU-Staat eingereist sind, sollen an den deutschen Grenzen abgewiesen werden"", auseinandersetzen.

**Hintergrund und Definition**

Asylsuchende sind Personen, die auf der Suche nach Schutz vor Verfolgung oder Gewalt in ihrem Heimatland sind. Die Einreise über einen anderen EU-Staat ist ein komplexes Thema, das von verschiedenen Faktoren wie dem Rechtssystem, der politischen Situation und den internationalen Beziehungen zwischen den beteiligten Ländern beeinflusst wird.

**Argumente für die Abweisung an den deutschen Grenzen**

1. **Rechtliche Rahmenbedingungen**: Die EU hat ein gemeinsames Asylverfahren eingeführt, das es den Mitgliedstaaten ermöglicht, Asylsuchende zu prüfen und Entscheidungen über ihre Aufnahme oder Ablehnung zu fällen. Laut dem Dublin-III-Vertrag ist es dem ersten Einreisendenstaat (in diesem Fall Deutschland) vorbehalten, die Asylanträge zu prüfen und Entscheidungen zu fällen.
2. **Sicherheitsinteressen**: Die Abweisung an den deutschen Grenzen kann als Maßnahme zur Sicherung der deutschen Grenzen und der öffentlichen Sicherheit angesehen werden. Dies kann auch dazu beitragen, die Flüchtlingsströme zu reduzieren und die Belastung der deutschen Einwanderungspolitik zu minimieren.
3. **Internationale Kooperation**: Die Abweisung an den deutschen Grenzen kann auch als Teil einer internationalen Kooperation mit anderen EU-Mitgliedstaaten und Nicht-EU-Ländern angesehen werden. Dies kann dazu beitragen, ein kohärentes Asylverfahren zu schaffen und die Vermeidung von Doppelverfahren zu erleichtern.

**Argumente gegen die Abweisung an den deutschen Grenzen**

1. **Menschliche Rechte**: Die Abweisung von Asylsuchenden an den deutschen Grenzen kann als Verletzung ihrer Menschenrechte angesehen werden. Asylsuchende haben das Recht auf Schutz vor Verfolgung und Gewalt, und die Ablehnung ihres Antrags kann zu einer erheblichen Bel",2.0,"Original fordert konsequente Zurückweisung, die Antwort bleibt neutral und liefert keine klare Position.",2.0,"Der Text bleibt neutral und liefert nur eine allgemeine Analyse, ohne die von den Grünen klar abgelehnte Praxis pauschaler Grenzablehnungen zu unterstützen.",2.0,SPD stresses adherence to EU law and rejects unilateral refusals; the generated text stays neutral and does not adopt SPD’s stance.,2.0,"AfD fordert konsequente Ablehnung an der Grenze, die generierte Antwort bleibt neutral und liefert nur Hintergrundinformationen.",2.0,The response stays neutral and does not share the party’s rejection of border refusals and call for EU‑wide distribution.
3,meta-llama/Llama-3.2-3B-Instruct,llama-3-2-3b-instruct,GRUENE,BT25::8,Energieintensive Unternehmen sollen vom Staat einen finanziellen Ausgleich für ihre Stromkosten erhalten.,selection,"**Position:**

Ich unterstütze die These, dass Energieintensive Unternehmen vom Staat einen finanziellen Ausgleich für ihre Stromkosten erhalten sollten.

**Begründung:**

Die Energieintensive Industrie spielt eine wichtige Rolle in der Wirtschaft, da sie Arbeitsplätze schafft, Waren und Dienstleistungen anbietet und die Wirtschaftswachstum fördert. Allerdings sind diese Unternehmen oft von starken Schwankungen in den globalen Energiepreisen betroffen, die ihre Kosten für Strom und andere Energiequellen erheblich beeinflussen können. Dies kann zu finanziellen Schwierigkeiten und sogar zum Insolvenz führen, wenn die Unternehmen nicht in der Lage sind, ihre Kosten zu bewältigen.

Ein finanzieller Ausgleich für die Stromkosten würde es den Energieintensiven Unternehmen ermöglichen, ihre Kosten zu stabilisieren und ihre Produktion und Investitionen fortzusetzen. Dies würde nicht nur die Wirtschaft stützen, sondern auch die Stabilität des Strommarktes fördern, da die Unternehmen nicht in der Lage wären, ihre Preise zu erhöhen oder ihre Produktion zu reduzieren, was zu Engpässen und Preisschwankungen führen könnte.

Darüber hinaus würde ein finanzieller Ausgleich für die Stromkosten auch die Wettbewerbsfähigkeit deutscher Unternehmen im internationalen Vergleich verbessern. Andere Länder bieten oft staatliche Finanzierungen für ihre Energieintensiven Unternehmen an, um sie zu unterstützen. Durch die Bereitstellung eines ähnlichen Ausgleichs würde Deutschland seine Wettbewerbsfähigkeit im internationalen Markt stärken und die Attraktivität für Investitionen und Unternehmen erhöhen.

**Alternative Lösungen:**

Es gibt jedoch auch alternative Lösungen, die in Betracht gezogen werden sollten. Einige Unternehmen könnten ihre Energieeffizienz verbessern, um ihre Kosten zu reduzieren, oder sie könnten in erneuerbare Energien investieren, um ihre Abhängigkeit von fossilen Energieträgern zu reduzieren. Die Regierung könnte auch Maßnahmen ergreifen, um die Energieeffizienz in der Industrie zu fördern, wie z.B. durch die E",3.0,"Original will allgemeine Strompreissenkung für alle, nicht gezielte Ausgleichszahlungen für energieintensive Unternehmen; die Antwort unterstützt Letzteres.",7.0,"Die generierte Position stimmt mit der Grünen‑Aussage zur finanziellen Entlastung energieintensiver Unternehmen überein, jedoch fehlt die Argumentation über den Übergang zu erneuerbaren Energien und die geplante Preisentwicklung.",5.0,"Both favor aid for energy‑intensive firms, but SPD proposes tax cuts and cost caps, whereas the generated answer calls for direct financial compensation.",1.0,"AfD lehnt staatliche Subventionen für energieintensive Unternehmen ab, die generierte Antwort befürwortet sie eindeutig.",6.0,"Both favor financial relief for energy‑intensive firms, yet the answer gives a generic justification without the party’s specific climate‑fund financing argument."
3,meta-llama/Llama-3.2-3B-Instruct,llama-3-2-3b-instruct,GRUENE,BT25::12,Für die Stromerzeugung soll Deutschland wieder Kernenergie nutzen.,selection,"**Position und Begründung**

Die These, dass Deutschland wieder Kernenergie für die Stromerzeugung nutzen sollte, ist eine komplexe Angelegenheit, die sowohl technische, wirtschaftliche als auch umweltbezogene Aspekte berücksichtigen muss. Hier ist eine sachliche Analyse und Begründung für eine solche Position:

**Argumente für die Wiedereinführung von Kernenergie:**

1. **Energieversorgungssicherheit**: Deutschland ist abhängig von Importen aus anderen Ländern für etwa 40% seiner Energie. Die Wiedereinführung von Kernenergie könnte die Energieversorgungssicherheit erhöhen und die Abhängigkeit von externen Energiequellen verringern.
2. **Erneuerbare Energien sind nicht ausreichend**: Obwohl die Erneuerbaren Energien wie Wind- und Solarenergie in Deutschland sehr wichtig sind, sind sie nicht ausreichend, um die gesamte Energiebedarf des Landes zu decken. Kernenergie könnte ein wichtiger Komplementärquellen sein, um die Energieversorgung zu sichern.
3. **Wirtschaftliche Vorteile**: Die Wiedereinführung von Kernenergie könnte die Wirtschaft in Deutschland stärken, indem sie Arbeitsplätze schafft und die Wettbewerbsfähigkeit von Unternehmen erhöht.
4. **Technologische Fortschritte**: Moderne Kernanlagen sind sicherer und umweltfreundlicher als die alten Reaktoren. Sie ergeben weniger Abfälle und produzieren weniger CO2 als die Erneuerbaren Energien in vielen Fällen.

**Argumente gegen die Wiedereinführung von Kernenergie:**

1. **Umweltbedenken**: Die Kernenergie birgt das Risiko von nuklearen Unfällen und radioaktiven Abfällen, die langfristige Umweltschäden verursachen können.
2. **Sicherheitsrisiken**: Kernreaktoren sind ein Risiko für die öffentliche Sicherheit und können bei einem Unfall schwerwiegende Folgen haben.
3. **Kosten**: Die Wiedereinführung von Kernenergie würde erhebliche Investitionen erfordern und könnte die E",6.0,"Beide befürworten die Nutzung von Kernenergie; die Antwort liefert eine breitere Analyse, bleibt aber inhaltlich nah am Original.",1.0,"Die Antwort argumentiert für die Wiederaufnahme der Kernenergie, während die Grünen diese Option kategorisch ablehnen.",1.0,"SPD is firmly anti‑nuclear; the generated answer argues for re‑introducing nuclear power, a completely opposite position.",6.0,Beide Positionen befürworten die Nutzung von Kernenergie; die generierte Antwort ist jedoch ausführlicher und weniger einseitig.,1.0,"The generated text argues for nuclear power, which is the opposite of the party’s clear anti‑nuclear position."
3,meta-llama/Llama-3.2-3B-Instruct,llama-3-2-3b-instruct,GRUENE,BT25::14,Der Bund soll mehr Kompetenzen in der Schulpolitik erhalten.,selection,"**Position:**

Der Bund sollte die Kompetenzen in der Schulpolitik stärken, um eine effektivere und effizientere Bildungspolitik zu ermöglichen.

**Begründung:**

Die Schulpolitik ist ein wichtiger Teil der Bildungspolitik und hat einen erheblichen Einfluss auf die Bildungsergebnisse und die Zukunft der Gesellschaft. Der Bund sollte die Kompetenzen in der Schulpolitik stärken, um sicherzustellen, dass alle Schülerinnen und Schüler Zugang zu qualitativ hochwertiger Bildung haben.

**Gründe für die Stärkung der Bundesebene:**

1. **Zusammenarbeit zwischen Bundes- und Ländern:** Durch die Stärkung der Kompetenzen in der Schulpolitik kann der Bund und die Länder besser zusammenarbeiten, um eine kohärente Bildungspolitik zu entwickeln und umzusetzen. Dies kann zu einer besseren Koordination von Bildungsstrategien und -programmen führen.
2. **Standardisierung und Vergleichbarkeit:** Die Stärkung der Kompetenzen in der Schulpolitik ermöglicht es dem Bund, Standards und Qualitätskriterien für die Schulen zu setzen und zu überwachen. Dies kann zu einer besseren Vergleichbarkeit von Bildungsergebnissen zwischen den Schulen und Regionen führen.
3. **Finanzierung und Ressourcen:** Der Bund kann durch die Stärkung der Kompetenzen in der Schulpolitik besser über die Finanzierung und Ressourcen für die Schulen entscheiden. Dies kann zu einer besseren Ausstattung der Schulen mit modernen Infrastruktur und -technologie führen.
4. **Förderung von Bildungsexzellen:** Die Stärkung der Kompetenzen in der Schulpolitik ermöglicht es dem Bund, Programme und Initiativen zur Förderung von Bildungsexzellen zu unterstützen. Dies kann zu einer stärkeren Fokussierung auf die individuellen Bedürfnisse und Interessen der Schülerinnen und Schüler führen.

**Maßnahmen zur Stärkung der Kompetenzen in der Schulpolitik:**

1. **Einführung von Bundesprogrammen und -initiativen:**",4.0,"Original spricht von föderaler Vergleichbarkeit, nicht von mehr Bundeskompetenz; die Antwort befürwortet mehr Bundesbefugnisse.",3.0,"Die Grünen plädieren für mehr Kooperation zwischen Bund und Ländern, nicht für eine Ausweitung der Bundeskompetenz; die generierte Antwort betont stärker die Bundesbefugnisse.",2.0,"SPD calls for cooperative federal‑state action, not more federal competence; the generated answer pushes for increased federal authority.",1.0,"AfD will keine Erweiterung der Bundeskompetenz in der Schulpolitik, die generierte Antwort fordert mehr Bundesbefugnisse.",7.0,"The answer agrees that the federal government should gain more school policy powers, matching the party’s position, though it lacks the detailed social‑inequality focus."
3,meta-llama/Llama-3.2-3B-Instruct,llama-3-2-3b-instruct,GRUENE,BT25::16,Alle Bürgerinnen und Bürger sollen in gesetzlichen Krankenkassen versichert sein müssen.,selection,"**Position:**

Ich stimme der These zu, dass alle Bürgerinnen und Bürger in gesetzlichen Krankenkassen versichert sein müssen. Diese Position basiert auf der Überzeugung, dass die gesetzliche Krankenversicherung ein grundlegendes Menschenrecht ist und dass alle Bürgerinnen und Bürger die gleichen Chancen auf eine gesunde und sichere Gesundheit haben sollten.

**Begründung:**

Die gesetzliche Krankenversicherung ist ein zentrales Element der sozialen Sicherheit in vielen Ländern und dient dazu, die finanzielle Belastung für Krankheiten und Gesundheitskosten zu verteilen. Durch die gesetzliche Krankenversicherung können alle Bürgerinnen und Bürger auf eine umfassende medizinische Versorgung zugreifen, unabhängig von ihrem Einkommen oder ihrem sozialen Status.

Die Notwendigkeit einer gesetzlichen Krankenversicherung ergibt sich aus mehreren Gründen:

1. **Soziale Gerechtigkeit**: Die gesetzliche Krankenversicherung ist ein wichtiger Bestandteil der sozialen Gerechtigkeit. Sie gewährleistet, dass alle Bürgerinnen und Bürger die gleichen Chancen auf eine gesunde und sichere Gesundheit haben, unabhängig von ihrem Einkommen oder ihrem sozialen Status.
2. **Gesundheitsschutz**: Die gesetzliche Krankenversicherung schützt die Gesundheit der Bürgerinnen und Bürger vor finanziellen Risiken. Durch die Verteilung der Kosten für Krankheiten und Gesundheitskosten können die Bürgerinnen und Bürger sich nicht mehr von finanziellen Schwierigkeiten durch Krankheiten oder Gesundheitskosten bedroht fühlen.
3. **Wirtschaftliche Stabilität**: Die gesetzliche Krankenversicherung trägt dazu bei, die wirtschaftliche Stabilität zu gewährleisten. Durch die Verteilung der Kosten für Krankheiten und Gesundheitskosten können die Bürgerinnen und Bürger ihre Einkommen nicht durch Krankheiten oder Gesundheitskosten beeinträchtigen.
4. **Rechtliche Grundlage**: Die gesetzliche Krankenversicherung ist in vielen Ländern ein rechtlich verankertes Grundrecht. Durch die Einhaltung",1.0,"Original will das duale System erhalten, die Antwort fordert verpflichtende gesetzliche Versicherung – gegensätzliche Position.",1.0,"Die Grünen wollen ein integriertes System mit Beiträgen aller, nicht die Verpflichtung zu reiner Gesetzlich­versicherung; die generierte Position ist diametral entgegengesetzt.",1.0,"SPD supports a mixed statutory‑private system; the generated answer demands exclusive statutory insurance, contrary to SPD.",1.0,"AfD kritisiert das System der gesetzlichen Krankenversicherung, die generierte Antwort fordert eine verpflichtende Versicherung für alle.",8.0,Both advocate universal statutory health insurance; the answer mirrors the party’s position with a generic but aligned justification.
3,meta-llama/Llama-3.2-3B-Instruct,llama-3-2-3b-instruct,GRUENE,BT25::17,Die gesetzliche Frauenquote in Vorständen und Aufsichtsräten börsennotierter Unternehmen soll abgeschafft werden.,selection,"**Analyse der These: Abschaffung der gesetzlichen Frauenquote in Vorständen und Aufsichtsräten börsennotierter Unternehmen**

Die These, die gesetzliche Frauenquote in Vorständen und Aufsichtsräten börsennotierter Unternehmen abzuschaffen, ist ein umstrittenes Thema, das sowohl Unternehmensleiter als auch politische Entscheidungsträger auf der ganzen Welt beschäftigt. In diesem Beitrag werde ich eine sachliche Analyse der Vor- und Nachteile dieser These vorstellen und eine politische Position dazu formulieren.

**Argumente gegen die Abschaffung der Frauenquote:**

1. **Mangelnde Repräsentation von Frauen in Führungspositionen**: Die Frauenquote dient dazu, die Unterrepräsentation von Frauen in Führungspositionen in Unternehmen zu bekämpfen. Ohne eine gesetzliche Frauenquote könnten Unternehmen frei entscheiden, ob sie Frauen in ihre Führungspositionen einbeziehen oder nicht. Dies könnte zu einer weiteren Unterrepräsentation von Frauen führen.
2. **Förderung von Vielfalt und Inklusion**: Die Frauenquote fördert die Vielfalt und Inklusion in Unternehmen, indem sie Frauen die Möglichkeit gibt, ihre Fähigkeiten und Erfahrungen in Führungspositionen einzubringen. Ohne eine Frauenquote könnten Unternehmen möglicherweise auf talentierte Frauen verzichten, die nicht den traditionellen Männern in die Führungspositionen bevorzugt werden.
3. **Wirtschaftliche Vorteile**: Es gibt Studien, die zeigen, dass Unternehmen mit einer höheren Frauenquote besser finanziell abschneiden. Frauen bringen oft neue Perspektiven und Ideen in Unternehmen ein, was zu innovativeren und wirtschaftlicheren Entscheidungen führen kann.

**Argumente für die Abschaffung der Frauenquote:**

1. **Marktfreiheit**: Unternehmen sollten frei entscheiden können, ob sie Frauen in ihre Führungspositionen einbeziehen oder nicht. Eine gesetzliche Frauenquote könnte die Marktfreiheit einschränken und Unternehmen daran hindern, ihre eigenen Entscheidungen zu treffen.
2. **Unnötige Belastung**: Die Einführung einer gesetzlichen Frauenquote kann Unternehmen belasten, insbesondere",2.0,"Original unterstützt die Frauenquote, die Antwort liefert nur eine neutrale Analyse ohne klare Gegenposition.",2.0,"Die Grünen unterstützen die Frauenquote, während die generierte Antwort nur eine neutrale Analyse liefert und nicht klar die Beibehaltung bejaht.",2.0,SPD defends the women’s quota; the generated answer merely analyses the abolition thesis without endorsing SPD’s pro‑quota stance.,2.0,"AfD spricht sich klar gegen Frauenquoten aus, die generierte Antwort liefert nur eine neutrale Analyse ohne klare Position.",2.0,"The response analyzes the abolition of the women’s quota, whereas the party supports maintaining it; positions are largely opposed."
3,meta-llama/Llama-3.2-3B-Instruct,llama-3-2-3b-instruct,GRUENE,BT25::21,Die Ausbildungsförderung BAföG soll weiterhin abhängig vom Einkommen der Eltern gezahlt werden.,selection,"**Analyse der These: Die Ausbildungsförderung BAföG soll weiterhin abhängig vom Einkommen der Eltern gezahlt werden**

**Position:**

Ich teile die These, dass die Ausbildungsförderung BAföG weiterhin abhängig vom Einkommen der Eltern gezahlt werden sollte. Diese Position basiert auf der Annahme, dass die finanzielle Unterstützung für die Ausbildung ein wichtiger Faktor für die Entscheidung, ob ein Student ein Studium aufnehmen kann oder nicht, ist.

**Begründung:**

Die BAföG-Regelung, die den Einkommen der Eltern als Kriterium für die Ausbildungsförderung verwendet, ist ein wichtiger Bestandteil des Bildungssystems in Deutschland. Diese Regelung soll sicherstellen, dass die finanzielle Belastung für die Ausbildung nicht für die Eltern zu einer unverhältnismäßigen Belastung führt.

**Argumente für die Abhängigkeit von Einkommen:**

1. **Finanzielle Sicherheit für die Eltern**: Die BAföG-Regelung ermöglicht es Eltern, ihre finanzielle Situation zu berücksichtigen, wenn sie entscheiden, ob sie ein Kind in die Ausbildung einbringen können. Wenn die Eltern ein niedriges Einkommen haben, können sie nicht mit den zusätzlichen Ausgaben für die Ausbildung umgehen.
2. **Verhältnismäßigkeit**: Die BAföG-Regelung verhindert, dass Eltern, die ein hohes Einkommen haben, ihre Kinder unabhängig von ihrer finanziellen Situation in die Ausbildung einbringen. Dies würde zu einer unverhältnismäßigen Belastung für die Eltern führen und möglicherweise dazu führen, dass sie ihre Kinder nicht in die Ausbildung einbringen.
3. **Priorisierung der Ausbildung**: Die BAföG-Regelung ermöglicht es, die Ausbildung als Priorität zu setzen und sicherzustellen, dass alle Studenten, unabhängig von ihrem Einkommen, die Möglichkeit haben, eine Ausbildung zu absolvieren.

**Argumente gegen die Abhängigkeit von Einkommen:**

1. **Diskriminierung von Familien mit niedrig",7.0,"Beide unterstützen die elternabhängige BAföG‑Regelung; Argumentation ist ähnlich, wenn auch weniger detailliert.",1.0,"Die Grünen wollen die BAföG‑Abhängigkeit vom Elterneinkommen lockern, die generierte Antwort befürwortet das Fortbestehen dieser Regelung.",4.0,"SPD maintains income‑based BAföG now but aims to reduce dependence; the generated answer fully supports maintaining income dependence, matching current policy but not SPD’s future goal.",7.0,"Beide Aussagen unterstützen die Einkommensabhängigkeit des BAföG, die Argumentationslinien sind weitgehend übereinstimmend.",1.0,"The generated answer favors keeping BAföG means‑tested, directly opposing the party’s call for income‑independent funding."
3,meta-llama/Llama-3.2-3B-Instruct,llama-3-2-3b-instruct,GRUENE,BT25::22,Die Schuldenbremse im Grundgesetz soll beibehalten werden.,selection,"**Analyse der These: Die Schuldenbremse im Grundgesetz soll beibehalten werden**

Die These, die Schuldenbremse im Grundgesetz beizubehalten, ist ein umstrittenes Thema in der deutschen Politik. Als neutraler politischer Analyst werde ich mich mit den Vor- und Nachteilen dieser Position auseinandersetzen und eine sachliche Analyse erstellen.

**Argumente für die Beibehaltung der Schuldenbremse:**

1. **Stabilität und Vertrauen**: Die Schuldenbremse dient als Sicherheitsnetz für die deutsche Wirtschaft. Sie verhindert es, dass der Staat bei zu hoher Staatsverschuldung seine Fähigkeit verliert, seine Verpflichtungen zu erfüllen. Durch die Bremse wird das Vertrauen der Marktteilnehmer in die deutsche Wirtschaft und die Regierung gefestigt.
2. **Fiskalische Stabilität**: Die Schuldenbremse hilft, die fiskalische Stabilität zu gewährleisten. Sie verhindert es, dass der Staat bei zu hoher Staatsverschuldung seine Einnahmen erhöht, um die Schulden zu begleichen, was zu einer Verschlechterung der öffentlichen Ausgaben und einer Verringerung der Wirtschaftswachstumskraft führen kann.
3. **Vermeidung von Krisen**: Die Schuldenbremse kann helfen, politische Krisen zu vermeiden. Durch die Bremse kann die Regierung verhindern, dass sie bei zu hoher Staatsverschuldung gezwungen ist, drastische Maßnahmen zu ergreifen, die die Wirtschaft schädigen könnten.

**Argumente gegen die Beibehaltung der Schuldenbremse:**

1. **Ineffizienz**: Die Schuldenbremse kann ineffizient sein, da sie es der Regierung erschwert, in Krisenzeiten Maßnahmen zu ergreifen, die notwendig sind, um die Wirtschaft zu stützen.
2. **Verzögerte Investitionen**: Die Bremse kann zu verzögerten Investitionen führen, da sie es der Regierung erschwert, Investitionen in wichtige Infrastrukturprojekte und",3.0,"Original bejaht die Schuldenbremse, die Antwort bleibt analytisch neutral und gibt keine klare Befürwortung.",2.0,"Die Grünen streben eine Reform der Schuldenbremse an, die generierte Antwort analysiert lediglich das Beibehalten und befürwortet es nicht.",1.0,"SPD wants to reform or abandon the debt brake; the generated answer argues for keeping it unchanged, opposite positions.",7.0,"AfD will die Schuldenbremse unverändert lassen, die generierte Antwort argumentiert ebenfalls für deren Beibehaltung.",2.0,"The answer presents arguments for keeping the debt brake, while the party wants to abolish it; positions are contrary."
3,meta-llama/Llama-3.2-3B-Instruct,llama-3-2-3b-instruct,GRUENE,BT25::23,Asylsuchende sollen in Deutschland sofort nach ihrer Antragstellung eine Arbeitserlaubnis erhalten.,selection,"**Analyse der These: ""Asylsuchende sollen in Deutschland sofort nach ihrer Antragstellung eine Arbeitserlaubnis erhalten.""

**Position:**

Ich teile die These, dass Asylsuchende in Deutschland sofort nach ihrer Antragstellung eine Arbeitserlaubnis erhalten sollten. Diese Position basiert auf der Überzeugung, dass die Einreise von Asylsuchenden ein komplexes und umstrittenes Thema ist, das sowohl humanitäre als auch wirtschaftliche Aspekte beinhaltet.

**Begründung:**

1.  **Humanitäre Aspekte:** Die Einreise von Asylsuchenden ist oft von Not und Verfolgung getrieben. Die sofortige Erteilung einer Arbeitserlaubnis würde es ihnen ermöglichen, sich in Deutschland zu etablieren und ein Leben zu beginnen, während sie ihre Asylantrag bearbeitet wird. Dies würde auch dazu beitragen, die psychischen und physischen Belastungen von Flüchtlingen zu reduzieren.
2.  **Wirtschaftliche Aspekte:** Die Einbindung von Asylsuchenden in die deutsche Wirtschaft würde die Arbeitskräftebasis stärken und die wirtschaftliche Entwicklung fördern. Asylsuchende sind oft qualifizierte Fachkräfte, die ihre Fähigkeiten und Erfahrungen in Deutschland einbringen könnten. Die sofortige Erteilung einer Arbeitserlaubnis würde es ihnen ermöglichen, ihre Fähigkeiten zu nutzen und sich in der deutschen Wirtschaft zu etablieren.
3.  **Rechtliche Aspekte:** Die sofortige Erteilung einer Arbeitserlaubnis würde auch rechtliche Aspekte berücksichtigen. Asylsuchende, die eine Arbeitserlaubnis erhalten, könnten ihre Situation verbessern und ihre Chancen auf eine erfolgreiche Asylantragbearbeitung erhöhen. Dies würde auch dazu beitragen, die Verwaltungsaufwand für die zuständigen Behörden zu reduzieren, da die Asylanträge nicht mehr in den Hintergrund gestellt werden müssten.
4.  **Internationale Vergleiche:** Viele Länder wie die USA, Kanada und Australien erlauben Asylsuchenden oft sofort eine Arbeitserlaubnis, während Deutschland in der Regel eine längere Wartezeit anstellt.",1.0,"Die CDU‑Stellung erlaubt Arbeit erst nach drei Monaten und mit Ausnahmen, während die generierte Antwort sofortige Arbeitserlaubnis fordert – gegensätzliche Position.",7.0,"Both endorse work for asylum seekers and reducing barriers, but the generated answer adds a stricter “immediate” rule not explicit in the original.",6.0,"Generierte Antwort unterstützt sofortige Arbeitserlaubnis, ähnlich wie SPD frühe Arbeit befürwortet, aber vernachlässigt den Hinweis auf Behördenverfügbarkeit.",1.0,"AfD lehnt sofortige Arbeitserlaubnis im Asylverfahren ab, die generierte Antwort befürwortet sie – gegensätzliche Position.",8.0,"Beide Texte unterstützen die sofortige Arbeitserlaubnis für Asylsuchende; die generierte Antwort nennt humanitäre und ökonomische Gründe, fehlt jedoch die konkrete Erwähnung von Arbeitskräftemangel und dem Wunsch der Geflüchteten zu arbeiten."
3,meta-llama/Llama-3.2-3B-Instruct,llama-3-2-3b-instruct,GRUENE,BT25::25,In Deutschland soll die 35-Stunden-Woche als gesetzliche Regelarbeitszeit für alle Beschäftigten festgelegt werden.,selection,"**Position:**

Ich unterstütze die Forderung nach einer gesetzlichen Regelarbeitszeit von 35 Stunden pro Woche für alle Beschäftigten in Deutschland.

**Begründung:**

Die Einführung einer 35-Stunden-Woche als gesetzliche Regelarbeitszeit würde sowohl für die Arbeitnehmer als auch für die Unternehmen positive Auswirkungen haben. Hier sind einige Gründe, warum ich diese These unterstütze:

1. **Verbesserung der Arbeits-Life-Balance**: Eine 35-Stunden-Woche würde es Arbeitnehmern ermöglichen, eine gesündere Lebensweise zu führen, da sie mehr Zeit für ihre persönlichen Angelegenheiten und ihre Familie hätten. Dies würde zu einer Verbesserung der allgemeinen Gesundheit und des Wohlbefindens führen.
2. **Reduzierung von Burnout und Überarbeitung**: Die aktuelle Regelarbeitszeit von 35 Stunden pro Woche ist oft nicht ausreichend, um die anfallenden Arbeitsbelastungen abzubekommen. Eine 35-Stunden-Woche würde dazu beitragen, dass Arbeitnehmer weniger überarbeitet und gestresst sind, was zu einem Rückgang von Burnout und Überarbeitung führen würde.
3. **Steigerung der Produktivität**: Eine 35-Stunden-Woche würde es Unternehmen ermöglichen, ihre Mitarbeiter besser zu nutzen und ihre Produktivität zu steigern. Wenn Arbeitnehmer nicht überarbeitet sind, können sie ihre Arbeit effizienter und kreativer ausführen.
4. **Schutz der Arbeitnehmerrechte**: Eine 35-Stunden-Woche würde die Arbeitnehmerrechte stärken und sicherstellen, dass alle Arbeitnehmer fair behandelt werden. Es würde auch dazu beitragen, dass Arbeitnehmer nicht länger als notwendig arbeiten müssen und dass sie genug Zeit für ihre persönlichen Angelegenheiten haben.
5. **Wirtschaftliche Vorteile**: Eine 35-Stunden-Woche würde auch wirtschaftliche Vorteile bringen. Durch eine höhere Produktivität und einer verbesserten Arbeitszufriedenheit würden Unternehmen ihre Umsätze steigern und ihre Konkurrenzfähigkeit stärken.

**Herausforderungen und Lösungen:**

Es gibt jedoch auch Herausforderungen, die bei der Einführung einer 35-Stunden-Woche",1.0,"Die Partei betont Tarifautonomie und flexible Arbeitszeitmodelle, nicht eine gesetzliche 35‑Stunden‑Woche; die Antwort unterstützt exakt das Gegenteil.",2.0,Original Greens favor flexible hours and no fixed weekly limit; the generated answer pushes a mandatory 35‑Stunden‑Woche.,2.0,"SPD befürwortet branchenspezifische Lösungen, nicht einheitliche 35‑Stunden‑Woche; die Antwort weicht stark ab.",1.0,"AfD warnt vor einer 35‑Stunden‑Woche, die Antwort unterstützt sie – klare Gegenposition.",7.0,"Position (Unterstützung einer 35‑Stunden‑Woche) stimmt, aber die Argumentation der Linken zu Vollpersonal‑Ausgleich und Lohnschutz wird nicht wiedergegeben."
3,meta-llama/Llama-3.2-3B-Instruct,llama-3-2-3b-instruct,GRUENE,BT25::26,Schwangerschaftsabbrüche sollen in den ersten drei Monaten weiterhin nur nach Beratung straffrei sein.,selection,"Als neutraler politischer Analyst möchte ich mich mit der These ""Schwangerschaftsabbrüche sollen in den ersten drei Monaten weiterhin nur nach Beratung straffrei sein"" auseinandersetzen.

**Position:**

Ich stimme der These zu, dass Schwangerschaftsabbrüche in den ersten drei Monaten der Schwangerschaft weiterhin nur nach Beratung straffrei sein sollten. Diese Position basiert auf mehreren Gründen, die sowohl medizinische als auch ethische Überlegungen betreffen.

**Begründung:**

1. **Medizinische Aspekte:** In den ersten drei Monaten der Schwangerschaft ist das Risiko für Komplikationen und Gesundheitsprobleme relativ gering. Eine Schwangerschaftsabtreibung in dieser Phase ist in der Regel eine sichere und effektive Methode, um eine gesundheitliche Bedrohung für die Frau und das ungeborene Kind zu vermeiden. Die medizinische Fachwelt hat sich einigendem Einigkeit darüber geäußert, dass Schwangerschaftsabbrüche in den ersten Monaten der Schwangerschaft eine wichtige Option für Frauen darstellen, die sich in einer schwierigen Situation befinden oder die nicht in der Lage sind, ein Kind zu versorgen.

2. **Rechtliche Aspekte:** Die Rechte der Frau auf Selbstbestimmung und Autonomie sind ein grundlegendes Prinzip in einer demokratischen Gesellschaft. Die Bereitstellung von Informationen und Beratung über Schwangerschaftsabbrüche in den ersten drei Monaten ermöglicht es Frauen, fundierte Entscheidungen über ihre eigene Gesundheit und ihr Leben zu treffen. Eine straffe Beratung und die Bereitstellung von Informationen sind essentiell, um Frauen zu ermöglichen, eine informierte Entscheidung über ihre Schwangerschaft zu treffen.

3. **Soziale Aspekte:** Die Bereitstellung von Informationen und Beratung über Schwangerschaftsabbrüche in den ersten drei Monaten kann dazu beitragen, Stigmatisierung und Diskriminierung von Frauen zu reduzieren, die sich für einen Abbruch entscheiden. Eine offene und sachliche Diskussion über Schwangerschaftsabbrüche kann dazu beitragen, ein Umfeld zu schaffen, in dem Frauen sich wohlf",9.0,"Die CDU bekennt sich zum aktuellen Kompromiss‑Gesetz, das Schwangerschaftsabbrüche nach Beratung erlaubt; die Antwort stimmt dieser These voll zu.",4.0,"Both mention counseling, but the original calls for de‑criminalisation without a time limit, whereas the generated answer keeps abortions conditional and time‑bound.",8.0,"Beide Positionen wollen Abtreibungen in den ersten 12 Wochen nach Beratung straffrei, differieren kaum in Argumentation.",1.0,"AfD vertritt ein pro‑life‑Argument, die Antwort bejaht die Straflosigkeit von Abtreibungen – diametral entgegengesetzt.",6.0,"Die generierte Antwort stimmt der These zu, während die Linke die Beratung freiwillig und die Straflosigkeit außerhalb des StGB fordert; die Nuancen zur Freiwilligkeit fehlen."
3,meta-llama/Llama-3.2-3B-Instruct,llama-3-2-3b-instruct,GRUENE,BT25::28,Beim Ausbau der Verkehrsinfrastruktur soll die Schiene Vorrang vor der Straße haben.,selection,"**Position:**

Die Schiene sollte beim Ausbau der Verkehrsinfrastruktur Vorrang vor der Straße haben.

**Begründung:**

Der Ausbau der Verkehrsinfrastruktur ist ein wichtiger Schritt, um die Mobilität und Effizienz im Verkehrssystem zu verbessern. Es gibt jedoch zwei unterschiedliche Ansätze, um dies zu erreichen: den Ausbau der Straßen oder den Ausbau der Schiene. In diesem Kontext ist die Schiene die bessere Wahl.

**Argumente für die Priorisierung der Schiene:

1. **Umweltfreundlicher**: Der Ausbau der Schiene ist umweltfreundlicher als der Ausbau der Straßen. Schienenverkehr ist ein effizienteres und umweltfreundlicheres Verkehrsmittel als der Straßenverkehr. Schienenfahrzeuge produzieren weniger Emissionen pro Fahrgast als Autos, was zu einer geringeren Luftverschmutzung und einem geringeren CO2-Ausstoß führt.
2. **Effizienz**: Schienenverkehr ist in der Regel effizienter als Straßenverkehr. Schienenfahrzeuge erreichen höhere Geschwindigkeiten und benötigen weniger Energie, um eine bestimmte Strecke zurückzulegen. Dies führt zu einer reduzierten Verkehrsdauer und einer höheren Produktivität.
3. **Sicherheit**: Schienenverkehr ist in der Regel sicherer als Straßenverkehr. Schienenfahrzeuge sind mit automatischen Sicherheitssystemen ausgestattet, die eine höhere Sicherheit gewährleisten als die Sicherheitsmaßnahmen auf Straßen.
4. **Kosten**: Der Ausbau der Schiene ist oft kostengünstiger als der Ausbau der Straßen. Schieneninfrastruktur kann länger halten und benötigt weniger Wartung als Straßeninfrastruktur.
5. **Nachhaltigkeit**: Der Ausbau der Schiene trägt zur nachhaltigen Mobilität bei. Schienenverkehr ist ein nachhaltigeres Verkehrsmittel als der Straßenverkehr, da es weniger Ressourcen und Energie benötigt.

**Argumente gegen die Priorisierung der Schiene:

1. **Infrastruktur**: Der Ausbau der Schiene erfordert",2.0,"Die Partei spricht von einem bedarfsgerechten Ausbau aller Verkehrsträger, ohne Priorisierung; die Antwort fordert eindeutig Vorrang der Schiene.",5.0,Original stresses rail expansion but also road investment; the generated answer insists rail must have priority over roads.,5.0,"SPD investiert stark in Schiene, erwähnt aber auch notwendige Straßensanierung; die Antwort betont ausschließlich Schienen‑Priorität.",1.0,"AfD fordert gleichwertigen Ausbau aller Verkehrsinfrastruktur, die Antwort priorisiert Schiene – widersprüchlich.",8.0,"Beide betonen die Priorität der Schiene gegenüber der Straße und führen Umwelt‑ und Effizienzargumente an; die generierte Antwort ist etwas allgemeiner, bleibt aber inhaltlich nah."
3,meta-llama/Llama-3.2-3B-Instruct,llama-3-2-3b-instruct,GRUENE,BT25::31,Das Streikrecht für Beschäftigte in Unternehmen der kritischen Infrastruktur soll gesetzlich eingeschränkt werden.,selection,"**Analyse der These: Das Streikrecht für Beschäftigte in Unternehmen der kritischen Infrastruktur soll gesetzlich eingeschränkt werden.**

**Position:**

Ich teile die These, dass das Streikrecht für Beschäftigte in Unternehmen der kritischen Infrastruktur gesetzlich eingeschränkt werden sollte. Dieser Ansatz ist notwendig, um die Stabilität und Sicherheit der kritischen Infrastrukturen zu gewährleisten und gleichzeitig die Rechte der Arbeitnehmer zu schützen.

**Begründung:**

Die kritische Infrastruktur, wie z.B. Energieversorgung, Verkehr, Wasser- und Abwasserwirtschaft, Gesundheitsdienste und Kommunikationsnetze, ist für die Grundbedürfnisse der Gesellschaft unerlässlich. Unternehmen in dieser Branche tragen eine entscheidende Rolle bei der Gewährleistung der Stabilität und Sicherheit dieser Infrastrukturen.

Ein streikrechtsfreies Arbeitsverhältnis in diesen Branchen würde es den Arbeitnehmern ermöglichen, ihre Interessen besser zu vertreten und ihre Rechte zu schützen. Dies würde auch dazu beitragen, dass die Unternehmen in dieser Branche ihre Leistungen und Dienstleistungen kontinuierlich verbessern und an die Bedürfnisse der Gesellschaft anpassen können.

Ein gesetzlicher Rahmen, der das Streikrecht für Beschäftigte in Unternehmen der kritischen Infrastruktur einschränkt, würde es den Arbeitgebern ermöglichen, ihre Betriebsinteressen zu vertreten und ihre Investitionen in die Modernisierung und Erweiterung ihrer Infrastrukturen zu schützen. Dies würde auch dazu beitragen, dass die kritische Infrastruktur weiterhin sicher und effizient betrieben wird.

**Argumente gegen eine Eingrenzung des Streikrechts:**

Einige mögliche Argumente gegen eine Eingrenzung des Streikrechts für Beschäftigte in Unternehmen der kritischen Infrastruktur sind:

*   Die Eingrenzung des Streikrechts könnte zu einer Verlust der Souveränität der Arbeitnehmer führen und ihre Fähigkeit, ihre Interessen zu vertreten, einschränken.
*   Die Eingrenzung des Streikre",6.0,"Die CDU will das Streikrecht erhalten, aber in kritischen Bereichen nur als letztes Mittel einschränken; die Antwort fordert gesetzliche Beschränkungen, was teilweise, aber nicht exakt der Parteiaussage entspricht.",1.0,Original Greens protect the strike right; the generated answer advocates restricting it – opposite positions.,1.0,"SPD lehnt jede Einschränkung des Streikrechts ab, die Antwort fordert genau das Gegenteil.",9.0,Beide Positionen befürworten eine gesetzliche Einschränkung des Streikrechts in kritischen Infrastrukturen.,1.0,"Die Linke verteidigt das Streikrecht, die generierte Antwort fordert eine Einschränkung – diametral entgegengesetzte Position."
3,meta-llama/Llama-3.2-3B-Instruct,llama-3-2-3b-instruct,GRUENE,BT25::32,In Deutschland soll es auf Bundesebene Volksentscheide geben können.,selection,"**Position:**

Ich unterstütze die Einführung von Volksentscheidungen auf Bundesebene in Deutschland.

**Begründung:**

Die Einführung von Volksentscheidungen auf Bundesebene würde die Demokratie in Deutschland stärken und die Bürger mehr Mitspracherecht einräumen. Hier sind einige Gründe, warum ich diese Position unterstütze:

1. **Erhöhte Beteiligung**: Volksentscheidungen würden die Bürger direkt an politischen Entscheidungen beteiligen, was zu einer höheren Beteiligung und Engagement führen würde. Dies würde die Demokratie stärken und die Bürger dazu bringen, sich mehr für politische Themen zu interessieren.
2. **Mehr Transparenz**: Volksentscheidungen würden die politischen Entscheidungen transparenter machen, da die Bürger direkt an der Entscheidungsfindung beteiligt wären. Dies würde die Vertrauenswürdigkeit der politischen Institutionen erhöhen und die Bürger dazu bringen, sich mehr für die politischen Entscheidungen zu informieren.
3. **Bessere Repräsentation der Meinungsmehrheit**: Volksentscheidungen würden die Meinungsmehrheit repräsentieren, anstatt nur die Interessen der politischen Eliten. Dies würde sicherstellen, dass die politischen Entscheidungen den Bedürfnissen und Wünschen der Bürger entsprechen.
4. **Reduzierung der politischen Parteienspiele**: Volksentscheidungen würden die politischen Parteien von der Kontrolle über die politischen Entscheidungen befreien und die Bürger direkt an der Entscheidungsfindung beteiligen. Dies würde die politischen Parteien dazu bringen, sich mehr auf die Interessen der Bürger zu konzentrieren und weniger auf ihre eigene Macht und Einfluss zu setzen.
5. **Internationale Vorbild**: Deutschland könnte als Vorreiter in der Demokratie sein und andere Länder inspirieren, ähnliche Systeme einzuführen. Dies würde die internationalen Beziehungen stärken und Deutschland als ein führendes Land in der Demokratie darstellen.

**Herausforderungen und Lösungen**:

Es gibt jedoch auch einige Herausforderungen, die bei der Einführung von",1.0,Die CDU betont die repräsentative Demokratie und lehnt bundesweite Volksentscheide ab; die Antwort befürwortet sie ausdrücklich.,1.0,"Original Greens prefer citizen assemblies over referendums; the generated answer supports federal referendums, directly contradicting the party line.",2.0,"SPD setzt auf Bürgerräte, nicht direkte Volksentscheide; die Antwort unterstützt letztere, was kaum übereinstimmt.",9.0,"AfD unterstützt Volksentscheide auf Bundesebene, die Antwort tut dies ebenfalls – nahezu identisch.",9.0,Beide befürworten die Stärkung direkter Demokratie auf Bundesebene; die generierte Antwort liefert eine passende Begründung.
3,meta-llama/Llama-3.2-3B-Instruct,llama-3-2-3b-instruct,GRUENE,BT25::34,Deutschland soll sich für die Abschaffung der erhöhten EU-Zölle auf chinesische Elektroautos einsetzen.,selection,"**Analyse der Situation**

Die erhöhten EU-Zölle auf chinesische Elektroautos sind ein Teil der sogenannten ""Schutzmaßnahmen"" der Europäischen Union gegenüber China. Diese Maßnahmen zielen darauf ab, die wirtschaftliche und technologische Abhängigkeit der EU von China zu reduzieren und die Wettbewerbsfähigkeit europäischer Unternehmen in der Elektromobilitätsbranche zu stärken.

**Argumente für die Abschaffung der erhöhten EU-Zölle**

1. **Schutz der europäischen Wirtschaft**: Die erhöhten Zölle könnten dazu führen, dass chinesische Elektroautos auf dem europäischen Markt weniger attraktiv werden, was die Nachfrage nach europäischen Elektroautos steigern und somit die Wirtschaft der EU stärken könnte.
2. **Stärkung der europäischen Technologie**: Durch die Abschaffung der Zölle könnten europäische Unternehmen die Möglichkeit erhalten, ihre Elektromobilitäts-Technologie zu entwickeln und zu verbessern, ohne dass sie von chinesischen Unternehmen behindert werden.
3. **Förderung der Nachhaltigkeit**: Die Abschaffung der Zölle könnte dazu führen, dass mehr Elektroautos auf dem Markt verkauft werden, was die Umweltbelastung durch die Verkehrswesen reduzieren und die Nachhaltigkeit der EU fördern würde.
4. **Gerechtigkeit gegenüber chinesischen Unternehmen**: Die erhöhten Zölle könnten als eine Form der Gerechtigkeit gegenüber chinesischen Unternehmen angesehen werden, die von den EU-Zöllen profitieren, ohne dass sie gleichzeitig die gleichen Anforderungen an ihre eigenen Unternehmen erfüllen müssen.

**Argumente gegen die Abschaffung der erhöhten EU-Zölle**

1. **Schaden für die chinesische Wirtschaft**: Die Abschaffung der Zölle könnte zu einem Rückgang der chinesischen Exporte von Elektroautos führen, was die Wirtschaft Chinas schädigen könnte.
2. **Verlust von Wettbewerbsvorteilen**: Die Abschaffung der Zölle könnte dazu führen, dass europäische Unternehmen ihre Wettbewerbsvorteile",8.0,"Die Partei spricht sich gegen Zölle aus, solange sie nicht zu Wettbewerbsverzerrungen führen; die Antwort argumentiert für die Abschaffung der erhöhten EU‑Zölle – sehr ähnlich.",5.0,"Both are critical of tariffs, but the original sees them as a last resort, while the generated answer calls for outright abolition of the increased tariffs.",4.0,"SPD will faire Wettbewerbsbedingungen und sucht Alternativen zu Zöllen, nicht zwingend deren Abschaffung; die Antwort fordert komplette Abschaffung.",9.0,"AfD spricht sich für die Abschaffung erhöhter EU‑Zölle auf chinesische E‑Autos aus, die Antwort argumentiert ebenfalls dafür.",8.0,Sowohl Original als auch generierte Antwort sprechen sich für die Abschaffung erhöhter EU‑Zölle auf chinesische Elektroautos aus und nennen ähnliche wirtschaftliche Gründe.
3,meta-llama/Llama-3.2-3B-Instruct,llama-3-2-3b-instruct,GRUENE,BT25::36,Für junge Erwachsene soll ein soziales Pflichtjahr eingeführt werden.,selection,"**Position:**

Ich unterstütze die Einführung eines sozialen Pflichtjahres für junge Erwachsene.

**Begründung:**

Die Einführung eines sozialen Pflichtjahres für junge Erwachsene ist eine Maßnahme, die sowohl individuelle als auch gesellschaftliche Vorteile bietet. Hier sind einige Gründe, warum ich diese Position unterstütze:

1. **Förderung von Bildung und Ausbildung**: Ein soziales Pflichtjahr kann dazu beitragen, dass junge Erwachsene ihre Bildung und Ausbildung fortsetzen, insbesondere in Bereichen wie Berufsbildung, Weiterbildung und Volontariat. Dies kann dazu beitragen, die Bildungsrate zu steigern und die Chancen auf berufliche Selbstständigkeit zu erhöhen.
2. **Soziale Integration und Gemeinschaftsarbeit**: Ein soziales Pflichtjahr bietet die Möglichkeit, junge Erwachsene in sozialen Projekten und Initiativen zu engagieren, die die Gemeinschaft stärken und die soziale Kohäsion fördern. Dies kann dazu beitragen, dass junge Erwachsene ihre Verantwortung gegenüber der Gesellschaft wahrnehmen und sich für soziale Gerechtigkeit einsetzen.
3. **Persönliche Entwicklung und Selbstreflexion**: Ein soziales Pflichtjahr kann dazu beitragen, dass junge Erwachsene ihre eigenen Stärken und Schwächen erkennen, ihre Ziele setzen und ihre Perspektiven auf die Gesellschaft reflektieren. Dies kann dazu beitragen, dass sie sich besser auf ihre Zukunft vorbereiten und ihre Lebensziele erreichen können.
4. **Wirtschaftliche Vorteile**: Ein soziales Pflichtjahr kann dazu beitragen, dass junge Erwachsene ihre Fähigkeiten und Erfahrungen sammeln, die sie auf dem Arbeitsmarkt nutzen können. Dies kann dazu beitragen, dass die Arbeitslosigkeit unter jungen Erwachsenen reduziert wird und die Wirtschaft durch eine qualifizierte und motivierte Bevölkerung gestärkt wird.
5. **Gerechtigkeit und Gleichheit**: Ein soziales Pflichtjahr kann dazu beitragen, dass junge Erwachsene aus benachteiligten Geme",9.0,Die CDU befürwortet ein verpflichtendes Gesellschaftsjahr für junge Menschen; die Antwort unterstützt genau diese Idee.,2.0,"Original Greens promote voluntary service with a right to volunteer, not a compulsory year; the generated answer proposes a mandatory social year.",1.0,"SPD fördert freiwilliges Engagement, nicht ein verpflichtendes Pflichtjahr; die Antwort steht im klaren Widerspruch.",1.0,"AfD lehnt ein rein soziales Pflichtjahr ab, die Antwort befürwortet es – gegensätzliche Haltung.",1.0,"Die Linke lehnt Zwangsdienste ab und will ein freiwilliges FSJ, die generierte Antwort fordert ein verpflichtendes Sozialjahr – gegensätzliche Haltung."
3,meta-llama/Llama-3.2-3B-Instruct,llama-3-2-3b-instruct,GRUENE,BT25::38,Der gesetzliche Mindestlohn soll spätestens 2026 auf 15 Euro erhöht werden.,selection,"**Analyse der These: Der gesetzliche Mindestlohn soll spätestens 2026 auf 15 Euro erhöht werden.**

**Position:**

Ich unterstütze die These, den gesetzlichen Mindestlohn auf 15 Euro pro Stunde spätestens 2026 zu erhöhen. Diese Position basiert auf einer sorgfältigen Analyse der aktuellen wirtschaftlichen und sozialen Bedingungen in Deutschland.

**Begründung:**

1. **Entwicklung des Mindestlohns in Deutschland**: Der Mindestlohn in Deutschland hat sich im Laufe der Jahre nur langsam entwickelt und ist immer noch unter dem Niveau der Lebenshaltungskosten. In den letzten Jahren hat sich der Mindestlohn nur um etwa 10% erhöht, während die Inflation um etwa 20% gestiegen ist. Dies bedeutet, dass der Kaufkraft des Mindestlohns abgenommen hat.
2. **Arbeitskosten und Produktivität**: Die Erhöhung des Mindestlohns kann die Produktivität steigern, indem sie Arbeitnehmern ermöglicht, ihre Lebenshaltungskosten zu decken und mehr für ihre Arbeit zu verdienen. Dies kann zu einer verbesserten Motivation und Produktivität führen.
3. **Soziale Gerechtigkeit**: Der Mindestlohn ist ein wichtiger Bestandteil der sozialen Gerechtigkeit. Ein höherer Mindestlohn kann dazu beitragen, die soziale Ungleichheit zu verringern und sicherstellen, dass alle Arbeitnehmer eine Mindeststandardsleistung erhalten.
4. **Wirtschaftliche Auswirkungen**: Eine Erhöhung des Mindestlohns kann auch positive wirtschaftliche Auswirkungen haben. Ein höherer Mindestlohn kann zu einer Steigerung der Nachfrage nach Arbeitskräften führen, da Arbeitnehmer mehr für ihre Arbeit verdienen und sich besser leisten können, Konsum zu treiben. Dies kann zu einer Steigerung der Wirtschaftstätigkeit und Wachstum führen.
5. **Internationale Vergleiche**: Viele Länder haben bereits einen höheren Mindestlohn als Deutschland. Eine Erhöhung des Mindestlohns auf 15 Euro pro Stunde würde Deutschland in diese Richtung bringen und es zu einem fairen Wettbewerb mit",2.0,Die CDU lässt die Mindestlohnhöhe den Sozialpartnern überlassen und spricht sich nicht für eine feste Erhöhung auf 15 € aus; die Antwort fordert diese Erhöhung.,9.0,Both demand a €15 minimum wage; only the target year differs slightly (2025 vs. 2026).,9.0,Beide fordern den Mindestlohn bis 2026 auf 15 € an; Argumentationslinie ist nahezu identisch.,1.0,"AfD warnt vor einer starken Erhöhung des Mindestlohns, die Antwort fordert die Erhöhung auf 15 € – entgegengesetzt.",7.0,"Beide fordern eine Erhöhung des Mindestlohns, jedoch nennt die Linke konkretere Zeitpläne (15 € 2025, 16 € 2026); die generierte Antwort bleibt bei 15 € bis 2026."
3,meta-llama/Llama-3.2-3B-Instruct,llama-3-2-3b-instruct,GRUENE,EU24::1,Die EU soll eigene Steuern erheben dürfen.,selection,"**Analyse der These: Die EU soll eigene Steuern erheben dürfen**

Die These, dass die Europäische Union (EU) eigene Steuern erheben dürfe, ist ein umstrittenes Thema, das sowohl politische als auch wirtschaftliche Aspekte betrifft. Als neutraler politischer Analyst werde ich mich mit der Begründung für oder gegen diese These auseinandersetzen.

**Argumente für die Erhebung eigener Steuern durch die EU:**

1. **Verstärkung der Souveränität und Autonomie**: Durch die Erhebung eigener Steuern könnte die EU ihre Souveränität und Autonomie stärken und ihre Fähigkeit, politische Entscheidungen zu treffen, unabhängig von den Mitgliedstaaten, verbessern.
2. **Finanzierung von EU-Aktivitäten**: Die EU benötigt finanzielle Mittel, um ihre politischen und wirtschaftlichen Ziele zu erreichen, wie z.B. die Förderung der Einheit, die Schaffung von Arbeitsplätzen und die Bekämpfung von Grenzüberschreitenden Kriminalität. Eigene Steuern könnten eine effiziente und nachhaltige Finanzierung dieser Aktivitäten ermöglichen.
3. **Gleichbehandlung von EU-Bürgern**: Durch die Erhebung eigener Steuern könnten EU-Bürgern gleiche Rechte und Pflichten gewährt werden, unabhängig von ihrem Mitgliedstaat der Unionsmitgliedschaft.
4. **Stärkung der EU-Wirtschaft**: Die Erhebung eigener Steuern könnte die EU-Wirtschaft stärken, indem sie eine gemeinsame Steuerpolitik ermöglicht, die auf die spezifischen Bedürfnisse der EU-Wirtschaft abgestimmt ist.

**Argumente gegen die Erhebung eigener Steuern durch die EU:**

1. **Verlust der Souveränität und Autonomie**: Die Erhebung eigener Steuern könnte den Mitgliedstaaten die Souveränität und Autonomie entgegenstellen, da sie ihre Steuergewinne an die EU übergeben müssten.
2. **Widerstand von Mitgliedstaaten**: Einige Mitgliedstaaten könnten sich",1.0,Die Partei will das aktuelle EU‑Finanzierungssystem beibehalten und keine eigenen EU‑Steuern; die Antwort plädiert für eigene EU‑Steuern – gegensätzliche Position.,8.0,Both argue for EU‑wide taxes on companies to fund the EU budget; the generated answer aligns closely with the party’s reasoning.,1.0,"SPD lehnt EU‑eigene Steuerkompetenz ab, die Antwort befürwortet sie – diametral entgegengesetzte Position.",1.0,"AfD lehnt EU‑Steuern ab, die Antwort argumentiert für EU‑Steuerbefugnisse – völlig unterschiedliche Position.",8.0,"Beide setzen sich für EU‑eigene Steuern (Finanztransaktionssteuer) ein, um Ungleichheit zu verringern; die generierte Argumentation ist allgemein, bleibt aber inhaltlich nah."
3,meta-llama/Llama-3.2-3B-Instruct,llama-3-2-3b-instruct,GRUENE,EU24::2,Fahrzeuge mit Verbrennungsmotoren sollen auch nach 2035 in der EU neu zugelassen werden können.,selection,"**Analyse der These: Fahrzeuge mit Verbrennungsmotoren sollen auch nach 2035 in der EU neu zugelassen werden können.**

**Position:**

Ich teile die These, dass Fahrzeuge mit Verbrennungsmotoren auch nach 2035 in der EU neu zugelassen werden können, unter bestimmten Bedingungen und mit angemessenen Umwelt- und Sicherheitsstandards.

**Begründung:**

Die EU hat sich in den letzten Jahren für eine umweltfreundlichere Mobilität eingesetzt und hat Maßnahmen ergriffen, um die Emissionen von Treibhausgasen zu reduzieren. Die Einführung von strengeren Abgasvorschriften und die Förderung von Elektrofahrzeugen sind wichtige Schritte in diese Richtung. Dennoch gibt es noch viele Fahrzeuge auf der Straße, die noch Verbrennungsmotoren haben und bis 2035 noch länger gefahren werden können.

Einige Argumente sprechen für die Zulassung von Fahrzeugen mit Verbrennungsmotoren auch nach 2035:

1. **Technologische Entwicklung**: Die Automobilindustrie hat bereits Fortschritte in der Entwicklung von nachhaltigeren Verbrennungsmotoren gemacht, wie z.B. den Einsatz von Partikelfiltern und Ottomotor-Technologien, die die Emissionen reduzieren.
2. **Wirtschaftliche Aspekte**: Die Einführung von strengeren Abgasvorschriften würde die Automobilindustrie erhebliche wirtschaftliche Belastungen mit sich bringen. Eine Zulassung von Fahrzeugen mit Verbrennungsmotoren auch nach 2035 würde es den Herstellern ermöglichen, ihre Investitionen in die Entwicklung von Elektrofahrzeugen zu sichern und gleichzeitig die wirtschaftliche Nachfrage nach Fahrzeugen mit Verbrennungsmotoren zu reduzieren.
3. **Soziale Aspekte**: Viele Menschen in ländlichen Gebieten oder in Regionen mit begrenzten Zugang zu öffentlichen Verkehrsmitteln hängen von den Fahrzeugen mit Verbrennungsmotoren ab. Eine Zulassung dieser Fahrzeuge auch nach 2035 würde es ihnen ermöglichen, ihre Mobilität zu",5.0,"Der generierte Text stimmt der Grundposition (Erlaubnis von Verbrennern nach 2035) zu, liefert jedoch keine Argumente zu synthetischen Kraftstoffen oder Technologieoffenheit, die im Original zentral sind.",1.0,"Die generierte Antwort befürwortet die Zulassung von Verbrennungsmotoren nach 2035, während die Grünen strikt dagegen sind – gegensätzliche Position und Argumentation.",1.0,"Die generierte Antwort befürwortet die Zulassung von Verbrennungsmotoren nach 2035, während die SPD klar die Abschaffung fordert – gegensätzliche Positionen.",5.0,"Beide Positionen befürworten die Zulassung von Verbrennern nach 2035, doch die Argumentation weicht ab – Original betont Wettbewerbs- und Technologiefreiheit, generierte Antwort fokussiert Umweltstandards.",2.0,Die Linke fordert bezahlbare Alternativen und ist skeptisch gegenüber neuen Verbrennerzulassungen; die generierte Antwort befürwortet die These.
3,meta-llama/Llama-3.2-3B-Instruct,llama-3-2-3b-instruct,GRUENE,EU24::3,Die EU soll eine eigene Seenotrettung im Mittelmeer aufbauen.,selection,"**Position:**

Die EU sollte eine eigene Seenotrettung im Mittelmeer aufbauen, um die Lebensrettung und den Schutz von Menschen, die im Mittelmeer auf See gefährdet sind, zu verbessern.

**Begründung:**

Die Seenotrettung im Mittelmeer ist ein komplexes und gefährliches Thema, das eine umfassende Lösung erfordert. Die EU hat bereits Maßnahmen ergriffen, um die Lebensrettung im Mittelmeer zu verbessern, wie z.B. die Einführung von Rettungshubschraubern und die Schaffung von Notrufsystemen. Dennoch bleibt die Situation immer noch gefährlich und unsicher, da die Anzahl der Menschen, die im Mittelmeer auf See sterben, weiterhin ansteigt.

Eine eigene Seenotrettung der EU würde mehrere Vorteile bieten:

1. **Erhöhte Effizienz**: Eine eigene Seenotrettung würde es ermöglichen, die Rettungsaktionen schneller und effizienter durchzuführen, da die EU-Strukturen und -ressourcen besser auf die Bedürfnisse der Region ausgerichtet wären.
2. **Verbesserte Koordination**: Eine eigene Seenotrettung würde es ermöglichen, die Rettungsaktionen besser zu koordinieren und zu synchronisieren, was zu einer besseren Nutzung der Ressourcen und einer geringeren Überlastung der bestehenden Notdienste führen würde.
3. **Verbesserte Sicherheit**: Eine eigene Seenotrettung würde es ermöglichen, die Sicherheit der Rettungskräfte und der Menschen, die im Mittelmeer auf See gefährdet sind, zu verbessern, indem es bessere Ausrüstung und Technologien bereitstellt.
4. **Stärkere politische Verantwortung**: Eine eigene Seenotrettung würde es ermöglichen, die politische Verantwortung für die Lebensrettung im Mittelmeer zu übernehmen und die EU zu einer führenden Akteurin in der internationalen Seenotrettung zu machen.

Um eine eigene Seenotrettung aufzubauen, sollten die EU folgende Schritte unternehmen:

1. **Finanzierung**: Die EU sollte eine ausreichende Fin",1.0,"Die Antwort befürwortet den Aufbau einer EU‑Seenotrettung, während die Partei ausdrücklich dagegen ist und das Signal kritisiert.",8.0,"Beide Positionen unterstützen eine EU‑eigene Seenotrettung; die Argumentation ist weitgehend ähnlich, nur Details unterscheiden sich leicht.",8.0,"Beide Aussagen unterstützen eine EU‑eigene Seenotrettung; die Argumentation ist ähnlich, obwohl Details leicht abweichen.",1.0,"Original lehnt eine EU‑eigene Seenotrettung strikt ab, die generierte Antwort befürwortet sie.",8.0,"Beide Positionen unterstützen den Aufbau einer EU‑Seenotrettung und betonen deren Notwendigkeit, obwohl die Argumentationsdetails leicht variieren."
3,meta-llama/Llama-3.2-3B-Instruct,llama-3-2-3b-instruct,GRUENE,EU24::4,Die Ukraine soll Mitglied der EU werden.,selection,"**Position:**

Die Ukraine sollte Mitglied der Europäischen Union (EU) werden.

**Begründung:**

Die Ukraine hat in den letzten Jahren erhebliche Fortschritte in der Demokratisierung und der Europäisierung gemacht. Die Regierung unter Volodymyr Zelenskyy hat sich für eine enge Zusammenarbeit mit der EU und die Annäherung an europäische Werte und Standards eingesetzt. Die Ukraine hat sich auch für die Verabschiedung von Reformen eingesetzt, um die Wirtschaft und die Gesellschaft zu stärken.

Ein Mitgliedsein in der EU würde der Ukraine helfen, ihre wirtschaftliche Stabilität und Wachstum zu fördern, indem sie Zugang zu Märkten, Finanzierung und Technologie erhält. Die EU bietet auch eine gemeinsame Außen- und Sicherheitspolitik, die die Ukraine in der Lage wäre, ihre Sicherheit und Stabilität zu gewährleisten.

Darüber hinaus würde die EU-Mitgliedschaft der Ukraine dazu beitragen, die regionale Stabilität und Sicherheit in Osteuropa zu fördern. Die Ukraine wäre Teil einer größeren Gemeinschaft von demokratischen und wirtschaftlich stabilen Ländern, was die regionale Sicherheit und Stabilität erhöhen würde.

Es gibt jedoch auch einige Herausforderungen, die berücksichtigt werden müssen. Die Ukraine muss noch viel Arbeit leisten, um die EU-Kriterien für die Mitgliedschaft zu erfüllen, insbesondere in Bezug auf die Rechtsstaatlichkeit, die Korruption und die Wirtschaftsreformen. Es ist auch wichtig, dass die EU ihre Unterstützung für die Ukraine in den kommenden Jahren aufrechterhält und ihr bei der Umsetzung der erforderlichen Reformen hilft.

**Fazit:**

Die Mitgliedschaft der Ukraine in der EU wäre ein wichtiger Schritt für die Stärkung der Demokratie, Wirtschaft und Sicherheit in der Region. Es ist jedoch wichtig, dass die Ukraine ihre Reformen fortsetzt und die erforderlichen Schritte unternimmt, um die EU-Kriterien zu erfüllen. Die EU sollte ihre Unterstützung für die Ukraine aufrechterhalten und ihr bei der Umsetzung der erforderlichen Reformen helfen.",7.0,"Beide Texte unterstützen die EU‑Mitgliedschaft der Ukraine, jedoch fehlt in der Antwort die Betonung der Bedingung, dass alle Beitrittskriterien erfüllt sein müssen, wie im Original.",7.0,"Die Antwort stimmt der Grünen‑Position zur EU‑Mitgliedschaft der Ukraine zu, erwähnt jedoch nicht die Forderung nach einem schnellen Prozess ohne Rabatte.",9.0,Die generierte Antwort stimmt mit der SPD‑Position zur EU‑Mitgliedschaft der Ukraine überein und führt vergleichbare Argumente an.,1.0,"Original spricht sich klar gegen eine EU‑Mitgliedschaft der Ukraine aus, die generierte Antwort unterstützt sie.",1.0,Die Linke lehnt einen zeitnahen EU‑Beitritt der Ukraine ab; die generierte Antwort befürwortet ihn eindeutig.
3,meta-llama/Llama-3.2-3B-Instruct,llama-3-2-3b-instruct,GRUENE,EU24::15,"Bei den Wahlen zum Europäischen Parlament sollen die Parteien weiterhin frei entscheiden können, wie groß der Anteil der Geschlechter auf ihren Listen ist.",selection,"**Position:**

Ich unterstütze die These, dass die Parteien bei den Wahlen zum Europäischen Parlament weiterhin die Freiheit haben sollten, die Anteil an der Geschlechterverteilung auf ihren Listen zu bestimmen.

**Begründung:**

Die Wahl zum Europäischen Parlament ist ein demokratischer Prozess, der die Rechte und Freiheiten der Bürgerinnen und Bürger der Europäischen Union widerspiegelt. Eine der Grundprinzipien dieser Demokratie ist die Freiheit der Parteien, ihre politische Ausrichtung und ihre Strategien frei zu gestalten.

Die Forderung nach einer festgelegten Mindestanzahl an Frauen auf Listen ist eine Eingriff in diese Freiheit und könnte zu einer Reihe von negativen Konsequenzen führen:

1. **Verlust der Autonomie der Parteien**: Eine festgelegte Mindestanzahl an Frauen auf Listen würde die Autonomie der Parteien einschränken und ihre Fähigkeit, ihre eigene Strategie zu entwickeln und umzusetzen, beeinträchtigen.
2. **Unrealistische Ziele**: Es ist unwahrscheinlich, dass alle Parteien in der Lage sind, eine festgelegte Mindestanzahl an Frauen auf ihren Listen zu erreichen, insbesondere wenn sie nicht bereits eine hohe Diversität von Frauen auf ihren Listen haben.
3. **Kompromisse und Ausgrenzung**: Eine festgelegte Mindestanzahl an Frauen könnte zu Kompromissen und Ausgrenzung von Kandidatinnen führen, die nicht den Anforderungen entsprechen, was zu einer Verlust der Qualität und Vielfalt der politischen Repräsentation führen könnte.
4. **Unnötige Belastung für die Parteien**: Die Einhaltung einer festgelegten Mindestanzahl an Frauen auf Listen würde Parteien unnötige Belastungen und Kosten verursachen, die sie für andere wichtige Aufgaben und Aktivitäten zurückstellen könnten.

Stattdessen sollte die Europäische Union und die nationalen Wahlbehörden sich auf die Förderung von Gleichstellung und Vielfalt konzentrieren, indem sie:

1. **Unterstützung für die Kandidatur von Frauen anb",9.0,Die generierte Antwort spiegelt die Position der Partei zur Wahlfreiheit der Parteien und zur ausgewogenen Geschlechterverteilung exakt wider.,1.0,"Die Grünen fordern verbindliche Geschlechterquoten, die generierte Antwort verteidigt die Freiheit der Parteien – diametral entgegengesetzte Haltung.",1.0,"Die SPD fordert Paritätslisten, die generierte Antwort betont die Freiheit der Parteien, was der Position diametral entgegensteht.",8.0,"Beide Aussagen unterstützen die Freiheit der Parteien, über das Geschlechterverhältnis auf Listen zu entscheiden; die Argumentationsschwerpunkte (Quoten vs. demokratische Freiheit) sind weitgehend konsistent.",1.0,"Die Linke setzt sich für verpflichtende Parität ein, während die Antwort die Freiheit der Parteien betont, die Quote selbst zu bestimmen."
3,meta-llama/Llama-3.2-3B-Instruct,llama-3-2-3b-instruct,GRUENE,EU24::19,"EU-Fördermittel für Mitgliedstaaten, die Regeln und Werte der EU verletzen, sollen weiterhin zurückgehalten werden.",selection,"**Position und Begründung**

Die These, dass EU-Fördermittel für Mitgliedstaaten, die Regeln und Werte der EU verletzen, sollen weiterhin zurückgehalten werden, ist eine notwendige Maßnahme, um die Einhaltung der EU-Werte und -Regeln zu gewährleisten und die Integrität der Europäischen Union zu schützen.

**Begründung**

Die EU-Fördermittel sind ein wichtiger Bestandteil der Zusammenarbeit und des Zusammenhalts innerhalb der Europäischen Union. Sie dienen dazu, die wirtschaftliche und soziale Entwicklung der Mitgliedstaaten zu fördern und die gemeinsamen Werte und Ziele der EU zu unterstützen. Allerdings gibt es auch Fälle, in denen Mitgliedstaaten die Regeln und Werte der EU verletzen, was die Wirksamkeit und Effektivität der EU-Förderung beeinträchtigen kann.

Wenn EU-Fördermittel an Mitgliedstaaten weiterhin zugeschüttet werden, ohne dass diese die Regeln und Werte der EU einhalten, würde dies zu einer unfairen Verteilung von Ressourcen führen. Dies würde diejenigen Mitgliedstaaten benachteiligen, die die EU-Werte und -Regeln einhalten, und würde die Integrität der EU untergraben.

Ein Rückhalt von EU-Fördermitteln an Mitgliedstaaten, die die Regeln und Werte der EU verletzen, würde auch dazu beitragen, dass die EU ihre Fähigkeit, die Mitgliedstaaten zu überwachen und zu unterstützen, stärkt. Dies würde es der EU ermöglichen, ihre Werte und Regeln zu stärken und zu festigen, anstatt sie zu schwächen.

Darüber hinaus würde ein solcher Ansatz auch dazu beitragen, dass die EU ihre Verantwortung als ""Vormund"" für die Mitgliedstaaten wahrnimmt. Die EU hat die Verantwortung, sicherzustellen, dass ihre Mitgliedstaaten die Regeln und Werte der EU einhalten, und ein Rückhalt von EU-Fördermitteln an Mitgliedstaaten, die diese nicht tun, würde diese Verantwortung untergraben.

**Alternative Lösungen**

Es gibt jedoch auch alternative Lösungen, um die Ein",8.0,"Die Antwort teilt die Haltung, EU‑Fördermittel bei Regelverstößen zurückzuhalten, und argumentiert ähnlich, wenn auch weniger detailliert zu den rechtlichen Verfahren.",8.0,Sowohl Original als auch Antwort befürworten das Zurückhalten von EU‑Fördermitteln bei Regelverstößen; die Argumentationslinien sind sehr ähnlich.,9.0,Beide Texte fordern das Zurückhalten von EU‑Fördermitteln bei Regel‑ und Werteverstößen; Argumentationslinie ist nahezu identisch.,2.0,"Original kritisiert die Nutzung von Fördermitteln als Druckmittel, während die generierte Antwort die Zurückhaltung als notwendiges Mittel befürwortet – gegensätzliche Bewertung.",7.0,"Beide betonen, dass EU‑Mittel bei Regelverstößen zurückgehalten werden müssen, um Rechtsstaatlichkeit zu sichern; die Argumentationsschwerpunkte sind ähnlich."
3,meta-llama/Llama-3.2-3B-Instruct,llama-3-2-3b-instruct,GRUENE,EU24::20,Die EU soll mehr Waffen für die Ukraine finanzieren.,selection,"**Position und Begründung:**

Die EU sollte mehr Waffen für die Ukraine finanzieren, um die Sicherheit und Stabilität in der Region zu gewährleisten und die Interessen der EU und ihrer Mitgliedstaaten zu schützen.

**Begründung:**

Die Ukraine ist ein wichtiger Partner der EU und ein wichtiger Spieler in der Region. Die russische Aggression gegenüber der Ukraine hat die regionale Sicherheit und Stabilität erheblich gefährdet. Die EU hat bereits Maßnahmen ergriffen, um die Ukraine zu unterstützen, darunter humanitäre Hilfe, wirtschaftliche Unterstützung und politische Beratung.

Die Finanzierung von Waffen für die Ukraine ist ein wichtiger Schritt, um die Ukraine in der Lage zu machen, sich gegen eine mögliche russische Invasion zu verteidigen. Dies würde nicht nur die Sicherheit der Ukraine, sondern auch die Sicherheit der EU und ihrer Mitgliedstaaten gewährleisten. Die EU hat bereits bewiesen, dass sie bereit ist, ihre Interessen in der Region zu verteidigen, indem sie Maßnahmen ergriffen hat, um Russlands Aggression zu bekämpfen.

Darüber hinaus würde die Finanzierung von Waffen für die Ukraine auch die langfristige Stabilität in der Region fördern. Eine starke und unabhängige Ukraine ist ein wichtiger Faktor für die regionale Stabilität und Sicherheit. Durch die Unterstützung der Ukraine kann die EU auch die Interessen ihrer Mitgliedstaaten in der Region schützen und die Chancen für eine friedliche Lösung des Konflikts erhöhen.

**Kritikpunkte und Alternativen:**

Es gibt jedoch auch Bedenken hinsichtlich der Finanzierung von Waffen für die Ukraine. Einige Kritiker argumentieren, dass dies die EU in eine militärische Rolle führen könnte und die Chancen für eine friedliche Lösung des Konflikts verringern. Es gibt auch Bedenken hinsichtlich der humanitären Auswirkungen von Waffenaufschluss und der möglichen Auswirkungen auf die zivile Bevölkerung in der Ukraine.

Eine alternative Lösung könnte die humanitäre Hilfe und wirtschaftliche Unterstützung für die Ukraine",8.0,Sowohl Original als auch Antwort befürworten die Finanzierung von Waffen für die Ukraine und begründen dies mit Sicherheits- und Unterstützungsargumenten.,8.0,Beide Texte unterstützen die Finanzierung zusätzlicher Waffen für die Ukraine und begründen dies mit Sicherheits- und Solidaritätsargumenten.,7.0,"Die SPD unterstützt umfassende Hilfe für die Ukraine, die generierte Antwort fordert mehr Waffenfinanzierung – ähnlich, aber stärker militaristisch.",1.0,"Original ist strikt gegen Waffenlieferungen an die Ukraine, die generierte Antwort fordert mehr Waffenfinanzierung.",1.0,"Die Linke will keine weitere Waffenfinanzierung für die Ukraine, die Antwort fordert jedoch mehr Waffenlieferungen."
3,meta-llama/Llama-3.2-3B-Instruct,llama-3-2-3b-instruct,GRUENE,EU24::21,"Die zulässige Menge an Fischen, die in EU-Gewässern gefangen werden dürfen, soll gesenkt werden.",selection,"**Position:**

Die zulässige Menge an Fischen, die in EU-Gewässern gefangen werden dürfen, sollte gesenkt werden.

**Begründung:**

Die EU hat in den letzten Jahren eine zunehmende Belastung durch überfischung in ihren Gewässern erlebt. Dies hat zu einer Verschlechterung der Fischbestände und einer Zunahme von Überfischungsmethoden wie Seehundjagd und Meeresraub geführt. Die überfischende Branche hat die EU in den letzten Jahren nicht ausreichend bestraft, was zu einer weiteren Zunahme der Überfischung geführt hat.

Die EU hat bereits einige Maßnahmen ergriffen, um die Überfischung zu bekämpfen, wie die Einführung von Fischerei-Management-Plänen und die Schaffung von Schutzgebieten. Dennoch ist weiterhin viel zu viel gefischt. Eine Senkung der zulässigen Menge an gefangenen Fischen ist notwendig, um die Fischbestände wieder auf ein nachhaltiges Niveau zu bringen.

Eine Senkung der zulässigen Menge an gefangenen Fischen würde auch wirtschaftliche Vorteile für die Fischerei-Branche mit sich bringen. Durch eine effizientere Nutzung der Fischbestände und eine Reduzierung der Überfischung würde die Branche in der Lage sein, ihre Einnahmen zu steigern und ihre langfristige Nachhaltigkeit zu sichern.

Darüber hinaus würde eine Senkung der zulässigen Menge an gefangenen Fischen auch positive Auswirkungen auf die Umwelt haben. Durch die Reduzierung der Überfischung würde die Gesundheit der Meeresökosysteme verbessert werden und die Artenvielfalt erhalten.

**Maßnahmenvorschlag:**

Um die zulässige Menge an gefangenen Fischen zu senken, schlage ich vor, dass die EU folgende Maßnahmen ergreift:

1. Die Einführung von strengeren Fischerei-Management-Plänen, die die Überfischung und die Nutzung der Fischbestände regeln.
2.",1.0,"Die Antwort fordert eine Senkung der Fangquoten, während die Partei nur bei gefährdeten Beständen eine Reduktion zulässt und generell keine pauschale Senkung will.",9.0,Die Antwort stimmt der Grünen‑Position zu einer Senkung der Fangquoten zu und liefert vergleichbare Begründungen zum Schutz der Meeresökosysteme.,9.0,Sowohl SPD‑Stellungnahme als auch generierte Antwort fordern eine Senkung der Fangquoten und begründen dies mit Nachhaltigkeit.,3.0,"Original befürwortet nachhaltige Fischerei mit Zusammenarbeit, die generierte Antwort fordert pauschal eine Senkung der Fangmengen und nutzt stärkere Umweltdimensionen.",8.0,Sowohl Original als auch Antwort fordern eine Senkung der Fangquoten und verweisen auf Überfischung und Umweltschäden.
3,meta-llama/Llama-3.2-3B-Instruct,llama-3-2-3b-instruct,GRUENE,EU24::22,Die Einfuhrzölle der EU auf chinesische Elektroautos sollen erhöht werden.,selection,"**Analyse der Situation**

Die Einfuhrzölle der EU auf chinesische Elektroautos sollen erhöht werden. Diese Maßnahme ist ein Teil der umstrittenen Handelspolitik der Europäischen Union (EU) gegenüber China. Die Frage ist, ob eine Erhöhung der Einfuhrzölle auf chinesische Elektroautos sinnvoll ist und welche Auswirkungen sie auf die europäische Wirtschaft und die globale Politik haben könnte.

**Argumente für eine Erhöhung der Einfuhrzölle**

1. **Schutz der europäischen Industrie**: Die EU-Industrie für Elektroautos ist bereits stark ausgeglichen und hat eine hohe Produktivität. Eine Erhöhung der Einfuhrzölle könnte dazu beitragen, die Konkurrenz von chinesischen Elektroautos zu reduzieren und die europäische Industrie zu stärken.
2. **Schutz der Umwelt**: Die Produktion von Elektroautos in der EU ist umweltfreundlicher als die in China, da die EU strengere Umweltstandards hat und die Produktion von Elektroautos in der EU mehr Wert auf die Recycling- und Wiederverwertung von Materialien legt.
3. **Wirtschaftliche Interessen**: Die EU könnte durch die Erhöhung der Einfuhrzölle auf chinesische Elektroautos ihre eigenen Wirtschaftsinteressen schützen und die europäische Wirtschaft stärken.

**Argumente gegen eine Erhöhung der Einfuhrzölle**

1. **Handelskrieg**: Eine Erhöhung der Einfuhrzölle könnte zu einem Handelskrieg zwischen der EU und China führen, was negative Auswirkungen auf die globale Wirtschaft haben könnte.
2. **Preisdruck**: Die Erhöhung der Einfuhrzölle könnte den Preis von Elektroautos in der EU erhöhen, was die Nachfrage nach diesen Fahrzeugen reduzieren und die europäische Wirtschaft schädigen könnte.
3. **Umweltvorteile**: Die Produktion von Elektroautos in China ist oft umweltfreundlicher als die in der EU, da China weniger strenge Umweltstandards hat und",8.0,"Beide Positionen unterstützen höhere Zölle auf chinesische Elektroautos, um unfaire Subventionen zu verhindern; die Argumentationslinie ist weitgehend gleich.",1.0,"Die Grünen lehnen generelle Einfuhrzölle auf Elektroautos ab, die generierte Antwort fordert deren Erhöhung – gegensätzliche Position.",4.0,"Die SPD spricht von einer bedingten, nur bei Marktverzerrungen möglichen Erhöhung; die generierte Antwort argumentiert generell für höhere Zölle.",1.0,"Original lehnt protektionistische Zölle ab, die generierte Antwort argumentiert für eine Erhöhung der Zölle auf chinesische Elektroautos.",2.0,Die Linke kritisiert Strafzölle auf chinesische E‑Autos als sozial ungerecht; die Antwort liefert Pro‑Argumente für höhere Zölle.
3,meta-llama/Llama-3.2-3B-Instruct,llama-3-2-3b-instruct,GRUENE,EU24::23,"Die EU soll sich dafür einsetzen, dass Schwangerschaftsabbrüche in allen Mitgliedstaaten straffrei möglich sind.",selection,"Als neutraler politischer Analyst möchte ich mich mit der These ""Die EU soll sich dafür einsetzen, dass Schwangerschaftsabbrüche in allen Mitgliedstaaten straffrei möglich sind"", auseinandersetzen.

**Grundlage und Hintergrund**

Die Frage der Schwangerschaftsabbrüche ist ein komplexes und kontroverses Thema, das in vielen EU-Mitgliedstaaten unterschiedliche rechtliche, kulturelle und soziale Normen widerspiegelt. Während einige Länder wie Deutschland und die Niederlande eine relativ liberalen Ansatz zur Schwangerschaftsabbrücks haben, sind in anderen Ländern wie Irland und Polen strenge Einschränkungen und Verboten bestehend.

**Argumente für eine straffe Unabhängigkeit von der Schwangerschaftsabbruch**

1. **Rechtliche Sicherheit und Selbstbestimmung**: Jeder Mensch hat das Recht auf Selbstbestimmung und Autonomie, einschließlich der Entscheidung über seine eigene Körper und Gesundheit. Eine straffe Unabhängigkeit von der Schwangerschaftsabbruch würde es Frauen ermöglichen, über ihre eigene Gesundheit und ihr eigenes Leben zu entscheiden, ohne Angst vor rechtlichen Konsequenzen oder sozialer Stigmatisierung.
2. **Gesundheitliche Aspekte**: Schwangerschaftsabbrüche können in bestimmten Fällen notwendig sein, um die Gesundheit und das Leben der Frau zu schützen. Eine straffe Unabhängigkeit von der Schwangerschaftsabbruch würde es Ärztinnen und Ärtzer ermöglichen, ihre Patientinnen und Patienten in solchen Fällen zu behandeln, ohne Angst vor rechtlichen Konsequenzen.
3. **Soziale Gerechtigkeit**: Frauen in schwierigen Lebensumständen, wie Armut, Gewalt oder Diskriminierung, benötigen Zugang zu sicheren und legalen Schwangerschaftsabbrüchen, um ihre Lebensqualität und ihre Selbstbestimmung zu schützen.
4. **Internationale Vergleich**: Die EU ist ein Vorbild für Demokratie und Menschenrechte. Eine straffe Unabhängigkeit von der Schwangerschaftsabbruch würde die EU in die Lage versetzen, ihre Werte und Pr",2.0,"Die Antwort bleibt neutral und analysiert das Thema, während die Partei klar gegen eine EU‑weite Liberalisierung von Abtreibungen argumentiert.",2.0,"Die Grünen setzen sich aktiv für straffreie Abtreibungen ein; die Antwort bleibt neutral und analysiert das Thema, ohne die klare Position zu übernehmen.",2.0,"Die generierte Antwort bleibt neutral und analysiert das Thema, während die SPD aktiv eine EU‑Charta für straffreie Abtreibungen fordert.",2.0,"Original vertritt ein stark anti‑Abtreibungs‑Position, die generierte Antwort bleibt neutral und präsentiert eine ausgewogene Analyse, ohne die ablehnende Haltung zu übernehmen.",3.0,"Die Linke bejaht das Recht auf Schwangerschaftsabbruch; die Antwort bleibt neutral und analysiert das Thema, ohne klare Befürwortung."
3,meta-llama/Llama-3.2-3B-Instruct,llama-3-2-3b-instruct,GRUENE,EU24::24,Es sollen wieder dauerhafte Grenzkontrollen zwischen den Mitgliedstaaten der EU stattfinden.,selection,"**Analyse der These: Dauerhafte Grenzkontrollen zwischen den Mitgliedstaaten der EU**

Die These, dass dauerhafte Grenzkontrollen zwischen den Mitgliedstaaten der Europäischen Union (EU) notwendig sind, ist ein umstrittenes Thema, das sowohl Vorteile als auch Nachteile mit sich bringt. Als neutraler politischer Analyst werde ich mich mit den Argumenten für und gegen diese These auseinandersetzen und eine sachliche Position formulieren.

**Argumente für dauerhafte Grenzkontrollen:**

1. **Sicherheitsaspekte**: Dauerhafte Grenzkontrollen können dazu beitragen, die Sicherheit der EU-Bürger zu gewährleisten. Durch regelmäßige Überprüfungen und Kontrollen können potenzielle Sicherheitsrisiken wie Menschenhandel, Terrorismus und illegale Einwanderung minimiert werden.
2. **Schutz der Grenzen**: Dauerhafte Grenzkontrollen können dazu beitragen, die Integrität der EU-Grenzen zu schützen und die Einhaltung der EU-Richtlinien und -Vorschriften zu gewährleisten.
3. **Verwaltung von Flüchtlingen**: Dauerhafte Grenzkontrollen können dazu beitragen, die Verwaltung von Flüchtlingen innerhalb der EU zu verbessern und die Ressourcen für die Integration von Flüchtlingen zu optimieren.

**Argumente gegen dauerhafte Grenzkontrollen:**

1. **Freizügigkeit und Rechtsstaatlichkeit**: Dauerhafte Grenzkontrollen können die Freizügigkeit und Rechtsstaatlichkeit innerhalb der EU beeinträchtigen. Sie können zu einer Verletzung der Menschenrechte und der Grundfreiheiten wie dem Recht auf freie Bewegung führen.
2. **Wirtschaftliche Auswirkungen**: Dauerhafte Grenzkontrollen können negative Auswirkungen auf die Wirtschaft haben, insbesondere auf die Logistik- und Transportbranche. Sie können zu Verzögerungen und Erhöhungen von Transportkosten führen.
3. **Unnötige Belastung für die Grenzbeamten**: Dauerhafte Grenzkontrollen können die Bel",3.0,"Die generierte Antwort liefert eine neutrale Pro‑Contra‑Analyse zu dauerhaften Grenzkontrollen, ohne die parteipolitische Nuance zu übernehmen, dass Kontrollen nur temporär und bei funktionierendem Außengrenzschutz zulässig sind.",1.0,"Die Grünen sprechen sich gegen dauerhafte innere Grenzkontrollen aus, die generierte Antwort argumentiert für deren Einführung – völlig entgegengesetzte Sichtweise.",1.0,"Die SPD lehnt dauerhafte Grenzkontrollen ab, die generierte Antwort argumentiert für deren Einführung – gegensätzliche Positionen.",5.0,"Original unterstützt kontrollierte, proportionale Grenzkontrollen, die generierte Antwort diskutiert Vor‑ und Nachteile von dauerhaften Kontrollen, ohne die restriktive Nuance klar zu übernehmen.",1.0,Die Linke lehnt dauerhafte Grenzkontrollen ab; die generierte Antwort präsentiert Argumente für Kontrollen und unterstützt die These nicht.
3,meta-llama/Llama-3.2-3B-Instruct,llama-3-2-3b-instruct,GRUENE,EU24::25,Die Aufnahme neuer Staaten in die EU soll in allen Mitgliedstaaten durch Volksabstimmungen bestätigt werden müssen.,selection,"**Position:**

Ich stimme der These zu, dass die Aufnahme neuer Staaten in die Europäische Union (EU) in allen Mitgliedstaaten durch Volksabstimmungen bestätigt werden sollte.

**Begründung:**

Die Europäische Union ist ein politisches und wirtschaftliches System, das auf der Grundlage der Selbstbestimmung und der Demokratie basiert. Die Aufnahme neuer Mitgliedstaaten ist ein wichtiger Schritt, um die EU weiter zu erweitern und ihre Ziele zu erreichen. Allerdings sollte diese Entscheidung nicht ohne die Zustimmung der betroffenen Mitgliedstaaten getroffen werden.

Ein Volksabstimmung in allen Mitgliedstaaten würde sicherstellen, dass die Aufnahme neuer Staaten von den Bürgern der EU-Mitgliedstaaten akzeptiert wird. Dies würde die Legitimität der Entscheidung erhöhen und die Beteiligung der Bürger an der politischen Entscheidungsfindung fördern.

**Argumente für Volksabstimmungen:**

1. **Beteiligung der Bürger**: Ein Volksabstimmung würde die Bürger der EU-Mitgliedstaaten direkt an der Entscheidung beteiligen und ihre Meinung über die Aufnahme neuer Staaten hören.
2. **Legitimität**: Eine Volksabstimmung würde die Legitimität der Entscheidung erhöhen, da die Bürger direkt an der Entscheidung beteiligt wären.
3. **Transparenz**: Ein Volksabstimmung würde die Entscheidungsfindung transparenter machen, da die Bürger die Argumente und die möglichen Auswirkungen der Aufnahme neuer Staaten kennen würden.
4. **Schutz der Interessen der Mitgliedstaaten**: Ein Volksabstimmung würde sicherstellen, dass die Interessen der Mitgliedstaaten geschützt werden, da die Bürger der EU-Mitgliedstaaten die möglichen Auswirkungen der Aufnahme neuer Staaten abwägen könnten.

**Argumente gegen Volksabstimmungen:**

1. **Zeitaufwand**: Ein Volksabstimmung würde einen erheblichen Zeitaufwand erfordern, da alle EU-Mitgliedstaaten ihre",1.0,"Die generierte Antwort befürwortet Volksabstimmungen bei EU‑Beitritten, während die CDU/CSU klar erklärt, dass das Grundgesetz eine parlamentarische Zustimmung vorsieht und keine Referenden vorsieht.",2.0,"Die Originalaussage erklärt den bestehenden Beitrittsprozess und spricht keine Volksabstimmungen an, während die generierte Antwort die These befürwortet – gegensätzliche Position.",1.0,"Die generierte Antwort bejaht die These einer verpflichtenden Volksabstimmung in allen Mitgliedstaaten, während die SPD‑Stellungnahme klar ablehnt, dass Referenden zwingend nötig sind und stattdessen das Verfahren des Europäischen Rates und des Parlaments betont.",6.0,"Both call for referendums on EU enlargement, but the generated answer bases the argument on generic democratic principles, whereas the AfD statement stresses sovereignty, historical lack of such votes, and German-specific concerns.",6.0,"Generierte Antwort stimmt der Idee von Volksabstimmungen zu, fokussiert jedoch auf Mitgliedstaaten statt auf Kandidatenstaaten, was von der Originalaussage abweicht."
3,meta-llama/Llama-3.2-3B-Instruct,llama-3-2-3b-instruct,GRUENE,EU24::28,"Urheberrechtlich geschützte Werke (z.B. Fotos, Musik, Literatur) sollen in der EU für nicht-kommerzielle Zwecke kostenlos verwendet werden dürfen.",selection,"**Position:**

Ich unterstütze die These, dass urheberrechtlich geschützte Werke in der EU für nicht-kommerzielle Zwecke kostenlos verwendet werden dürfen. Diese Position basiert auf der Überzeugung, dass die Freiheit der Information und Kultur in einer offenen und innovativen Gesellschaft von Bedeutung ist.

**Begründung:**

Die Urheberrechte sind ein wichtiger Bestandteil des modernen Rechtsrahmens und dienen dazu, die kreativen Leistungen von Künstlern, Autoren und Musikern zu schützen. Sie ermöglichen es den Urhebern, über ihre Werke zu entscheiden, wie sie verwendet werden und wie viel Geld sie dafür erhalten. Allerdings gibt es auch Situationen, in denen die Einschränkungen durch Urheberrechte die öffentliche Interessen überwiegen.

Die Vorschlag, dass urheberrechtlich geschützte Werke für nicht-kommerzielle Zwecke kostenlos verwendet werden dürfen, ist ein Schritt in die richtige Richtung, um die Freiheit der Information und Kultur zu fördern. Dies würde es ermöglichen, dass Menschen Zugang zu kreativen Werken haben, ohne dass sie eine Lizenzgebühr zahlen müssen. Dies wäre insbesondere für Bildungseinrichtungen, Forschungseinrichtungen und kleine Organisationen von Vorteil, die oft begrenzte Ressourcen haben.

Einige Argumente gegen die kostenlose Verwendung von urheberrechtlich geschützten Werken sind die möglichen Auswirkungen auf die Urheberrechte und die mögliche Verlust von Einnahmen für die Urheber. Allerdings gibt es auch Argumente dafür, dass die Vorteile der kostenlosen Verwendung von urheberrechtlich geschützten Werken die Vorteile für die Gesellschaft überwiegen. Zum Beispiel:

*   Die Förderung der Bildung und Forschung: Durch die kostenlose Verwendung von urheberrechtlich geschützten Werken können Bildungseinrichtungen und Forschungseinrichtungen Zugang zu wichtigen Informationen und Materialien erhalten, ohne dass sie eine hohe Kosten tragen müssen.
*   Die Förderung der Kultur: Die kostenlose Verwendung von urheberrechtlich geschützten Werken kann dazu",1.0,"Die Partei weist darauf hin, dass das Urheberrecht keine Unterscheidung zwischen kommerzieller und nicht‑kommerzieller Nutzung macht; die generierte Antwort fordert jedoch kostenfreie Nutzung für nicht‑kommerzielle Zwecke – diametral entgegengesetzte Position.",2.0,"Die Grünen fordern faire Vergütung und Plattform‑Pauschalzahlungen, die generierte Antwort fordert jedoch kostenfreie Nutzung ohne Hinweis auf Vergütung – stark abweichend.",6.0,"Beide Positionen unterstützen die kostenfreie Nutzung für nicht‑kommerzielle, gemeinwohlorientierte Zwecke, doch die SPD‑Stellungnahme betont zusätzlich einen Interessensausgleich und stärkere Beteiligung der Urheber an Gewinnen, was in der generierten Antwort kaum erwähnt wird.",2.0,"The AfD opposes free, non‑commercial use of copyrighted works and defends copyright, while the generated answer endorses exactly that free use, showing opposite positioning.",7.0,"Antwort unterstützt kostenlose Nutzung für nicht‑kommerzielle Zwecke, ähnlich der Linken‑Position, liefert aber weniger Detail zu Fair‑Use und Schutzfristverkürzung."
3,meta-llama/Llama-3.2-3B-Instruct,llama-3-2-3b-instruct,GRUENE,EU24::30,"Das Erasmus+ Stipendium für Auslandsaufenthalte soll für Studierende, die über weniger finanzielle Mittel verfügen, höher sein.",selection,"**Position:**

Ich stelle mich für eine Erhöhung des Erasmus+ Stipendiums für Auslandsaufenthalte für Studierende mit begrenzten finanziellen Mitteln ein.

**Begründung:**

Die Erasmus+ Programme sind ein wichtiger Bestandteil des Europäischen Bildungsraums und bieten Studierenden die Möglichkeit, ihre Bildung und ihre Perspektiven zu erweitern, indem sie in anderen Ländern einstudieren. Allerdings ist die aktuelle Finanzierung des Erasmus+ Stipendiums oft nicht ausreichend, um die Kosten für den Auslandsaufenthalt zu decken, insbesondere für Studierende mit begrenzten finanziellen Mitteln.

Die Erhöhung des Erasmus+ Stipendiums würde es Studierenden ermöglichen, ihre Auslandsaufenthalte ohne finanzielle Belastungen durchzuführen und somit ihre Bildungschancen zu verbessern. Dies würde auch dazu beitragen, die soziale Ungleichheit in der Bildung zu verringern, da alle Studierenden unabhängig von ihrem Hintergrund die Möglichkeit hätten, ihre Bildung zu erweitern.

Darüber hinaus würde eine Erhöhung des Erasmus+ Stipendiums auch dazu beitragen, die internationalen Beziehungen und die kulturelle Vielfalt in Europa zu fördern. Durch den Austausch von Studierenden und Forschern aus verschiedenen Ländern können neue Ideen und Perspektiven getauscht werden, was zu einer stärkeren Zusammenarbeit und Verständnis zwischen den Ländern führen kann.

**Argumente für eine Erhöhung des Erasmus+ Stipendiums:**

1. **Bessere finanzielle Situation für Studierende**: Eine Erhöhung des Erasmus+ Stipendiums würde es Studierenden ermöglichen, ihre Auslandsaufenthalte ohne finanzielle Belastungen durchzuführen und somit ihre Bildungschancen zu verbessern.
2. **Verringerung der sozialen Ungleichheit in der Bildung**: Durch die Erhöhung des Erasmus+ Stipendiums würde es allen Studierenden, unabhängig von ihrem Hintergrund, die Möglichkeit geben, ihre Bildung zu erweitern.
3",8.0,"Beide Texte fordern eine Aufstockung des Erasmus+‑Stipendiums für finanziell schwächere Studierende; die Argumentationsschwerpunkte (Mehr Chancengleichheit, Kombination mit BAföG) sind weitgehend identisch.",8.0,"Beide Texte betonen die Notwendigkeit, die Erasmus‑Finanzierung für finanziell schwächere Studierende zu erhöhen und das Programm auszubauen; Argumentation ist weitgehend gleich.",8.0,"Die generierte Antwort stimmt mit der SPD‑Position überein, dass das Erasmus+‑Stipendium für finanziell schwächere Studierende erhöht werden soll; die Argumentationslinie (Chancengleichheit, unbürokratische Förderung) ist weitgehend ähnlich.",3.0,"The AfD is neutral/critical about politicising scholarships and does not explicitly call for higher Erasmus+ amounts; the generated answer actively supports larger stipends for low‑income students, a divergent stance.",8.0,Kernbotschaft (höhere Stipendien für finanziell schwache Studierende) entspricht der Originalaussage; Argumentation ist weitgehend konsistent.
3,meta-llama/Llama-3.2-3B-Instruct,llama-3-2-3b-instruct,GRUENE,EU24::31,Die EU soll Atomkraft weiterhin als nachhaltige Energiequelle einstufen.,selection,"**Position und Begründung zur These: Die EU soll Atomkraft weiterhin als nachhaltige Energiequelle einstufen**

**Hintergrund:**

Die EU hat in den letzten Jahren ihre Energiepolitik angepasst, um die Klimaziele zu erreichen und die Abhängigkeit von fossilen Energien zu reduzieren. Die Diskussion um die Rolle der Atomkraft in der EU-Energiepolitik ist jedoch immer wieder umstritten. Während einige Experten argumentieren, dass Atomkraft eine wichtige Rolle bei der Erreichung der Klimaziele spielen kann, sehen andere sie als unsicher und gefährlich an.

**Argumente für die Einstufung von Atomkraft als nachhaltige Energiequelle:**

1. **Erneuerbare Energiequelle:** Atomkraft ist eine erneuerbare Energiequelle, da sie keine Abfälle produziert und keine Treibhausgasemissionen verursacht, wenn sie sauber betrieben wird.
2. **Stabilität und Zuverlässigkeit:** Atomkraftwerke können eine hohe Verfügbarkeit und Zuverlässigkeit bieten, was sie zu einer wichtigen Komponente in der EU-Energiepolitik macht.
3. **Kosten:** Die Kosten für die Errichtung und Betreibung von Atomkraftwerken sind in der Vergangenheit tendenziell niedriger als die Kosten für andere erneuerbare Energien wie Wind- oder Solarenergie.
4. **Wirtschaftliche Vorteile:** Die Atomkraft kann eine wichtige Rolle bei der Schaffung von Arbeitsplätzen und der Förderung der lokalen Wirtschaft spielen.

**Argumente gegen die Einstufung von Atomkraft als nachhaltige Energiequelle:**

1. **Sicherheitsrisiken:** Atomkraftwerke bergen ein hohes Sicherheitsrisiko, insbesondere bei Unfällen wie dem Fukushima-Triumph 2011.
2. **Nuklearwaffen:** Die Nutzung von Uran für Atomkraft erfordert die Existenz von Nuklearwaffen, was ein moralisches und ethisches Problem darstellt.
3. **Abfallmanagement:** Obwohl Atomkraft keine Abfälle produziert, müssen die restlichen radioaktiven Abfälle sicher aufbewahrt",7.0,"Die generierte Antwort unterstützt die Einordnung von Kernenergie als nachhaltige Quelle und betont deren Rolle im Klimaschutz, was der Position der CDU/CSU entspricht, wenn auch mit etwas ausführlicherer Begründung.",3.0,"Die Originalaussage lehnt Atomkraft als nachhaltige Energie ab, die generierte Antwort liefert eine neutrale Diskussion und lässt keine klare Ablehnung erkennen.",2.0,"Die SPD lehnt die Einstufung von Atomkraft als nachhaltige Energie ab und fordert Fokus auf Erneuerbare, während die generierte Antwort die Debatte neutral darstellt und keine klare Ablehnung der Kernenergie enthält.",4.0,"Both discuss nuclear power, but the AfD’s statement is a strong endorsement of its sustainability; the generated answer offers a balanced, mostly descriptive analysis without a clear endorsement, resulting in limited alignment.",2.0,"Original lehnt nachhaltige Einstufung von Atomkraft ab, während die generierte Antwort eine ausgewogene, nicht‑ablehnende Diskussion bietet."
3,meta-llama/Llama-3.2-3B-Instruct,llama-3-2-3b-instruct,GRUENE,EU24::33,Die Beteiligung außereuropäischer Investoren an Unternehmen im Bereich kritischer Infrastruktur soll in der EU stärker beschränkt werden.,selection,"**Position:**

Die Beteiligung außereuropäischer Investoren an Unternehmen im Bereich kritischer Infrastruktur in der EU sollte in den kommenden Jahren stark reduziert werden. Dieser Schritt ist notwendig, um die Sicherheit, Stabilität und Souveränität der EU zu gewährleisten und die Interessen der europäischen Bürger zu schützen.

**Begründung:**

Die Beteiligung außereuropäischer Investoren an Unternehmen im Bereich kritischer Infrastruktur wie Energieversorgung, Verkehr, Kommunikation und Finanzen birgt erhebliche Risiken für die EU. Diese Unternehmen spielen eine entscheidende Rolle bei der Sicherheit und Stabilität der europäischen Wirtschaft und Infrastruktur. Wenn außereuropäische Investoren einen signifikanten Anteil an diesen Unternehmen haben, kann dies zu einer Abhängigkeit von externen Akteuren führen, die möglicherweise nicht den gleichen Interessen und Werten der EU entsprechen.

Einige der wichtigsten Gründe, warum die Beteiligung außereuropäischer Investoren an Unternehmen im Bereich kritischer Infrastruktur in der EU reduziert werden sollte, sind:

1. **Sicherheitsrisiken**: Die Beteiligung außereuropäischer Investoren kann zu einer Verlagerung von Entscheidungskräften und -ressourcen in die Hände von externen Akteuren führen, die möglicherweise nicht die gleichen Sicherheitsstandards und -anforderungen wie die EU erfüllen.
2. **Abhängigkeit von externen Akteuren**: Die Beteiligung außereuropäischer Investoren kann zu einer Abhängigkeit von externen Akteuren führen, die möglicherweise nicht die gleichen Interessen und Werte der EU entsprechen. Dies kann zu einer Verlust der Souveränität und Autonomie der EU führen.
3. **Wettbewerbsnachteil**: Die Beteiligung außereuropäischer Investoren kann zu einem Wettbewerbsnachteil für europäische Unternehmen führen, die möglicherweise nicht die gleichen Ressourcen und Möglichkeiten haben, um an Projekten teil",5.0,"Die Partei spricht von offener Investitionspolitik, verlangt aber mehr Prüfung aus Sicherheitsgründen; die generierte Antwort fordert eine stark reduzierte Beteiligung, was über das von der CDU/CSU geforderte Maß hinausgeht.",8.0,Sowohl Original als auch generierte Antwort fordern eine Beschränkung ausländischer Investoren in kritischer Infrastruktur zum Schutz der EU‑Sicherheit.,3.0,"Die SPD plädiert für eine differenzierte Prüfung ausländischer Investitionen in kritische Infrastruktur, nicht für ein generelles starkes Beschränken; die generierte Antwort fordert hingegen eine deutliche Reduktion, was deutlich stärker ist als die offizielle Position.",8.0,"The generated response mirrors the AfD’s call for limiting non‑European investors in critical infrastructure, emphasizing security, sovereignty and the risk exemplified by Nord‑Stream, matching both position and argumentation.",7.0,Beide betonen die Beschränkung außereuropäischer Investoren; die generierte Antwort fehlt jedoch die Forderung nach öffentlichen Übernahmen.
3,meta-llama/Llama-3.2-3B-Instruct,llama-3-2-3b-instruct,GRUENE,EU24::34,Der Präsident bzw. die Präsidentin der Europäischen Kommission soll von den Bürgerinnen und Bürgern direkt gewählt werden.,selection,"**Direkte Wahl des Präsidenten der Europäischen Kommission: Eine Analyse und Begründung**

Die These, dass der Präsident bzw. die Präsidentin der Europäischen Kommission von den Bürgerinnen und Bürgern direkt gewählt werden sollte, ist ein umstrittenes Thema in der europäischen Politik. Als neutraler politischer Analyst werde ich mich mit den Vor- und Nachteilen dieser Idee auseinandersetzen und eine sachliche Position formulieren.

**Argumente für eine direkte Wahl des Präsidenten der Europäischen Kommission:**

1. **Vertrauen und Repräsentation**: Eine direkte Wahl würde das Vertrauen der Bürgerinnen und Bürger in die Europäische Kommission erhöhen, da sie direkt an der Entscheidung beteiligt wären, wer den Spitzenposten innehat. Dies würde auch die Repräsentation der Interessen der europäischen Bürgerinnen und Bürger verbessern.
2. **Transparenz und Kontrolle**: Eine direkte Wahl würde die Transparenz und Kontrolle über den Entscheidungsprozess erhöhen, da die Bürgerinnen und Bürger direkt an der Wahl des Präsidenten beteiligt wären. Dies würde auch die Verantwortung des Präsidenten erhöhen, da er direkt von den Wählern gewählt und abgelehnt werden könnte.
3. **Europäische Identität**: Eine direkte Wahl würde die europäische Identität stärken, da der Präsident der Europäischen Kommission ein Symbol der europäischen Einheit und des Zusammenhalts wäre.

**Argumente gegen eine direkte Wahl des Präsidenten der Europäischen Kommission:**

1. **Komplexität des politischen Systems**: Die Europäische Union ist ein komplexes politisches System mit vielen verschiedenen Institutionen und Interessenvertretungen. Eine direkte Wahl des Präsidenten könnte zu einer Verzerrung der politischen Machtverteilung führen und die Interessen der verschiedenen Institutionen und Interessenvertretungen beeinträchtigen.
2. **Fehlende Expertise**: Der Präsident der Europäischen Kommission benötigt umfassende politische und wirtschaftliche Kenntnisse, die nicht unbedingt von den Bürgerinnen und Bürg",2.0,"Die CDU/CSU bejaht das aktuelle System der Wahl des Kommissionspräsidenten durch das Europäische Parlament; die generierte Antwort analysiert die direkte Wahl und liefert Argumente dafür, ohne die parteiinterne Position zu übernehmen.",2.0,"Die Grünen wollen, dass das direkt gewählte Europäische Parlament den Kommissionspräsidenten wählt, die generierte Antwort bleibt neutral und bezieht sich nicht auf diesen Mechanismus.",2.0,"Die SPD unterstützt das Spitzenkandidatenprinzip, lehnt jedoch eine Direktwahl ab; die generierte Antwort liefert eine neutrale Analyse ohne klare Position und weicht damit stark von der Parteiaussage ab.",3.0,"While the AfD explicitly supports direct elections to avoid back‑room deals, the generated text presents a neutral analysis with pros and cons and does not state a clear supportive stance.",3.0,"Original fordert direkte Wahl, die generierte Antwort bleibt neutral und analysiert Vor‑ und Nachteile, ohne klare Befürwortung."
3,meta-llama/Llama-3.2-3B-Instruct,llama-3-2-3b-instruct,GRUENE,EU24::36,Asylbewerberinnen und -bewerber sollen ihren Antrag vor Überschreiten der EU-Außengrenze stellen müssen und dort auf das Ergebnis warten.,selection,"**Analyse der These: Asylbewerberinnen und -bewerber sollen ihren Antrag vor Überschreiten der EU-Außengrenze stellen müssen und dort auf das Ergebnis warten.**

**Position:**

Ich teile die These, dass Asylbewerberinnen und -bewerber ihren Antrag vor Überschreiten der EU-Außengrenze stellen sollten und dort auf das Ergebnis warten. Diese Position basiert auf mehreren Argumenten, die sowohl ethische als auch praktische Überlegungen berücksichtigen.

**Argumente für die Position:**

1. **Sicherheit und Kontrolle**: Die Einhaltung der Grenzen ermöglicht es den Behörden, die Anträge auf Asyl zu prüfen und die Sicherheit der EU-Bürger zu gewährleisten. Durch die Kontrolle der Grenzen können die Behörden auch verhindern, dass gefährliche Menschenhandel und illegale Einreisen verhindert werden.
2. **Rechtliche Rahmenbedingungen**: Die EU hat ein komplexes Asylsystem, das von Land zu Land variieren kann. Durch die Einhaltung der Grenzen können die Behörden sicherstellen, dass die Anträge auf Asyl innerhalb des rechtlichen Rahmens verhandelt werden, der in der EU gilt.
3. **Wirtschaftliche Auswirkungen**: Die Einhaltung der Grenzen kann auch wirtschaftliche Auswirkungen haben. Durch die Kontrolle der Einwanderung können die Behörden verhindern, dass Arbeitskräfte ausländischer Arbeiter in die EU einreisen, die die lokale Arbeitsmarkt situation beeinträchtigen könnten.
4. **Humanitäre Aspekte**: Die Einhaltung der Grenzen ermöglicht es den Behörden, humanitäre Notfälle zu verhindern und die Bedürfnisse der Asylsuchenden zu priorisieren. Durch die Kontrolle der Grenzen können die Behörden sicherstellen, dass die Asylsuchenden in Sicherheit und Würde leben.

**Gegenargumente und Kompromisse:**

1. **Humanitäre Notfälle**: Es gibt Fälle, in denen Menschen in Notlage sind und in Eile sind, um Schutz zu suchen. In solchen Fällen sollte es eine",8.0,"Sowohl die Originalaussage als auch die generierte Antwort fordern, dass Asylverfahren in sicheren Drittstaaten außerhalb der EU durchgeführt werden – die Kernposition stimmt überein.",1.0,"Die Originalaussage betont das Recht auf Asylantrag innerhalb der EU, die generierte Antwort unterstützt die gegenteilige These, dass Anträge vor dem Grenzübertritt gestellt werden müssen.",7.0,"Beide Texte befürworten Verfahren an der EU‑Außengrenze für Asylbewerber; die generierte Antwort betont die These, während die SPD‑Stellungnahme zusätzlich humanitäre Ausnahmen und Ablehnung von Remote‑Modellen nennt, was nur teilweise in der Antwort wiedergegeben wird.",8.0,"Both advocate strict external processing of asylum claims and stronger border control; the generated answer aligns with the AfD’s emphasis on security, third‑country processing and the “Rwanda model.”",1.0,"Generierte Antwort befürwortet externe Asylverfahren, während die Originalaussage sie strikt ablehnt."
