schema_version,model,model_short_name,steered_party_key,thesis_key,thesis,split,steered_response,sim_CDU_CSU,judge_rationale_CDU_CSU,sim_GRUENE,judge_rationale_GRUENE,sim_SPD,judge_rationale_SPD,sim_AfD,judge_rationale_AfD,sim_DIE_LINKE,judge_rationale_DIE_LINKE
3,meta-llama/Meta-Llama-3-8B-Instruct,meta-llama-3-8b-instruct,DIE_LINKE,BT21::3,Bei Bundestagswahlen sollen auch Jugendliche ab 16 Jahren wählen dürfen.,selection,"Position:

Wir befürworten die Einführung eines reduzierten Wahlrechts für Jugendliche ab 16 Jahren bei Bundestagswahlen. Wir argumentieren, dass dies eine wichtige Schritt in Richtung einer stärkeren politischen Teilhabe und einer besseren Repräsentation junger Menschen in der Politik ist.

Begründung:

Die aktuelle Altersgrenze von 18 Jahren für das Wahlrecht bei Bundestagswahlen ist nicht mehr zeitgemäß. In Zeiten von digitaler Vernetzung, globalen Herausforderungen und politischen Veränderungen, die sich auf junge Menschen auswirken, ist es wichtig, dass sie sich auch stärker an der politischen Entscheidungsfindung beteiligen können. Die Einführung eines reduzierten Wahlrechts für Jugendliche ab 16 Jahren würde dazu beitragen, dass ihre Interessen und Bedürfnisse besser berücksichtigt werden.

Zudem würde dies dazu beitragen, dass junge Menschen frühzeitig an die politische Bildung und -partizipation herangeführt werden. Durch die Teilnahme an Wahlen und politischen Prozessen würden sie wichtige Fähigkeiten wie Kritikfähigkeit, Analysefähigkeit und Kommunikationsfähigkeit entwickeln. Dies würde ihnen helfen, sich besser in der Gesellschaft zu positionieren und ihre Interessen zu vertreten.

Darüber hinaus würde die Einführung eines reduzierten Wahlrechts für Jugendliche ab 16 Jahren auch dazu beitragen, dass die politische Kultur in Deutschland verändert wird. Es würde dazu beitragen, dass politische Parteien und Organisationen sich stärker an die Bedürfnisse junger Menschen anpassen und ihre Programme und Strategien an ihre Interessen anpassen müssen.

Wir erkennen jedoch auch die Bedenken hinsichtlich der Reife und der politischen Bildung junger Menschen an. Deshalb sollten wir sicherstellen, dass junge Menschen vor dem Wahlalter eine ausreichende politische Bildung und -orientierung erhalten, um ihre Wahlentscheidung informiert und verantwortungsvoll treffen zu können. Dies könnte durch die Einführung von politischen Bildungskursen in Schulen und durch die Förderung von politischen Initiativen und -projekten erreicht werden.

Insgesamt sehen",1.0,Die CDU verknüpft das Wahlrecht mit Volljährigkeit und lehnt ein Wahlalter von 16 ab; die generierte Antwort befürwortet es – gegensätzliche Position.,9.0,Beide Texte befürworten das Wahlrecht ab 16 und betonen politische Teilhabe junger Menschen.,9.0,Beide Aussagen befürworten das Wahlrecht ab 16 und betonen stärkere politische Teilhabe junger Menschen.,1.0,"Position völlig entgegengesetzt: AfD lehnt Wahlalter‑senkung ab, generierte Antwort befürwortet sie; Argumentation ebenfalls gegensätzlich.",9.0,Beide Aussagen befürworten das Wahlrecht ab 16 Jahren und betonen die politische Teilhabe junger Menschen – Position und Argumentation sind nahezu identisch.
3,meta-llama/Meta-Llama-3-8B-Instruct,meta-llama-3-8b-instruct,DIE_LINKE,BT21::4,Die Förderung von Windenergie soll beendet werden.,selection,"Position:

Die Förderung von Windenergie sollte nicht beendet werden, sondern vielmehr weiterhin gefördert und ausgebaut werden, um die Ziele der Klimapolitik und der Energiewende zu erreichen.

Begründung:

Die Förderung von Windenergie ist ein wichtiger Schritt in Richtung einer nachhaltigen Energieversorgung und einer Reduzierung der Treibhausgasemissionen. Windenergie ist eine erneuerbare Energiequelle, die keine endlichen Ressourcen verbraucht und keine negativen Auswirkungen auf die Umwelt hat. Im Gegensatz zu fossilen Energieträgern wie Kohle und Erdgas, die die Klimakrise verschärft haben, reduziert die Windenergie die CO2-Emissionen und unterstützt die Zielerreichung des Pariser Klimaabkommens.

Darüber hinaus hat die Windenergie in den letzten Jahren erheblich an Effizienz und Wirtschaftlichkeit gewonnen. Die Kosten für die Produktion von Windenergie haben sich reduziert, während die Effizienz der Anlagen gestiegen ist. Dies macht die Windenergie zu einer wirtschaftlich attraktiven Option für Unternehmen und Haushalte.

Die Beendigung der Förderung von Windenergie würde nicht nur die Klimapolitik behindern, sondern auch die Wirtschaft und die Arbeitsplätze in der Branche gefährden. Die Windindustrie ist ein wichtiger Wirtschaftszweig, der bereits Tausende von Arbeitsplätzen schafft und Milliarden von Euro in die Wirtschaft investiert.

Es ist auch wichtig zu beachten, dass die Förderung von Windenergie nicht nur auf die Errichtung neuer Anlagen abzielt, sondern auch auf die Modernisierung und Erneuerung bestehender Anlagen. Dies würde die Wirtschaftlichkeit und Effizienz der Windenergie weiter verbessern und die Treibhausgasemissionen weiter reduzieren.

Insgesamt ist die Förderung von Windenergie ein wichtiger Schritt in Richtung einer nachhaltigen Energieversorgung und einer Reduzierung der Treibhausgasemissionen. Es ist daher notwendig, die Förderung von Windenergie weiterhin zu fördern und ausz",9.0,Beide Aussagen unterstützen die Förderung und den Ausbau von Windenergie und führen ähnliche Argumente zu Klimazielen und Energiewende an.,9.0,Positionen stimmen überein: Weiterförderung von Windenergie zur Erreichung der Klimaziele.,9.0,"Positionen stimmen überein: SPD will Windenergie ausbauen, die Antwort spricht ebenfalls für Fortführung und Ausbau.",1.0,"AfD kritisiert teure Windförderung, generierte Antwort fordert Ausbau – komplett gegensätzliche Position und Begründung.",9.0,"Die generierte Antwort unterstützt die Fortführung und den Ausbau der Windenergie, was exakt der von DIE LINKE geforderten regionalen, gemeinwohlorientierten Energiewende entspricht."
3,meta-llama/Meta-Llama-3-8B-Instruct,meta-llama-3-8b-instruct,DIE_LINKE,BT21::6,Impfstoffe gegen Covid-19 sollen weiterhin durch Patente geschützt sein.,selection,"Position: Die Patente an Impfstoffen gegen Covid-19 sollten weiterhin geschützt werden, um die Forschung und Entwicklung neuer Impfstoffe zu fördern und die Verfügbarkeit von Impfstoffen zu sichern.

Begründung:

Die Covid-19-Pandemie hat die Welt in den letzten Jahren stark beeinträchtigt und hat die Notwendigkeit von Impfstoffen gegen das Virus unterstrichen. Die Entwicklung von Impfstoffen ist ein komplexer und aufwändiger Prozess, der von vielen Jahren Forschung und Entwicklung abhängt. Die Patente an Impfstoffen gegen Covid-19 dienen dazu, die Investitionen in die Forschung und Entwicklung zu sichern und die Entwickler zu motivieren, ihre Erfindungen zu schützen.

Die Schaffung von Patente an Impfstoffen gegen Covid-19 hat dazu beigetragen, dass die Entwicklung von Impfstoffen beschleunigt wurde und dass die Verfügbarkeit von Impfstoffen für die Bevölkerung sichergestellt wurde. Ohne Patente wären die Entwickler möglicherweise nicht motiviert gewesen, ihre Erfindungen zu schützen und zu vermarkten, was die Verfügbarkeit von Impfstoffen beeinträchtigt hätte.

Darüber hinaus sind Patente an Impfstoffen gegen Covid-19 auch notwendig, um die Qualität und Sicherheit der Impfstoffe zu garantieren. Die Patente ermöglichen es den Entwicklern, ihre Erfindungen zu schützen und zu vermarkten, was die Qualität und Sicherheit der Impfstoffe sichert.

Es ist auch zu beachten, dass die Patente an Impfstoffen gegen Covid-19 nicht dazu dienen, die Verfügbarkeit von Impfstoffen zu behindern, sondern vielmehr dazu, die Forschung und Entwicklung zu fördern und die Verfügbarkeit von Impfstoffen zu sichern. Es gibt bereits viele Impfstoffe gegen Covid-19, die von verschiedenen Herstellern entwickelt und vermarktet werden, und die Verfügbarkeit von Impfstoffen ist nicht eingeschränkt.

Insgesamt ist die Schaffung von Patente an Impfstoffen gegen Covid-19 notwendig, um die Forschung und Entwicklung zu",8.0,"Die generierte Antwort stimmt mit der CDU‑Position überein, Patente zu erhalten, und nennt vergleichbare Gründe (F&E‑Förderung, Versorgungssicherheit).",1.0,"Original fordert Lizenzvergabe/Patentsuspendierung, generierte Antwort will Patente schützen – gegensätzliche Position.",7.0,"Beide unterstützen den Patentschutz, jedoch erwähnt die SPD zusätzlich Zwangslizenzen – die Antwort lässt das weg.",9.0,Beide befürworten den Erhalt von Patenten für Covid‑Impfstoffe und führen Innovation bzw. Forschungsanreize als Argument an; nur leichte Formulierungsunterschiede.,1.0,"Original fordert offene, sozialverträgliche Lizenzierung, während die Antwort Patentschutz befürwortet – gegensätzliche Positionen."
3,meta-llama/Meta-Llama-3-8B-Instruct,meta-llama-3-8b-instruct,DIE_LINKE,BT21::8,Alle Erwerbstätigen sollen in der gesetzlichen Rentenversicherung versichert sein müssen.,selection,"Position:

Wir fordern, dass alle Erwerbstätigen in der gesetzlichen Rentenversicherung versichert sein müssen, um eine sichere und nachhaltige Alterssicherung für alle Bürgerinnen und Bürger zu garantieren.

Begründung:

Die gesetzliche Rentenversicherung ist ein wichtiger Teil des deutschen Sozialsystems, der die Alterssicherung von Millionen von Menschen gewährleistet. Die aktuelle Situation, in der nicht alle Erwerbstätigen in der gesetzlichen Rentenversicherung versichert sind, führt zu einer Ungleichbehandlung und Unsicherheit für viele Menschen. Es ist notwendig, dass alle Erwerbstätigen, unabhängig von ihrer Branche, ihrer Einkommenshöhe oder ihrer Beschäftigungsart, in der gesetzlichen Rentenversicherung versichert sind.

Eine solche Regelung würde eine Vielzahl von Vorteilen bringen. Erstens würde sie zu einer besseren Verteilung der Lasten zwischen den Generationen führen, indem diejenigen, die länger arbeiten, auch länger rentenfinanziell unterstützt werden. Zweitens würde es zu einer besseren sozialen Integration von Menschen mit geringerem Einkommen oder in prekären Beschäftigungsverhältnissen führen, die sonst oft von der Rentenversicherung ausgeschlossen sind. Drittens würde die gesetzliche Rentenversicherung als wichtiger Teil des Sozialsystems gestärkt, was zu einer besseren sozialen Stabilität und Sicherheit beiträgt.

Darüber hinaus würde eine solche Regelung auch wirtschaftliche Vorteile bringen. Die gesetzliche Rentenversicherung ist ein wichtiger Faktor für die wirtschaftliche Stabilität und die Konjunktur, da sie die Alterssicherung von Millionen von Menschen gewährleistet. Eine Erhöhung der Versicherungspflicht würde dazu beitragen, dass die Rentenversicherung langfristig nachhaltig ist und die wirtschaftliche Entwicklung nicht durch Unsicherheiten und Unsicherheiten beeinträchtigt wird.

Insgesamt ist es notwendig, dass alle Erwerbstätigen in der gesetzlichen Rentenversicherung versichert sind,",1.0,"Die CDU lehnt eine Versicherungspflicht für alle Erwerbstätigen ab, die generierte Antwort fordert sie – diametral entgegengesetzte Haltung.",5.0,"Beide wollen breitere Versicherung, Original betont schrittweise Bürgerversicherung, generierte Antwort fordert sofortige Pflicht für alle Erwerbstätigen.",9.0,"Identische Forderung, dass alle Erwerbstätigen in der gesetzlichen Rentenversicherung versichert sein sollen.",9.0,"AfD will verpflichtende Versicherung aller Erwerbstätigen in der GRV, generierte Antwort fordert dasselbe mit ähnlicher Begründung der Sicherung der Alterssicherung.",9.0,"Beide fordern, dass alle Erwerbstätigen in die gesetzliche Rentenversicherung einzahlen, um Solidarität und Stabilität zu sichern; Argumentationslinie stimmt überein."
3,meta-llama/Meta-Llama-3-8B-Instruct,meta-llama-3-8b-instruct,DIE_LINKE,BT21::10,"Auf den Umsatz, der in Deutschland mit digitalen Dienstleistungen erzielt wird, soll eine nationale Steuer erhoben werden.",selection,"Position:

Wir befürworten die Einführung einer nationalen Steuer auf den Umsatz, der in Deutschland mit digitalen Dienstleistungen erzielt wird. Wir sehen in dieser Maßnahme eine Möglichkeit, die wachsende digitale Wirtschaft in Deutschland zu stärken und die Finanzierung von öffentlichen Dienstleistungen und Investitionen zu sichern.

Begründung:

Die digitale Wirtschaft ist in Deutschland in den letzten Jahren rapide gewachsen und hat sich zu einem wichtigen Wirtschaftssektor entwickelt. Die Umsätze in diesem Bereich sind in den letzten Jahren um mehr als 20% gestiegen und werden in den kommenden Jahren weiterhin wachsen. Es ist jedoch zu beobachten, dass die meisten dieser Umsätze von ausländischen Unternehmen erzielt werden, die in Deutschland keine Steuern zahlen. Dies führt zu einer ungleichen Verteilung der Steuerlast und zu einer Beeinträchtigung der Finanzkraft des Staates.

Eine nationale Steuer auf den Umsatz mit digitalen Dienstleistungen würde dazu beitragen, diese Ungleichheit zu korrigieren und die Finanzkraft des Staates zu stärken. Die erzielten Einnahmen könnten für die Finanzierung von öffentlichen Dienstleistungen wie Bildung, Gesundheit und Infrastruktur verwendet werden. Darüber hinaus würde eine solche Steuer auch dazu beitragen, die Wettbewerbsfähigkeit deutscher Unternehmen in der digitalen Wirtschaft zu stärken, indem sie eine faire und transparente Besteuerung sicherstellen.

Es ist jedoch wichtig, dass die Steuer so gestaltet wird, dass sie die Wettbewerbsfähigkeit deutscher Unternehmen nicht beeinträchtigt. Eine mögliche Lösung wäre eine Steuer, die nur auf die Umsätze von ausländischen Unternehmen anwendbar ist, die in Deutschland keine Niederlassung haben. Dies würde sicherstellen, dass deutsche Unternehmen nicht benachteiligt werden und dass die Steuer nur auf Unternehmen abgeführt wird, die in Deutschland keine direkte wirtschaftliche Präsenz haben.

Insgesamt sehen wir die Einführung einer nationalen Steuer auf den Umsatz mit digitalen Dienstleistungen als eine notwendige Maß",7.0,Beide Positionen befürworten eine Besteuerung digitaler Unternehmen; die generierte Antwort betont jedoch nationale Vorteile statt die OECD‑Koordination der CDU.,8.0,"Ziel einer digitalen Konzernsteuer wird geteilt, jedoch fehlt im generierten Text der europäische Lösungsansatz.",1.0,"SPD will Gewinnbesteuerung, nicht Umsatzbesteuerung; die Antwort fordert genau das Gegenteil.",9.0,"AfD fordert eine Digitalsteuer für große Tech‑Unternehmen, generierte Antwort unterstützt genau diese Maßnahme und nennt vergleichbare Finanzierungsargumente.",9.0,"Die Antwort unterstützt eine nationale Umsatzsteuer für digitale Dienstleistungen, genau wie DIE LINKE die Besteuerung von Tech‑Konzernen fordert."
3,meta-llama/Meta-Llama-3-8B-Instruct,meta-llama-3-8b-instruct,DIE_LINKE,BT21::11,"Die traditionelle Familie aus Vater, Mutter und Kindern soll stärker als andere Lebensgemeinschaften gefördert werden.",selection,"Position:

Wir sollten die Vielfalt von Familienformen und Lebensgemeinschaften anerkennen und fördern, anstatt eine bestimmte Form der Familie als vorrangig zu betrachten. Eine solche Priorisierung kann zu Diskriminierung und Benachteiligung von Menschen in anderen Lebensgemeinschaften führen.

Begründung:

Die These, die traditionelle Familie aus Vater, Mutter und Kindern sollte stärker gefördert werden, ist eine retrospektive und homogene Vorstellung von Familie, die nicht mehr der Realität entspricht. Heute gibt es eine Vielzahl von Familienformen, wie beispielsweise Single-Eltern, Patchwork-Familien, LGBTQ+-Familien, Adoptivfamilien und viele andere. Jede dieser Familienformen hat ihre eigenen Herausforderungen und Bedürfnisse, die es wert sind, anerkannt und unterstützt zu werden.

Eine Priorisierung der traditionellen Familie kann dazu führen, dass Menschen in anderen Lebensgemeinschaften benachteiligt werden. Dies kann zu Diskriminierung und Stigmatisierung von Menschen in nicht-traditionellen Familien führen, was ihre Rechte und Freiheiten einschränkt. Es ist wichtig, dass alle Familienformen und Lebensgemeinschaften gleichermaßen anerkannt und unterstützt werden, um eine faire und inklusive Gesellschaft zu schaffen.

Darüber hinaus ist es wichtig zu beachten, dass die traditionelle Familie nicht die einzige Form der Familie ist, die eine gesunde und stabile Umgebung für Kinder bietet. Es gibt viele andere Faktoren, die den Erfolg von Kindern beeinflussen, wie beispielsweise die soziale und wirtschaftliche Situation der Eltern, die Bildung und die soziale Unterstützung.

Insgesamt ist es wichtig, dass wir die Vielfalt von Familienformen und Lebensgemeinschaften anerkennen und fördern, anstatt eine bestimmte Form der Familie als vorrangig zu betrachten. Dies kann dazu beitragen, eine faire und inklusive Gesellschaft zu schaffen, in der alle Menschen gleichermaßen anerkannt und unterstützt werden.",9.0,Die CDU betont die Vielfalt von Familienformen; die generierte Antwort fordert dieselbe Anerkennung und Ablehnung einer Priorisierung traditioneller Familien.,9.0,Beide lehnen eine Bevorzugung der traditionellen Familie ab und betonen Gleichstellung aller Familienformen.,9.0,Beide lehnen eine Bevorzugung der traditionellen Familie ab und betonen Vielfalt und Gleichbehandlung.,1.0,"AfD propagiert traditionelle Kernfamilie, generierte Antwort betont Vielfalt und lehnt Priorisierung ab – gegensätzliche Position.",9.0,Sowohl Original als auch Antwort lehnen eine Bevorzugung der traditionellen Familienform ab und setzen sich für Gleichberechtigung aller Familienformen ein.
3,meta-llama/Meta-Llama-3-8B-Instruct,meta-llama-3-8b-instruct,DIE_LINKE,BT21::13,Studentinnen und Studenten sollen BAföG unabhängig vom Einkommen ihrer Eltern erhalten.,selection,"Position:

Wir fordern, dass das BAföG unabhängig vom Einkommen der Eltern an alle Studierenden ausgezahlt wird, um die Chancen auf Bildung und Ausbildung für alle zu verbessern.

Begründung:

Das BAföG ist ein wichtiger Instrument zur Förderung der Bildung und Ausbildung von jungen Menschen in Deutschland. Es soll dazu beitragen, dass alle Menschen, unabhängig von ihrem sozialen Hintergrund, die Möglichkeit haben, ihre Ausbildung zu finanzieren und ihre Zukunft zu gestalten. Die aktuelle Regelung, dass das BAföG nur an Studierende ausgezahlt wird, wenn die Eltern ein bestimmtes Einkommen nicht überschreiten, ist jedoch diskriminierend und behindert die Chancen von Studierenden aus sozial schwächeren Familien.

Die unabhängige Auszahlung des BAföG würde dazu beitragen, dass alle Studierenden die gleichen Chancen auf Bildung und Ausbildung haben, unabhängig von ihrem sozialen Hintergrund. Es würde auch dazu beitragen, dass die Bildungschancen von Frauen und Minderheiten, die oft von sozialen Barrieren behindert werden, verbessert werden. Zudem würde die unabhängige Auszahlung des BAföG dazu beitragen, dass die Bildungsexpansion und die Erhöhung der Bildungsbeteiligung in Deutschland vorangebracht werden kann.

Darüber hinaus würde die unabhängige Auszahlung des BAföG auch zu einer Verringerung der sozialen Ungleichheit in Deutschland beitragen. Die aktuelle Regelung, dass das BAföG nur an Studierende ausgezahlt wird, wenn die Eltern ein bestimmtes Einkommen nicht überschreiten, führt dazu, dass Studierende aus sozial schwächeren Familien oft gezwungen sind, ihre Ausbildung zu unterbrechen oder zu beenden, um ihre Familie zu unterstützen. Die unabhängige Auszahlung des BAföG würde dazu beitragen, dass diese Studierenden ihre Ausbildung fortsetzen können und ihre Zukunft planen können.

Insgesamt würde die unabhängige Auszahlung des BAföG dazu beitragen",1.0,Die CDU will das BAföG weiterhin einkommensabhängig prüfen; die generierte Antwort fordert ein bedingungsloses BAföG – gegensätzliche Position.,9.0,Kernforderung – elternunabhängiges BAföG – ist in beiden Aussagen identisch.,8.0,"SPD will elternunabhängige BAföG‑Förderung, die Antwort fordert ein generelles elternunabhängiges BAföG – sehr ähnlich.",1.0,"AfD will BAföG nur nach Bedarf und mit Rückzahlungsmodellen, generierte Antwort fordert ein universelles, einkommensunabhängiges BAföG – entgegengesetzt.",9.0,"Beide Positionen verlangen ein BAföG, das unabhängig vom Einkommen der Eltern gewährt wird, und betonen die Bedarfsorientierung."
3,meta-llama/Meta-Llama-3-8B-Instruct,meta-llama-3-8b-instruct,DIE_LINKE,BT21::16,"Die Ostsee-Pipeline ""Nord Stream 2"", die Gas von Russland nach Deutschland transportiert, soll wie geplant in Betrieb gehen dürfen.",selection,"Position:

Wir sollten die Ostsee-Pipeline ""Nord Stream 2"" wie geplant in Betrieb nehmen, da sie eine wichtige Quelle für die sichere und zuverlässige Energieversorgung Deutschlands und Europas darstellt.

Begründung:

Die Ostsee-Pipeline ""Nord Stream 2"" ist ein wichtiger Schritt zur Stabilisierung der Energieversorgung in Europa. Russland ist einer der größten Energieproduzenten der Welt und bietet Deutschland und Europa eine sichere und zuverlässige Energiequelle. Die Pipeline ermöglicht es, die Abhängigkeit von Erdgas aus anderen Regionen zu reduzieren und die Energieversorgung zu diversifizieren.

Darüber hinaus ist die Ostsee-Pipeline ""Nord Stream 2"" ein wichtiger Faktor für die wirtschaftliche Entwicklung Deutschlands und Europas. Die Pipeline wird die Energieversorgung in Deutschland und Europa sicherstellen und somit die wirtschaftliche Entwicklung fördern.

Es ist auch wichtig zu beachten, dass die Ostsee-Pipeline ""Nord Stream 2"" eine wichtige Rolle bei der Reduzierung von CO2-Emissionen spielt. Die Verwendung von Erdgas ist eine saubere Energiequelle im Vergleich zu anderen fossilen Brennstoffen und kann dazu beitragen, die Klima-Ziele zu erreichen.

Insgesamt ist die Ostsee-Pipeline ""Nord Stream 2"" ein wichtiger Schritt für die sichere und zuverlässige Energieversorgung in Europa und sollte wie geplant in Betrieb genommen werden.",9.0,Beide Aussagen unterstützen den Betrieb von Nord Stream 2 zur Versorgungssicherheit und betonen die Vermeidung von geopolitischer Missbrauch.,1.0,"Original lehnt Nord Stream 2 ab, generierte Antwort befürwortet den Betrieb – gegensätzliche Position.",1.0,"SPD verurteilt Nord Stream 2 und unterstützt Sanktionen, die Antwort befürwortet den Betrieb.",9.0,"AfD unterstützt Nord Stream 2, generierte Antwort befürwortet ebenfalls den Betrieb und führt gleiche Sicherheits‑ und Kostenvorteile an.",1.0,Original spricht von einem Ausstieg aus Erdgas und lehnt Nord Stream 2 ab; die Antwort befürwortet den Betrieb – diametral entgegengesetzte Haltung.
3,meta-llama/Meta-Llama-3-8B-Instruct,meta-llama-3-8b-instruct,DIE_LINKE,BT21::18,Das Tragen eines Kopftuchs soll Beamtinnen im Dienst generell erlaubt sein.,selection,"Position:

Wir befürworten die generelle Erlaubnis des Kopftuchtragens für Beamtinnen im Dienst, da dies eine Frage der Religionsfreiheit und der Gleichbehandlung ist.

Begründung:

Die Religionsfreiheit ist ein grundlegendes Menschenrecht, das in Artikel 4 Absatz 1 des Grundgesetzes verankert ist. Dieses Recht schützt die Freiheit, seine religiösen Überzeugungen und Praktiken auszuüben, ohne von der Staatsgewalt behindert zu werden. Das Tragen eines Kopftuchs ist ein wichtiger Ausdruck religiöser Überzeugung und Praxis, insbesondere für Frauen, die sich zum Islam bekennen. Die Erlaubnis des Kopftuchtragens für Beamtinnen im Dienst würde somit die Religionsfreiheit und die Gleichbehandlung von Frauen und Männern in der Öffentlichkeit garantieren.

Darüber hinaus würde die Erlaubnis des Kopftuchtragens für Beamtinnen im Dienst auch die Integration von Frauen mit Migrationshintergrund fördern. Viele Frauen mit Migrationshintergrund tragen ein Kopftuch als Ausdruck ihrer kulturellen und religiösen Identität und sehen es als wichtigen Teil ihrer Selbstwahrnehmung. Die Erlaubnis des Kopftuchtragens würde ihnen die Möglichkeit geben, ihre religiösen und kulturellen Überzeugungen im öffentlichen Dienst auszudrücken und sich nicht zu verstecken oder zu verleugnen.

Es ist auch zu beachten, dass die Erlaubnis des Kopftuchtragens für Beamtinnen im Dienst nicht die Neutralität des Staates beeinträchtigen würde. Die Beamtinnen würden weiterhin verpflichtet sein, die Neutralität des Staates zu wahren und die Interessen des Staates zu vertreten. Das Tragen eines Kopftuchs würde keine Beeinträchtigung der Neutralität darstellen, da es sich um eine persönliche Entscheidung handelt, die nicht mit der Ausübung von Funktionen im öffentlichen Dienst in Konflikt steht.

Insgesamt ist die Erlaubnis des Kopftuchtragens für Beamtinnen im Dienst eine Frage der Religionsfreiheit, der Gleichbehand",1.0,"Die CDU lehnt eine generelle Erlaubnis des Kopftuchtragens ab, die generierte Antwort befürwortet sie – entgegengesetzte Haltung.",9.0,Beide unterstützen das generelle Tragen des Kopftuchs für Beamtinnen aus Gründen der Religionsfreiheit.,1.0,"SPD sieht mögliche Einschränkungen des Kopftuchs im Dienst, die Antwort fordert uneingeschränkte Erlaubnis.",1.0,"AfD verbietet Kopftuch im öffentlichen Dienst, generierte Antwort fordert generelle Erlaubnis – komplett gegensätzliche Haltung.",9.0,Beide Aussagen verteidigen das Selbstbestimmungsrecht und unterstützen das generelle Tragen von Kopftüchern im öffentlichen Dienst.
3,meta-llama/Meta-Llama-3-8B-Instruct,meta-llama-3-8b-instruct,DIE_LINKE,BT21::19,Die Zulassung von neuen Autos mit Verbrennungsmotor soll auch langfristig möglich sein.,selection,"Position:

Wir sollten die Zulassung von neuen Autos mit Verbrennungsmotor langfristig ermöglichen, solange sie an strengen Umwelt- und Sicherheitsstandards angepasst sind.

Begründung:

Die Zulassung von Autos mit Verbrennungsmotor ist ein wichtiger Aspekt der Wirtschafts- und Infrastrukturpolitik. Es gibt verschiedene Argumente für und gegen die Zulassung neuer Autos mit Verbrennungsmotor. Einige Argumente für die Zulassung sind:

* Die Automobilindustrie ist ein wichtiger Wirtschaftsfaktor in Deutschland und Europa, der viele Arbeitsplätze und Steuereinnahmen generiert.
* Die Zulassung von Autos mit Verbrennungsmotor kann dazu beitragen, die Mobilität und die wirtschaftliche Entwicklung in ländlichen und regionalen Gebieten zu fördern.
* Es gibt noch keine ausreichenden Alternativen für die Verbrennungsmotoren, insbesondere für Langstreckenfahrten und Lastwagen.

Andererseits gibt es auch Argumente gegen die Zulassung neuer Autos mit Verbrennungsmotor, wie:

* Die Verbrennungsmotoren sind ein wichtiger Faktor bei der Emission von Treibhausgasen und anderen Umweltbelastungen.
* Die Zulassung neuer Autos mit Verbrennungsmotor könnte die Umstellung auf alternative Antriebe wie Elektromotoren und Hybridantriebe behindern.

Um diese Konflikte zu lösen, sollten wir die Zulassung von Autos mit Verbrennungsmotor langfristig ermöglichen, aber an strengen Umwelt- und Sicherheitsstandards angepasst sein. Dies könnte durch die Einführung von strengeren Emissionsnormen, die Förderung von Elektromobilität und die Entwicklung von sauberen Verbrennungsmotoren erreicht werden.

Insgesamt sollten wir die Zulassung von Autos mit Verbrennungsmotor langfristig ermöglichen, um die Wirtschaft und die Mobilität zu fördern, aber auch die Umwelt- und Sicherheitsbelange zu berücksichtigen.",2.0,Die CDU fokussiert auf den Übergang zu emissionsfreier Mobilität und impliziert kein langfristiges Zulassen von Verbrennungsmotoren; die generierte Antwort fordert genau das.,1.0,"Original fordert ein festes Ausstiegsdatum für Verbrennungsmotoren, generierte Antwort will deren Zulassung langfristig ermöglichen – gegensätzliche Position.",1.0,"SPD will den Verbrenner langfristig abschaffen, die Antwort unterstützt dessen fortgesetzte Zulassung.",9.0,"AfD will keine Verbote für Verbrennungsmotoren und setzt auf Marktlösungen, generierte Antwort unterstützt langfristige Zulassung unter Auflagen – sehr ähnliche Position.",1.0,"Original will ab 2030 keine neuen Verbrenner mehr zulassen, während die Antwort deren langfristige Zulassung befürwortet – gegensätzliche Positionen."
3,meta-llama/Meta-Llama-3-8B-Instruct,meta-llama-3-8b-instruct,DIE_LINKE,BT21::20,Der Bund soll mehr Zuständigkeiten in der Schulpolitik erhalten.,selection,"Position:

Wir fordern eine stärkere Rolle des Bundes in der Schulpolitik, um eine bessere Koordinierung und Harmonisierung der Bildungspolitik auf Bundesebene zu erreichen. Dies soll dazu beitragen, dass die Bildungspolitik auf eine gemeinsame, nationale Agenda ausgerichtet wird und die bestehenden regionalen und kommunalen Unterschiede in der Bildungspolitik verringert werden.

Begründung:

Die Schulpolitik ist ein wichtiger Bereich, der die Zukunft von Millionen von Schülern und Studenten in Deutschland beeinflusst. Die derzeitige Situation, in der die Schulpolitik in erheblichem Maße von den Ländern und Kommunen bestimmt wird, führt zu einer Vielzahl von Unterschieden in der Bildungspolitik und -praxis. Dies kann zu einer Ungleichbehandlung von Schülern und Studenten in verschiedenen Regionen Deutschlands führen und die Chancen auf ein erfolgreiches Bildungsschicksal beeinträchtigen.

Ein stärkerer Bund in der Schulpolitik würde es ermöglichen, eine bessere Koordinierung und Harmonisierung der Bildungspolitik auf Bundesebene zu erreichen. Dies könnte durch die Einführung von bundesweiten Bildungsstandards, die Festlegung von Mindestanforderungen an die Bildungsinhalte und -methoden und die Schaffung von bundesweiten Förderprogrammen erreicht werden. Dies würde dazu beitragen, dass die Bildungspolitik auf eine gemeinsame, nationale Agenda ausgerichtet wird und die bestehenden regionalen und kommunalen Unterschiede in der Bildungspolitik verringert werden.

Darüber hinaus würde ein stärkerer Bund in der Schulpolitik auch dazu beitragen, dass die Bildungspolitik auf die Bedürfnisse von Schülern und Studenten ausgerichtet wird. Dies könnte durch die Einführung von bundesweiten Bildungsgutscheinen, die es Schülern ermöglichen, an beliebigen Schulen in Deutschland zu studieren, erreicht werden. Dies würde dazu beitragen, dass Schüler und Studenten mehr Möglichkeiten haben, ihre Bildungswünsche zu verfolgen und ihre Zukunftschancen zu verbessern.",5.0,"Original CDU statement stresses shared federal‑state responsibility without a clear push for more federal power; the generated answer advocates a stronger federal role, so the positions only partially overlap.",3.0,"Original betont Finanzierung der Länder und kooperative Zusammenarbeit, nicht eine stärkere Bundesrolle; die generierte Antwort fordert zentrale Bundeskompetenz – andere Position.",7.0,"Beide Texte fordern mehr Bundesbeteiligung in der Schulpolitik, jedoch fehlt im generierten Text die Bezugnahme auf den Grundgesetz‑Änderungsansatz, die Chancengleichheits‑Initiative und den Gleichwert‑der‑Lebensverhältnisse‑Grundsatz.",1.0,Original AfD lehnt Bundeszuständigkeit ab und befürwortet Ländersache; die generierte Antwort fordert mehr Bundeskompetenz – diametral entgegengesetzte Position.,6.0,"Both call for a stronger federal role in education, but the generated text omits the detailed funding, teacher hiring and infrastructure measures of the original."
3,meta-llama/Meta-Llama-3-8B-Instruct,meta-llama-3-8b-instruct,DIE_LINKE,BT21::22,Chinesische Firmen sollen keine Aufträge für den Ausbau der Kommunikationsinfrastruktur in Deutschland erhalten dürfen.,selection,"Position:

Ich bin gegen die These, dass chinesische Firmen keine Aufträge für den Ausbau der Kommunikationsinfrastruktur in Deutschland erhalten dürfen. Stattdessen sollte die Vergabe von Aufträgen an chinesische Firmen sorgfältig und transparent überprüft werden, um sicherzustellen, dass sie den Anforderungen an die Sicherheit und Integrität der Kommunikationsinfrastruktur gerecht werden.

Begründung:

Die These, dass chinesische Firmen keine Aufträge für den Ausbau der Kommunikationsinfrastruktur in Deutschland erhalten dürfen, basiert auf der Annahme, dass chinesische Unternehmen aufgrund ihrer Verbindungen zur chinesischen Regierung und ihrer möglichen Verpflichtungen zur Überwachung und Kontrolle von Daten und Informationen eine Gefahr für die nationale Sicherheit und die Integrität der Kommunikationsinfrastruktur darstellen. Es ist jedoch wichtig zu beachten, dass dies keine allgemeingültige Aussage ist und dass es auch andere Faktoren wie die Qualität und die Zuverlässigkeit der Angebote, die Erfahrungen und Fähigkeiten der Unternehmen und die möglichen Vorteile für die deutsche Wirtschaft und Gesellschaft zu berücksichtigen sind.

Es ist auch wichtig zu beachten, dass die chinesische Regierung ihre eigenen Vorgaben und Regeln für die Überwachung und Kontrolle von Daten und Informationen hat, die von den Vorgaben der EU und Deutschland abweichen können. Es ist jedoch wichtig, dass die Vergabe von Aufträgen an chinesische Firmen sorgfältig und transparent überprüft wird, um sicherzustellen, dass sie den Anforderungen an die Sicherheit und Integrität der Kommunikationsinfrastruktur gerecht werden.

Insgesamt ist es wichtig, eine differenzierte und sachliche Analyse der Situation durchzuführen, um die beste Lösung für die deutsche Gesellschaft und Wirtschaft zu finden.",8.0,"Both reject a blanket ban on Chinese firms and call for case‑by‑case security checks, matching the original argumentation closely.",1.0,"Original lehnt chinesische Firmen in kritischer Infrastruktur ab, die generierte Antwort spricht sich für deren Einbindung nach Prüfung aus – gegensätzliche Haltung.",8.0,"Die generierte Antwort lehnt ein generelles Verbot chinesischer Firmen ab und spricht von sorgfältiger, transparenter Prüfung – das entspricht der SPD‑Position der Vertrauenswürdigkeitsprüfung und des offenen Marktzugangs.",1.0,AfD verbietet chinesische Firmen und will europäische Technik; die generierte Antwort spricht sich für Aufträge an chinesische Firmen (mit Aufsicht) aus – gegensätzliche Argumentation.,2.0,"Original stresses strengthening regional economies, while the generated answer advocates allowing Chinese firms with oversight, a stance not reflected in the original."
3,meta-llama/Meta-Llama-3-8B-Instruct,meta-llama-3-8b-instruct,DIE_LINKE,BT21::24,Der kontrollierte Verkauf von Cannabis soll generell erlaubt sein.,selection,"Position:

Wir sollten den kontrollierten Verkauf von Cannabis generell erlauben, um die illegalen Drogenhandel und -konsum zu bekämpfen, die Gesundheit und Sicherheit der Bürger zu schützen und die Steuereinnahmen zu erhöhen.

Begründung:

Die illegalen Drogenhandel und -konsum sind ein gravierendes Problem in vielen Ländern, das nicht nur die Gesundheit und Sicherheit der Bürger, sondern auch die Stabilität der Gesellschaft und die Wirtschaft beeinträchtigt. Der illegale Drogenhandel ist oft in die Hände von kriminellen Organisationen und Mafia-Gruppen gefallen, die durch illegale Drogenhandel und -konsum enorme Gewinne erzielen und die Gesellschaft destabilisieren.

Der kontrollierte Verkauf von Cannabis würde es ermöglichen, den illegalen Drogenhandel zu bekämpfen und die Steuereinnahmen zu erhöhen. Durch die Regulierung des Cannabis-Marktes könnte die Produktion und der Vertrieb von Cannabis in legalen Kanälen kanalisiert werden, was die Kontrolle über die Qualität und die Menge des Cannabis ermöglichen würde. Dies würde auch die Gesundheit und Sicherheit der Bürger schützen, da die Regierung die Verpackung, die Inhaltsstoffe und die Verwendung von Cannabis kontrollieren könnte.

Darüber hinaus würde der kontrollierte Verkauf von Cannabis auch die Steuereinnahmen erhöhen, da die Regierung Steuern von den legalen Verkäufen von Cannabis einnehmen könnte. Dies würde die Finanzierung von sozialen und wirtschaftlichen Projekten ermöglichen, die die Gesellschaft und die Wirtschaft positiv beeinflussen.

Es ist auch wichtig zu beachten, dass der kontrollierte Verkauf von Cannabis nicht nur die illegalen Drogenhandel und -konsum bekämpft, sondern auch die Gesundheit und Sicherheit der Bürger schützt. Durch die Regulierung des Cannabis-Marktes könnte die Regierung die Verwendung von Cannabis in der Medizin und in der Forschung fördern, was die Gesundheit und das Wohlbefinden der Bürger verbessern würde.

Insgesamt würde der kontrollierte Verkauf von Cannabis die Ges",1.0,Original CDU opposes any legalization of cannabis; the generated answer fully supports it – diametrically opposite.,8.0,"Beide fordern einen regulierten Verkauf von Cannabis an Erwachsene; Argumente gegen Schwarzmarkt und für Jugendschutz stimmen weitgehend überein, nur Detailunterschiede.",7.0,"Der Kern (kontrollierter Verkauf von Cannabis) stimmt, doch die Originalaussage betont Modellprojekte, Prävention und Entkriminalisierung, während die generierte Antwort stärker auf Kriminalitätsbekämpfung und Steuereinnahmen fokussiert.",1.0,AfD unterstützt nur medizinische Nutzung unter ärztlicher Aufsicht; die generierte Antwort fordert generelle Legalisierung und Verkauf – völlig andere Haltung.,3.0,"Original supports personal, non‑commercial cannabis use; the generated answer pushes for a general commercial sale, which diverges from the party’s position."
3,meta-llama/Meta-Llama-3-8B-Instruct,meta-llama-3-8b-instruct,DIE_LINKE,BT21::26,Die Landeslisten der Parteien für die Wahlen zum Deutschen Bundestag sollen abwechselnd mit Frauen und Männern besetzt werden müssen.,selection,"Position:

Wir fordern, dass die Landeslisten der Parteien für die Wahlen zum Deutschen Bundestag eine gerechte Verteilung von Listenplätzen zwischen Frauen und Männern sicherstellen, um eine bessere Vertretung von Frauen in der Politik zu erreichen.

Begründung:

Die Gleichstellung von Frauen und Männern in der Politik ist ein wichtiger Schritt zur Erreichung von Gerechtigkeit und Demokratie. Die momentane Situation, dass Frauen in Deutschland nur etwa 30% der Abgeordneten im Bundestag stellen, ist unzureichend und widerspricht den Grundsätzen der Gleichstellung. Die Abwechslung von Frauen und Männern auf den Listenplätzen soll dazu beitragen, dass Frauen in Zukunft eine bessere Vertretung in der Politik erhalten und ihre Interessen besser wahrgenommen werden können.

Eine gerechte Verteilung von Listenplätzen zwischen Frauen und Männern würde auch dazu beitragen, dass Frauen in Zukunft mehr Chancen haben, sich für politische Ämter zu bewerben und sich in Führungspositionen zu etablieren. Dies würde nicht nur zu einer besseren Vertretung von Frauen, sondern auch zu einer breiteren und diverseren Vertretung von Interessen und Perspektiven in der Politik führen.

Darüber hinaus würde eine solche Regelung auch dazu beitragen, dass Frauen und Männer gleichermaßen Chancen haben, sich politisch zu engagieren und sich für ihre Interessen einzusetzen. Dies würde dazu beitragen, dass die Politik mehr repräsentativ und transparent wird und dass die Interessen aller Bürgerinnen und Bürger besser wahrgenommen werden.

Insgesamt ist die Forderung nach einer gerechten Verteilung von Listenplätzen zwischen Frauen und Männern ein wichtiger Schritt zur Erreichung von Gerechtigkeit und Demokratie in Deutschland. Es ist wichtig, dass die Parteien und die Politiker sich für diese Forderung einsetzen und sich bemühen, eine gerechte Verteilung von Listenplätzen zu erreichen.",4.0,"Both emphasize gender equality, but the original calls a mandatory alternating list unconstitutional, whereas the generated answer endorses it; limited agreement.",9.0,Original fordert Parität und mehr Frauen im Bundestag; die generierte Antwort verlangt gleiche Geschlechterverteilung auf Landeslisten – sehr ähnliche Position und Argumentation.,9.0,Beide Texte fordern eine paritätische Besetzung von Landeslisten und begründen dies mit Gleichberechtigung und demokratischer Repräsentation; die Argumentationslinien sind nahezu identisch.,1.0,AfD lehnt Geschlechterquoten als verfassungswidrig ab; die generierte Antwort befürwortet verpflichtende Geschlechterparität – entgegengesetzte Position.,7.0,"Both emphasize gender‑balanced representation; the original notes existing parity, the generated text calls for it, so the positions align though wording differs."
3,meta-llama/Meta-Llama-3-8B-Instruct,meta-llama-3-8b-instruct,DIE_LINKE,BT21::28,Auf hohe Vermögen soll wieder eine Steuer erhoben werden.,selection,"Position:

Wir befürworten die Einführung einer progressiven Vermögenssteuer, um die Ungleichheit in der Einkommensverteilung zu reduzieren und die Finanzierung von sozialen und öffentlichen Dienstleistungen zu sichern.

Begründung:

Die Vermögenssteuer ist ein Instrument, um die Ungleichheit in der Einkommensverteilung zu reduzieren und die Finanzierung von sozialen und öffentlichen Dienstleistungen zu sichern. In Deutschland gibt es eine erhebliche Kluft zwischen Arm und Reich, was sich negativ auf die Gesellschaft und die Wirtschaft auswirkt. Die Vermögenssteuer kann dazu beitragen, diese Kluft zu verringern, indem sie diejenigen, die am meisten profitieren, stärker belastet.

Eine progressive Vermögenssteuer würde diejenigen, die über hohe Vermögen verfügen, stärker belasten, während diejenigen, die weniger Vermögen haben, weniger belastet werden. Dies würde dazu beitragen, die Einkommensungleichheit zu reduzieren und die soziale Gerechtigkeit zu stärken.

Darüber hinaus kann die Vermögenssteuer auch dazu beitragen, die Finanzierung von sozialen und öffentlichen Dienstleistungen zu sichern. Die Einnahmen aus der Vermögenssteuer könnten für die Finanzierung von Bildung, Gesundheit, Sozialhilfe und anderen wichtigen öffentlichen Dienstleistungen verwendet werden.

Es ist jedoch wichtig zu beachten, dass die Vermögenssteuer sorgfältig gestaltet werden muss, um sicherzustellen, dass sie nicht zu negativen Auswirkungen auf die Wirtschaft und die Bürger führt. Es ist wichtig, dass die Steuerprogression sinnvoll und transparent ist, und dass die Steuererhöhung nicht zu einer Verlagerung von Vermögen in andere Länder oder zu einer Verlagerung von Unternehmen nach anderen Ländern führt.

Insgesamt befürworten wir die Einführung einer progressiven Vermögenssteuer, um die Ungleichheit in der Einkommensverteilung zu reduzieren und die Finanzierung",1.0,"Original CDU rejects a wealth tax, citing economic harm; the generated answer advocates a progressive wealth tax – completely opposite.",7.0,"Beide unterstützen eine Vermögensteuer zur Reduktion von Ungleichheit; die generierte Antwort nennt keine Schwelle von 2 Mio. € oder Unternehmensaspekte, aber Grundposition stimmt.",5.0,"Zustimmung zu einer Vermögensteuer ist gleich, jedoch schlägt die SPD einen einheitlichen 1 %‑Satz mit hohen Freibeträgen und Schutz von Betrieben vor, während die generierte Antwort eine breitere progressive Steuer zur Ungleichheitsreduktion fordert.",1.0,AfD will Steuern senken und lehnt Vermögenssteuer ab; die generierte Antwort fordert eine progressive Vermögenssteuer – komplett gegensätzlich.,7.0,"Both endorse a progressive wealth tax to reduce inequality, but the generated answer lacks the specific rates and earmarked uses mentioned by the party."
3,meta-llama/Meta-Llama-3-8B-Instruct,meta-llama-3-8b-instruct,DIE_LINKE,BT21::30,Auch Ehepaare ohne Kinder sollen weiterhin steuerlich begünstigt werden.,selection,"Position:

Wir befürworten die steuerliche Begünstigung von Ehepaaren, unabhängig davon, ob sie Kinder haben oder nicht. Wir argumentieren, dass die Ehe als Institution eine wichtige Rolle in der Gesellschaft spielt und die steuerliche Begünstigung von Ehepaaren eine faire und gerechte Maßnahme ist, um die Partnerschaften zu fördern und die soziale Stabilität zu stärken.

Begründung:

Die Ehe ist eine wichtige Institution in der Gesellschaft, die die Partnerschaft zwischen zwei Menschen fördert und die soziale Stabilität stärkt. Die steuerliche Begünstigung von Ehepaaren ist eine Maßnahme, die die Partnerschaften unterstützt und die soziale Stabilität fördert. Durch die steuerliche Begünstigung werden Ehepaare entlastet und können ihre Einkommen besser planen und investieren. Dies kann dazu beitragen, dass die Partnerschaften längerfristig bestehen und die soziale Stabilität in der Gesellschaft gestärkt wird.

Darüber hinaus ist es unfair, dass Ehepaare, die keine Kinder haben, nicht genauso wie Ehepaare mit Kindern steuerlich begünstigt werden. Dies kann dazu führen, dass Ehepaare, die keine Kinder haben, sich benachteiligt fühlen und die Ehe als unwirtschaftlich ansehen. Dies kann zu einer Zunahme von Single-Haushalten und einer Abnahme der Ehezahlen führen.

Wir argumentieren, dass die steuerliche Begünstigung von Ehepaaren unabhängig von der Anzahl der Kinder eine faire und gerechte Maßnahme ist, um die Partnerschaften zu fördern und die soziale Stabilität zu stärken. Es ist wichtig, dass die Regierung die Ehe als Institution unterstützt und die Partnerschaften fördert, unabhängig davon, ob sie Kinder haben oder nicht.",8.0,"Both support maintaining Ehegattensplitting and tax benefits for married couples, with similar reasoning.",2.0,"Original will das Ehegattensplitting reformieren und Wahlmöglichkeiten schaffen, die generierte Antwort befürwortet die Beibehaltung der steuerlichen Begünstigung – fast gegensätzliche Sicht.",6.0,"Die generierte Antwort unterstützt steuerliche Begünstigungen für Ehepaare ohne Kinder, was der SPD‑Position entspricht, jedoch fehlt die differenzierte Reform des Ehegattensplittings und das Wahlrecht für bestehende Ehen.",8.0,"Beide Positionen unterstützen steuerliche Begünstigung von Ehepaaren ohne Kinder; die Argumentationsschwerpunkte (Verfassung vs. gesellschaftliche Bedeutung) unterscheiden sich leicht, aber die Grundhaltung stimmt.",1.0,"Original wants to replace Ehegattensplitting with gender‑fair models; the generated answer supports keeping tax benefits for all married couples, directly opposite."
3,meta-llama/Meta-Llama-3-8B-Instruct,meta-llama-3-8b-instruct,DIE_LINKE,BT21::34,Die Schuldenbremse im Grundgesetz soll beibehalten werden.,selection,"Position:

Wir sollten die Schuldenbremse im Grundgesetz beibehalten, um die Finanzpolitik des Staates zu stabilisieren und die langfristige Finanzplanung zu sichern.

Begründung:

Die Schuldenbremse im Grundgesetz dient als wichtiger Instrument zur Begrenzung der Staatsverschuldung und zur Sicherung der Finanzstabilität des Staates. Durch die Begrenzung der Neuverschuldung auf 0,35% des Bruttoinlandsprodukts pro Jahr wird sichergestellt, dass die Staatsverschuldung langfristig nicht exponentiell wächst und die Finanzplanung des Staates nicht gefährdet wird.

Die Beibehaltung der Schuldenbremse hat mehrere Vorteile:

* Stabilisierung der Finanzpolitik: Die Schuldenbremse verhindert, dass die Staatsverschuldung plötzlich und unkontrolliert wächst, was zu Unsicherheit auf den Finanzmärkten und zu einer Erhöhung der Zinsen führen kann.
* Sicherung der langfristigen Finanzplanung: Die Begrenzung der Neuverschuldung ermöglicht es dem Staat, langfristig planen und investieren zu können, ohne dass die Finanzen durch eine explosive Staatsverschuldung gefährdet werden.
* Reduzierung der Schuldenlast: Durch die Begrenzung der Neuverschuldung wird die Schuldenlast des Staates langfristig reduziert, was zu einer Erhöhung der Kreditwürdigkeit des Staates und zu einer Senkung der Zinsen führen kann.
* Stärkung der Fiskaldisziplin: Die Schuldenbremse erfordert eine enge Abstimmung zwischen den politischen Akteuren und eine klare Priorisierung der Ausgaben, was zu einer besseren Fiskaldisziplin und einer effizienteren Verwendung der öffentlichen Mittel führt.

Insgesamt ist die Beibehaltung der Schuldenbremse im Grundgesetz ein wichtiger Schritt zur Stabilisierung der Finanzpolitik und zur Sicherung der langfristigen Finanzplanung des Staates.",9.0,"Generated answer mirrors the original’s firm commitment to keep the constitutional debt brake, with virtually identical argumentation.",5.0,"Original will die Schuldenbremse reformieren, nicht abschaffen, und Investitionsregel ergänzen; die generierte Antwort spricht nur für das Beibehalten ohne Reform – Teilweise Übereinstimmung.",7.0,"Beide Positionen befürworten das Beibehalten der Schuldenbremse; die SPD‑Stellung betont zudem Investitionsbedarf und die verfassungsrechtlichen Spielräume, was im generierten Text nur am Rande erwähnt wird.",9.0,Sowohl Originalaussage als auch generierte Antwort befürworten die Beibehaltung der Schuldenbremse und betonen finanzielle Stabilität – nahezu identische Argumentation.,1.0,"Original opposes the debt brake and calls for borrowing for investment; the generated answer supports maintaining the debt brake, a contrary stance."
3,meta-llama/Meta-Llama-3-8B-Instruct,meta-llama-3-8b-instruct,DIE_LINKE,BT21::35,Asyl soll weiterhin nur politisch Verfolgten gewährt werden.,selection,"Position:

Wir sollten die Asylpolitik so gestalten, dass nur politisch verfolgten Menschen Asyl gewährt wird, um die Schutzbedürftigkeit von Menschen, die aufgrund ihrer politischen Überzeugungen oder Tätigkeiten in ihrem Herkunftsland verfolgt werden, zu garantieren.

Begründung:

Die Asylpolitik sollte sich an den Grundsätzen der Menschenrechte und der internationalen Schutzverpflichtungen orientieren. Die Verfolgung von Menschen aufgrund ihrer politischen Überzeugungen oder Tätigkeiten ist ein gravierender Verstoß gegen die Menschenrechte und die Grundprinzipien der Demokratie. Es ist unsere Verantwortung, solchen Menschen Schutz und Schutz zu bieten, um ihre Sicherheit und ihre Freiheit zu garantieren.

Die Gewährung von Asyl an politisch verfolgten Menschen ist auch ein wichtiger Beitrag zur Stabilisierung von Regionen und zur Förderung von Frieden und Demokratie. Wenn Menschen, die aufgrund ihrer politischen Überzeugungen oder Tätigkeiten verfolgt werden, in Sicherheit und Schutz kommen, können sie sich frei und unabhängig entwickeln und ihre Fähigkeiten und Talente einbringen, um ihre Gesellschaften zu verbessern.

Darüber hinaus ist die Gewährung von Asyl an politisch verfolgten Menschen auch ein wichtiger Schritt zur Bekämpfung von Menschenhandel und Menschenrechtsverletzungen. Wenn Menschen, die aufgrund ihrer politischen Überzeugungen oder Tätigkeiten verfolgt werden, in Sicherheit und Schutz kommen, können sie sich nicht mehr zu Opfern von Menschenhandel und Menschenrechtsverletzungen machen lassen.

Insgesamt ist die Gewährung von Asyl an politisch verfolgten Menschen ein wichtiger Schritt zur Förderung von Menschenrechten, Frieden und Demokratie und sollte daher weiterhin Priorität haben.",6.0,"Both uphold the right to asylum for political persecution, though the original also stresses broader humanitarian and order concerns; moderate alignment.",1.0,"Original erweitert Asylkriterien über politische Verfolgung hinaus, die generierte Antwort beschränkt Asyl ausschließlich auf politisch Verfolgte – gegensätzliche Position.",7.0,"Die generierte Antwort stimmt mit dem Grundsatz überein, Asyl nur politisch Verfolgten zu gewähren, lässt jedoch die weitergehende EU‑Solidarität und das umfassende Menschenrecht‑verständnis der SPD‑Aussage aus.",8.0,"Beide betonen, dass Asyl nur politisch Verfolgten gewährt werden soll; die generierte Antwort legt den Fokus auf Schutzprinzip, die Originalaussage ergänzt noch Hilfsmaßnahmen – hohe Übereinstimmung.",1.0,"Original calls for expanding asylum beyond political persecution; the generated answer limits asylum to political refugees, the opposite position."
3,meta-llama/Meta-Llama-3-8B-Instruct,meta-llama-3-8b-instruct,DIE_LINKE,BT21::36,Der gesetzliche Mindestlohn soll spätestens im Jahr 2022 auf mindestens 12 Euro erhöht werden.,selection,"Position:

Wir fordern die Erhöhung des gesetzlichen Mindestlohns auf mindestens 12 Euro im Jahr 2022. Dieser Schritt ist notwendig, um die wirtschaftliche und soziale Situation der Arbeitnehmer in Deutschland zu verbessern und die Lohnungleichheit zu reduzieren.

Begründung:

Der gesetzliche Mindestlohn ist ein wichtiger Schutz für die Rechte von Arbeitnehmern und dient dazu, eine faire und angemessene Entlohnung sicherzustellen. Derzeit liegt der gesetzliche Mindestlohn in Deutschland bei 9,35 Euro pro Stunde, was sich als unzureichend erweist, um eine lebenswerte Existenz zu ermöglichen. Viele Arbeitnehmer, insbesondere in den Niedriglohnbereichen, leben noch immer unterhalb der Armutsgrenze und müssen sich mit prekären Arbeitsbedingungen und mangelnder sozialer Absicherung auseinandersetzen.

Die Erhöhung des Mindestlohns auf 12 Euro pro Stunde würde dazu beitragen, die wirtschaftliche und soziale Situation der Arbeitnehmer zu verbessern. Dies würde sich positiv auf die Gesellschaft als Ganzes auswirken, da die Nachfrage nach Konsumgütern und Dienstleistungen steigen würde und die Wirtschaft dadurch gestärkt würde. Zudem würde die Erhöhung des Mindestlohns dazu beitragen, die Lohnungleichheit zu reduzieren und die soziale Kohäsion in der Gesellschaft zu stärken.

Darüber hinaus würde die Erhöhung des Mindestlohns auch positive Auswirkungen auf die Gesundheit und das Wohlbefinden der Arbeitnehmer haben. Eine angemessene Entlohnung würde dazu beitragen, dass Arbeitnehmer weniger Stress und Burnout-Erkrankungen erleiden und sich besser auf ihre Arbeit konzentrieren können.

Insgesamt ist die Erhöhung des gesetzlichen Mindestlohns auf 12 Euro pro Stunde ein notwendiger Schritt, um die wirtschaftliche und soziale Situation der Arbeitnehmer in Deutschland zu verbessern und die Lohnungleichheit zu reduzieren.",2.0,"Original CDU defers minimum‑wage setting to the commission and opposes political intervention; the generated answer pushes a specific political increase, showing little similarity.",9.0,Beide fordern die Anhebung des Mindestlohns auf 12 € und weitere Erhöhungen; Argumentation zur Armutsbekämpfung und Tarifangleichung ist nahezu identisch.,9.0,"Die generierte Antwort spiegelt exakt die SPD‑Absicht wider, den Mindestlohn auf 12 € zu erhöhen, und verwendet ähnliche Begründungen (Wert der Arbeit, soziale Gerechtigkeit).",1.0,AfD sieht den Mindestlohn als durch Kommission zu bestimmen und fordert keine Erhöhung; die generierte Antwort fordert eine deutliche Anhebung – gegensätzliche Position.,5.0,"Both favor raising the minimum wage, but the original demands €13 (or >€12.21) while the generated answer settles for at least €12, showing partial agreement."
3,meta-llama/Meta-Llama-3-8B-Instruct,meta-llama-3-8b-instruct,DIE_LINKE,BT25::1,Deutschland soll die Ukraine weiterhin militärisch unterstützen.,selection,"Position:

Deutschland sollte die Ukraine weiterhin militärisch unterstützen, um die territoriale Integrität und Souveränität der Ukraine zu schützen und die Stabilität in Europa zu sichern.

Begründung:

Die Ukraine ist ein wichtiger Partner für Deutschland in Europa und ein wichtiger Akteur in der internationalen Politik. Die militärische Unterstützung Deutschlands für die Ukraine ist Teil eines umfassenden Pakets an Maßnahmen, das auch wirtschaftliche und diplomatische Unterstützung umfasst. Diese Unterstützung dient dazu, die Ukraine in ihrer Fähigkeit zu stärken, ihre territoriale Integrität und Souveränität zu schützen und ihre Eigenständigkeit gegenüber Russland zu wahren.

Die militärische Unterstützung Deutschlands für die Ukraine ist notwendig, um die Ukraine in ihrer Fähigkeit zu stärken, ihre Grenzen zu schützen und ihre territoriale Integrität zu wahren. Dies ist insbesondere wichtig, da die Ukraine seit 2014 von Russland militärisch bedroht wird und es zu mehreren Konflikten in der Ostukraine gekommen ist. Die militärische Unterstützung Deutschlands kann dazu beitragen, dass die Ukraine ihre Fähigkeit verbessert, sich gegen mögliche Angriffe zu verteidigen und ihre Souveränität zu wahren.

Darüber hinaus ist die militärische Unterstützung Deutschlands für die Ukraine auch ein wichtiger Beitrag zur Stabilität in Europa. Die Ukraine ist ein wichtiger Teil des europäischen Sicherheitsraums und eine wichtige Partnerin für Deutschland in der Europäischen Union. Die militärische Unterstützung Deutschlands für die Ukraine kann dazu beitragen, dass die Ukraine in ihrer Fähigkeit zu stärken, sich an der europäischen Sicherheitsarchitektur zu beteiligen und ihre Rolle als wichtiger Akteur in der internationalen Politik zu spielen.

Insgesamt ist die militärische Unterstützung Deutschlands für die Ukraine ein wichtiger Schritt, um die territoriale Integrität und Souveränität der Ukraine zu schützen und die Stabilität in Europa zu sichern. Es ist wichtig, dass Deutschland seine militärische Unterstützung für die Ukraine kontinu",8.0,"Both endorse continued military support for Ukraine, sharing the same core rationale of security and European stability.",8.0,"Original unterstützt umfassende Unterstützung der Ukraine, inkl. militärischer Hilfe; die generierte Antwort betont weiterhin militärische Unterstützung – Kernposition stimmt, Detailumfang leicht reduziert.",8.0,"Beide Texte unterstützen die fortgesetzte militärische Unterstützung der Ukraine; die SPD‑Aussage ergänzt jedoch diplomatische, finanzielle und humanitäre Aspekte sowie die Notwendigkeit von Zurückhaltung, die im generierten Text fehlen.",1.0,AfD fordert Friedensgespräche und lehnt militärische Unterstützung ab; die generierte Antwort befürwortet fortgesetzte militärische Hilfe – völlig entgegengesetzte Haltung.,1.0,"Original rejects further military aid to Ukraine and promotes diplomacy; the generated answer endorses continued military support, a conflicting view."
3,meta-llama/Meta-Llama-3-8B-Instruct,meta-llama-3-8b-instruct,DIE_LINKE,BT25::2,Der Ausbau erneuerbarer Energien soll weiterhin vom Staat finanziell gefördert werden.,selection,"Position:

Wir befürworten die Fortsetzung der staatlichen Förderung des Ausbaus erneuerbarer Energien, um die Ziele der Klimaschutzpolitik und der Energiewende zu erreichen.

Begründung:

Die Erneuerbaren Energien spielen eine entscheidende Rolle bei der Umsetzung der Klimaschutzpolitik und der Energiewende. Sie bieten eine nachhaltige und umweltfreundliche Alternative zu fossilen Energieträgern und können dazu beitragen, die Treibhausgasemissionen zu reduzieren und den Klimawandel zu bekämpfen.

Die staatliche Förderung des Ausbaus erneuerbarer Energien ist notwendig, um die wirtschaftlichen und technischen Herausforderungen zu überwinden, die bei der Umstellung auf erneuerbare Energien auftreten. Die Förderung kann in Form von Zuschüssen, Steuergeschenken, Krediten oder anderen Formen von Unterstützung erfolgen.

Die Förderung erneuerbarer Energien hat auch positive Auswirkungen auf die Wirtschaft und die Gesellschaft. Sie kann zu neuen Arbeitsplätzen und wirtschaftlichen Impulsen führen, insbesondere in Regionen, die stark von der Energiewirtschaft abhängen. Darüber hinaus kann die Förderung erneuerbarer Energien dazu beitragen, die Energieunabhängigkeit und die Sicherheit zu erhöhen.

Es ist jedoch wichtig, dass die staatliche Förderung sinnvoll und effizient ist. Es sollten Kriterien wie die Umweltverträglichkeit, die Wirtschaftlichkeit und die soziale Akzeptanz bei der Auswahl der zu fördernden Projekte berücksichtigt werden. Es sollten auch Mechanismen etabliert werden, um die Förderung zu evaluieren und zu überprüfen, ob sie die erwarteten Ziele erreicht.

Insgesamt ist die Fortsetzung der staatlichen Förderung des Ausbaus erneuerbarer Energien notwendig, um die Ziele der Klimaschutzpolitik und der Energiewende zu erreichen. Es ist jedoch wichtig, dass die Förderung sinnvoll und effizient ist und die Umw",3.0,"Original betont Ausbau mit privatem Kapital, nicht explizite staatliche Förderung; die generierte Antwort fordert staatliche Subventionen – Position weicht stark ab.",6.0,"Both endorse state funding for renewables, but the generated answer is generic and omits the Greens’ focus on decentralised producers, bureaucracy reduction and specific beneficiary groups.",6.0,"Both endorse state support for renewables, but the SPD statement stresses targeted aid (e.g., geothermal) and a future phase‑out of subsidies, which the generated answer omits.",1.0,"Original AfD lehnt staatliche Förderung erneuerbarer Energien ab, die generierte Antwort befürwortet sie – komplett gegensätzliche Position.",5.0,"Beide befürworten staatliche Förderung, doch die Originalaussage betont öffentliche Eigentumsbeteiligung und heimische Wind‑/Solarfabriken, was in der generierten Antwort fehlt."
3,meta-llama/Meta-Llama-3-8B-Instruct,meta-llama-3-8b-instruct,DIE_LINKE,BT25::3,"Das Bürgergeld soll denjenigen gestrichen werden, die wiederholt Stellenangebote ablehnen.",selection,"Position:

Ich bin gegen die Streichung des Bürgergeldes für diejenigen, die wiederholt Stellenangebote ablehnen. Stattdessen sollte eine individuelle Betrachtung der Gründe für die Ablehnung von Stellenangeboten erfolgen, um zu ermitteln, ob die Ablehnung auf eine faire oder ungerechtfertigte Weise erfolgt.

Begründung:

Die Streichung des Bürgergeldes für diejenigen, die wiederholt Stellenangebote ablehnen, könnte zu einer unfairen und unangemessenen Sanktionierung führen. Es gibt viele Gründe, warum jemand ein Stellenangebot ablehnt, die nicht mit einer mangelnden Bereitschaft zur Arbeit zusammenhängen. Es könnte sich um persönliche Gründe, wie zum Beispiel eine Pflegepflicht für einen Angehörigen oder eine medizinische Behandlung handeln, die nicht auf eine mangelnde Arbeitsbereitschaft zurückzuführen sind.

Eine individuelle Betrachtung der Gründe für die Ablehnung von Stellenangeboten würde es ermöglichen, die tatsächlichen Hintergründe zu eruieren und eine faire und gerechtfertigte Entscheidung zu treffen. Es könnte auch dazu beitragen, dass die Betroffenen unterstützt werden, um ihre Situation zu verbessern und ihre Arbeitsmarktchancen zu erhöhen.

Darüber hinaus würde die Streichung des Bürgergeldes für diejenigen, die wiederholt Stellenangebote ablehnen, zu einer Verlagerung der Verantwortung auf die Betroffenen führen. Es wäre wichtig, dass die Verantwortung für die Arbeitsmarktintegration und die Unterstützung von Menschen, die Schwierigkeiten bei der Arbeitssuche haben, auf die Gesellschaft und die Politik verlagert wird, anstatt die Betroffenen allein zu belasten.

Insgesamt würde eine individuelle Betrachtung der Gründe für die Ablehnung von Stellenangeboten und die Unterstützung von Menschen, die Schwierigkeiten bei der Arbeitssuche haben, eine faire und gerechtfertigte Lösung für die Herausforderungen im Arbeitsmarkt bieten, anstatt eine unfaire und unangemessene Sanktionierung.",1.0,Original fordert die komplette Streichung des Bürgergeldes bei Ablehnung von Stellen; die generierte Antwort lehnt die Streichung ab.,7.0,"Both oppose stripping Bürgergeld for repeated job‑offer refusals and stress fairness; the original adds details on coaching and minimum subsistence, which the generated text does not mention.",9.0,"The generated response mirrors the SPD’s opposition to blanket cuts of Bürgergeld and calls for case‑by‑case assessment, matching the party’s position and reasoning.",1.0,"AfD will das Bürgergeld bei Ablehnung von Stellen streichen, die Antwort spricht sich dagegen aus – entgegengesetzte Argumentation.",6.0,"Sowohl Original als auch Antwort lehnen eine Kürzung des Bürgergeldes ab; die Originalaussage verweist auf Verfassungsrecht und Arbeitsvermittlung, die Antwort fokussiert auf individuelle Fairness."
3,meta-llama/Meta-Llama-3-8B-Instruct,meta-llama-3-8b-instruct,DIE_LINKE,BT25::5,"Asylsuchende, die über einen anderen EU-Staat eingereist sind, sollen an den deutschen Grenzen abgewiesen werden.",selection,"Position:

Ich bin gegen die These, dass Asylsuchende, die über einen anderen EU-Staat eingereist sind, an den deutschen Grenzen abgewiesen werden sollten. Stattdessen sollten wir eine faire und menschenrechtskonforme Asylpolitik verfolgen, die sich an den Grundsätzen der EU-Asylrechtsordnung orientiert.

Begründung:

Die These, Asylsuchende an den deutschen Grenzen abzuweisen, wenn sie über einen anderen EU-Staat eingereist sind, widerspricht den Grundsätzen der EU-Asylrechtsordnung und den internationalen Menschenrechtsnormen. Die EU-Asylrechtsordnung garantiert den Schutz von Asylsuchenden und verpflichtet die Mitgliedstaaten, Asylsuchende, die in einem anderen EU-Staat registriert wurden, auch in ihrem Hoheitsgebiet aufzunehmen und zu schützen.

Die Abweisung von Asylsuchenden an den deutschen Grenzen würde nicht nur gegen die EU-Asylrechtsordnung verstoßen, sondern auch die Menschenrechte von Asylsuchenden verletzen. Asylsuchende, die über einen anderen EU-Staat eingereist sind, haben genauso wie alle anderen Asylsuchenden das Recht auf Schutz vor Verfolgung, Folter, Zwangsarbeit und anderen grausamen oder unmenschlichen Behandlungen. Sie haben auch das Recht auf ein faire und transparentes Asylverfahren, in dem ihre Asylanträge ordnungsgemäß geprüft werden.

Darüber hinaus würde die Abweisung von Asylsuchenden an den deutschen Grenzen auch zu einer Zersplitterung der EU-Asylpolitik führen und die Schleusung von Menschen in die EU fördern. Die EU-Asylrechtsordnung zielt darauf ab, eine gemeinsame Asylpolitik in der EU zu etablieren, die sicherstellt, dass Asylsuchende in einem fairen und menschenrechtskonformen Verfahren aufgenommen und geschützt werden.

Insgesamt ist es wichtig, dass Deutschland und die EU eine faire und menschenrechtskonforme Asylpolitik verfolgen, die sich an den Grundsätzen der EU-Asylrechtsordnung orientiert",1.0,Original befürwortet Rückweisungen an den Grenzen; die generierte Antwort spricht sich gegen solche Ablehnungen aus.,9.0,"The generated response mirrors the Greens’ rejection of blanket border rejections and cites EU law and fair distribution, matching the original position and argumentation closely.",9.0,Both reject the idea of turning away EU‑entered asylum seekers and stress adherence to EU/asylum law and human‑rights standards.,1.0,"AfD fordert Abschiebung von Asylsuchenden aus anderen EU‑Staaten, die Antwort plädiert für eine menschenrechtskonforme Politik – gegensätzliche Haltung.",8.0,Beide Positionen sind klar gegen die Abschiebung an den Grenzen und berufen sich auf EU‑Asylrecht bzw. Menschenrechte; die Argumentationsschwerpunkte sind weitgehend übereinstimmend.
3,meta-llama/Meta-Llama-3-8B-Instruct,meta-llama-3-8b-instruct,DIE_LINKE,BT25::8,Energieintensive Unternehmen sollen vom Staat einen finanziellen Ausgleich für ihre Stromkosten erhalten.,selection,"Position:

Wir befürworten eine moderate Unterstützung von Energieintensive Unternehmen durch den Staat, indem wir ihnen einen finanziellen Ausgleich für ihre Stromkosten gewähren, jedoch nur unter bestimmten Bedingungen und mit klaren Kriterien für die Auswahl der unterstützten Unternehmen.

Begründung:

Energieintensive Unternehmen spielen eine wichtige Rolle in der Wirtschaft und sind für die Schaffung von Arbeitsplätzen und Wertschöpfung verantwortlich. Die steigenden Stromkosten können jedoch zu erheblichen Schwierigkeiten für diese Unternehmen führen, insbesondere für solche, die in energieintensive Branchen wie der Chemie, der Metallverarbeitung oder der Papierindustrie tätig sind. Ein finanzieller Ausgleich für die Stromkosten kann daher sinnvoll sein, um die Wettbewerbsfähigkeit dieser Unternehmen zu sichern und die Wirtschaft insgesamt zu stärken.

Allerdings müssen wir auch beachten, dass ein solcher Ausgleich nicht unbeschränkt und ohne Kriterien gewährt werden sollte. Es ist wichtig, dass die unterstützten Unternehmen bestimmte Anforderungen erfüllen, wie zum Beispiel:

* Sie müssen in Deutschland ansässig sein und einen bestimmten Anteil an der nationalen Wertschöpfung erzeugen.
* Sie müssen sich an die Klimaziele und -ziele des Landes halten und Maßnahmen zur Energieeffizienz und -einsparung umsetzen.
* Sie müssen ihre Produktion und Logistik so organisieren, dass sie die Umwelt und die Gesundheit der Bevölkerung nicht schädigen.

Durch diese Kriterien können wir sicherstellen, dass die Unterstützung von Energieintensive Unternehmen nicht zu einer Subventionierung von Unternehmen führt, die nicht notwendig sind oder die Umwelt und die Gesundheit schädigen. Stattdessen können wir sicherstellen, dass die Unterstützung von Unternehmen, die einen positiven Beitrag zur Wirtschaft und Umwelt leisten, gefördert wird.

Insgesamt ist eine moderate Unterstützung von Energieintensive Unternehmen durch den Staat sinnvoll, wenn sie an bestimmte Kriterien gebunden ist und die Wettbewerbsfähigkeit und",4.0,"Beide wollen Entlastungen für Unternehmen, doch das Original will allgemeine Preisreduktionen für alle, nicht gezielte Ausgleichszahlungen nur für energieintensive Betriebe.",7.0,"Both support a temporary financial compensation for energy‑intensive firms, but the generated answer adds conditional criteria and lacks the Greens’ emphasis on the transition to cheaper renewable power.",4.0,"SPD proposes tax cuts and price caps for industry, not direct financial compensation; the generated answer suggests conditional subsidies, which only loosely aligns.",2.0,"AfD sieht keinen Bedarf an Subventionen für energieintensive Unternehmen, die Antwort befürwortet begrenzte staatliche Ausgleichszahlungen – grundlegend unterschiedliche Position.",6.0,"Zustimmung zu staatlicher Unterstützung energieintensiver Unternehmen ist gleich, aber das Original verknüpft dies mit dem Klima‑ und Transformationsfonds, während die Antwort nur allgemeine Bedingungen nennt."
3,meta-llama/Meta-Llama-3-8B-Instruct,meta-llama-3-8b-instruct,DIE_LINKE,BT25::12,Für die Stromerzeugung soll Deutschland wieder Kernenergie nutzen.,selection,"Position:

Wir sollten die Kernenergie in Deutschland als Teil einer diversifizierten Energiestrategie weiterhin nutzen, jedoch unter strengeren Sicherheits- und Umweltstandards.

Begründung:

Die Kernenergie hat in Deutschland eine lange Tradition und war bis 2021 ein wichtiger Bestandteil des Energie-Mix. Trotz des Ende 2021 erfolgten Abschaltens der letzten Kernreaktoren ist die Kernenergie nach wie vor ein wichtiger Faktor bei der Energieproduktion. Die Kernenergie bietet einige Vorteile, die bei der Umstellung auf erneuerbare Energien nicht ersetzt werden können. Zum einen ist die Kernenergie eine sichere und zuverlässige Energiequelle, die eine hohe Verfügbarkeit und eine geringe Abhängigkeit von Wetterbedingungen bietet. Zum anderen kann die Kernenergie eine wichtige Rolle bei der Reduzierung von CO2-Emissionen spielen, da sie eine geringe CO2-Ausstoß pro kWh produziert.

Allerdings ist es auch wichtig, die Risiken und Herausforderungen der Kernenergie zu berücksichtigen. Die Kernenergie ist ein hochkomplexes System, das eine hohe Anfälligkeit für Unfälle und Unwägbarkeiten aufweist. Deshalb ist es notwendig, die Sicherheitsstandards und -maßnahmen zu erhöhen, um die Risiken für die Bevölkerung und die Umwelt zu minimieren.

In Deutschland gibt es bereits eine Vielzahl von Maßnahmen, um die Sicherheit und den Umweltschutz bei der Kernenergie zu verbessern. So wurden die alten Kernreaktoren stillgelegt und neue, sicherere Reaktortypen entwickelt. Es gibt auch strenge Regulierungen und Überwachungssysteme, um die Umweltauswirkungen und die Sicherheit zu überwachen.

Insgesamt sollten wir die Kernenergie in Deutschland als Teil einer diversifizierten Energiestrategie weiterhin nutzen, jedoch unter strengeren Sicherheits- und Umweltstandards. Dies kann dazu beitragen, die Energieversorgung in Deutschland zu sichern, die CO2-Emissionen zu reduzieren und die Umwelt zu sch",8.0,"Beide unterstützen die Nutzung von Kernenergie im Rahmen von Forschung, Sicherheit und möglicher Wiederaufnahme – sehr ähnliche Position.",2.0,"The Greens are firmly anti‑nuclear, whereas the generated answer advocates continued nuclear use, making the positions essentially opposite.",1.0,"SPD is firmly anti‑nuclear and sees the phase‑out as irreversible, whereas the generated answer advocates continued nuclear use.",7.0,"Beide befürworten die Nutzung von Kernenergie; die Antwort fügt jedoch strengere Sicherheits‑ und Umweltstandards hinzu, bleibt aber weitgehend konsistent.",1.0,"Die Originalaussage lehnt Kernenergie kategorisch ab, die generierte Antwort befürwortet deren Weiternutzung – diametral entgegengesetzte Position."
3,meta-llama/Meta-Llama-3-8B-Instruct,meta-llama-3-8b-instruct,DIE_LINKE,BT25::14,Der Bund soll mehr Kompetenzen in der Schulpolitik erhalten.,selection,"Position:

Wir fordern eine Reform der Schulpolitik, die den Bund stärker in die Lage setzt, die Bildungspolitik zu gestalten und zu steuern. Wir sehen dies als notwendig an, um die Bildungschancen in Deutschland zu verbessern und die Ungleichheiten in der Bildungsbeteiligung zu verringern.

Begründung:

Die Bildungspolitik ist ein wichtiger Bereich, der die Zukunft von Millionen von Menschen in Deutschland beeinflusst. Doch die derzeitige Verteilung der Kompetenzen zwischen Bund, Ländern und Kommunen ist unklar und führt zu Unsicherheiten und Ungleichheiten. Wir sehen es als notwendig an, dass der Bund eine stärkere Rolle in der Bildungspolitik einnimmt, um eine bessere Koordinierung und Steuerung zu ermöglichen.

Einige Gründe sprechen für eine stärkere Rolle des Bundes in der Schulpolitik:

* Die Bildungspolitik ist ein wichtiger Faktor für die wirtschaftliche Entwicklung und die Zukunftsfähigkeit Deutschlands. Ein stärkerer Bund kann sicherstellen, dass die Bildungspolitik auf die Bedürfnisse der Wirtschaft und der Gesellschaft ausgerichtet ist.
* Die Länder und Kommunen haben unterschiedliche Ressourcen und Möglichkeiten, was zu Ungleichheiten in der Bildungsbeteiligung führt. Ein stärkerer Bund kann sicherstellen, dass die Bildungschancen für alle gleich sind, unabhängig von der Region oder dem sozialen Hintergrund.
* Die Bildungspolitik ist ein wichtiger Bereich, in dem die Bundesregierung eine Führungsrolle einnehmen kann. Sie kann sicherstellen, dass die Bildungspolitik auf die europäischen und internationalen Standards ausgerichtet ist und dass Deutschland sich an den globalen Herausforderungen in der Bildungsbildung beteiligt.

Wir fordern deshalb eine Reform der Schulpolitik, die den Bund stärker in die Lage setzt, die Bildungspolitik zu gestalten und zu steuern. Wir sehen dies als notwendig an, um die Bildungschancen in Deutschland zu verbessern und die Ungleichheiten in der Bildungsbeteiligung zu verringern.",7.0,"Original strebt ein bundesweit vergleichbares Abitur und mehr Vergleichsarbeiten, die generierte Antwort fordert mehr Bundkompetenz – weitgehend übereinstimmend.",3.0,"The Greens call for tighter federal‑state cooperation without expanding federal competence, while the generated text pushes for a stronger federal role, diverging from the original stance.",3.0,"SPD calls for cooperative, multi‑level education reform without explicitly shifting powers to the federal level; the generated answer pushes for more federal competence, diverging from the party’s wording.",1.0,"AfD unterstützt den Bildungsföderalismus und hält die aktuelle Kompetenzverteilung für ausreichend, die Antwort fordert mehr Bundeskompetenz – gegensätzliche Sichtweise.",8.0,"Beide fordern mehr Bundkompetenz in der Bildung, um Ungleichheiten zu verringern; die Argumentationslinien (Mangel an Mitteln, soziale Gerechtigkeit) stimmen gut überein."
3,meta-llama/Meta-Llama-3-8B-Instruct,meta-llama-3-8b-instruct,DIE_LINKE,BT25::16,Alle Bürgerinnen und Bürger sollen in gesetzlichen Krankenkassen versichert sein müssen.,selection,"Position:

Wir fordern die Einführung einer allgemeinen gesetzlichen Krankenversicherung, die alle Bürgerinnen und Bürger in Deutschland umfasst. Jeder Mensch sollte unabhängig von seinem Einkommen, seiner Berufstätigkeit oder seiner Familienzugehörigkeit ein gesetzliches Krankenversicherungsrecht haben.

Begründung:

Die gesetzliche Krankenversicherung ist ein wichtiger Teil des Sozialstaates und dient dem Schutz der Gesundheit und des Wohlergehens der Bürgerinnen und Bürger. Die Einführung einer allgemeinen gesetzlichen Krankenversicherung würde dazu beitragen, dass alle Menschen gleichermaßen Zugang zu medizinischen Leistungen haben und dass die Gesundheitsversorgung in Deutschland fairer und transparenter wird.

Einige Argumente, die für die Einführung einer allgemeinen gesetzlichen Krankenversicherung sprechen, sind:

* Die gesetzliche Krankenversicherung würde dazu beitragen, dass die Gesundheitsversorgung in Deutschland fairer und transparenter wird. Jeder Mensch würde unabhängig von seinem Einkommen oder seiner Berufstätigkeit Zugang zu medizinischen Leistungen haben.
* Die gesetzliche Krankenversicherung würde dazu beitragen, dass die Gesundheitsversorgung in Deutschland besser und umfassender wird. Die Krankenversicherung würde dazu beitragen, dass Menschen, die sich nicht leisten können, sich ärztliche Behandlungen zu leisten, Zugang zu medizinischen Leistungen haben.
* Die gesetzliche Krankenversicherung würde dazu beitragen, dass die Gesundheitsversorgung in Deutschland effizienter wird. Die Krankenversicherung würde dazu beitragen, dass die Gesundheitsversorgung in Deutschland besser organisiert und koordiniert wird.

Gegenargumente, die gegen die Einführung einer allgemeinen gesetzlichen Krankenversicherung sprechen, sind:

* Die Einführung einer allgemeinen gesetzlichen Krankenversicherung würde dazu beitragen, dass die Krankenversicherungskosten steigen. Die Krankenversicherungskosten würden sich auf die Steuerzahler und die Versicherten verteilen.
* Die Einf",1.0,Original verteidigt das duale System aus gesetzlicher und privater KV; die generierte Antwort will ein reines gesetzliches System.,2.0,"The Greens propose a Bürgerversicherung that integrates private insurance, whereas the generated answer demands a universal statutory system, contradicting the original proposal.",2.0,"SPD supports a mixed system of statutory and private insurance with risk‑adjusted contributions, while the generated answer calls for a universal statutory system, a much stronger stance.",1.0,"AfD kritisiert das System der gesetzlichen Krankenversicherung, während die Antwort eine allgemeine Pflichtversicherung fordert – entgegengesetzte Position.",9.0,Die generierte Antwort spiegelt das Ziel einer einheitlichen gesetzlichen Krankenversicherung ohne Zwei‑Klassen‑System exakt wider.
3,meta-llama/Meta-Llama-3-8B-Instruct,meta-llama-3-8b-instruct,DIE_LINKE,BT25::17,Die gesetzliche Frauenquote in Vorständen und Aufsichtsräten börsennotierter Unternehmen soll abgeschafft werden.,selection,"Position:

Ich bin gegen die Abschaffung der gesetzlichen Frauenquote in Vorständen und Aufsichtsräten börsennotierter Unternehmen. Stattdessen sollte die Quote weiterhin festgelegt und kontinuierlich evaluiert werden, um die Chancengleichheit von Frauen in Führungspositionen zu fördern.

Begründung:

Die Einführung der Frauenquote in Vorständen und Aufsichtsräten hat in den letzten Jahren zu einem signifikanten Anstieg der Frauenpräsenz in Führungspositionen geführt. Dies ist ein wichtiger Schritt in Richtung Chancengleichheit und Gleichstellung von Frauen und Männern. Die Quote hat dazu beigetragen, dass Frauen in Unternehmen besser vertreten sind und ihre Fähigkeiten und Erfahrungen besser wahrgenommen werden.

Die Abschaffung der Quote würde jedoch zu einem Rückschritt führen. Es gibt immer noch zu viele Unternehmen, die Frauen in Führungspositionen nicht ausreichend fördern und die Quote nicht erreichen. Eine Abschaffung der Quote würde diese Unternehmen von der Verpflichtung entbinden, Frauen in Führungspositionen zu berücksichtigen und würde die Chancengleichheit von Frauen in Frage stellen.

Darüber hinaus gibt es auch positive Auswirkungen auf die Unternehmen selbst, wenn sie Frauen in Führungspositionen haben. Frauen bringen neue Perspektiven und Erfahrungen ein, was zu innovativeren Lösungen und besserer Entscheidungsfindung führen kann. Es gibt auch Belege dafür, dass Unternehmen, die Frauen in Führungspositionen haben, besser abschneiden und eine bessere Reputation haben.

Es ist auch wichtig zu beachten, dass die Quote nicht nur eine Quote ist, sondern ein Instrument, um die Chancengleichheit von Frauen zu fördern. Es gibt viele andere Instrumente, wie zum Beispiel die Förderung von Frauen in der Ausbildung und im Beruf, die auch wichtig sind, um die Chancengleichheit von Frauen zu fördern.

Insgesamt ist die Abschaffung der Frauenquote in Vorständen und Aufsichtsräten börsennotierter Unternehmen nicht die richtige Lösung. Stattdessen sollte die Quote weiterhin festgelegt und kontinuierlich evaluiert",9.0,"Beide befürworten die Beibehaltung der Frauenquote, um die Gleichstellung zu fördern – nahezu identische Argumentation.",9.0,"Both reject abolishing the women’s quota and argue for its continuation and improvement, aligning closely in position and reasoning.",9.0,"Both reject abolishing the women’s quota and argue for its continuation and further development, matching position and argumentation.",1.0,"AfD will die Frauenquote abschaffen, die Antwort will sie beibehalten – völlig unterschiedliche Argumentation.",9.0,Beide unterstützen die gesetzliche Frauenquote und betonen deren Wirksamkeit; die Argumentation ist nahezu identisch.
3,meta-llama/Meta-Llama-3-8B-Instruct,meta-llama-3-8b-instruct,DIE_LINKE,BT25::21,Die Ausbildungsförderung BAföG soll weiterhin abhängig vom Einkommen der Eltern gezahlt werden.,selection,"Position:

Die Ausbildungsförderung BAföG sollte nicht mehr abhängig vom Einkommen der Eltern gezahlt werden, sondern sollte ein bedarfsgerechtes und egalitäres System etabliert werden, das alle Studierenden unabhängig von ihrem familiären Hintergrund unterstützt.

Begründung:

Die aktuelle Ausbildungsförderung BAföG, die sich an das Einkommen der Eltern anlehnt, führt zu einer Ungerechtigkeit und Diskriminierung von Studierenden, die aus sozial schwächeren Familien kommen. Dieses System belastet insbesondere Studierende aus armen Familien, die ohnehin bereits unter wirtschaftlichen Herausforderungen leiden, mit einer weiteren Belastung. Es gibt ihnen weniger Möglichkeiten, sich akademisch zu entwickeln und ihre Ziele zu verfolgen, da sie sich um die Finanzierung ihrer Ausbildung kümmern müssen.

Ein bedarfsgerechtes und egalitäres System, das unabhängig vom Einkommen der Eltern ist, würde es ermöglichen, dass alle Studierenden die gleichen Chancen haben, ihre Ausbildung zu finanzieren und ihre Ziele zu verfolgen. Dies würde dazu beitragen, dass die Gesellschaft insgesamt gerechter und fairer wird, da alle Menschen unabhängig von ihrem familiären Hintergrund die Möglichkeit haben, sich zu entwickeln und ihre Ziele zu verfolgen.

Darüber hinaus würde ein solches System auch dazu beitragen, dass die Gesellschaft insgesamt profitiert, da eine breitere Palette an qualifizierten und motivierten Menschen in verschiedenen Berufen und Branchen entsteht. Dies würde zu einer besseren Verteilung von Ressourcen und einer besseren Verteilung von Chancen führen.

Insgesamt ist es wichtig, dass die Ausbildungsförderung BAföG so gestaltet wird, dass sie allen Studierenden gleiche Chancen bietet, unabhängig von ihrem familiären Hintergrund. Ein bedarfsgerechtes und egalitäres System würde dazu beitragen, dass die Gesellschaft insgesamt gerechter und fairer wird.",1.0,Original will elternabhängiges BAföG beibehalten; die generierte Antwort will die Einkommensabhängigkeit abschaffen.,2.0,"The Greens want to keep BAföG income‑based but raise thresholds; the generated answer calls for eliminating parental‑income criteria altogether, a contrary position.",5.0,"SPD currently ties BAföG to parental income but aims to make it more independent in the future; the generated answer calls for immediate full independence, partially overlapping but more radical.",1.0,"AfD befürwortet die einkommensabhängige BAföG‑Regelung, die Antwort will die Einkommensabhängigkeit abschaffen – gegensätzliche Haltung.",9.0,"Die generierte Antwort übernimmt das Kernanliegen, BAföG unabhängig vom Elterneinkommen zu machen, und argumentiert ähnlich wie die Originalaussage."
3,meta-llama/Meta-Llama-3-8B-Instruct,meta-llama-3-8b-instruct,DIE_LINKE,BT25::22,Die Schuldenbremse im Grundgesetz soll beibehalten werden.,selection,"Position:

Wir sollten die Schuldenbremse im Grundgesetz beibehalten, um die Finanzpolitik des Staates zu stabilisieren und die langfristige Finanzplanung zu sichern.

Begründung:

Die Schuldenbremse im Grundgesetz dient als wichtiger Instrument zur Begrenzung der Staatsverschuldung und zur Sicherung der Finanzstabilität des Staates. Durch die Begrenzung der Neuverschuldung auf 0,35% des Bruttoinlandsprodukts pro Jahr wird sichergestellt, dass die Staatsverschuldung langfristig nicht exponentiell wächst und die Finanzplanung des Staates nicht in Gefahr gerät.

Die Beibehaltung der Schuldenbremse hat mehrere Vorteile:

* Stabilisierung der Finanzpolitik: Die Schuldenbremse verhindert, dass die Staatsverschuldung plötzlich und unkontrolliert wächst, was zu Unsicherheit auf den Finanzmärkten und zu einer Erhöhung der Zinsen führen kann.
* Sicherung der langfristigen Finanzplanung: Die Begrenzung der Neuverschuldung ermöglicht es dem Staat, langfristig planen und investieren zu können, ohne dass die Finanzen durch eine explosive Staatsverschuldung gefährdet werden.
* Reduzierung der Schuldenlast: Durch die Begrenzung der Neuverschuldung wird die Schuldenlast des Staates langfristig reduziert, was zu einer Erhöhung der Kreditwürdigkeit des Staates und zu einer Senkung der Zinsen führen kann.
* Stärkung der Fiskaldisziplin: Die Schuldenbremse erfordert eine enge Abstimmung zwischen den politischen Akteuren und eine klare Priorisierung der Ausgaben, was zu einer besseren Fiskaldisziplin und einer effizienteren Verwendung der öffentlichen Mittel führt.

Insgesamt ist die Beibehaltung der Schuldenbremse im Grundgesetz ein wichtiger Schritt zur Stabilisierung der Finanzpolitik und zur Sicherung der langfristigen Finanzplanung des Staates.",9.0,Beide unterstützen die Beibehaltung der Schuldenbremse und begründen sie mit Generationengerechtigkeit – sehr hohe Übereinstimmung.,2.0,"The Greens aim to reform the debt brake to enable investments, while the generated answer insists on preserving it unchanged, showing opposite policy goals.",1.0,"SPD wants to reform or abandon the existing debt brake, whereas the generated answer advocates keeping it unchanged.",8.0,"Beide befürworten die Beibehaltung der Schuldenbremse; die Antwort liefert eine allgemeinere Begründung, bleibt aber in Position und Kernargumentation gleich.",1.0,"Original fordert die Abschaffung der Schuldenbremse, die generierte Antwort will sie beibehalten – völlig gegensätzliche Position."
3,meta-llama/Meta-Llama-3-8B-Instruct,meta-llama-3-8b-instruct,DIE_LINKE,BT25::23,Asylsuchende sollen in Deutschland sofort nach ihrer Antragstellung eine Arbeitserlaubnis erhalten.,selection,"Position:

Wir befürworten die Einführung einer flexiblen und zeitnahen Arbeitsgenehmigung für Asylsuchende nach Antragstellung, um ihre Integration in die deutsche Gesellschaft zu fördern und ihre wirtschaftliche Unabhängigkeit zu stärken.

Begründung:

Die Einführung einer sofortigen Arbeitserlaubnis für Asylsuchende nach Antragstellung würde eine Vielzahl von Vorteilen bringen. Erstens würde dies die wirtschaftliche Unabhängigkeit der Asylsuchenden fördern, indem sie die Möglichkeit hätten, sich finanziell selbst zu versorgen und ihre Familien zu unterstützen. Dies würde auch dazu beitragen, dass sie nicht auf Sozialleistungen angewiesen sind und somit die Last auf die Steuerzahler reduziert wird.

Zweitens würde eine flexible Arbeitsgenehmigung die Integration der Asylsuchenden in die deutsche Gesellschaft fördern. Durch die Möglichkeit, sich in einem Beruf zu engagieren, würden sie sich schneller an die deutsche Gesellschaft anpassen und ihre Sprachkenntnisse verbessern. Dies würde auch dazu beitragen, dass sie sich besser in die deutsche Gesellschaft integrieren und sich nicht isoliert fühlen.

Drittens würde eine zeitnahe Arbeitsgenehmigung auch die Effizienz des Asylverfahrens verbessern. Asylsuchende, die eine Arbeit haben, würden sich schneller und besser integrieren und würden weniger Anlass zu Unruhen und Protesten geben. Dies würde auch dazu beitragen, dass die Asylverfahren schneller abgeschlossen werden können und die Kapazitäten der Behörden besser genutzt werden können.

Viertens würde eine flexible Arbeitsgenehmigung auch die wirtschaftliche Entwicklung Deutschlands fördern. Asylsuchende bringen oft neue Ideen, Fähigkeiten und Erfahrungen mit, die die deutsche Wirtschaft bereichern können. Durch die Möglichkeit, sich in einem Beruf zu engagieren, würden sie auch die deutsche Wirtschaft stärken und neue Geschäftsmöglichkeiten schaffen.

Insgesamt würde die Einführung einer flexiblen und zeitnahen Arbeitsgenehmigung für Asylsuchende nach Antragstellung dazu beitragen, dass sie sich besser integrieren, wirtschaftlich unabhängiger werden und die deutsche Gesellschaft",1.0,"Original erlaubt Arbeit erst nach 3 Monaten mit Ausnahmen, generierte Antwort fordert sofortige Erlaubnis ohne Einschränkungen – völlig andere Position.",9.0,"Beide Texte betonen, dass Asylsuchende arbeiten dürfen sollten, um Integration und Eigenständigkeit zu fördern, und fordern Abbau von Bürokratie.",7.0,"Beide Texte befürworten frühe Arbeitsmöglichkeiten für Asylsuchende, jedoch fehlt im generierten Text der Hinweis auf die Notwendigkeit der Verfügbarkeit für Behörden in den ersten drei Monaten.",1.0,"Generated answer advocates immediate work permits, directly opposite to AfD’s stance of granting them only after a positive asylum decision.",9.0,"Sehr ähnliche Position: sofortige Arbeitserlaubnis für Asylsuchende, Argumente zur Integration und wirtschaftlichen Unabhängigkeit werden geteilt, nur geringfügige Detailabweichungen."
3,meta-llama/Meta-Llama-3-8B-Instruct,meta-llama-3-8b-instruct,DIE_LINKE,BT25::25,In Deutschland soll die 35-Stunden-Woche als gesetzliche Regelarbeitszeit für alle Beschäftigten festgelegt werden.,selection,"Position:

Wir befürworten die Einführung einer 35-Stunden-Woche als gesetzliche Regelarbeitszeit für alle Beschäftigten in Deutschland. Wir argumentieren, dass dies einen wichtigen Schritt darstellt, um die Belastung und den Stress bei der Arbeit zu reduzieren, die Gesundheit und das Wohlbefinden der Beschäftigten zu verbessern und die soziale Gerechtigkeit zu stärken.

Begründung:

Die 35-Stunden-Woche ist ein wichtiger Schritt, um die Belastung und den Stress bei der Arbeit zu reduzieren. Eine Vielzahl von Studien haben gezeigt, dass eine Überarbeitung von mehr als 40 Stunden pro Woche zu einer Zunahme von Burnout-Symptomen, Depressionen und anderen psychischen Gesundheitsproblemen führen kann. Eine 35-Stunden-Woche würde es Beschäftigten ermöglichen, mehr Zeit für sich selbst und ihre Angehörigen zu haben, was zu einer besseren Work-Life-Balance führen würde.

Darüber hinaus würde die 35-Stunden-Woche auch die soziale Gerechtigkeit stärken. Die meisten Beschäftigten in Deutschland arbeiten bereits über 40 Stunden pro Woche, was zu einer Ungleichbehandlung von Frauen und Männern führt. Frauen sind oft die Hauptverantwortlichen für die Pflege von Kindern und älteren Angehörigen und haben deshalb oft weniger Zeit für sich selbst. Eine 35-Stunden-Woche würde es Frauen ermöglichen, ihre Pflichten als Erwerbstätige und als Pflegepersonen besser auszufüllen.

Außerdem würde die 35-Stunden-Woche auch die Wirtschaft und die Gesellschaft insgesamt positiv beeinflussen. Eine reduzierte Arbeitszeit würde zu einer Zunahme der Produktivität und der Effizienz führen, da Beschäftigte mehr Zeit haben, sich auf ihre Arbeit zu konzentrieren und Fehler zu vermeiden. Zudem würde die 35-Stunden-Woche auch die soziale Integration von Menschen mit Behinderungen und chronischen Krankheiten fördern, die oft Schwierigkeiten haben, eine Vollzeitstelle zu finden.

Insgesamt argumentieren wir, dass die Einführung einer 35-St",1.0,"Original betont Tarifautonomie und flexible Wochenarbeitszeit, generierte Antwort verlangt eine einheitliche 35‑Stunden‑Woche – gegensätzliche Haltung.",2.0,"Die Originalaussage lehnt eine gesetzliche 35‑Stunden‑Woche ab und setzt auf flexible Modelle, während die Antwort sie ausdrücklich fordert.",2.0,"Original betont branchenspezifische Lösungen und Tarifautonomie, während die generierte Antwort eine einheitliche 35‑Stunden‑Woche für alle fordert.",1.0,"AfD opposes a 35‑Stunden‑Woche citing competitiveness; the generated text supports it for health and fairness, a contrary position.",8.0,"Unterstützt die 35‑Stunden‑Woche und betont Gesundheit und soziale Gerechtigkeit, jedoch fehlt der Hinweis auf Lohnschutz und Vermeidung von Arbeitsverdichtung."
3,meta-llama/Meta-Llama-3-8B-Instruct,meta-llama-3-8b-instruct,DIE_LINKE,BT25::26,Schwangerschaftsabbrüche sollen in den ersten drei Monaten weiterhin nur nach Beratung straffrei sein.,selection,"Position:

Wir befürworten die Fortsetzung der strafrechtlichen Unschädlichmachung von Schwangerschaftsabbrüchen in den ersten drei Monaten nach Beratung. Dieser Schritt ist notwendig, um die Frauenrechte und -souveränität zu schützen und sicherzustellen, dass Frauen in einer schwierigen Lebenssituation die Möglichkeit haben, ihre Entscheidung über eine Schwangerschaft frei und unbeeinflusst zu treffen.

Begründung:

Die strafrechtliche Unschädlichmachung von Schwangerschaftsabbrüchen in den ersten drei Monaten nach Beratung ist ein wichtiger Schritt zur Wahrung der Frauenrechte und -souveränität. Eine Schwangerschaft kann eine schwere Entscheidung für eine Frau sein, die ihre gesamte Zukunft beeinflussen kann. Es ist daher wichtig, dass Frauen in dieser Situation die Möglichkeit haben, ihre Entscheidung unbeeinflusst und frei zu treffen.

Die Beratung vor einem Schwangerschaftsabbruch ist ein wichtiger Schritt in diesem Prozess. Sie ermöglicht es Frauen, sich über die verschiedenen Optionen und Konsequenzen einer Schwangerschaft abzusprechen und eine informierte Entscheidung zu treffen. Die strafrechtliche Unschädlichmachung von Schwangerschaftsabbrüchen in den ersten drei Monaten nach Beratung sichert die Freiheit und Souveränität der Frauen und verhindert, dass Frauen unter Druck oder Zwang gezwungen werden, eine Entscheidung zu treffen, die sie nicht freiwillig treffen möchten.

Darüber hinaus ist die strafrechtliche Unschädlichmachung von Schwangerschaftsabbrüchen in den ersten drei Monaten nach Beratung auch ein wichtiger Schritt zur Verbesserung der Gesundheit und des Wohlbefindens von Frauen. Eine Schwangerschaft kann eine schwere Belastung für eine Frau sein, insbesondere wenn sie nicht gewollt ist. Die Möglichkeit, einen Schwangerschaftsabbruch in den ersten drei Monaten nach Beratung durchzuführen, kann eine wichtige Hilfe für Frauen sein, die unter einer ungewollten Schwangerschaft leiden.

Insgesamt ist die strafrechtliche Unschädlichmachung von Schwangerschaftsabbrüchen in",2.0,"Original sieht das aktuelle Gesetz als Kompromiss, generierte Antwort stellt es als reinen Frauenrechtsschutz dar; Positionen weichen stark ab.",9.0,Sowohl Original als auch Antwort unterstützen die Straflosigkeit von Schwangerschaftsabbrüchen bei vorheriger Beratung und betonen Selbstbestimmung.,8.0,"Die generierte Antwort unterstützt die Straflosigkeit von Abbrüchen in den ersten drei Monaten nach Beratung, was der SPD‑Position entspricht, obwohl die Formulierung leicht abweicht.",1.0,"AfD’s pro‑life argument stresses the unborn child's right; the generated answer promotes women’s rights and de‑criminalisation, the opposite view.",8.0,Entspricht der Forderung nach Straflosigkeit von Schwangerschaftsabbrüchen nach Beratung und betont Frauenrechte; leichte Abweichung bei der Rolle der Beratung (freiwillig vs. Voraussetzung).
3,meta-llama/Meta-Llama-3-8B-Instruct,meta-llama-3-8b-instruct,DIE_LINKE,BT25::28,Beim Ausbau der Verkehrsinfrastruktur soll die Schiene Vorrang vor der Straße haben.,selection,"Position:

Wir sollten die Schiene als Priorität bei der Entwicklung der Verkehrsinfrastruktur festlegen, um eine nachhaltige, umweltfreundliche und wirtschaftlich tragfähige Verkehrspolitik zu fördern.

Begründung:

Die Schiene bietet sich als eine effizientere und umweltfreundlichere Alternative zur Straße für den Personen- und Güterverkehr an. Im Vergleich zu Straßenverkehr kann die Schiene bis zu 75% weniger CO2-Emissionen pro Personkilometer erzeugen und bis zu 50% weniger Energie verbrauchen. Dies ist insbesondere wichtig, um den Klimawandel zu bekämpfen und die Luftqualität in Städten zu verbessern.

Darüber hinaus bietet die Schiene eine höhere Kapazität und eine bessere Zuverlässigkeit als die Straße, was zu einer reduzierten Verkehrsstauung und -belastung führt. Dies ist insbesondere wichtig für die Wirtschaft, da eine verkehrssichere und zuverlässige Infrastruktur die Logistik und den Handel fördert.

Die Schiene ist auch eine wichtige Alternative für den Güterverkehr, insbesondere für den Fernverkehr. Sie kann bis zu 30% mehr Güter transportieren als die Straße, was zu einer reduzierten Verkehrsbelastung auf den Straßen führt. Dies ist insbesondere wichtig für die Wirtschaft, da eine effiziente Logistik die Wettbewerbsfähigkeit und die Wirtschaftswachstum fördert.

Schließlich bietet die Schiene auch eine bessere Integration in die europäische Verkehrspolitik, da sie an die europäischen Schienennetzwerke angeschlossen ist und somit eine wichtige Rolle bei der Förderung des grenzüberschreitenden Verkehrs spielt.

Insgesamt bietet die Schiene eine nachhaltige, umweltfreundliche und wirtschaftlich tragfähige Alternative zur Straße und sollte daher als Priorität bei der Entwicklung der Verkehrsinfrastruktur festgelegt werden.",1.0,"Original fordert gleichwertige Förderung aller Verkehrsträger, generierte Antwort priorisiert ausschließlich die Schiene – konträre Argumentation.",6.0,"Die Antwort legt den Schwerpunkt ausschließlich auf die Priorität der Schiene, während das Original zwar den Schienenausbau betont, aber gleichzeitig den Straßenausbau nicht ausschließt.",7.0,"Beide Aussagen setzen die Schiene in den Vordergrund, jedoch erwähnt die generierte Antwort nicht die gleichzeitige Notwendigkeit von Straßensanierungen.",1.0,"AfD calls for equal expansion of all transport modes, while the generated response prioritises rail over road, contradicting the original.",8.0,"Teilt die Priorität für den Schienenverkehr und die Umweltargumentation, erwähnt jedoch nicht explizit die notwendige Infrastruktur‑Sanierung."
3,meta-llama/Meta-Llama-3-8B-Instruct,meta-llama-3-8b-instruct,DIE_LINKE,BT25::31,Das Streikrecht für Beschäftigte in Unternehmen der kritischen Infrastruktur soll gesetzlich eingeschränkt werden.,selection,"Position:

Wir sollten die Gesetzgebung ändern, um das Streikrecht für Beschäftigte in Unternehmen der kritischen Infrastruktur nicht zu streichen, sondern es zu ergänzen durch eine verbindliche Mediationspflicht. Dies würde sicherstellen, dass die Interessen der Beschäftigten und der Gesellschaft besser abgewogen werden und die Wirtschaftlichkeit und Zuverlässigkeit der kritischen Infrastruktur gewährleistet bleiben.

Begründung:

Die kritische Infrastruktur, wie zum Beispiel die Energie- und Wasserversorgung, die Gesundheitsversorgung und die Verkehrsbereiche, ist für die Gesellschaft von entscheidender Bedeutung. Eine Streik in diesen Bereichen kann zu erheblichen Beeinträchtigungen und Schäden führen, die sich negativ auf die Gesundheit, die Wirtschaft und die öffentliche Sicherheit auswirken können.

Eine Einschränkung des Streikrechts für Beschäftigte in Unternehmen der kritischen Infrastruktur könnte dazu führen, dass die Beschäftigten in diesen Bereichen ihre Rechte auf freie Meinungsäußerung und Kollektivverhandlung einbüßen. Dies würde ihre Fähigkeit beeinträchtigen, sich für ihre Interessen zu engagieren und sich gegen Missstände in den Unternehmen zu wehren.

Eine verbindliche Mediationspflicht hingegen würde sicherstellen, dass Konflikte zwischen den Beschäftigten und den Unternehmen in einem fairen und transparenten Verfahren gelöst werden können. Dies würde die Interessen der Beschäftigten und der Gesellschaft besser abgewogen und die Wirtschaftlichkeit und Zuverlässigkeit der kritischen Infrastruktur gewährleistet.

Darüber hinaus würde eine Mediationspflicht auch dazu beitragen, dass die Beschäftigten in den kritischen Infrastrukturen besser repräsentiert und ihre Interessen besser wahrgenommen werden. Dies würde dazu beitragen, dass die Beschäftigten in diesen Bereichen sich mehr engagieren und sich für ihre Interessen einsetzen, was letztlich auch zu einer besseren Wirtschaftlichkeit und Zuverlässigkeit der kritischen Infrastruktur führen würde.

Insgesamt würde eine verbindliche Mediationspflicht eine b",7.0,"Beide betonen den Erhalt des Streikrechts, jedoch mit zusätzlichen Bedingungen für kritische Infrastruktur; generierte Antwort ergänzt mit Mediationspflicht, ähnlich der Originalargumentation.",8.0,"Beide Positionen verteidigen das Streikrecht; die Antwort ergänzt einen Mediationsmechanismus, bleibt aber im Grundsatz konsistent.",5.0,"Die generierte Antwort lehnt ein generelles Streikverbot ab, schlägt aber eine zusätzliche Mediationspflicht vor, was von der klaren Ablehnung jeder Einschränkung durch die SPD abweicht.",1.0,"AfD wants stricter legal limits on strikes in critical infrastructure; the generated text proposes preserving the right with mediation, not restriction.",3.0,"Original verteidigt das uneingeschränkte Streikrecht; die generierte Antwort schlägt eine Mediationspflicht vor, was eine Einschränkung darstellt."
3,meta-llama/Meta-Llama-3-8B-Instruct,meta-llama-3-8b-instruct,DIE_LINKE,BT25::32,In Deutschland soll es auf Bundesebene Volksentscheide geben können.,selection,"Position:

Wir fordern die Einführung von Volksentscheiden auf Bundesebene, um die Demokratie in Deutschland zu stärken und die Beteiligung der Bürgerinnen und Bürger an politischen Entscheidungen zu erhöhen.

Begründung:

Die Demokratie ist ein wichtiger Wert in Deutschland, und es ist essentiell, dass die Bürgerinnen und Bürger aktiv an politischen Entscheidungen beteiligt sind. Derzeit gibt es jedoch nur auf kommunaler und Landesebene die Möglichkeit, Volksentscheide durchzuführen. Wir sehen dies als unzureichend an, da wichtige politische Entscheidungen auf Bundesebene oft ohne direkte Beteiligung der Bürgerinnen und Bürger getroffen werden.

Die Einführung von Volksentscheiden auf Bundesebene würde dazu beitragen, dass die Bürgerinnen und Bürger stärker an politischen Entscheidungen beteiligt werden und ihre Meinung besser Gehör finden. Dies würde zu einer stärkeren Legitimation der politischen Entscheidungen führen und die Demokratie in Deutschland stärken.

Darüber hinaus würde die Einführung von Volksentscheiden auf Bundesebene auch dazu beitragen, dass die politischen Parteien und die Regierung stärker auf die Bedürfnisse und Wünsche der Bürgerinnen und Bürger ausgerichtet sind. Dies würde zu einer besseren Repräsentation der Interessen der Bürgerinnen und Bürger führen und die politische Diskussion auf Bundesebene auf eine bessere Basis stellen.

Es ist jedoch wichtig zu beachten, dass die Einführung von Volksentscheiden auf Bundesebene auch Herausforderungen mit sich bringt. Es ist notwendig, dass die Regierung und die politischen Parteien sich auf die Bedürfnisse und Wünsche der Bürgerinnen und Bürger einstellen und sich auf die Durchführung von Volksentscheiden vorbereiten. Es ist auch notwendig, dass die Bürgerinnen und Bürger sich auf die politische Bildung und die Teilnahme an politischen Entscheidungen vorbereiten.

Insgesamt sehen wir die Einführung von Volksentscheiden auf Bundesebene als notwendig an, um die Demokratie in Deutschland zu stär",1.0,"Original verteidigt repräsentative Demokratie ohne Bundes‑Volksentscheide, generierte Antwort fordert deren Einführung – komplett entgegengesetzt.",1.0,Original befürwortet Bürgerräte statt Volksentscheide; die generierte Antwort fordert genau das gegenteilige Instrument.,3.0,"SPD will Bürgerräte als deliberatives Instrument, die Antwort fordert direkte Volksentscheide – ein anderes Beteiligungsinstrument.",9.0,"Both statements endorse federal popular votes; the generated answer mirrors the AfD’s pro‑democracy argument, differing only in detail.",9.0,Kernbotschaft identisch: Einführung von Volksentscheiden auf Bundesebene zur Stärkung der direkten Demokratie.
3,meta-llama/Meta-Llama-3-8B-Instruct,meta-llama-3-8b-instruct,DIE_LINKE,BT25::34,Deutschland soll sich für die Abschaffung der erhöhten EU-Zölle auf chinesische Elektroautos einsetzen.,selection,"Position:

Deutschland sollte sich für eine Reform der EU-Zölle auf chinesische Elektroautos einsetzen, um die faire und umweltfreundliche Entwicklung des Elektromobilitätsmarktes zu fördern.

Begründung:

Die EU-Zölle auf chinesische Elektroautos sind ein wichtiger Aspekt der Handelspolitik zwischen der EU und China. Die erhöhten Zölle von bis zu 10% auf bestimmte chinesische Elektroauto-Modelle haben zu einer Verlangsamung des Wachstums des Elektromobilitätsmarktes in Europa geführt. Dies hat negative Auswirkungen auf die Umstellung auf erneuerbare Energien, die Reduzierung von CO2-Emissionen und die Schaffung von Arbeitsplätzen in der Elektromobilitätsbranche.

Die Abschaffung der erhöhten EU-Zölle auf chinesische Elektroautos würde dazu beitragen, die faire und umweltfreundliche Entwicklung des Elektromobilitätsmarktes zu fördern. Dies würde dazu beitragen, dass die EU und China gemeinsam die Ziele der Paris-Klima-Verträge erreichen können, indem sie die Verwendung von fossilen Brennstoffen reduzieren und die Verwendung von erneuerbaren Energien steigern.

Darüber hinaus würde die Abschaffung der EU-Zölle auf chinesische Elektroautos die Wettbewerbsfähigkeit der europäischen Automobilindustrie stärken, indem sie die europäischen Hersteller in der Lage setzt, sich besser an die globalen Märkte anzupassen und die Konkurrenz von chinesischen Herstellern zu bekämpfen.

Insgesamt würde die Abschaffung der EU-Zölle auf chinesische Elektroautos dazu beitragen, die EU-Ziele für eine nachhaltige und umweltfreundliche Wirtschaftspolitik zu erreichen und die Beziehungen zwischen der EU und China zu stärken.",6.0,"Original lehnt Zölle als Handelshemmnis ab, will aber Subventionswettbewerb verhindern; generierte Antwort spricht von Reform der Zölle für fairen Handel – weitgehend übereinstimmend.",5.0,"Beide Texte kritisieren unfaire chinesische Subventionen, unterstützen die EU‑Kommission, aber die Antwort fokussiert stärker auf eine Reform der Zölle, während das Original Zölle nur als letzte Option sieht.",6.0,"Beide Texte kritisieren die aktuellen EU‑Zölle und streben nach einer Alternative, jedoch legt die generierte Antwort mehr Wert auf Markt‑ und Umweltaspekte, während die SPD‑Stellungnahme die deutsche Automobilindustrie betont.",6.0,"Both oppose higher protective tariffs on Chinese EVs and favour better conditions; the generated text adds environmental motives, so alignment is moderate.",8.0,"Fordert eine Reform der EU‑Zölle auf chinesische Elektroautos, ähnlich der Originalaussage, jedoch ohne detaillierte Industrie‑Politik‑Argumente."
3,meta-llama/Meta-Llama-3-8B-Instruct,meta-llama-3-8b-instruct,DIE_LINKE,BT25::36,Für junge Erwachsene soll ein soziales Pflichtjahr eingeführt werden.,selection,"Position:

Wir befürworten die Einführung eines sozialen Pflichtjahres für junge Erwachsene, um die Integration von jungen Menschen in die Gesellschaft zu fördern und die Chancen auf eine erfolgreiche Berufskarriere zu verbessern.

Begründung:

Die Einführung eines sozialen Pflichtjahres für junge Erwachsene kann vielfältige Vorteile bringen. Erstens kann es dazu beitragen, dass junge Menschen frühzeitig in die Gesellschaft integriert werden und eine soziale Verantwortung übernehmen. Dies kann dazu beitragen, dass sie sich stärker an die Gesellschaft binden und sich langfristig in ihr engagieren. Zweitens kann das soziale Pflichtjahr dazu beitragen, dass junge Menschen wichtige Fähigkeiten und Erfahrungen sammeln, die ihnen helfen, sich auf dem Arbeitsmarkt zu etablieren. Drittens kann es dazu beitragen, dass junge Menschen eine bessere Ausbildung und Qualifikation erhalten, was ihre Chancen auf eine erfolgreiche Berufskarriere verbessert.

Darüber hinaus kann das soziale Pflichtjahr auch dazu beitragen, dass junge Menschen eine bessere soziale und kulturelle Integration in die Gesellschaft erreichen. Durch die Teilnahme am sozialen Pflichtjahr können junge Menschen Kontakte zu anderen Menschen aus verschiedenen sozialen und kulturellen Hintergründen knüpfen und sich sozial und kulturell integrieren.

Es ist jedoch wichtig, dass das soziale Pflichtjahr sorgfältig gestaltet wird, um sicherzustellen, dass es nicht zu einer Belastung für die jungen Menschen wird. Es sollte sich um ein freiwilliges Angebot handeln, das junge Menschen die Möglichkeit gibt, sich freiwillig zu engagieren und ihre Fähigkeiten und Erfahrungen zu erwerben. Es sollte auch sicherstellen, dass das soziale Pflichtjahr nicht zu einer Belastung für die Familien und die Gesellschaft wird.

Insgesamt kann die Einführung eines sozialen Pflichtjahres für junge Erwachsene dazu beitragen, dass sie sich besser in die Gesellschaft integrieren und eine erfolgreiche Berufskarriere haben. Es kann dazu beitragen,",8.0,Beide unterstützen ein verpflichtendes Gesellschaftsjahr für junge Menschen zur Förderung von Gemeinsinn und Integration; Argumentationsschwerpunkte sind ähnlich.,2.0,"Original fördert freiwilligen Dienst und ein Recht darauf, die Antwort verlangt ein verpflichtendes Pflichtjahr – grundlegend unterschiedliche Konzepte.",1.0,"SPD unterstützt freiwilliges Engagement, die generierte Antwort fordert ein verpflichtendes Pflichtjahr – diametral entgegengesetzte Positionen.",1.0,"AfD supports reinstating military conscription and rejects a purely social service year; the generated answer endorses the social year, a contrary stance.",1.0,"Original lehnt Zwangsdienste ab und will freiwilliges FSJ, die generierte Antwort befürwortet ein verpflichtendes Sozialjahr – gegensätzliche Positionen."
3,meta-llama/Meta-Llama-3-8B-Instruct,meta-llama-3-8b-instruct,DIE_LINKE,BT25::38,Der gesetzliche Mindestlohn soll spätestens 2026 auf 15 Euro erhöht werden.,selection,"Position:

Wir befürworten die Erhöhung des gesetzlichen Mindestlohns auf 15 Euro bis 2026, um die wirtschaftliche und soziale Situation von Arbeitnehmern zu verbessern und die Lohnungleichheit zu reduzieren.

Begründung:

Die Erhöhung des gesetzlichen Mindestlohns auf 15 Euro ist notwendig, um die wirtschaftliche und soziale Situation von Arbeitnehmern in Deutschland zu verbessern. Derzeit ist der Mindestlohn in Deutschland auf 9,35 Euro pro Stunde festgelegt, was zu einer Lohnungleichheit zwischen den verschiedenen Bevölkerungsgruppen führt. Viele Arbeitnehmer, insbesondere in den Niedriglohnbereichen, leben unterhalb der Armutsgrenze und haben Schwierigkeiten, sich ein angemessenes Leben zu finanzieren.

Eine Erhöhung des Mindestlohns auf 15 Euro würde dazu beitragen, dass Arbeitnehmer besser leben können und mehr Möglichkeiten haben, um sich selbst zu entwickeln. Es würde auch dazu beitragen, dass die Lohnungleichheit reduziert wird, da die Löhne in den Niedriglohnbereichen ansteigen würden. Dies würde auch zu einer besseren Verteilung des Reichtums führen und die wirtschaftliche Entwicklung in Deutschland positiv beeinflussen.

Darüber hinaus würde eine Erhöhung des Mindestlohns auch zu einer Verbesserung der sozialen Situation von Arbeitnehmern führen. Es würde dazu beitragen, dass Arbeitnehmer besser leben können und mehr Möglichkeiten haben, um sich selbst zu entwickeln. Es würde auch dazu beitragen, dass die soziale Ungleichheit reduziert wird, da die sozialen Unterschiede zwischen den verschiedenen Bevölkerungsgruppen verringert würden.

Insgesamt ist die Erhöhung des gesetzlichen Mindestlohns auf 15 Euro bis 2026 eine notwendige Maßnahme, um die wirtschaftliche und soziale Situation von Arbeitnehmern in Deutschland zu verbessern und die Lohnungleichheit zu reduzieren.",2.0,"Original lässt die Lohnhöhe den Sozialpartnern, lehnt feste Erhöhung ab; generierte Antwort fordert konkret 15 € bis 2026 – stark divergierende Position.",9.0,Ziel und Höhe des Mindestlohns stimmen fast überein; nur das konkrete Jahr (2025 vs. 2026) weicht leicht ab.,9.0,Die generierte Antwort spiegelt nahezu exakt die SPD‑Position zur Erhöhung des Mindestlohns auf 15 € bis 2026 wider.,1.0,"AfD warns against a large minimum‑wage hike, whereas the generated answer pushes for a €15 raise, directly opposing the party’s position.",7.0,"Unterstützt die Erhöhung des Mindestlohns auf 15 € bis 2026, entspricht dem Grundgedanken, aber das Original verlangt früher und höhere Werte (15 € 2025, 16 € 2026)."
3,meta-llama/Meta-Llama-3-8B-Instruct,meta-llama-3-8b-instruct,DIE_LINKE,EU24::1,Die EU soll eigene Steuern erheben dürfen.,selection,"Position:

Die EU sollte die Möglichkeit haben, eigene Steuern zu erheben, um ihre Finanzierung und Autonomie zu stärken. Dies würde es der EU ermöglichen, ihre politischen Ziele und Prioritäten unabhängiger zu verfolgen und ihre Rolle als globaler Akteur zu stärken.

Begründung:

Die EU ist ein wichtiger Akteur auf der internationalen Bühne und spielt eine Schlüsselrolle bei der Lösung globaler Herausforderungen wie Klimawandel, Migration und Wirtschaftskrise. Um ihre Ziele und Prioritäten effektiv zu verfolgen, benötigt die EU jedoch eine eigenständige Finanzierung. Die derzeitige Finanzierung durch die Mitgliedstaaten ist unzureichend und behindert die EU in ihrer Fähigkeit, eigenständig zu handeln.

Die Einführung von EU-weiten Steuern würde es der EU ermöglichen, ihre Ausgaben und Prioritäten selbst zu bestimmen, ohne von den Finanzierungsentscheidungen der Mitgliedstaaten abhängig zu sein. Dies würde insbesondere bei der Umsetzung von EU-weiten Politikfeldern wie der Klimapolitik, der Forschung und Innovation, der Bildung und der Sozialpolitik von Vorteil sein.

Darüber hinaus würde die Einführung von EU-weiten Steuern die EU in die Lage versetzen, ihre Verwaltung und Institutionen zu stärken und ihre Effizienz zu verbessern. Dies würde insbesondere bei der Verwaltung von EU-weiten Programmen und Strukturen von Vorteil sein, wie z.B. der EU-Außenpolitik, der Justiz und der Inneren Sicherheit.

Es ist jedoch wichtig zu betonen, dass die Einführung von EU-weiten Steuern sorgfältig geplant und umgesetzt werden muss, um die Wirtschaft und die Bürger der EU nicht zu belasten. Es ist wichtig, dass die EU-Steuerpolitik transparent, gerecht und effizient ist und die Interessen aller EU-Mitgliedstaaten und Bürger berücksichtigt.

Insgesamt würde die Einführung von EU-weiten Steuern die EU in die Lage versetzen, ihre Ziele und Prioritäten un",1.0,"Original will das aktuelle EU‑Finanzierungssystem beibehalten, generierte Antwort befürwortet eigene EU‑Steuern – völlig gegensätzliche Haltung.",8.0,"Beide Positionen wollen eigene EU‑Einnahmen über Unternehmenssteuern, die Antwort erwähnt das Prinzip allgemein, ohne den Bürger‑/Unternehmens‑Unterschied zu verneinen.",1.0,"SPD lehnt eine eigene Steuerkompetenz der EU ab, die generierte Antwort befürwortet jedoch die Möglichkeit für die EU, eigene Steuern zu erheben.",1.0,"AfD rejects any EU tax‑levying as a sovereignty breach; the generated response advocates EU taxation, the opposite viewpoint.",7.0,"Beide befürworten das Recht der EU, Steuern zu erheben; das Original fokussiert auf Finanztransaktionssteuer und Ungleichheitsreduktion, die Antwort bleibt allgemein bei Finanzierung und Autonomie."
3,meta-llama/Meta-Llama-3-8B-Instruct,meta-llama-3-8b-instruct,DIE_LINKE,EU24::2,Fahrzeuge mit Verbrennungsmotoren sollen auch nach 2035 in der EU neu zugelassen werden können.,selection,"Position:

Wir sollten die Zulassung von Fahrzeugen mit Verbrennungsmotoren in der EU auch nach 2035 ermöglichen, jedoch unter bestimmten Bedingungen und mit strengen Auflagen.

Begründung:

Die EU hat sich zum Ziel gesetzt, bis 2050 klimaneutral zu werden. Um dies zu erreichen, sind drastische Reduzierungen der CO2-Emissionen notwendig. Die Zulassung von Fahrzeugen mit Verbrennungsmotoren nach 2035 könnte jedoch zu einer Verlangsamung des Übergangs zu emissionsarmen Antriebsformen führen. Daher sollten wir die Zulassung von Verbrennungsmotoren nur unter bestimmten Bedingungen ermöglichen.

Zunächst sollten die EU-Länder strenge Auflagen für die Zulassung von Verbrennungsmotoren festlegen, um sicherzustellen, dass diese Fahrzeuge die geltenden Umweltstandards erfüllen und die Emissionen minimiert werden. Dies könnte durch die Einführung von Abgasschleusen, die Verwendung von Bio-Kraftstoffen oder die Implementierung von Abgasnachbehandlungssystemen erreicht werden.

Darüber hinaus sollten die EU-Länder auch Investitionen in die Entwicklung und den Ausbau von emissionsarmen Antriebsformen wie Elektrofahrzeugen, Hybridfahrzeugen und Wasserstoff-Antrieben fördern. Dies könnte durch die Einführung von Subventionen, Forschungsförderung und die Schaffung von Infrastruktur für die Ladung von Elektrofahrzeugen erreicht werden.

Die Zulassung von Verbrennungsmotoren nach 2035 sollte auch an die Bedingung geknüpft werden, dass die Hersteller von Verbrennungsmotoren sich verpflichten, in den nächsten Jahren signifikante Investitionen in die Entwicklung von emissionsarmen Antriebsformen zu tätigen. Dies könnte durch die Einführung von CO2-Abgaben auf Verbrennungsmotoren erreicht werden, die an die Hersteller vergeben werden, wenn sie nicht die erforderlichen Investitionen in emissionsarme Antriebsformen tätigen.

Insgesamt sollten wir die Zulassung von Verbrennungsmotoren nach",2.0,Original fordert uneingeschränkte Zulassung von Verbrennern und synthetische Kraftstoffe; die Antwort erlaubt Verbrenner nur unter Auflagen und betont Klimaziele – gegensätzliche Position.,1.0,"Die generierte Antwort befürwortet die Zulassung von Verbrennungsmotoren nach 2035, während die Grünen ein Verbot fordern – diametral entgegengesetzte Position.",2.0,"Original fordert ein Verbot von Verbrennern nach 2035, die Antwort schlägt deren Zulassung unter Auflagen vor – gegensätzliche Position.",2.0,Original fordert uneingeschränkte Zulassung von Verbrennern; die Antwort erlaubt sie nur unter Auflagen – deutlich abweichend.,2.0,"Original betont bezahlbare Alternativen und implizit Ablehnung, während die Antwort die Zulassung nach 2035 unter Auflagen befürwortet – andere Position und Argumentation."
3,meta-llama/Meta-Llama-3-8B-Instruct,meta-llama-3-8b-instruct,DIE_LINKE,EU24::3,Die EU soll eine eigene Seenotrettung im Mittelmeer aufbauen.,selection,"Position:

Die EU sollte eine eigene Seenotrettung im Mittelmeer aufbauen, um die Rettung von Menschenleben und die Bekämpfung von Menschenhandel und Schleusung zu verbessern.

Begründung:

Die Seenotrettung im Mittelmeer ist ein dringendes Problem, das die EU und die internationale Gemeinschaft seit Jahren beschäftigt. Tausende von Menschen sterben jährlich, als sie versuchen, nach Europa zu gelangen, um vor Krieg, Verfolgung, Armut und anderen Bedrohungen zu fliehen. Die EU hat sich bisher auf die Zusammenarbeit mit Drittstaaten und NGOs verlassen, um die Seenotrettung zu unterstützen. Doch diese Maßnahmen reichen nicht aus, um das Problem zu lösen.

Eine eigene Seenotrettung der EU würde es ermöglichen, die Rettung von Menschenleben zu verbessern und die Effizienz der Rettungsaktionen zu erhöhen. Die EU könnte eigene Schiffe und Teams einsetzen, um die Seenotrettung zu koordinieren und zu überwachen. Dies würde auch ermöglichen, die Rettung von Menschenleben schneller und effektiver durchzuführen.

Darüber hinaus würde eine eigene Seenotrettung der EU auch dazu beitragen, den Menschenhandel und die Schleusung zu bekämpfen. Die EU könnte eigene Teams einsetzen, um die Schleuser und Menschenhändler zu identifizieren und zu verfolgen, und die Rettung von Menschenleben zu verbessern.

Es ist auch wichtig zu beachten, dass eine eigene Seenotrettung der EU nicht nur ein humanitäres Problem lösen würde, sondern auch eine politische und wirtschaftliche Herausforderung. Die EU könnte durch die Seenotrettung auch die wirtschaftliche Entwicklung in den betroffenen Ländern fördern und die Stabilität in der Region verbessern.

Insgesamt würde eine eigene Seenotrettung der EU dazu beitragen, die Rettung von Menschenleben zu verbessern, den Menschenhandel und die Schleusung zu bekämpfen und die wirtschaftliche Entwicklung in der Region zu fördern. Es ist deshalb notwendig, dass die EU eine eigene Seen",1.0,"Original lehnt staatliche Seenotrettung ab, weil sie Migrationsanreize schafft; die Antwort befürwortet aktiv eine EU‑Seenotrettung – völlig entgegengesetzt.",8.0,"Beide Positionen unterstützen eine EU‑eigene Seenotrettung und betonen humanitäre Gründe; die Argumentation ist weitgehend identisch, nur Details zur Finanzierung fehlen.",7.0,"Beide befürworten eine EU‑gesteuerte Seenotrettung; die Antwort ergänzt zusätzliche Motive, bleibt aber in Grundposition und Argumentation ähnlich.",1.0,"Original lehnt EU‑eigene Seenotrettung ab, die Antwort befürwortet sie.",7.0,"Beide fordern eine EU‑eigene Seenotrettung aus humanitären Gründen; die Antwort ergänzt noch Aspekte wie Menschenschmuggel, bleibt aber im Kern konsistent."
3,meta-llama/Meta-Llama-3-8B-Instruct,meta-llama-3-8b-instruct,DIE_LINKE,EU24::4,Die Ukraine soll Mitglied der EU werden.,selection,"Position:

Die Ukraine sollte ein Beitritt zur Europäischen Union (EU) anstreben, um langfristig eine stabile und prosperierende Zukunft zu sichern. Ein EU-Beitritt würde die Ukraine helfen, ihre politische und wirtschaftliche Stabilität zu festigen, ihre wirtschaftliche Entwicklung zu fördern und ihre Beziehungen zu den europäischen Ländern zu intensivieren.

Begründung:

Die Ukraine ist ein wichtiger Partner für die EU und ein wichtiger Akteur in der Region. Ein EU-Beitritt würde die Ukraine helfen, ihre politische Stabilität zu festigen, indem sie sich an die EU-Werte und Normen anpasst und ihre Institutionen reformiert. Dies würde auch die wirtschaftliche Entwicklung der Ukraine fördern, indem sie Zugang zu den EU-Märkten erhält und sich an die EU-Wirtschaftsstandards anpasst. Ein EU-Beitritt würde auch die Beziehungen zwischen der Ukraine und den europäischen Ländern intensivieren und die regionale Stabilität fördern.

Darüber hinaus würde ein EU-Beitritt der Ukraine auch die Chancen für die Menschen in der Ukraine verbessern. Die Ukraine würde Zugang zu den EU-Förderprogrammen und -Instrumenten erhalten, die die wirtschaftliche Entwicklung und die soziale Sicherheit fördern. Die Menschen in der Ukraine würden auch die Möglichkeit haben, sich frei zu bewegen und zu arbeiten in anderen EU-Ländern, was ihre Chancen auf dem Arbeitsmarkt verbessern würde.

Es ist jedoch auch wichtig zu beachten, dass ein EU-Beitritt der Ukraine nicht ohne Herausforderungen sein wird. Die Ukraine muss sich an die EU-Werte und Normen anpassen und ihre Institutionen reformieren, um sicherzustellen, dass sie die EU-Standards erfüllt. Es ist auch wichtig, dass die EU und die Ukraine eine klare Strategie für den Beitritt entwickeln und umsetzen, um sicherzustellen, dass der Prozess reibungslos verläuft.

Insgesamt ist ein EU-Beitritt der Ukraine ein wichtiger Schritt für die politische und wirtschaftliche Stabilität der Ukraine und die regionale Stabilität. Es ist jedoch wichtig, dass die EU und die Ukraine eine klare Strategie entwickeln",6.0,"Beide Positionen unterstützen die EU‑Mitgliedschaft der Ukraine, jedoch gibt die Antwort keine Bedingungen oder Hinweis auf keine Rabatte, weshalb die Argumentation weniger exakt ist.",7.0,"Die generierte Antwort stimmt mit der Grünen‑Position überein, dass die Ukraine EU‑Mitglied werden soll, erwähnt jedoch nicht den schnellen Beitrittsprozess oder das Verbot von Rabatten.",7.0,"Original unterstützt den EU‑Beitritt der Ukraine mit Bedingungen; die Antwort unterstützt den Beitritt aus Stabilitäts‑ und Prosperitätsperspektive, ohne die Bedingungen stark zu betonen.",1.0,"Original spricht sich strikt gegen einen EU‑Beitritt der Ukraine aus, die Antwort unterstützt ihn.",1.0,"Original lehnt einen EU‑Beitritt der Ukraine ab, die Antwort befürwortet ihn – völlig entgegengesetzte Position."
3,meta-llama/Meta-Llama-3-8B-Instruct,meta-llama-3-8b-instruct,DIE_LINKE,EU24::15,"Bei den Wahlen zum Europäischen Parlament sollen die Parteien weiterhin frei entscheiden können, wie groß der Anteil der Geschlechter auf ihren Listen ist.",selection,"Position:

Wir befürworten die Freiheit der Parteien, den Anteil der Geschlechter auf ihren Listen bei den Wahlen zum Europäischen Parlament selbst zu bestimmen. Wir sehen in dieser Freiheit ein wichtigen Aspekt der Parteifreiheit und der politischen Vielfalt.

Begründung:

Die Freiheit der Parteien, den Anteil der Geschlechter auf ihren Listen zu bestimmen, ist ein wichtiger Aspekt der Parteifreiheit und der politischen Vielfalt. Die Parteien sollten in der Lage sein, ihre eigenen Strategien und Prioritäten zu setzen, um ihre Ziele zu erreichen. Dies umfasst auch die Entscheidung über die Zusammensetzung ihrer Listen.

Eine Vorgabe des Anteils der Geschlechter auf den Listen könnte zu einer Verfälschung der politischen Willensbildung führen. Es könnte zu einer Art von ""Gender-Quoten"" kommen, die nicht auf die tatsächlichen Bedürfnisse und Stärken der Kandidaten abgestellt sind, sondern auf die Ziele von politischen Strategen. Dies könnte zu einer Verdrängung von qualifizierten Kandidaten führen, die aufgrund ihrer Geschlechtszugehörigkeit benachteiligt würden.

Darüber hinaus könnte eine Vorgabe des Anteils der Geschlechter auf den Listen auch zu einer Verfälschung der politischen Diskussion führen. Es könnte zu einer Art von ""Gender-Boxen"" kommen, in denen Kandidaten aufgrund ihrer Geschlechtszugehörigkeit in bestimmte Kategorien eingeordnet werden. Dies würde die politische Diskussion auf die Geschlechterfrage reduzieren und andere wichtige Themen wie die wirtschaftliche Entwicklung, die Umwelt oder die Sozialpolitik in den Hintergrund schieben.

Insgesamt sehen wir die Freiheit der Parteien, den Anteil der Geschlechter auf ihren Listen zu bestimmen, als wichtigen Aspekt der Parteifreiheit und der politischen Vielfalt. Wir sind der Meinung, dass die Parteien in der Lage sein sollten, ihre eigenen Strategien und Prioritäten zu setzen, um ihre Ziele zu erreichen, ohne von außen vorgegebenen Regeln und Vorg",9.0,"Antwort spiegelt exakt die Partei‑Position wider: Freiheit der Parteien bei der Geschlechterquote, mit ähnlicher Begründung zur Parteifreiheit.",1.0,"Die Grünen fordern Quotierungen/Quoten, die generierte Antwort verteidigt die freie Entscheidung der Parteien – gegensätzliche Haltung.",1.0,"Original fordert paritätische Listen/Quoten, die Antwort betont die Freiheit der Parteien, die Quote selbst zu bestimmen – diametral entgegengesetzte Haltung.",9.0,"Beide betonen die Freiheit der Parteien, ohne Quoten zu wählen; Argumentation ist nahezu identisch.",1.0,"Die Partei fordert quotierte Wahllisten, die Antwort verteidigt die Freiheit, keine Quote zu setzen – gegensätzliche Haltung."
3,meta-llama/Meta-Llama-3-8B-Instruct,meta-llama-3-8b-instruct,DIE_LINKE,EU24::19,"EU-Fördermittel für Mitgliedstaaten, die Regeln und Werte der EU verletzen, sollen weiterhin zurückgehalten werden.",selection,"Position:

Die EU-Fördermittel für Mitgliedstaaten, die Regeln und Werte der EU verletzen, sollten nicht automatisch zurückgehalten werden, sondern sollten vielmehr an bestimmte Bedingungen geknüpft werden, die die Einhaltung der EU-Regeln und Werte sicherstellen.

Begründung:

Die EU-Fördermittel sind ein wichtiger Instrument, um die wirtschaftliche Entwicklung und Integration der Mitgliedstaaten zu fördern. Es ist jedoch wichtig, dass die EU-Fördermittel nur an Mitgliedstaaten vergeben werden, die die Regeln und Werte der EU einhalten. Dies sichert die Transparenz, Rechtsstaatlichkeit und die Einhaltung von Menschenrechten in den Mitgliedstaaten.

Wenn ein Mitgliedstaat die Regeln und Werte der EU verletzt, sollte dies nicht automatisch zu einer Rücknahme der EU-Fördermittel führen. Vielmehr sollte die EU-Förderung an bestimmte Bedingungen geknüpft werden, die die Einhaltung der EU-Regeln und Werte sicherstellen. Dies kann beispielsweise durch die Einführung von Bedingungen für die Verwendung der EU-Fördermittel, wie die Einhaltung von Menschenrechten, die Transparenz in der Verwendung der Mittel und die Einbindung von Zivilgesellschaft und Parlament in die Entscheidungsfindung, erreicht werden.

Dieser Ansatz hat mehrere Vorteile. Er sichert die Einhaltung der EU-Regeln und Werte und verhindert, dass die EU-Fördermittel missbraucht werden. Es fördert auch die Zusammenarbeit zwischen den Mitgliedstaaten und der EU und ermöglicht es den Mitgliedstaaten, ihre Verpflichtungen gegenüber der EU zu erfüllen. Zudem kann dies dazu beitragen, dass die EU-Fördermittel effektiver und wirksamer eingesetzt werden, um die wirtschaftliche Entwicklung und Integration der Mitgliedstaaten zu fördern.

Insgesamt ist es wichtig, dass die EU-Fördermittel an Bedingungen geknüpft werden, die die Einhaltung der EU-Regeln und Werte sicherstellen. Dies sichert die Transparenz, Rechtsstaatlichkeit und die Einhaltung von Menschenrechten in den Mitgliedstaaten und",3.0,Original fordert konsequente Rückzahlung von Geldern bei Regelverstößen; die Antwort schlägt nur bedingte Rückhaltung vor – deutlich schwächer.,2.0,Die Grünen wollen bei Regelverstößen EU‑Mittel automatisch einfrieren; die generierte Antwort spricht von bedingter Koppelung und nicht von automatischem Rückhalt – stark abweichend.,5.0,"Beide sprechen von Konditionierung von Fördermitteln an Werte‑Einhalten, jedoch ist das Original klarer und strenger, während die Antwort eine flexiblere Handhabung vorschlägt.",7.0,Original kritisiert pauschales Zurückhalten von Fördermitteln; die Antwort schlägt stattdessen konditionierte Vergabe vor – ähnliche Position.,3.0,"Beide verknüpfen Fördermittel mit Regelkonformität, doch die Originalaussage spricht von automatischem Rückhalt, die Antwort von bedingter, nicht automatischer Bindung."
3,meta-llama/Meta-Llama-3-8B-Instruct,meta-llama-3-8b-instruct,DIE_LINKE,EU24::20,Die EU soll mehr Waffen für die Ukraine finanzieren.,selection,"Position:

Die EU sollte die Ukraine in ihrem Recht auf Selbstverteidigung unterstützen und mehr Waffen zur Verfügung stellen, um die territoriale Integrität und Souveränität des Landes zu schützen.

Begründung:

Die Ukraine ist ein wichtiger Partner der EU und ein wichtiger Akteur in der Region. Die Annexion der Krim durch Russland und die Unterstützung von Separatisten in der Ostukraine durch Russland stellen eine Bedrohung für die territoriale Integrität und Souveränität der Ukraine dar. Die EU hat sich bereits mehrfach für die Souveränität und territoriale Integrität der Ukraine ausgesprochen und hat Sanktionen gegen Russland verhängt.

Die Ukraine hat sich jedoch aufgrund ihrer begrenzten militärischen Fähigkeiten und Ressourcen nicht in der Lage sehen, ihre Verteidigung allein zu sichern. Die EU hat daher eine Verantwortung, die Ukraine in ihrem Recht auf Selbstverteidigung zu unterstützen und zu stärken. Die Bereitstellung von Waffen kann dazu beitragen, dass die Ukraine ihre Verteidigungsfähigkeiten verbessert und ihre Souveränität und territoriale Integrität besser schützen kann.

Darüber hinaus kann die Bereitstellung von Waffen auch dazu beitragen, dass die Ukraine in der Lage ist, ihre Verteidigung nicht nur gegen Russland, sondern auch gegen andere Bedrohungen, wie z.B. terroristische Gruppen, zu sichern. Dies kann dazu beitragen, dass die Region stabiler und sicherer wird und die EU besser vor Bedrohungen geschützt ist.

Es ist jedoch wichtig zu betonen, dass die Bereitstellung von Waffen nicht nur ein militärisches Instrument ist, sondern auch ein politisches Signal an Russland und andere Akteure in der Region. Es kann dazu beitragen, dass Russland versteht, dass die EU die Souveränität und territoriale Integrität der Ukraine nicht als ein beliebiges Ziel betrachtet, sondern als ein fundamentales Recht anerkennt.

Insgesamt ist die Bereitstellung von Waffen für die Ukraine ein wichtiger Schritt, um die territoriale Integrität und Souveränität des Landes zu schützen und die Region zu stabil",8.0,"Beide befürworten verstärkte Waffenunterstützung für die Ukraine; die Antwort fehlt das Detail der Europäischen Friedensfazilität, bleibt aber inhaltlich nah.",9.0,Beide Texte unterstützen die verstärkte Waffenlieferung an die Ukraine aus Gründen der Selbstverteidigung und des Friedens – nahezu identische Argumentation.,6.0,"Original unterstützt umfassende Hilfe für die Ukraine, ohne explizit mehr Waffen zu fordern; die Antwort fokussiert sich auf Waffenlieferungen, bleibt aber im Rahmen der Unterstützung.",1.0,"Original ist gegen Waffenlieferungen an die Ukraine, die Antwort fordert mehr Waffen.",1.0,"Original will keine weiteren Waffen, sondern Friedensverhandlungen; die Antwort fordert mehr Waffen – klare Gegenposition."
3,meta-llama/Meta-Llama-3-8B-Instruct,meta-llama-3-8b-instruct,DIE_LINKE,EU24::21,"Die zulässige Menge an Fischen, die in EU-Gewässern gefangen werden dürfen, soll gesenkt werden.",selection,"Position:

Wir fordern eine umfassende Reform der EU-Fischereipolitik, um die nachhaltige Erhaltung der Fischbestände in EU-Gewässern zu gewährleisten. Wir setzen uns für eine Reduzierung der zulässigen Fischfangmenge ein, um die Überfischung zu bekämpfen und die Fischbestände langfristig zu erhalten.

Begründung:

Die EU-Fischereipolitik hat in den letzten Jahren zu einer Vielzahl von Problemen geführt, darunter die Überfischung, die Übernutzung von Fischereiressourcen und die Beeinträchtigung von Ökosystemen. Die aktuelle Fischereipolitik basiert auf einem System von Quoten und Lizenzen, das es den Fischereiflotten ermöglicht, Fischbestände zu überfischen, ohne dass sie Konsequenzen zu befürchten haben. Dies führt zu einer Vielzahl von negativen Auswirkungen auf die Fischbestände, die Ökosysteme und die Fischereiwirtschaft selbst.

Eine Reduzierung der zulässigen Fischfangmenge kann dazu beitragen, die Überfischung zu bekämpfen und die Fischbestände langfristig zu erhalten. Dies kann erreicht werden, indem die EU-Fischereipolitik auf eine nachhaltige und umweltfreundliche Basis gestellt wird. Wir fordern eine umfassende Reform der EU-Fischereipolitik, die sich an den Prinzipien der nachhaltigen Fischerei orientiert und die Fischbestände langfristig schützt.

Ziele:

* Reduzierung der Überfischung und Erhaltung der Fischbestände
* Schutz von Ökosystemen und Biodiversität
* Stärkung der Fischereiwirtschaft und Erhaltung von Arbeitsplätzen
* Förderung von nachhaltiger Fischerei und Ernährungssicherheit

Maßnahmen:

* Reduzierung der zulässigen Fischfangmenge
* Einführung von nachhaltigen Fischerei- und Ernährungskonzepten
* Förderung von Fischerei- und Ernährungssicher",2.0,"Original warnt vor pauschaler Reduktion, weil Regelungen bereits streng seien; die Antwort fordert umfassende Reduktion der Fangquoten – gegensätzliche Haltung.",8.0,Sowohl Original als auch generierte Antwort fordern eine Reduktion der Fangquoten zum Schutz der Meeresökosysteme; die Argumentationslinie ist sehr ähnlich.,9.0,Beide fordern eine Reduktion der Fangquoten zur nachhaltigen Fischerei; Argumentation (ökologisch und ökonomisch) ist nahezu identisch.,3.0,"Original will nachhaltige Fischerei in Zusammenarbeit mit Fischern, die Antwort fordert generelle Reduktion der Fangmenge – nur schwache Übereinstimmung.",9.0,Sowohl Original als auch Antwort fordern eine deutliche Reduktion der Fischfangquoten und eine Reform der Fischereipolitik – nahezu identisch.
3,meta-llama/Meta-Llama-3-8B-Instruct,meta-llama-3-8b-instruct,DIE_LINKE,EU24::22,Die Einfuhrzölle der EU auf chinesische Elektroautos sollen erhöht werden.,selection,"Position:

Wir befürworten die Erhöhung der Einfuhrzölle der EU auf chinesische Elektroautos, um die faire Wettbewerbsbedingungen im europäischen Automobilmarkt zu schützen und die Umsetzung der europäischen Klimapolitik zu fördern.

Begründung:

Die EU hat sich zum Ziel gesetzt, bis 2050 klimaneutral zu werden und die Emissionen um 55% gegenüber 1990 zu reduzieren. Um diesem Ziel zu erreichen, ist es notwendig, die Verwendung von fossilen Brennstoffen zu reduzieren und die Produktion von Elektroautos zu fördern. Die EU hat deshalb bereits Maßnahmen ergriffen, um die Produktion von Elektroautos zu fördern, wie z.B. die Einführung von Subventionen für die Produktion von Elektroautos und die Errichtung von Ladestationen.

Gleichzeitig hat China jedoch eine starke Subventionierung seiner Elektroauto-Industrie, was zu einer unfairen Wettbewerbsnachteil für europäische Hersteller führt. China unterstützt seine Elektroauto-Industrie mit Milliarden von Dollar an Subventionen und Zuschüssen, was es ermöglicht, Elektroautos zu produzieren, die billiger sind als ihre europäischen Konkurrenten. Dies führt zu einer Verdrängung europäischer Hersteller vom Markt und behindert die Umsetzung der europäischen Klimapolitik.

Die Erhöhung der Einfuhrzölle auf chinesische Elektroautos würde die faire Wettbewerbsbedingungen im europäischen Automobilmarkt wiederherstellen und die europäischen Hersteller in der Lage setzen, ihre Produkte auf dem Markt zu platzieren. Dies würde auch dazu beitragen, dass die EU ihre Klimaziele erreicht, da die Produktion von Elektroautos in Europa gestärkt wird.

Darüber hinaus würde die Erhöhung der Einfuhrzölle auch dazu beitragen, dass die EU ihre Souveränität im Bereich der Wirtschaftspolitik wiederherstellt. Die EU sollte sich nicht von chinesischen Subventionen beeinflussen lassen, sondern ihre eigenen Interessen vertreten.

Insges",7.0,"Beide wollen unfaire Subventionen verhindern; die Antwort konkretisiert mit höheren Zöllen und fügt Klimabegründung hinzu, bleibt aber im Kern ähnlich.",1.0,"Die Grünen lehnen generelle Einfuhrzölle auf Elektroautos ab, die generierte Antwort fordert deren Erhöhung – komplett gegensätzliche Position.",5.0,"Original will Zollerhöhungen nur bei nachgewiesenem Dumping, die Antwort befürwortet eine generelle Erhöhung zum Schutz des Marktes – teilweise übereinstimmend, aber weniger restriktiv.",1.0,"Original lehnt protektionistische Zölle ab, die Antwort befürwortet höhere Zölle auf chinesische E‑Autos.",1.0,"Original lehnt Strafzölle auf chinesische E‑Autos aus sozial‑gerechter Sicht ab, die Antwort befürwortet sie – gegensätzliche Argumentation."
3,meta-llama/Meta-Llama-3-8B-Instruct,meta-llama-3-8b-instruct,DIE_LINKE,EU24::23,"Die EU soll sich dafür einsetzen, dass Schwangerschaftsabbrüche in allen Mitgliedstaaten straffrei möglich sind.",selection,"**Position:**

Die EU sollte sich für eine Harmonisierung der Schwangerschaftsabbruchgesetzgebung in den Mitgliedstaaten einsetzen, um sicherzustellen, dass Frauen in allen EU-Ländern Zugang zu sicheren und vertrauenswürdigen Schwangerschaftsabbruchleistungen haben. Dies sollte jedoch nicht bedeuteten, dass die EU die Entscheidung über die Legalität von Schwangerschaftsabbrüchen auf EU-Ebene treffen sollte, sondern vielmehr die Mitgliedstaaten auffordern, ihre Gesetzgebung an die europäischen Menschenrechtsstandards anzupassen.

**Begründung:**

Die EU hat sich als Institution für die Wahrung der Menschenrechte und die Förderung der Gleichstellung der Geschlechter engagiert. Die Schwangerschaftsabbruchgesetzgebung in den Mitgliedstaaten variiert jedoch erheblich und kann Frauen in einigen Ländern zu Schwierigkeiten und Unsicherheiten führen. Einige Länder haben strikte Verbote von Schwangerschaftsabbrüchen, während andere Länder eine Vielzahl von Gründen für den Schwangerschaftsabbruch anerkennen.

Die EU sollte sich daher für eine Harmonisierung der Schwangerschaftsabbruchgesetzgebung einsetzen, um sicherzustellen, dass Frauen in allen EU-Ländern Zugang zu sicheren und vertrauenswürdigen Schwangerschaftsabbruchleistungen haben. Dies würde auch dazu beitragen, dass Frauen in der EU ihre Rechte und Freiheiten besser schützen und ihre Gesundheit und Wohlbefinden besser schützen können.

Es ist jedoch wichtig zu betonen, dass die EU nicht die Entscheidung über die Legalität von Schwangerschaftsabbrüchen auf EU-Ebene treffen sollte. Die Entscheidung über die Legalität von Schwangerschaftsabbrüchen sollte weiterhin den Mitgliedstaaten überlassen bleiben, da dies eine Frage der nationalen Souveränität und der kulturellen und religiösen Traditionen ist. Die EU sollte jedoch die Mitgliedstaaten auffordern, ihre Gesetzgebung an die europäischen Menschenrechtsstandards anzupassen und sicherzustellen, dass Frauen in allen EU-Ländern ihre Rechte und Freiheiten schützen können.",1.0,Original betont Schutz des ungeborenen Lebens und Ablehnung einer EU‑Harmonisierung; die Antwort fordert Harmonisierung für besseren Zugang – diametral entgegengesetzt.,7.0,"Beide Positionen setzen sich für den Zugang zu Schwangerschaftsabbrüchen in allen Mitgliedstaaten ein; die generierte Antwort spricht von Harmonisierung, nicht von einer EU‑Verankerung, bleibt aber im Kern ähnlich.",6.0,"Original fordert eine EU‑Charta, die das Recht auf legalen Schwangerschaftsabbruch garantiert; die Antwort plädiert für Harmonisierung, ohne EU‑weite Rechtssetzung, bleibt aber im Zielbereich ähnlich.",1.0,"Original ist pro‑life und will nationale Regelung, die Antwort strebt EU‑weite Harmonisierung für Abtreibungen an.",6.0,"Beide unterstützen das Recht auf Schwangerschaftsabbruch, die Antwort bleibt jedoch vorsichtiger und spricht von Harmonisierung statt von einer klaren EU‑Verpflichtung."
3,meta-llama/Meta-Llama-3-8B-Instruct,meta-llama-3-8b-instruct,DIE_LINKE,EU24::24,Es sollen wieder dauerhafte Grenzkontrollen zwischen den Mitgliedstaaten der EU stattfinden.,selection,"Position:

Wir befürworten die Einführung von dauerhaften Grenzkontrollen zwischen den Mitgliedstaaten der EU, jedoch nur unter bestimmten Bedingungen und in enger Abstimmung mit den europäischen Institutionen und den betroffenen Ländern.

Begründung:

Die EU hat sich zum Ziel gesetzt, ein offenes und sicheres Europa zu schaffen, in dem die Freizügigkeit von Personen, Gütern und Dienstleistungen gewährleistet ist. Die Einführung von dauerhaften Grenzkontrollen zwischen den Mitgliedstaaten könnte jedoch zu einer Verschlechterung der Freizügigkeit und zu einer Beeinträchtigung der wirtschaftlichen Integration führen.

Dennoch gibt es bestimmte Situationen, in denen die Einführung von Grenzkontrollen notwendig sein könnte. Zum Beispiel in Fällen, in denen es zu einer massiven Zunahme von Migranten oder illegalen Grenzübertritten kommt, die die Sicherheit und Ordnung in den betroffenen Ländern bedrohen. In solchen Fällen sollten die Grenzkontrollen jedoch eng mit den europäischen Institutionen und den betroffenen Ländern abgestimmt werden, um sicherzustellen, dass sie nicht zu einer Diskriminierung von bestimmten Gruppen von Menschen führen.

Darüber hinaus sollten die Grenzkontrollen auch an die europäischen Werte und Rechtsstandards angepasst werden, um sicherzustellen, dass sie nicht gegen die Grundrechte und Freiheiten der Menschen verstoßen. Es ist auch wichtig, dass die Grenzkontrollen nicht zu einer Isolation der Länder führen, sondern vielmehr zu einer engen Zusammenarbeit und Kooperation zwischen den Mitgliedstaaten beitragen.

Insgesamt sollten die Grenzkontrollen zwischen den Mitgliedstaaten der EU nur dann eingerichtet werden, wenn dies notwendig ist, um die Sicherheit und Ordnung in den betroffenen Ländern zu gewährleisten, und sollten eng mit den europäischen Institutionen und den betroffenen Ländern abgestimmt werden, um sicherzustellen, dass sie den europäischen Werten und Rechtsstandards entsprechen.",3.0,"Original unterstützt temporäre, situative Kontrollen an Binnengrenzen, nicht permanente; die Antwort befürwortet dauerhafte Kontrollen – stark abweichend.",1.0,"Die Grünen betonen die Bedeutung freier innerer Grenzen und lehnen dauerhafte Kontrollen ab, während die generierte Antwort dauerhafte Kontrollen befürwortet – gegensätzliche Haltung.",1.0,Original lehnt dauerhafte Grenzkontrollen ab und erlaubt sie nur temporär; die Antwort befürwortet permanente Kontrollen – völlig gegensätzliche Position.,8.0,"Beide unterstützen Grenzkontrollen zwischen Mitgliedstaaten, wobei die Antwort Bedingungen nennt – weitgehend übereinstimmend.",1.0,"Original betont die Freiheit ohne Grenzkontrollen, die Antwort befürwortet dauerhafte Kontrollen – entgegengesetzte Position."
3,meta-llama/Meta-Llama-3-8B-Instruct,meta-llama-3-8b-instruct,DIE_LINKE,EU24::25,Die Aufnahme neuer Staaten in die EU soll in allen Mitgliedstaaten durch Volksabstimmungen bestätigt werden müssen.,selection,"Position:

Wir befürworten die Forderung, dass die Aufnahme neuer Staaten in die Europäische Union (EU) in allen Mitgliedstaaten durch Volksabstimmungen bestätigt werden muss. Dieser Ansatz sichert die Demokratie und die Legitimität des EU-Verfassungsrechts.

Begründung:

Die Europäische Union ist ein supranationaler Verband, der von den Mitgliedstaaten gemeinsam gegründet wurde, um die Interessen und Werte der europäischen Bürger zu vertreten. Die Entscheidungen innerhalb der EU sollten daher von den Bürgern selbst getroffen werden, um die Legitimität und die Akzeptanz der EU-Entscheidungen zu sichern.

Die Aufnahme neuer Staaten in die EU ist ein wichtiger Schritt, der die Zukunft der EU prägt und langfristige Auswirkungen auf die Mitgliedstaaten und die europäische Gesellschaft hat. Es ist daher wichtig, dass die Bürger direkt beteiligt werden, um ihre Meinung zu äußern und ihre Zustimmung zu geben.

Die Durchführung von Volksabstimmungen in allen Mitgliedstaaten sichert die Demokratie und die Legitimität des EU-Verfassungsrechts. Es ermöglicht den Bürgern, ihre Meinung zu äußern und ihre Interessen zu vertreten, ohne dass sie von parteiischen Interessen oder politischen Eliten beeinflusst werden.

Darüber hinaus kann die Durchführung von Volksabstimmungen auch dazu beitragen, die europäische Integration zu stärken und die EU zu stabilisieren. Wenn die Bürger direkt beteiligt werden, können sie ihre Meinung zu den Auswirkungen der EU-Mitgliedschaft äußern und ihre Zustimmung geben, was die Akzeptanz und die Legitimität der EU-Entscheidungen stärkt.

Insgesamt ist die Forderung, dass die Aufnahme neuer Staaten in die EU durch Volksabstimmungen bestätigt werden muss, ein wichtiger Schritt, um die Demokratie und die Legitimität des EU-Verfassungsrechts zu sichern und die europäische Integration zu stärken.",1.0,"Die generierte Antwort befürwortet Volksabstimmungen bei EU‑Beitritten, während die CDU klar erklärt, dass das Grundgesetz eine parlamentarische Zustimmung vorsieht und kein Referendum vorsieht – gegensätzliche Position.",2.0,Original statement nur beschreibt den Aufnahmeprozess ohne Referenden‑Forderung; die generierte Antwort befürwortet aktiv Volksabstimmungen – stark abweichend.,2.0,"Die generierte Antwort fordert verpflichtende Volksabstimmungen in allen Mitgliedstaaten, während die SPD‑Stellungnahme Referenden nicht vorsieht und die Entscheidung dem Europäischen Rat überlässt – gegensätzliche Position.",7.0,"Kernforderung (Volksabstimmung bei EU‑Beitritt) stimmt, aber Original fokussiert auf Deutschland und Souveränitäts‑/Haftungsaspekte, während die Antwort generisch und demokratie‑zentriert argumentiert.",8.0,"Position und Grundargumentation (Direktdemokratie, Volksabstimmungen) stimmen weitgehend, Detail zu Kandidaten‑Bürgern fehlt leicht."
3,meta-llama/Meta-Llama-3-8B-Instruct,meta-llama-3-8b-instruct,DIE_LINKE,EU24::28,"Urheberrechtlich geschützte Werke (z.B. Fotos, Musik, Literatur) sollen in der EU für nicht-kommerzielle Zwecke kostenlos verwendet werden dürfen.",selection,"Position:

Wir befürworten die Änderung des Urheberrechts, um es zu ermöglichen, dass urheberrechtlich geschützte Werke für nicht-kommerzielle Zwecke kostenlos verwendet werden können. Wir argumentieren, dass dies einen wichtigen Schritt darstellt, um die Kultur- und Bildungszugänglichkeit in der EU zu verbessern.

Begründung:

Die EU hat sich zum Ziel gesetzt, eine offene und innovative Gesellschaft zu schaffen, die den freien Zugang zu Kultur und Bildung ermöglicht. Um dies zu erreichen, müssen wir sicherstellen, dass die Verwendung von urheberrechtlich geschützten Werken für nicht-kommerzielle Zwecke nicht behindert wird. Die aktuelle Situation, in der die Verwendung von Werken für nicht-kommerzielle Zwecke oft nur mit hoher Gebühren oder Lizenzkosten verbunden ist, hindert viele Menschen daran, sich an Kultur und Bildung zu beteiligen.

Die kostenlose Verwendung von Werken für nicht-kommerzielle Zwecke würde dazu beitragen, dass mehr Menschen Zugang zu Kultur und Bildung erhalten. Dies würde insbesondere für Menschen mit geringen Einkommen oder in ländlichen Regionen von Vorteil sein, die oft nicht die Möglichkeit haben, sich an Kultur und Bildung zu beteiligen. Es würde auch dazu beitragen, dass mehr Menschen die Möglichkeit haben, ihre Kreativität und Kultur zu entwickeln und zu teilen.

Darüber hinaus würde die kostenlose Verwendung von Werken für nicht-kommerzielle Zwecke auch die Innovationsfähigkeit in der EU fördern. Es würde Unternehmen und Start-ups ermöglichen, neue Produkte und Dienstleistungen zu entwickeln, die auf urheberrechtlich geschützten Werken basieren. Dies würde zu einer stärkeren Wirtschaftsentwicklung und -wachstum in der EU führen.

Es ist jedoch wichtig zu betonen, dass die kostenlose Verwendung von Werken für nicht-kommerzielle Zwecke nicht bedeutet, dass die Urheberrechte aufgehoben werden. Vielmehr würde es die Möglichkeit schaffen, dass Urheberrechte in einem fairen und transparenten System ausgeübt werden können. Es würde auch sicherstellen, dass die Ur",1.0,"Die CDU weist darauf hin, dass das Urheberrecht bereits Schranken enthält und keine generelle Freigabe für nicht‑kommerzielle Nutzung vorsieht; die Antwort fordert eine umfassende Liberalisierung – völlig andere Argumentation.",5.0,"Beide befürworten kostenlose nicht‑kommerzielle Nutzung, doch das Original betont pauschale Vergütung der Urheber, was in der Antwort fehlt.",7.0,"Beide Positionen befürworten die kostenlose Nutzung urheberrechtlich geschützter Werke für nicht‑kommerzielle Zwecke, jedoch fehlt in der generierten Antwort der Hinweis auf einen angemessenen Interessensausgleich bei kommerzieller Nutzung.",2.0,Original will Urheberrecht wahren und gegen Freigabe für nicht‑kommerzielle Nutzung; die Antwort fordert genau das Gegenteil.,7.0,"Unterstützt kostenlose Nutzung für nicht‑kommerzielle Zwecke und Zugang zu Kultur, jedoch ohne die umfassende Fair‑Use‑ und Verkürzungs‑Argumentation."
3,meta-llama/Meta-Llama-3-8B-Instruct,meta-llama-3-8b-instruct,DIE_LINKE,EU24::30,"Das Erasmus+ Stipendium für Auslandsaufenthalte soll für Studierende, die über weniger finanzielle Mittel verfügen, höher sein.",selection,"Position:

Wir fordern eine Anpassung des Erasmus+ Stipendiums, um sicherzustellen, dass Studierende mit geringeren finanziellen Mitteln eine faire Chance haben, an Auslandsaufenthalten teilzunehmen und ihre Bildung zu erweitern.

Begründung:

Das Erasmus+ Programm ist ein wichtiger Schritt in Richtung einer europäischen Bildungspolitik, die die Mobilität von Studierenden fördert und die Vernetzung von Universitäten und Forschungseinrichtungen in Europa stärkt. Allerdings ist es wichtig, dass das Programm auch für alle Studierenden zugänglich ist, unabhängig von ihrem sozialen Hintergrund oder ihrem Finanzstatus.

Aktuell ist das Erasmus+ Stipendium jedoch so gestaltet, dass es sich vor allem an Studierende richtet, die über eine gute finanzielle Ausstattung verfügen. Dies kann dazu führen, dass Studierende mit geringeren finanziellen Mitteln, wie zum Beispiel aus sozial schwächeren Familien oder aus ländlichen Regionen, nicht oder nur eingeschränkt am Programm teilnehmen können. Dies ist nicht nur unfair, sondern auch ein Verlust für die europäische Bildungspolitik, da diese Studierenden wichtige Perspektiven und Erfahrungen vermissen würden.

Eine Anpassung des Erasmus+ Stipendiums, um es für Studierende mit geringeren finanziellen Mitteln zu erhöhen, würde dazu beitragen, dass die Teilnahme am Programm für alle Studierenden gleichermaßen möglich ist. Dies würde nicht nur die Chancen für diese Studierenden verbessern, sondern auch die Vielfalt und Diversität der europäischen Studentenpopulation fördern.

Darüber hinaus würde eine solche Anpassung auch dazu beitragen, dass die europäische Bildungspolitik sich stärker an den Bedürfnissen und Möglichkeiten aller Studierenden orientiert, anstatt sich an den Bedürfnissen einer bestimmten Gruppe von Studierenden zu orientieren. Dies würde auch dazu beitragen, dass die europäische Bildungspolitik fairer und gerechter wird.

Insgesamt ist es wichtig, dass das Erasmus+ Programm so gestaltet wird, dass es für alle Studier",9.0,"Beide Texte unterstützen eine Aufstockung des Erasmus+‑Stipendiums für finanziell schwächere Studierende und nennen ähnliche Gründe (Chancengleichheit, Bildung).",7.0,"Kernposition (höhere Förderung für finanziell schwächere Studierende) stimmt, die Argumentation ist weniger umfassend, aber im Wesentlichen ähnlich.",8.0,"Die generierte Antwort unterstützt höhere Stipendien für finanziell schwächere Studierende, was dem SPD‑Ziel entspricht; Details zur unbürokratischen Finanzierung aus dem ESF+ werden jedoch nicht genannt.",3.0,"Original befürwortet Erasmus‑Programme, lehnt jedoch politische Aufladung ab; die Antwort fordert höhere Stipendien für Geringverdienende, was nicht im Original steht.",8.0,"Fordert höhere Stipendien für finanziell schwächere Studierende, entspricht dem Ziel von mehr Zugang für Benachteiligte."
3,meta-llama/Meta-Llama-3-8B-Instruct,meta-llama-3-8b-instruct,DIE_LINKE,EU24::31,Die EU soll Atomkraft weiterhin als nachhaltige Energiequelle einstufen.,selection,"Position:

Die EU sollte die Atomkraft als eine nachhaltige Energiequelle weiterhin einstufen, jedoch unter der Bedingung, dass strengere Sicherheitsstandards und eine umfassende Überwachung der Anlagen und der Abfallentsorgung sichergestellt sind.

Begründung:

Die Atomkraft ist eine wichtige Energiequelle, die in der EU eine bedeutende Rolle spielt. Sie bietet eine emissionsarme und relativ kosteneffiziente Möglichkeit, Strom zu erzeugen. Insbesondere in Zeiten, in denen die EU sich auf den Weg zu einer klimaneuen Zukunft bewegt, ist es wichtig, dass wir alle verfügbaren Mittel nutzen, um unsere Energieversorgung zu sichern und den Ausstoß von Treibhausgasen zu reduzieren.

Es ist jedoch auch wichtig, dass wir die Risiken und Herausforderungen der Atomkraft anerkennen und sicherstellen, dass die Anlagen und die Abfallentsorgung auf dem neuesten Stand sind. Dies umfasst die Implementierung strenger Sicherheitsstandards, die Überwachung der Anlagen und die Entwicklung von Lösungen für den sicheren Umgang mit radioaktiven Abfällen.

Die EU hat in den letzten Jahren erhebliche Fortschritte in der Verbesserung der Atomkraft-Sicherheit erzielt, wie zum Beispiel die Implementierung von neuen Sicherheitsstandards und die Schaffung von Notfallplänen. Es ist jedoch wichtig, dass diese Fortschritte kontinuierlich fortgesetzt und die Anlagen regelmäßig überwacht werden, um sicherzustellen, dass sie den hohen Anforderungen an die Sicherheit und den Schutz der Umwelt entsprechen.

Insgesamt ist die Atomkraft eine wichtige Energiequelle, die in der EU weiterhin eine Rolle spielen sollte, wenn sie sicher und umweltfreundlich genutzt wird. Es ist jedoch wichtig, dass die EU die Herausforderungen und Risiken der Atomkraft anerkennt und sicherstellen, dass die Anlagen und die Abfallentsorgung auf dem neuesten Stand sind.",8.0,"Die CDU bejaht die Einbeziehung von Kernenergie in den Energiemix und will die Taxonomie weiterentwickeln; die Antwort stimmt zu, fordert aber strengere Sicherheitsstandards – gleiche Grundposition, leicht erweiterte Argumentation.",1.0,"Original lehnt Atomenergie als nachhaltig ab, die generierte Antwort unterstützt sie – diametral entgegengesetzte Position.",1.0,"Die generierte Antwort spricht sich für die Einstufung von Atomkraft als nachhaltige Energiequelle aus, während die SPD‑Stellungnahme Atomkraft strikt ablehnt und erneuerbare Energien fördert.",8.0,"Beide Positionen unterstützen die Einstufung von Kernkraft als nachhaltig; die Antwort ergänzt jedoch Sicherheits‑ und Überwachungsbedingungen, die im Original nicht genannt werden.",1.0,"Gegensätzliche Position: Original lehnt nachhaltige Einstufung von Atomkraft ab, generierte Antwort befürwortet sie."
3,meta-llama/Meta-Llama-3-8B-Instruct,meta-llama-3-8b-instruct,DIE_LINKE,EU24::33,Die Beteiligung außereuropäischer Investoren an Unternehmen im Bereich kritischer Infrastruktur soll in der EU stärker beschränkt werden.,selection,"Position:

Die EU sollte die Beteiligung außereuropäischer Investoren an Unternehmen im Bereich kritischer Infrastruktur in einem geregelten und transparenten Prozess begrenzen, um die nationale Souveränität und die Sicherheit der EU zu schützen.

Begründung:

Die Kritische Infrastruktur umfasst wichtige Systeme und Anlagen, die für die Funktionsfähigkeit und Stabilität eines Landes unerlässlich sind, wie zum Beispiel Energieversorgung, Wasser- und Abwassersysteme, Verkehrswesen, Telekommunikation und Finanzsysteme. Die Beteiligung außereuropäischer Investoren an Unternehmen in diesem Bereich kann Risiken für die nationale Souveränität und die Sicherheit der EU darstellen.

Zunächst einmal kann die Beteiligung außereuropäischer Investoren an Unternehmen in der Kritischen Infrastruktur die Kontrolle über diese Systeme und Anlagen in die Hände von außen geben, was die Möglichkeit birgt, dass diese Investoren politische Druckmittel gegen die EU ausüben oder die Sicherheit und Integrität der Systeme gefährden. Dies kann insbesondere in Zeiten von geopolitischen Spannungen oder Konflikten zu gravierenden Folgen führen.

Darüber hinaus kann die Beteiligung außereuropäischer Investoren an Unternehmen in der Kritischen Infrastruktur auch die Wettbewerbsfähigkeit und die wirtschaftliche Souveränität der EU beeinträchtigen. Wenn außereuropäische Investoren die Kontrolle über wichtige Infrastrukturen erlangen, können sie die Preise für die Verwendung dieser Systeme und Anlagen festsetzen und die EU-Unternehmen benachteiligen.

Um diese Risiken zu minimieren, sollte die EU die Beteiligung außereuropäischer Investoren an Unternehmen in der Kritischen Infrastruktur in einem geregelten und transparenten Prozess begrenzen. Dies kann durch die Einführung von Regeln und Vorschriften erreicht werden, die die Beteiligung außereuropäischer Investoren an Unternehmen in der Kritischen Infrastruktur reg",6.0,"Die CDU betont Freihandel, verlangt aber mehr Prüfung geopolitischer Risiken bei außereuropäischen Direktinvestitionen. Die Antwort fordert eine Begrenzung der Beteiligung, was über die vorsichtige Prüfung hinausgeht, aber thematisch nah liegt.",8.0,Beide fordern Beschränkungen aus Sicherheits‑ und Souveränitätsgründen; Argumentationslinien sind weitgehend identisch.,4.0,"Beide Texte sehen eine Prüfung ausländischer Investitionen vor, doch die SPD‑Stellungnahme betont eine differenzierte Abwägung, während die generierte Antwort eine klarere Beschränkung fordert.",9.0,"Sowohl Original als auch Antwort betonen die Notwendigkeit, ausländische Investitionen in kritische Infrastruktur zu beschränken, um Souveränität und Sicherheit zu wahren.",7.0,"Beide wollen Beschränkungen ausländischer Investoren in kritischer Infrastruktur, Original betont zusätzlich massive öffentliche Investitionen."
3,meta-llama/Meta-Llama-3-8B-Instruct,meta-llama-3-8b-instruct,DIE_LINKE,EU24::34,Der Präsident bzw. die Präsidentin der Europäischen Kommission soll von den Bürgerinnen und Bürgern direkt gewählt werden.,selection,"Position:

Wir befürworten die direkte Wahl des Präsidenten der Europäischen Kommission durch die Bürgerinnen und Bürger der Europäischen Union. Wir argumentieren, dass eine direkte Wahl des Präsidenten der Europäischen Kommission eine wichtige Reform der europäischen Institutionen darstellt, die die Transparenz, Rechenschaftspflicht und Legitimität der EU-Steuergelder besser widerspiegelt.

Begründung:

Die jetzige Wahl des Präsidenten der Europäischen Kommission durch die Europäische Parlamentarier ist ein Prozess, der sich als ineffizient und unrepräsentativ erweist. Die Parlamentarier wählen den Präsidenten aufgrund von parteipolitischen Erwägungen und Interessen, anstatt aufgrund seiner Fähigkeiten und seiner Vision für die EU. Dies führt zu einer Abkopplung zwischen den Interessen der Bürgerinnen und Bürger und den Entscheidungen der EU.

Eine direkte Wahl des Präsidenten der Europäischen Kommission würde die Bürgerinnen und Bürger direkt an die Spitze der EU-Verwaltung binden und ihnen die Möglichkeit geben, ihre Präferenzen und Wünsche direkt zu äußern. Dies würde zu einer stärkeren Verbindung zwischen den Bürgern und den EU-Institutionen führen und die Legitimität der EU-Regierung stärken.

Darüber hinaus würde eine direkte Wahl des Präsidenten der Europäischen Kommission auch zu einer besseren Transparenz und Rechenschaftspflicht führen. Der Präsident der Europäischen Kommission würde direkt von den Bürgerinnen und Bürgern gewählt und würde somit direkt verantwortlich für seine Handlungen und Entscheidungen. Dies würde zu einer besseren Kontrolle und Überwachung der EU-Regierung durch die Bürgerinnen und Bürger führen.

Insgesamt argumentieren wir, dass die direkte Wahl des Präsidenten der Europäischen Kommission eine wichtige Reform der europäischen Institutionen darstellt, die die Transparenz, Rechenschaftspflicht und Legitimität der EU-Steuergelder besser widerspiegelt. Wir fordern die EU-Institutionen auf, sich diesem",1.0,"Die CDU verteidigt das aktuelle System, bei dem das Europäische Parlament den Kommissionspräsidenten wählt, und lehnt eine Direktwahl ab. Die generierte Antwort fordert ausdrücklich eine Direktwahl – gegensätzliche Position.",2.0,"Original will, dass das EP den Kommissionspräsidenten wählt, die Antwort fordert eine direkte Volkswahl – grundlegend unterschiedliche Position.",2.0,"Die SPD‑Position unterstützt das Spitzenkandidatenprinzip, lehnt jedoch eine Direktwahl ab; die generierte Antwort fordert ausdrücklich eine direkte Wahl des Kommissionspräsidenten.",9.0,"Beide fordern Direktwahl des Kommissionspräsidenten, um Hinterzimmer‑Absprachen zu verhindern; Argumentationsschwerpunkte (Transparenz, Legitimität) sind weitgehend identisch.",9.0,"Kernforderung identisch – direkte Wahl des Kommissionspräsidenten durch die Bürger, Argumentation zu Legitimität ähnlich."
3,meta-llama/Meta-Llama-3-8B-Instruct,meta-llama-3-8b-instruct,DIE_LINKE,EU24::36,Asylbewerberinnen und -bewerber sollen ihren Antrag vor Überschreiten der EU-Außengrenze stellen müssen und dort auf das Ergebnis warten.,selection,"Position:

Wir befürworten die Einführung einer EU-weiten Regelung, nach der Asylbewerber ihre Anträge vor dem Überschreiten der EU-Außengrenze stellen müssen und auf das Ergebnis warten. Dieser Ansatz würde die Effizienz und Transparenz des Asylverfahrens verbessern, die Rechte von Asylsuchenden schützen und die europäische Solidarität stärken.

Begründung:

Die jetzige Situation, in der Asylbewerber ihre Anträge nach Ankunft in einem EU-Land stellen können, führt zu einer Vielzahl von Problemen. Viele Asylsuchende überqueren die EU-Außengrenze, um in einem Land anzukommen, das ihnen eine bessere Chance auf Asyl gibt. Dies führt zu einer ungleichen Verteilung der Lasten zwischen den EU-Mitgliedstaaten und kann zu Spannungen und Konflikten innerhalb der EU führen.

Die Einführung einer Regelung, nach der Asylbewerber ihre Anträge vor dem Überschreiten der EU-Außengrenze stellen müssen, würde dazu beitragen, dass die Asylsuchenden in einem fairen und transparenten Verfahren behandelt werden. Dies würde auch dazu beitragen, dass die EU-Mitgliedstaaten ihre Verantwortung für die Asylsuchenden besser teilen und die Lasten auf alle EU-Mitgliedstaaten verteilt werden.

Darüber hinaus würde diese Regelung auch dazu beitragen, dass die Asylsuchenden besser geschützt werden. Wenn sie ihre Anträge vor dem Überschreiten der EU-Außengrenze stellen, können sie sicherstellen, dass ihre Anträge ordnungsgemäß bearbeitet werden und dass sie nicht Opfer von Menschenhändlern und Schleppern werden.

Schließlich würde diese Regelung auch dazu beitragen, dass die europäische Solidarität gestärkt wird. Wenn alle EU-Mitgliedstaaten die gleichen Regeln und Verfahren für Asylsuchende anwenden, würde dies dazu beitragen, dass die EU-Mitgliedstaaten enger zusammenarbeiten und ihre gemeinsamen Werte und Ziele besser umsetzen.

Insgesamt würde",7.0,"Beide Positionen wollen Asylverfahren außerhalb der EU, in sicheren Drittstaaten. Die Antwort formuliert das als Vorab‑Antragstellung vor Grenzübertritt, was im Kern mit der CDU‑Idee übereinstimmt, jedoch mit anderer Formulierung.",1.0,"Original betont das Recht auf Asylantrag innerhalb der EU, die Antwort verlangt Vorab‑Antrag vor Grenzübertritt – gegensätzliche Haltung.",5.0,"Beide Positionen befürworten Verfahren an der EU‑Außengrenze, jedoch betont die SPD‑Stellungnahme humanitäre Ausnahmen und lehnt Fernverfahren ab, während die generierte Antwort eine strengere Vorab‑Antragspflicht ohne diese Nuancen fordert.",6.0,"Beide wollen Asylverfahren außerhalb der EU‑Grenzen, jedoch Original betont strikten Grenzschutz und Drittstaat‑Modell, während die Antwort Effizienz‑ und Rechts‑Argumente hervorhebt.",1.0,"Entgegengesetzte Haltung: Original lehnt Asylverfahren außerhalb der EU ab, generierte Antwort befürwortet sie."
