schema_version,model,model_short_name,steered_party_key,thesis_key,thesis,split,steered_response,sim_CDU_CSU,judge_rationale_CDU_CSU,sim_GRUENE,judge_rationale_GRUENE,sim_SPD,judge_rationale_SPD,sim_AfD,judge_rationale_AfD,sim_DIE_LINKE,judge_rationale_DIE_LINKE
3,meta-llama/Llama-3.2-3B-Instruct,llama-3-2-3b-instruct,CDU_CSU,BT21::3,Bei Bundestagswahlen sollen auch Jugendliche ab 16 Jahren wählen dürfen.,selection,"**Position:**

Ich unterstütze die Forderung, dass Jugendliche ab 16 Jahren das Wahlrecht erhalten sollten.

**Begründung:**

Die Forderung, Jugendliche ab 16 Jahren das Wahlrecht zu gewähren, ist eine wichtige Schritt in Richtung einer inklusiveren und demokratischeren Gesellschaft. Hier sind einige Gründe, warum ich diese Position einnehme:

1. **Reife und Selbstbestimmung**: Jugendliche ab 16 Jahren sind oft bereits in der Lage, ihre eigenen Entscheidungen zu treffen und ihre Meinungen zu bilden. Sie haben oft eine klare Vorstellung von den politischen Themen und den politischen Systemen, die sie beeinflussen. Das Wahlrecht würde ihnen ermöglichen, ihre Stimme abzugeben und ihre Zukunft zu bestimmen.
2. **Demokratische Teilhabe**: Das Wahlrecht ist ein grundlegendes Element der Demokratie. Es ist wichtig, dass alle Bürgerinnen und Bürger, unabhängig von ihrem Alter, die Möglichkeit haben, an der politischen Entscheidungsfindung teilzunehmen. Jugendliche sollten nicht von der Altersgrenze abgehalten werden, ihre Meinung zu äußern und ihre Zukunft zu bestimmen.
3. **Bildung und Aufklärung**: Jugendliche sollten über die politischen Themen und die Funktionen des Wahlrechts aufgeklärt werden. Sie sollten lernen, wie sie ihre Stimme abgeben können und wie sie die politischen Entscheidungen beeinflussen können. Dies würde ihre politische Bildung und ihre politische Bildung fördern.
4. **Gleichberechtigung**: Die Altersgrenze von 18 Jahren ist oft als eine historische Konstruktion angesehen, die auf einer bestimmten Vorstellung von Reife und Maturity basiert. Es ist jedoch wichtig, zu erkennen, dass Jugendliche ab 16 Jahren oft bereits in der Lage sind, ihre eigenen Entscheidungen zu treffen und ihre Meinungen zu bilden. Die Einführung des Wahlrechts für Jugendliche würde eine Gleichberechtigung von Jugendlichen und Erwachsenen fördern.
5. **Internationale Vergleich**: Viele Länder haben bereits Jugendliche ab 16 Jahren das Wahlrecht gewährt. Deutschland sollte sich dieser Trend anschließen und die Altersgrenze senken,",1.0,"Partei lehnt Wahlrecht ab 16 ab, generierte Antwort befürwortet es – gegensätzliche Position.",8.0,Both endorse voting at 16; arguments differ but overall position matches.,8.0,Both endorse lowering the voting age to 16 and argue for youth participation; the generated answer is a generic justification but matches the SPD’s position.,1.0,Original statement rejects lowering voting age; generated answer supports it – opposite positions.,9.0,Both endorse lowering the voting age to 16; the generated answer expands on the same inclusive‑democratic argument.
3,meta-llama/Llama-3.2-3B-Instruct,llama-3-2-3b-instruct,CDU_CSU,BT21::4,Die Förderung von Windenergie soll beendet werden.,selection,"**Analyse der These: Die Förderung von Windenergie soll beendet werden**

Als neutraler politischer Analyst muss ich mich mit der These auseinandersetzen, dass die Förderung von Windenergie beendet werden soll. Um eine sachliche und objektive Position zu formulieren, muss ich die Vor- und Nachteile der Windenergie-Förderung analysieren und die Argumente für und gegen die Beendigung dieser Förderung abwägen.

**Argumente für die Beendigung der Windenergie-Förderung:**

1. **Überkapazität**: Die deutsche Windenergie-Förderung ist seit 2010 in Kraft und hat zu einer Überkapazität geführt. Viele Windparks sind bereits überkapazitiv und produzieren mehr Energie als die Gesamtverbrauchssituation in Deutschland erfordert. Eine Beendigung der Förderung würde dazu führen, dass die Überkapazität reduziert wird und die Energieversorgung besser auf die tatsächlichen Bedürfnisse angepasst wird.
2. **Wirtschaftliche Belastung**: Die Windenergie-Förderung ist ein teures Unterfangen, das jährlich Milliarden von Euro kostet. Eine Beendigung der Förderung würde zu einer Reduzierung der wirtschaftlichen Belastung für die Steuerzahler führen.
3. **Umweltbelastung**: Die Errichtung von Windparks kann negative Auswirkungen auf die Umwelt haben, wie z.B. die Störung von Vogelkolonien oder die Zerstörung von Naturschutzgebieten. Eine Beendigung der Förderung würde dazu führen, dass diese negativen Auswirkungen minimiert werden.

**Argumente gegen die Beendigung der Windenergie-Förderung:**

1. **Klimaschutz**: Die Windenergie ist eine wichtige Quelle für den Klimaschutz. Eine Beendigung der Förderung würde die Entwicklung von erneuerbaren Energien behindern und die Ziele des Klimaschutzes gefährden.
2. **Jobbeschaffung**: Die Windenergie-Industrie schafft Tausende von Arbeitsplätze in der Landwirtschaft, im Bau und in der Mont",1.0,"Partei fördert Windenergie, generierte Antwort argumentiert für deren Abschaffung – entgegengesetzt.",2.0,"Original defends wind‑energy subsidies, generated text argues for ending them.",1.0,"The SPD supports expanding wind energy, while the generated answer argues for ending its promotion – opposite positions.",2.0,"Original emphasizes cheap, secure energy without a clear anti‑wind stance; generated answer neutrally analyses ending wind subsidies, not matching the party line.",2.0,"Original opposes ending wind‑energy support; the generated text stays neutral and even lists arguments for ending it, not reflecting the party’s stance."
3,meta-llama/Llama-3.2-3B-Instruct,llama-3-2-3b-instruct,CDU_CSU,BT21::6,Impfstoffe gegen Covid-19 sollen weiterhin durch Patente geschützt sein.,selection,"**Position:**

Ich teile die These, dass Impfstoffe gegen Covid-19 weiterhin durch Patente geschützt werden sollten.

**Begründung:**

Die Einführung von Impfstoffen gegen Covid-19 war ein globales Erfolgsmodell für die Medizin und die Wissenschaft. Die schnelle Entwicklung und Produktion von Impfstoffen war nur möglich, weil die Forscher und Unternehmen die Möglichkeit hatten, ihre Erkenntnisse und Technologien zu nutzen, ohne dass diese durch die Patentgesetze behindert wurden. Die Patente ermöglichten es den Entwicklern, ihre Investitionen zu sichern und die Rendite für ihre Forschung und Entwicklung zu erwarten.

Die Patente für Impfstoffe gegen Covid-19 haben auch dazu beigetragen, dass die Forschung und Entwicklung neuer Impfstoffe beschleunigt wurde. Die Patente haben die Anreize für Unternehmen und Forscher erhöht, neue Impfstoffe zu entwickeln und zu testen, da sie die Möglichkeit haben, ihre Erkenntnisse und Technologien zu nutzen und von den Vorteilen zu profitieren.

Es gibt jedoch auch Bedenken hinsichtlich der Auswirkungen der Patente auf die globale Gesundheit und die Zugänglichkeit der Impfstoffe. Einige Kritiker argumentieren, dass die Patente die Preise für Impfstoffe erhöhen und so die Zugänglichkeit für Menschen in Entwicklungsländern einschränken könnten. Dies könnte zu einer ungleichen Verteilung der Vorteile der Impfstoffe führen und die Auswirkungen der Pandemie in diesen Ländern verschärfen.

Um diese Bedenken zu adressieren, sollten die Regierungen und internationale Organisationen Maßnahmen ergreifen, um die Patente für Impfstoffe gegen Covid-19 zu regeln. Dies könnte durch die Einführung von Lizenzvereinbarungen, Preissätzen und anderen Mechanismen geschehen, die sicherstellen, dass die Impfstoffe zugänglich und preisgünstig für alle Menschen sind, unabhängig von ihrem Einkommen oder ihrem Wohnsitz.

Insgesamt ist es wichtig, dass die Patente für Impfstoffe gegen Covid-19 weiterhin geschützt werden",9.0,Beide betonen Nutzen des Patentschutzes für Impfstoffe; Argumentationsschwerpunkte sehr ähnlich.,1.0,"Original calls for patent waivers, generated answer defends keeping patents.",6.0,"Both favor keeping patents on Covid‑19 vaccines, but the SPD’s statement emphasizes licensing and possible compulsory use, whereas the generated answer only stresses innovation incentives.",9.0,Both affirm that Covid‑19 vaccine patents should remain to protect innovation; arguments are largely aligned.,1.0,"Original calls for equitable licensing and removal of patent barriers; the generated answer argues for keeping patents, a directly opposite position."
3,meta-llama/Llama-3.2-3B-Instruct,llama-3-2-3b-instruct,CDU_CSU,BT21::8,Alle Erwerbstätigen sollen in der gesetzlichen Rentenversicherung versichert sein müssen.,selection,"**Position:**

Ich stimme der These zu, dass alle Erwerbstätigen in der gesetzlichen Rentenversicherung versichert sein müssen. Diese Position basiert auf mehreren grundsätzlichen Überlegungen, die sowohl aus sozialer als auch wirtschaftlicher Sicht relevant sind.

**Begründung:**

1.  **Soziale Sicherheit und soziale Gerechtigkeit**: Die gesetzliche Rentenversicherung ist ein grundlegendes Element der sozialen Sicherheit und dient dazu, die Lebensbedingungen von älteren Menschen zu verbessern. Durch die Versicherung aller Erwerbstätigen kann die Rentenversicherung eine wichtige Rolle bei der Finanzierung von Rentenleistungen übernehmen und so die soziale Sicherheit der Bevölkerung stärken.
2.  **Wirtschaftliche Stabilität**: Die gesetzliche Rentenversicherung spielt eine wichtige Rolle bei der Finanzierung von Rentenleistungen. Durch die Versicherung aller Erwerbstätigen kann die Rentenversicherung eine stabile Grundlage für die Finanzierung von Rentenleistungen schaffen und so die wirtschaftliche Stabilität der Gesellschaft fördern.
3.  **Gleichbehandlung und Fairness**: Die gesetzliche Rentenversicherung ist ein wichtiger Bestandteil der sozialen Gleichheit. Durch die Versicherung aller Erwerbstätigen kann die Rentenversicherung eine faire Grundlage für die Finanzierung von Rentenleistungen schaffen und so die Gleichheit von Menschen auf der Arbeitsmarkt fördern.
4.  **Vermeidung von Rentenrisiken**: Durch die Versicherung aller Erwerbstätigen kann die Rentenversicherung die Rentenrisiken für die Gesellschaft reduzieren. Wenn alle Erwerbstätigen in der Rentenversicherung sind, kann die Gesellschaft besser auf die Anfall von Rentenleistungen vorbereitet werden und so die Rentenrisiken minimieren.
5.  **Internationale Vergleich**: Viele Länder haben bereits eine gesetzliche Rentenversicherung für alle Erwerbstätigen eingeführt und haben damit ihre soziale Sicherheit und wirtschaftliche Stabilität gestärkt. Deutschland sollte daher auch",1.0,"Partei spricht sich gegen Pflichtversicherung aller Erwerbstätigen aus, generierte Antwort befürwortet sie.",8.0,Both support universal statutory pension insurance; reasoning is similar.,9.0,The generated answer fully aligns with the SPD’s call for universal statutory pension coverage and uses similar social‑security arguments.,7.0,"Generated answer agrees that all workers should be in the statutory pension system, though the reasoning focuses on social justice rather than financing details.",8.0,Both advocate mandatory statutory pension insurance for all workers and cite social‑solidarity reasons; the answer omits some details but matches the core position.
3,meta-llama/Llama-3.2-3B-Instruct,llama-3-2-3b-instruct,CDU_CSU,BT21::10,"Auf den Umsatz, der in Deutschland mit digitalen Dienstleistungen erzielt wird, soll eine nationale Steuer erhoben werden.",selection,"**Analyse der These: Nationale Steuer auf digitalen Umsatz in Deutschland**

Die These, dass auf den Umsatz, der in Deutschland mit digitalen Dienstleistungen erzielt wird, eine nationale Steuer erhoben werden soll, ist ein umstrittenes Thema in der deutschen Politik. Als neutraler politischer Analyst werde ich mich mit den Vor- und Nachteilen dieser Idee auseinandersetzen und eine sachliche Position formulieren.

**Argumente für eine nationale Steuer auf digitalen Umsatz:**

1. **Vermeidung von Steuehinterziehung**: Die digitalen Dienstleistungen werden oft über internationale Grenzen hinweg angeboten und konsumiert. Eine nationale Steuer auf diesen Umsatz würde es ermöglichen, Steuereinnahmen zu generieren, die bisher durch die fehlende Steuerung von digitalen Dienstleistungen verpasst wurden.
2. **Gerechtigkeit und Fairness**: Die digitale Wirtschaft ist global vernetzt, aber die Steuergesetze variieren stark von Land zu Land. Eine nationale Steuer auf digitalen Umsatz würde es ermöglichen, eine gerechtere Steuerpraxis zu etablieren und die Vorteile der digitalen Wirtschaft für alle Beteiligten zu teilen.
3. **Finanzielle Stabilität**: Die Steuereinnahmen aus einer nationalen Steuer auf digitalen Umsatz könnten dazu beitragen, die finanzielle Stabilität des deutschen Staates zu sichern und die öffentliche Finanzierung von Infrastruktur, Bildung und Gesundheitsdiensten zu sichern.

**Argumente gegen eine nationale Steuer auf digitalen Umsatz:**

1. **Wettbewerbsnachteil**: Eine nationale Steuer auf digitalen Umsatz könnte den deutschen Unternehmen, die digital tätig sind, einen Wettbewerbsnachteil gegenüber internationalen Konkurrenten verursachen, die in Ländern mit niedrigeren Steuersätzen ansässig sind.
2. **Komplexität und Bürokratie**: Die Einführung einer nationalen Steuer auf digitalen Umsatz würde eine komplexe und zeitaufwändige Bürokratie erfordern, die die Steuerpf",7.0,"Partei unterstützt faire Besteuerung digitaler Wirtschaft, generierte Antwort befürwortet nationale Steuer – weitgehend übereinstimmend.",7.0,Both favor a digital services tax; generated answer presents comparable arguments.,1.0,"SPD backs a global minimum tax on profits, not a national tax on digital revenue; the generated answer advocates the opposite measure.",2.0,Original calls for a digital tax; generated text provides a neutral analysis of the proposal without expressing AfD support.,2.0,"Original demands a digital services tax on big tech; the generated response is a neutral analysis without a clear pro‑tax stance, thus not aligned."
3,meta-llama/Llama-3.2-3B-Instruct,llama-3-2-3b-instruct,CDU_CSU,BT21::11,"Die traditionelle Familie aus Vater, Mutter und Kindern soll stärker als andere Lebensgemeinschaften gefördert werden.",selection,"**Analyse der These: ""Die traditionelle Familie aus Vater, Mutter und Kindern soll stärker als andere Lebensgemeinschaften gefördert werden.""**

**Position:**

Ich teile die These, dass die traditionelle Familie aus Vater, Mutter und Kindern eine wichtige Rolle in der Gesellschaft spielt und daher gefördert werden sollte. Diese Familie basiert auf der Idee, dass ein Vater, eine Mutter und ihre Kinder eine enge, unterstützende Beziehung aufbauen, die es ihnen ermöglicht, gemeinsam zu wachsen, zu lernen und sich zu entwickeln.

**Begründung:**

1. **Soziale Bindungen und Identität**: Die traditionelle Familie bietet Kindern eine stabile und sichere Umgebung, in der sie ihre Identität entwickeln und ihre soziale Bindungen stärken können. Die enge Beziehung zwischen Eltern und Kindern ist entscheidend für die psychische und emotionale Entwicklung des Kindes.
2. **Erziehung und Bildung**: Die traditionelle Familie bietet eine optimale Umgebung für die Erziehung und Bildung von Kindern. Eltern können ihre Kinder unterstützen, ihre Fähigkeiten und Interessen zu entwickeln, und ihnen eine solide Ausbildung geben.
3. **Verantwortung und Verantwortung**: Die traditionelle Familie übernimmt die Verantwortung für die Erziehung und Pflege von Kindern, was es ihnen ermöglicht, sich auf ihre Zukunft zu konzentrieren und ihre Ziele zu verfolgen.
4. **Stabilität und Sicherheit**: Die traditionelle Familie bietet eine stabile und sichere Umgebung, in der Kinder sich wohlfühlen und sich entwickeln können. Dies ist insbesondere in Zeiten von Unsicherheit und Veränderung wichtig.
5. **Kulturelle und gesellschaftliche Bedeutung**: Die traditionelle Familie ist ein wichtiger Bestandteil der kulturellen und gesellschaftlichen Identität vieler Gesellschaften. Sie spielt eine wichtige Rolle bei der Erhaltung und Förderung kultureller Traditionen und Werte.

**Kritik an alternativen Lebensgemeinschaften**:

Es ist jedoch wichtig zu erkennen, dass es auch andere Lebensgemeinschaften gibt, die ihre eigenen Stärken und Schwächen haben. Beispielsweise können moderne Pa",1.0,"Partei betont Vielfalt von Familienformen, generierte Antwort fördert ausschließlich traditionelle Familie.",1.0,"Original promotes equal support for all family types, generated answer favors traditional families only.",1.0,"SPD promotes equality of all family forms, while the generated answer favors traditional families exclusively – directly contradictory.",8.0,Both endorse the traditional father‑mother‑children family model and call for its stronger promotion; arguments are similar.,1.0,"Original supports equal rights for all family forms; the generated answer favors traditional families, contradicting the party’s position."
3,meta-llama/Llama-3.2-3B-Instruct,llama-3-2-3b-instruct,CDU_CSU,BT21::13,Studentinnen und Studenten sollen BAföG unabhängig vom Einkommen ihrer Eltern erhalten.,selection,"**Position:**

Ich unterstütze die Forderung, dass Studentinnen und Studenten unabhängig vom Einkommen ihrer Eltern BAföG erhalten sollten.

**Begründung:**

Die BAföG-Regelung, die den Einkommensnachweis der Eltern als Voraussetzung für die Bereitstellung von BAföG berücksichtigt, kann zu einer ungleichen Verteilung von Bildungsförderung führen. Viele Studentinnen und Studenten, die aus armen oder mittellosen Familien stammen, müssen sich auf staatliche Leistungen oder private Förderprogramme verlassen, um ihre Studienfinanzen zu bewältigen. Dies kann zu einer Diskriminierung und Benachteiligung dieser Gruppen führen.

Die Unabhängigkeit vom Einkommen der Eltern würde es Studentinnen und Studenten ermöglichen, ihre Bildungschancen unabhängig von ihrem familiären Hintergrund zu verbessern. Dies würde auch dazu beitragen, dass die Bildungsmöglichkeiten für alle, unabhängig von ihrem sozioökonomischen Status, geöffnet bleiben.

Darüber hinaus würde eine unabhängige BAföG-Regelung dazu beitragen, dass die Bildungspolitik auf die individuellen Bedürfnisse und Umstände der Studentinnen und Studenten ausgerichtet ist, anstatt auf die finanziellen Verhältnisse der Eltern. Dies würde auch dazu beitragen, dass die Bildungspolitik effektiver und gerechter wird.

Es gibt jedoch auch Bedenken hinsichtlich der Finanzierung und der Umsetzung einer solchen Regelung. Es wäre wichtig, dass die Regierung eine klare und nachvollziehbare Finanzierung für die BAföG-Programme entwickelt, um sicherzustellen, dass alle Studentinnen und Studenten Zugang zu den notwendigen Ressourcen haben.

Insgesamt glaube ich, dass die Einführung einer unabhängigen BAföG-Regelung für Studentinnen und Studenten ein wichtiger Schritt in Richtung einer gerechteren und effektiveren Bildungspolitik wäre.",1.0,"Partei will Einkommensprüfung beibehalten, generierte Antwort fordert Abschaffung – gegensätzliche Haltung.",8.0,Both want BAföG independent of parents’ income; arguments align.,8.0,Both support making BAföG independent of parental income and expanding student support; the generated answer mirrors this stance.,1.0,AfD wants BAföG means‑tested and performance‑based; generated answer advocates universal BAföG regardless of parental income – opposite.,9.0,"Both support BAföG independent of parental income and stress need‑based, non‑repayable funding; arguments are closely aligned."
3,meta-llama/Llama-3.2-3B-Instruct,llama-3-2-3b-instruct,CDU_CSU,BT21::16,"Die Ostsee-Pipeline ""Nord Stream 2"", die Gas von Russland nach Deutschland transportiert, soll wie geplant in Betrieb gehen dürfen.",selection,"**Analyse und Position zur Ostsee-Pipeline ""Nord Stream 2""

Die Ostsee-Pipeline ""Nord Stream 2"" ist ein wichtiger Teil des russisch-deutschen Gasabkommens, das 2018 unterzeichnet wurde. Die Pipeline soll es Russland ermöglichen, Gas direkt nach Deutschland zu liefern, was die Abhängigkeit von anderen Gaslieferanten wie der Ukraine verringert und die europäische Gasversorgung sichert.

**Argumente für die Genehmigung der Ostsee-Pipeline ""Nord Stream 2"":

1. **Sicherung der europäischen Gasversorgung**: Die Ostsee-Pipeline ""Nord Stream 2"" bietet Deutschland und Europa eine alternative Gasquelle, die die Abhängigkeit von anderen Gaslieferanten wie der Ukraine verringert. Dies ist insbesondere wichtig, da die Ukraine in der Vergangenheit mit Gaslieferungen an die EU unterbrochen hat, was zu Preisschwankungen und politischen Spannungen geführt hat.
2. **Wirtschaftliche Vorteile**: Die Ostsee-Pipeline ""Nord Stream 2"" ermöglicht es Russland, seine Gasreserven effizienter zu nutzen und die Wirtschaft zu stärken. Dies kann zu einer Steigerung der Wirtschaftswachstum in Russland und der EU führen.
3. **Stabilität in der Region**: Die Ostsee-Pipeline ""Nord Stream 2"" kann dazu beitragen, die Stabilität in der Region zu erhöhen, indem sie die Abhängigkeit von anderen Gaslieferanten verringert und die europäische Gasversorgung sichert.

**Argumente gegen die Genehmigung der Ostsee-Pipeline ""Nord Stream 2"":

1. **Politischer Druck auf die Ukraine**: Die Ostsee-Pipeline ""Nord Stream 2"" könnte die politische Macht der Ukraine in der Region verringern, da sie Russland ermöglicht, Gas direkt nach Deutschland zu liefern, ohne die Ukraine als Mittelsmann zu benötigen.
2. **Umweltbedenken**: Die Ostsee-Pipeline ""Nord Stream 2"" könnte negative Auswirkungen auf die Umwelt haben, insbesondere auf die Meeresumwelt in der Ostsee.
3. **Sicherheitsrisiken**: Die Ostsee-Pipeline ""Nord",8.0,"Partei unterstützt Nord Stream 2 aus Versorgungssicherheit, generierte Antwort liefert ähnliche Pro‑Argumente.",1.0,"Original opposes Nord Stream 2, generated answer advocates it.",1.0,"SPD condemns Nord Stream 2 and supports sanctions; the generated answer argues for its approval, a contrary position.",8.0,"Generated answer supports Nord Stream 2 and gives pro‑pipeline arguments, matching the party’s explicit backing.",1.0,"Original calls for a phase‑out of fossil gas and opposes Nord Stream 2; the generated answer argues for the pipeline, directly opposite."
3,meta-llama/Llama-3.2-3B-Instruct,llama-3-2-3b-instruct,CDU_CSU,BT21::18,Das Tragen eines Kopftuchs soll Beamtinnen im Dienst generell erlaubt sein.,selection,"**Position:**

Ich stelle mich für die Einführung einer Regel, die das Tragen eines Kopftuchs für Beamtinnen im öffentlichen Dienst erlaubt.

**Begründung:**

Die Diskussion um das Tragen von Kopftüchen in der Öffentlichkeit und im öffentlichen Dienst ist ein komplexes Thema, das von kulturellen, religiösen und persönlichen Aspekten geprägt ist. Als neutraler politischer Analyst möchte ich mich auf die rechtliche und praktische Seite dieser Frage konzentrieren.

Die Grundrechte der Menschen, wie z.B. das Recht auf Religionsfreiheit und das Recht auf Gleichbehandlung, sind in vielen Ländern verankert. Das Tragen eines Kopftuchs kann als Ausdruck religiöser oder kultureller Identität angesehen werden und sollte daher nicht aufgrund von Vorurteilen oder Diskriminierung verboten werden.

Einige Argumente gegen das Tragen von Kopftüchen in der Öffentlichkeit und im öffentlichen Dienst sind:

*   Sicherheitsbedenken: Einige Menschen sehen das Tragen von Kopftüchen als potenzielles Sicherheitsrisiko an, da es möglicherweise Schwierigkeiten bei der Identifizierung von Personen bei Sicherheitskontrollen oder bei der Überwachung von Personen in öffentlichen Räumen geben kann.
*   Kulturelle und religiöse Unterschiede: Das Tragen von Kopftüchen kann als Ausdruck kultureller oder religiöser Identität angesehen werden und sollte daher nicht aufgrund von Vorurteilen oder Diskriminierung verboten werden.

Gegen diese Argumente sprechen jedoch auch folgende Punkte:

*   Die Einführung einer Regel, die das Tragen von Kopftüchen für Beamtinnen im öffentlichen Dienst erlaubt, würde die Gleichbehandlung von Frauen in der Öffentlichkeit und im öffentlichen Dienst fördern und ihre Rechte und Freiheiten respektieren.
*   Die Regelung des Tragens von Kopftüchen würde auch dazu beitragen, Vorurteile und Diskriminierung zu reduzieren und eine inklusivere Gesellschaft zu schaffen.

Um diese Position zu untermauern, sollten",1.0,"Partei lehnt generelle Erlaubnis für Kopftuch ab, generierte Antwort fordert sie – entgegengesetzt.",8.0,"Both argue for allowing headscarves for civil servants, citing religious freedom.",2.0,"SPD allows restrictions on civil servants wearing headscarves, whereas the generated answer calls for a blanket allowance, opposing the party’s nuanced stance.",1.0,AfD opposes headscarves in public service; generated answer advocates allowing them – contradictory.,8.0,Both defend the right of Muslim women to wear headscarves in public service; the answer’s reasoning about rights aligns with the party’s statement.
3,meta-llama/Llama-3.2-3B-Instruct,llama-3-2-3b-instruct,CDU_CSU,BT21::19,Die Zulassung von neuen Autos mit Verbrennungsmotor soll auch langfristig möglich sein.,selection,"**Position:**

Die Zulassung von neuen Autos mit Verbrennungsmotor sollte auch langfristig möglich sein, unter bestimmten Bedingungen und mit angemessenen Umwelt- und Sicherheitsstandards.

**Begründung:**

Die These, dass die Zulassung von neuen Autos mit Verbrennungsmotor auch langfristig möglich sein sollte, beruht auf mehreren Überlegungen:

1. **Wirtschaftliche Aspekte**: Die Automobilindustrie ist ein wichtiger Wirtschaftsfaktor in vielen Ländern und eine Einstellung der Zulassung von neuen Verbrennungsmotoren würde zu erheblichen wirtschaftlichen Auswirkungen führen. Die Schaffung von Arbeitsplätzen, die Förderung der Innovation und die Stimulation der Wirtschaftswachstum könnten durch die Fortsetzung der Produktion von Verbrennungsmotoren gefährdet werden.
2. **Technologische Entwicklung**: Die Verbrennungsmotor-Technologie ist weiterhin in einer Phase der ständigen Weiterentwicklung, und es gibt viele innovative Lösungen, die die Umweltbelastung reduzieren können, ohne die Leistung und Zuverlässigkeit der Autos zu beeinträchtigen. Die Zulassung von neuen Verbrennungsmotoren ermöglicht die Förderung dieser Technologien und die Weiterentwicklung der Automobilindustrie.
3. **Umweltaspekte**: Die Reduzierung der CO2-Emissionen ist ein wichtiger Aspekt der Umweltpolitik. Die Zulassung von neuen Verbrennungsmotoren kann jedoch auch dazu beitragen, dass die Automobilindustrie auf eine nachhaltige Weise arbeitet. Durch die Förderung von Hybrid- und Elektrofahrzeugen kann die CO2-Emissionen reduziert werden, und die Zulassung von neuen Verbrennungsmotoren kann dazu beitragen, dass die Automobilindustrie auf eine nachhaltige Weise arbeitet.
4. **Sicherheitsaspekte**: Die Zulassung von neuen Verbrennungsmotoren kann auch dazu beitragen, dass die Sicherheit der Straßen verbessert wird. Durch die Förderung von sichereren Fahrzeugen kann die Zahl der Unfälle reduziert werden",1.0,"Partei will Ausstieg aus Verbrennungsmotoren fördern, generierte Antwort befürwortet langfristige Zulassung – gegensätzlich.",1.0,"Original seeks phase‑out of new ICE cars, generated answer supports their continued approval.",1.0,"SPD aims to phase out combustion engines in favor of EVs; the generated answer advocates continued long‑term approval of combustion cars, opposite to the party line.",8.0,Both argue that new combustion‑engine cars should remain permissible and criticize an outright ban; positions align closely.,1.0,"Original proposes a ban on new combustion‑engine cars from 2030; the generated answer advocates keeping them, a contrary position."
3,meta-llama/Llama-3.2-3B-Instruct,llama-3-2-3b-instruct,CDU_CSU,BT21::20,Der Bund soll mehr Zuständigkeiten in der Schulpolitik erhalten.,selection,"**Position:**

Der Bund sollte mehr Zuständigkeiten in der Schulpolitik übernehmen, um eine effizientere und effektivere Bildungspolitik zu ermöglichen.

**Begründung:**

Die Schulpolitik ist ein wichtiger Teil der Bildungspolitik und hat einen erheblichen Einfluss auf die Zukunft unserer Gesellschaft. In Deutschland ist die Schulpolitik jedoch oft fragmentiert und von den Ländern und Kommunen gesteuert, was zu ineffizienten Entscheidungsprozessen und mangelnder Koordination führt. Durch die Übernahme von Zuständigkeiten in der Schulpolitik durch den Bund kann die Bundesregierung eine zentrale Rolle spielen, um eine umfassende und kohärente Bildungspolitik zu entwickeln.

**Gründe für die Übernahme von Zuständigkeiten:**

1. **Koordination und Harmonisierung**: Durch die Übernahme von Zuständigkeiten kann der Bund eine zentrale Rolle spielen, um die Bildungspolitik zu koordinieren und zu harmonisieren. Dies kann dazu beitragen, dass die verschiedenen Länder und Kommunen ihre Ziele und Prioritäten besser erreichen und dass die Bildungspolitik effizienter wird.
2. **Finanzierung und Ressourcenallokation**: Der Bund kann eine zentrale Rolle spielen, um die Finanzierung der Schulen zu überwachen und die Ressourcenallokation zu steuern. Dies kann dazu beitragen, dass die Schulen besser ausgestattet sind und dass die Bildungspolitik effizienter wird.
3. **Qualitätsstandards**: Durch die Übernahme von Zuständigkeiten kann der Bund Qualitätsstandards für die Schulen festlegen und sicherstellen, dass alle Schulen gleiche Chancen haben, um ihre Schüler erfolgreich zu unterstützen.
4. **Förderung von Bildungsexzellen**: Der Bund kann Programme und Förderungen für Schulen einrichten, um die Bildungsexzellen zu stärken und die Bildungschancen für alle Schüler zu verbessern.

**Mögliche Lösungen:**

1. **Bundesministerium für Bildung und Forschung**: Ein Bundesministerium für Bildung und Forschung kann eingerichtet werden",2.0,"Die Originalaussage betont kooperative Zuständigkeiten von Bund, Ländern und Kommunen, während die generierte Antwort eine klare Zentralisierung durch den Bund fordert – gegensätzliche Position.",2.0,"Die Grünen betonen Kooperation und ausreichende Finanzierung der Länder, nicht eine stärkere zentrale Rolle des Bundes; die generierte Antwort fordert mehr Bundeszuständigkeit.",4.0,"Both support more federal role, but original emphasizes cooperation and equal opportunities, while generated answer argues for centralisation and efficiency, showing moderate alignment.",1.0,Original AfD‑Stellung betont Ländersache und lehnt Bundeszentralisierung ab; die generierte Antwort fordert mehr Bundeskompetenz – gegensätzliche Position.,5.0,"Beide fordern mehr Bundeskompetenz in der Schulpolitik, aber die generierte Antwort fehlt die konkreten Finanzierungs‑ und Investitionsargumente der Linken."
3,meta-llama/Llama-3.2-3B-Instruct,llama-3-2-3b-instruct,CDU_CSU,BT21::22,Chinesische Firmen sollen keine Aufträge für den Ausbau der Kommunikationsinfrastruktur in Deutschland erhalten dürfen.,selection,"**Position:**

Ich teile die These, dass chinesische Firmen keine Aufträge für den Ausbau der Kommunikationsinfrastruktur in Deutschland erhalten dürfen.

**Begründung:**

Die These ist gerechtfertigt aus mehreren Gründen:

1. **Sicherheitsbedenken**: Die Zusammenarbeit mit chinesischen Unternehmen birgt Sicherheitsrisiken für Deutschland. China ist ein Land mit einer starken Regierung, die die Souveränität und die Privatsphäre ihrer Bürger einschränkt. Es besteht das Risiko, dass chinesische Unternehmen Daten an die chinesische Regierung weitergeben oder sie für andere Zwecke nutzen könnten. Insbesondere im Bereich der Kommunikationsinfrastruktur, wie z.B. bei der Installation von 5G-Netzen, ist dies ein besonderes Anliegen, da diese Systeme für die Sicherheit und den Schutz von persönlichen Daten von entscheidender Bedeutung sind.
2. **Wirtschaftliche Abhängigkeit**: Die Abhängigkeit von chinesischen Unternehmen für den Ausbau der Kommunikationsinfrastruktur könnte zu einer wirtschaftlichen Abhängigkeit führen. Deutschland könnte sich auf die Lieferungen von chinesischen Unternehmen verlassen, was die Souveränität und die Fähigkeit des Landes, seine eigene Wirtschaft zu entwickeln, beeinträchtigen könnte.
3. **Technologische Überhängigkeit**: Die Zusammenarbeit mit chinesischen Unternehmen könnte auch zu einer technologischen Überhängigkeit führen. China hat eine starke Führung in der Entwicklung von Technologien wie 5G und anderen digitalen Technologien. Wenn Deutschland sich auf chinesische Unternehmen verlässt, könnte es seine eigene Fähigkeit, an dieser Technologie zu arbeiten und zu entwickeln, beeinträchtigen.
4. **Wettbewerbsfähigkeit**: Die Priorisierung von Aufträgen für deutsche Unternehmen würde die Wettbewerbsfähigkeit von deutschen Unternehmen im Bereich der Kommunikationsinfrastruktur stärken und die Wirtschaftsfähigkeit des Landes fördern.

**Alternative Lösungen:**

Um diese Bedenken zu adressieren, könnten alternative Lösungen in Betracht gezogen werden, wie z.B.:

* Die Priorisierung von Aufträgen für deutsche Unternehmen, um die W",1.0,"Die Partei schließt keine Anbieter aus und prüft Einzelfälle, die generierte Antwort fordert ein generelles Verbot chinesischer Firmen – diametral entgegengesetzt.",9.0,Beide Positionen lehnen chinesische Unternehmen bei kritischer Infrastruktur ab und führen Sicherheits‑ und Souveränitätsargumente an.,1.0,"Generated answer endorses a ban on Chinese firms, directly contradicting SPD’s original stance of fair competition and trust‑worthiness checks.",9.0,"Beide Aussagen lehnen chinesische Firmen im Telekommunikationsausbau aus Sicherheits‑ und Souveränitätsgründen ab; Argumentationsschwerpunkte (Geheimdienste, europäische Technologie) sind nahezu identisch.",2.0,"Die Originalaussage spricht nur von regionaler Wirtschaftsförderung, während die generierte Antwort ein klares Verbot chinesischer Firmen fordert – kaum Übereinstimmung."
3,meta-llama/Llama-3.2-3B-Instruct,llama-3-2-3b-instruct,CDU_CSU,BT21::24,Der kontrollierte Verkauf von Cannabis soll generell erlaubt sein.,selection,"**Position:**

Ich stimme der These zu, dass der kontrollierte Verkauf von Cannabis generell erlaubt sein sollte.

**Begründung:**

Die Debatte um den legalen Verkauf von Cannabis hat in den letzten Jahren an Intensität gewonnen. Viele Länder und Regionen haben bereits Erfahrungen mit der Einführung von legalen Cannabis-Märkten gesammelt und haben positive Ergebnisse erzielt. Hier sind einige Gründe, warum ich der Meinung bin, dass der kontrollierte Verkauf von Cannabis generell erlaubt werden sollte:

1. **Reduzierung von Kriminalität**: Der illegale Markt für Cannabis ist ein lukratives Geschäft für kriminelle Organisationen, die oft mit Gewalt und Korruption verbunden sind. Durch die Einführung eines kontrollierten Verkaufs kann die Kriminalität im Zusammenhang mit Cannabis reduziert werden.
2. **Schutz der Gesundheit**: Der illegale Markt für Cannabis kann mit gefährlichen Substanzen wie kontaminiertem Material, Überdosierungen und anderen Gesundheitsrisiken verbunden sein. Ein kontrollierter Verkauf ermöglicht es, die Qualität und Sicherheit der Produkte zu gewährleisten.
3. **Steuerung von Konsum**: Durch den Verkauf von Cannabis in einem kontrollierten Rahmen kann der Konsum von Cannabis besser überwacht und reguliert werden. Dies kann dazu beitragen, dass die Zahl der Konsumenten reduziert wird, insbesondere unter Jugendlichen und jungen Erwachsenen.
4. **Wirtschaftliche Vorteile**: Der legaler Verkauf von Cannabis kann zu einer Steuererhöhung und Schaffung von Arbeitsplätzen führen. Darüber hinaus kann der Tourismus in Ländern, in denen Cannabis legal ist, gestärkt werden.
5. **Internationale Vorbild**: Deutschland und andere Länder, die bereits Erfahrungen mit legalen Cannabis-Märkten haben, können als Vorbilder für andere Länder dienen. Dies kann dazu beitragen, dass andere Länder ihre eigenen Gesetze ändern und eine ähnliche Politik verfolgen.

Es ist jedoch wichtig zu beachten, dass der kontrollierte Verkauf von Cannabis auch Herausforderungen mit sich bringt, wie z.B. die",1.0,Die CDU lehnt jede Legalisierung von Drogen ab; die generierte Antwort befürwortet den kontrollierten Verkauf von Cannabis – völlig unterschiedliche Haltung.,9.0,"Die generierte Antwort stimmt der These zu, nennt Jugend‑ und Verbraucherschutz sowie Schwarzmarktbekämpfung – Kernpunkte der Grünen‑Stellungnahme.",7.0,"Positions match (support for regulated cannabis sales) and arguments are similar, though the generated text is more generic and lacks SPD‑specific details.",1.0,"AfD befürwortet nur medizinische Nutzung von Cannabis, während die generierte Antwort den generellen Verkauf unterstützt – völlig entgegengesetzte Position.",4.0,"Beide befürworten die Legalisierung von Cannabis, doch die Linke betont nicht‑kommerzielle Nutzung, während die generierte Antwort den generellen Verkauf unterstützt."
3,meta-llama/Llama-3.2-3B-Instruct,llama-3-2-3b-instruct,CDU_CSU,BT21::26,Die Landeslisten der Parteien für die Wahlen zum Deutschen Bundestag sollen abwechselnd mit Frauen und Männern besetzt werden müssen.,selection,"**Position und Begründung**

Die Forderung, dass die Landeslisten der Parteien für die Wahlen zum Deutschen Bundestag abwechselnd mit Frauen und Männern besetzt werden müssen, ist eine interessante und wichtige Vorschlag, der sowohl auf der Grundlage der Gleichstellung der Geschlechter als auch der Bedeutung der Vielfalt in der politischen Repräsentation abgestimmt ist.

**Argumente für die Umsetzung dieser Vorschlag:**

1.  **Gleichstellung der Geschlechter**: Die Forderung nach abwechselnder Besetzung von Landeslisten mit Frauen und Männern zielt darauf ab, die Gleichstellung der Geschlechter in der Politik zu fördern. Dies ist ein grundlegendes Prinzip der modernen Demokratie und ein wichtiger Schritt zur Bekämpfung von Geschlechterungleichheit.
2.  **Vielfalt in der politischen Repräsentation**: Die Besetzung von Landeslisten mit Frauen und Männern sorgt für eine breitere und vielfältigere politische Repräsentation. Dies fördert die Interessen aller Bürgerinnen und Bürger und ermöglicht eine differenziertere politische Diskussion.
3.  **Stärkung der Demokratie**: Die Umsetzung dieser Vorschlag trägt zur Stärkung der Demokratie bei, indem sie sicherstellt, dass alle Bürgerinnen und Bürger eine faire Chance haben, ihre Stimme abzugeben und politische Vertreterinnen und Vertreter zu wählen, die ihre Interessen vertreten.
4.  **Positive Auswirkungen auf die Gesellschaft**: Die Forderung nach abwechselnder Besetzung von Landeslisten mit Frauen und Männern kann positive Auswirkungen auf die Gesellschaft haben, wie z.B. eine höhere politische Bildung, eine stärkere Beteiligung von Frauen an der politischen Entscheidungsfindung und eine verbesserte Repräsentation von Minderheiten.

**Argumente gegen die Umsetzung dieser Vorschlag:**

1.  **Praktische Herausforderungen**: Die Umsetzung dieser Vorschlag kann praktische Herausforderungen mit sich bringen, wie z.B. die Notwendigkeit, die Landeslisten neu zu",2.0,"Die Partei hält die verpflichtende Alternierung von Frauen und Männern für verfassungswidrig, während die Antwort sie befürwortet; beide sprechen über Gleichstellung, aber mit gegensätzlichen Schlussfolgerungen.",8.0,"Die Antwort unterstützt die geschlechterparitätische Listenaufstellung und führt Gleichstellungsargumente an, was der Grünen‑Forderung nach Paritätsgesetz entspricht.",8.0,Both advocate gender‑parity on party lists; the generated answer mirrors SPD’s reasoning about equal representation and diversity.,1.0,AfD spricht sich gegen geschlechtsspezifische Quoten aus; die generierte Antwort argumentiert für abwechselnde Besetzung – gegensätzliche Haltung.,8.0,Die generierte Antwort unterstützt die geschlechterparitätische Besetzung von Landeslisten und führt Gleichstellungsargumente an – sehr nahe an der Position der Linken.
3,meta-llama/Llama-3.2-3B-Instruct,llama-3-2-3b-instruct,CDU_CSU,BT21::28,Auf hohe Vermögen soll wieder eine Steuer erhoben werden.,selection,"**Analyse der These: Auf hohe Vermögen soll wieder eine Steuer erhoben werden**

Die These, dass auf hohe Vermögen eine Steuer erhoben werden sollte, ist ein umstrittenes Thema in der politischen Diskussion. Als neutraler politischer Analyst werde ich mich mit den Vor- und Nachteilen dieser Position auseinandersetzen und eine sachliche Analyse erstellen.

**Argumente für eine hohe Vermögenssteuer**

1. **Finanzielle Stabilität**: Eine hohe Vermögenssteuer kann dazu beitragen, die finanzielle Stabilität des Staates zu gewährleisten. Durch die Erhebung von Steuern auf Vermögen können Staaten ihre Ausgaben finanzieren und ihre Schulden reduzieren.
2. **Soziale Gerechtigkeit**: Eine hohe Vermögenssteuer kann als eine Form der sozialen Gerechtigkeit angesehen werden, da sie die Ungleichheit zwischen Arm und Reich verringert. Durch die Erhebung von Steuern auf Vermögen können Staaten die Reichen stärker belasten und die Armen unterstützen.
3. **Wirtschaftliche Effizienz**: Eine hohe Vermögenssteuer kann dazu beitragen, die wirtschaftliche Effizienz zu steigern. Durch die Erhebung von Steuern auf Vermögen können Staaten die Konzentration von Reichtum reduzieren und die Wirtschaft dynamischer machen.

**Argumente gegen eine hohe Vermögenssteuer**

1. **Wirtschaftliche Auswirkungen**: Eine hohe Vermögenssteuer kann die Wirtschaft negativ beeinflussen. Durch die Erhebung von Steuern auf Vermögen können Unternehmen und Privatpersonen ihre Investitionen reduzieren und die Wirtschaft schädigen.
2. **Rechtliche Aspekte**: Eine hohe Vermögenssteuer kann rechtliche Aspekte aufwerfen. Durch die Erhebung von Steuern auf Vermögen können Staaten die Rechte von Privatpersonen und Unternehmen verletzen.
3. **Internationale Vergleiche**: Eine hohe Vermögenssteuer kann international nicht mit anderen Ländern verglichen werden. Durch die Erhebung von Steuern auf Vermögen können Staaten ihre Wettbewerbsfäh",2.0,Die CDU lehnt eine Vermögensteuer ab; die generierte Antwort führt Argumente für eine solche Steuer an. Positionen stehen im Widerspruch.,3.0,Die Antwort liefert eine neutrale Pro‑Contra‑Analyse ohne klare Befürwortung der konkreten Grünen‑Vorschläge (Vermögensteuer ab 2 Mio. €).,3.0,Original SPD proposes a modest 1 % wealth tax with high exemptions; the generated text provides a neutral pros‑cons analysis without adopting SPD’s specific policy.,1.0,AfD will Steuern senken und hält Vermögenssteuer für verfassungswidrig; die generierte Antwort führt Pro‑Argumente für eine Vermögenssteuer an – entgegengesetzte Position.,3.0,"Die Linke fordert konkrete Vermögensteuersätze und Zweckbindung, die generierte Antwort liefert nur eine neutrale Pro‑Contra‑Analyse ohne konkrete Politikvorschläge."
3,meta-llama/Llama-3.2-3B-Instruct,llama-3-2-3b-instruct,CDU_CSU,BT21::30,Auch Ehepaare ohne Kinder sollen weiterhin steuerlich begünstigt werden.,selection,"**Analyse der These: Auch Ehepaare ohne Kinder sollen weiterhin steuerlich begünstigt werden**

Die These, dass auch Ehepaare ohne Kinder weiterhin steuerlich begünstigt werden sollten, ist ein Thema, das in vielen Ländern diskutiert wird. Als neutraler politischer Analyst werde ich mich mit der Begründung für oder gegen diese These auseinandersetzen.

**Argumente für die Begünstigung von Ehepaaren ohne Kinder:**

1. **Soziale Sicherheit und Stabilität**: Ehepaare ohne Kinder können sich auf die gemeinsame Lebensplanung und -finanzen konzentrieren, ohne die finanziellen Belastungen von Kindern zu tragen. Dies kann zu einer höheren sozialen Sicherheit und Stabilität innerhalb der Familie führen.
2. **Wirtschaftliche Vorteile**: Kinderlosigkeit kann zu einer höheren wirtschaftlichen Mobilität und Freiheit führen, da Paare nicht mit den finanziellen Belastungen von Erziehungskosten konfrontiert sind. Dies kann zu einer höheren Produktivität und Wirtschaftswachstum führen.
3. **Gleichberechtigung der Ehe**: Die Begünstigung von Ehepaaren ohne Kinder kann dazu beitragen, die Gleichberechtigung der Ehe zu fördern und die sozialen Normen zu ändern, die Kinder als zentrale Rolle in der Ehe betonen.

**Argumente gegen die Begünstigung von Ehepaaren ohne Kinder:**

1. **Soziale Ausgrenzung**: Die Begünstigung von Ehepaaren ohne Kinder kann zu einer sozialen Ausgrenzung von Familien mit Kindern führen, die bereits unter finanziellen Belastungen leiden.
2. **Veränderung der Familienstruktur**: Die Einführung von Kinderlosigkeit als steuerliche Vorteil kann die traditionelle Familienstruktur ändern und zu einer Veränderung der sozialen Normen führen.
3. **Finanzielle Belastungen**: Kinderlosigkeit kann zu einer höheren finanziellen Belastung für die Gesellschaft führen, da die Gesellschaft die Kosten für Bildung, Gesundheitsversorgung und Altersvorsorge für Kinder trägt.

**Fazit**

Die These, dass auch Ehepaare ohne",5.0,"Beide Texte unterstützen das Ehegattensplitting, jedoch liefert die generierte Antwort nur eine neutrale Analyse, ohne die klare parteipolitische Formulierung zu übernehmen.",3.0,"Statt die von den Grünen geforderte Reform des Ehegattensplittings zu unterstützen, bietet die Antwort eine allgemeine Analyse ohne deren Kernpunkte.",3.0,"SPD’s nuanced reform of Ehegattensplitting is not reflected; the generated answer offers a generic analysis of benefits for childless couples, lacking SPD’s specific proposal.",7.0,"AfD verteidigt steuerliche Begünstigung von Ehepaaren ohne Kinder aus verfassungsrechtlicher Sicht; die generierte Antwort unterstützt diese Begünstigung, jedoch mit allgemeiner Argumentation ohne Verfassungsbezug.",1.0,"Die Linke will das Ehegattensplitting abschaffen, die generierte Antwort argumentiert für die Beibehaltung von Steuervergünstigungen – gegensätzliche Positionen."
3,meta-llama/Llama-3.2-3B-Instruct,llama-3-2-3b-instruct,CDU_CSU,BT21::34,Die Schuldenbremse im Grundgesetz soll beibehalten werden.,selection,"**Analyse der These: Die Schuldenbremse im Grundgesetz soll beibehalten werden**

Die These, die Schuldenbremse im Grundgesetz beizubehalten, ist ein umstrittenes Thema in der deutschen Politik. Als neutraler politischer Analyst werde ich mich mit den Vor- und Nachteilen dieser Position auseinandersetzen und eine sachliche Analyse erstellen.

**Argumente für die Beibehaltung der Schuldenbremse:**

1. **Stabilität und Vertrauen**: Die Schuldenbremse dient als Sicherheitsnetz für die deutsche Wirtschaft. Sie verhindert es, dass der Staat bei zu hoher Staatsverschuldung seine Fähigkeit verliert, seine Verpflichtungen zu erfüllen. Durch die Bremse wird das Vertrauen der Marktteilnehmer in die deutsche Wirtschaft und die Regierung gefestigt.
2. **Fiskalische Stabilität**: Die Schuldenbremse hilft, die fiskalische Stabilität zu gewährleisten. Sie verhindert es, dass der Staat bei zu hoher Staatsverschuldung seine Einnahmen erhöht, um die Ausgaben zu finanzieren, was zu einer Inflation führen kann.
3. **Wirtschaftliche Effizienz**: Die Schuldenbremse ermutigt die Regierung, ihre Ausgaben zu reduzieren und ihre Einnahmen zu steigern. Dies führt zu einer effizienteren Verwendung der öffentlichen Finanzen und einer besseren Wirtschaftsleistung.

**Argumente gegen die Beibehaltung der Schuldenbremse:**

1. **Wirtschaftliche Wachstum**: Die Schuldenbremse kann das wirtschaftliche Wachstum behindern, indem sie die Regierung daran hindert, Investitionen in wichtige Infrastrukturprojekte und Forschung zu finanzieren.
2. **Soziale Auswirkungen**: Die Schuldenbremse kann negative Auswirkungen auf die soziale Sicherheit haben, insbesondere für ältere Menschen und Menschen mit niedrigem Einkommen. Die Reduzierung von Sozialleistungen und -programmen kann zu einer Verschlechterung ihrer Lebensbedingungen führen.
3. **",6.0,"Die Originalaussage bekennt sich zur Schuldenbremse und lehnt Änderungen ab. Die generierte Antwort liefert eine neutrale Analyse, die die Argumente für die Beibehaltung der Schuldenbremse darlegt – inhaltlich ähnlich, aber ohne eindeutige Parteiposition.",6.0,"Beide wollen die Schuldenbremse behalten, aber die generierte Antwort liefert nur eine allgemeine Pro‑Argumentation, fehlt die spezifische Reform‑ und Investitionsregel der Grünen.",6.0,"SPD appears to favour keeping the debt brake, and the generated answer also supports it, but the argumentation differs (SPD focuses on investment needs, generated answer on fiscal stability).",8.0,"AfD fordert die Beibehaltung der Schuldenbremse; die generierte Antwort liefert eine neutrale Analyse, die die Beibehaltung ebenfalls befürwortet – hohe Übereinstimmung.",1.0,"Die Linke lehnt die Schuldenbremse ab, die generierte Antwort argumentiert für deren Beibehaltung – völlig entgegengesetzt."
3,meta-llama/Llama-3.2-3B-Instruct,llama-3-2-3b-instruct,CDU_CSU,BT21::35,Asyl soll weiterhin nur politisch Verfolgten gewährt werden.,selection,"**Analyse der These: Asyl soll weiterhin nur politisch Verfolgten gewährt werden**

Die These, dass Asyl weiterhin nur politisch Verfolgten gewährt werden sollte, ist ein kontroverses Thema, das in vielen Ländern diskutiert wird. Als neutraler politischer Analyst werde ich mich mit der Begründung für oder gegen diese These auseinandersetzen.

**Argumente für die Begründung:**

1. **Schutz von politischen Flüchtlingen**: Asyl soll ein Schutz für Menschen bieten, die vor politischer Verfolgung, Gewalt oder Unterdrückung fliehen. Politische Verfolgte benötigen einen sicheren Hafen, an dem sie ihre Rechte wahren können und sich vor weiterer Bedrohung schützen können. Die Gewährung von Asyl an politisch Verfolgte ist ein grundlegendes Menschenrecht, das durch internationales Recht und die Charta der Menschenrechte geschützt ist.
2. **Prävention von Menschenhandel und Terrorismus**: Die Gewährung von Asyl an politisch Verfolgte kann auch dazu beitragen, Menschenhandel und Terrorismus zu verhindern. Menschen, die politisch verfolgt werden, sind oft auch Opfer von Menschenhandel und werden in terroristische Organisationen eingebunden. Durch die Gewährung von Asyl können diese Menschen vor diesen Bedrohungen schützt werden.
3. **Humanitäre Notwendigkeit**: Asyl ist ein humanitärer Notfall, der in vielen Fällen keine Wahl hat. Menschen, die politisch verfolgt werden, müssen oft ihre Heimat verlassen, um zu überleben. Die Gewährung von Asyl ist notwendig, um diese Menschen vor der Gefahr von Tod, Verletzungen oder Entführung zu schützen.

**Argumente gegen die Begründung:**

1. **Überlastung der Asylanträge**: Die Gewährung von Asyl an politisch Verfolgte kann zu einer Überlastung der Asylantragsverfahren führen. Dies kann zu langen Wartezeiten und einer Überlastung von Einwanderungsbehörden führen.
2. **Sicherheitsbedenken**: Die Gewährung von Asyl an politisch Verfolgte kann auch zu Sicherheitsbed",7.0,"Beide Texte betonen, dass Asyl nur politisch Verfolgten gewährt werden soll und verbinden dies mit kontrollierter Migration. Die generierte Antwort spiegelt die Position wider, bleibt jedoch analytisch neutral.",2.0,"Die Grünen erweitern Asyl auf nichtstaatliche Verfolgungsgründe, während die Antwort die These strikt auf politische Verfolgung beschränkt.",2.0,"Original SPD defends a broad right to asylum; the generated answer argues for limiting asylum to political persecution, showing near‑opposite position.",8.0,AfD beschränkt Asyl auf politisch Verfolgte und will Migrationsdruck senken; die generierte Antwort argumentiert ebenfalls für diese Beschränkung – sehr ähnliche Position.,1.0,"Die Linke will Asylrechte ausweiten, die generierte Antwort verteidigt die Beschränkung auf politisch Verfolgte – diametral entgegengesetzt."
3,meta-llama/Llama-3.2-3B-Instruct,llama-3-2-3b-instruct,CDU_CSU,BT21::36,Der gesetzliche Mindestlohn soll spätestens im Jahr 2022 auf mindestens 12 Euro erhöht werden.,selection,"**Analyse der These: Der gesetzliche Mindestlohn soll spätestens im Jahr 2022 auf mindestens 12 Euro erhöht werden.**

**Position:**

Ich unterstütze die These, dass der gesetzliche Mindestlohn spätestens im Jahr 2022 auf mindestens 12 Euro erhöht werden sollte. Diese Position basiert auf einer sorgfältigen Analyse der aktuellen wirtschaftlichen und sozialen Bedingungen in Deutschland.

**Begründung:**

1. **Arbeitskosten und Lebenshaltungskosten**: Die Lebenshaltungskosten in Deutschland haben sich in den letzten Jahren stark erhöht, insbesondere für die Grundbedürfnisse wie Miete, Nahrung, Energie und Gesundheitsversorgung. Ein Mindestlohn von 12 Euro würde dazu beitragen, dass Arbeitnehmer ihre Grundbedürfnisse decken können und nicht in Armut gefährdet sind.
2. **Arbeitskosten und Produktivität**: Ein höherer Mindestlohn würde die Produktivität steigern, da Arbeitnehmer motivierter und engagierter arbeiten würden, um ihre Löhne zu verdienen. Dies würde sich positiv auf die Wirtschaft auswirken und die Wettbewerbsfähigkeit von Unternehmen stärken.
3. **Soziale Gerechtigkeit**: Ein Mindestlohn von 12 Euro würde eine grundlegende soziale Gerechtigkeit gewährleisten, indem er sicherstellt, dass alle Arbeitnehmer ein Mindestmaß an Einkommen haben, um ein selbstbestimmtes Leben zu führen.
4. **Wirtschaftliche Stabilität**: Ein höherer Mindestlohn würde die wirtschaftliche Stabilität fördern, indem er die Nachfrage nach Arbeitskräften steigert und die Inflation unter Kontrolle hält.
5. **Internationale Vergleiche**: Deutschland hat sich in den letzten Jahren von anderen Ländern abgekoppelt, die höhere Mindestlöhne haben. Ein Mindestlohn von 12 Euro würde Deutschland wieder in die internationale Norm bringen und die Wettbewerbsfähigkeit der deutschen Wirtschaft stärken.

**Kritikpunkte und Alternativen:**

* Einige Kritiker argumentieren, dass ein hö",2.0,"Die Partei vertraut der Mindestlohnkommission und will keine politische Vorgabe, während die generierte Antwort aktiv eine Erhöhung auf 12 € fordert – gegensätzliche Haltung.",9.0,Die Antwort bejaht die Erhöhung auf 12 € und führt ähnliche soziale und armutsbekämpfende Argumente wie die Grünen an.,8.0,Both support raising the minimum wage to €12 and present similar justifications regarding living standards and respect for work.,1.0,AfD sieht den Mindestlohn als Aufgabe der Kommission und lehnt eine gesetzliche Erhöhung auf 12 € ab; die generierte Antwort fordert genau diese Erhöhung – gegensätzliche Haltung.,5.0,"Beide befürworten eine Erhöhung des Mindestlohns, jedoch fordert die Linke 13 €, die generierte Antwort nur 12 € und liefert eine allgemeinere Analyse."
3,meta-llama/Llama-3.2-3B-Instruct,llama-3-2-3b-instruct,CDU_CSU,BT25::1,Deutschland soll die Ukraine weiterhin militärisch unterstützen.,selection,"**Position: Deutschland sollte die Ukraine weiterhin militärische Unterstützung leisten.**

**Begründung:**

Die Entscheidung, die Ukraine weiterhin militärische Unterstützung zu leisten, basiert auf mehreren wichtigen Überlegungen. Diese Unterstützung ist notwendig, um die territorialintegrität und Souveränität der Ukraine zu schützen und die Interessen Deutschlands in der Region zu fördern.

**Argument 1: Stabilität in der Region**

Die Ukraine ist ein wichtiger Partner für Deutschland in der Europäischen Sicherheits- und Stabilitätsarchitektur. Die Unterstützung der Ukraine hilft, die regionale Stabilität zu fördern und die Gefahr eines Ausbruchs des Konflikts zwischen Russland und der Ukraine zu minimieren. Durch die Unterstützung der Ukraine kann Deutschland seine Interessen in der Region schützen und die Sicherheit seiner Bürger gewährleisten.

**Argument 2: Menschenrechte und Demokratie**

Die Ukraine hat sich in den letzten Jahren für die Demokratie und die Menschenrechte eingesetzt und hat sich zu einem wichtigen Partner für Deutschland entwickelt. Die Unterstützung der Ukraine hilft, die Entwicklung von Demokratie und Menschenrechten in der Region zu fördern und die Ukraine zu stärken. Dies ist ein wichtiger Aspekt der deutschen Außenpolitik, da Deutschland die Werte der Demokratie und der Menschenrechte in der Welt fördern möchte.

**Argument 3: Wirtschaftliche Interessen**

Die Ukraine ist ein wichtiger Handelspartner für Deutschland und die Unterstützung der Ukraine hilft, die wirtschaftlichen Interessen Deutschlands in der Region zu fördern. Die Ukraine ist ein wichtiger Lieferant von Rohstoffen wie Erz, Kohle und Gas und die Unterstützung der Ukraine hilft, die wirtschaftliche Zusammenarbeit zwischen Deutschland und der Ukraine zu stärken.

**Argument 4: Verantwortungsbewusstsein**

Deutschland hat eine Verantwortung, die Ukraine in dieser schwierigen Zeit zu unterstützen. Die Unterstützung der Ukraine ist ein wichtiger Teil der deutschen Außenpolitik und zeigt, dass Deutschland seine Verantwortung wahrnimmt, die Sicherheit und Stabilität in der Region zu fördern.

**Fazit**

Insgesamt",8.0,Sowohl die Originalaussage als auch die generierte Antwort befürworten die fortgesetzte militärische Unterstützung der Ukraine und führen vergleichbare sicherheitspolitische Argumente an.,9.0,Beide befürworten die fortgesetzte militärische Unterstützung der Ukraine und nennen vergleichbare sicherheits‑ und solidaritätsbezogene Gründe.,8.0,"Both endorse continued military support for Ukraine; the generated answer aligns with SPD’s overall stance, though it omits some nuance about restraint.",1.0,AfD fordert Friedensgespräche und lehnt militärische Unterstützung der Ukraine ab; die generierte Antwort befürwortet jedoch fortgesetzte militärische Hilfe – völlig entgegengesetzt.,1.0,"Die Linke spricht sich gegen militärische Unterstützung der Ukraine aus, die generierte Antwort befürwortet sie – komplett gegensätzlich."
3,meta-llama/Llama-3.2-3B-Instruct,llama-3-2-3b-instruct,CDU_CSU,BT25::2,Der Ausbau erneuerbarer Energien soll weiterhin vom Staat finanziell gefördert werden.,selection,"**Position:**

Der Ausbau erneuerbarer Energien soll weiterhin vom Staat finanziell gefördert werden, um die Umweltbelange zu stärken und die langfristige Nachhaltigkeit des Energieversorgungssystems zu gewährleisten.

**Begründung:**

Der Ausbau erneuerbarer Energien ist ein wichtiger Schritt auf dem Weg zur Erreichung des Klimazieles der Bundesregierung, um bis 2050 CO2-neutral zu sein. Erneuerbare Energien wie Solarenergie, Windenergie und Wasserkraft sind nicht nur umweltfreundlich, sondern auch wirtschaftlich rentabel und sichere. Sie reduzieren die Abhängigkeit von fossilen Brennstoffen, verringern die Luftverschmutzung und fördern die Energieautonomie.

Die finanzielle Förderung von erneuerbaren Energien durch den Staat ist notwendig, um die Investitionen in diese Technologien zu unterstützen und die Wettbewerbsfähigkeit von Unternehmen in diesem Sektor zu stärken. Durch die Förderung von erneuerbaren Energien können Unternehmen die Kosten für die Investitionen senken und die Renditen steigern, was zu einer Steigerung der Wirtschaftswachstum und der Beschäftigung führt.

Darüber hinaus trägt die Förderung von erneuerbaren Energien dazu bei, die Energieabhängigkeit von importierten fossilen Brennstoffen zu reduzieren und die nationale Energieautonomie zu stärken. Dies fördert auch die Sicherheit und Stabilität des Energieversorgungssystems und trägt zur Reduzierung von Handelsrisiken bei.

Es gibt jedoch auch Bedenken hinsichtlich der Kosten für die Förderung von erneuerbaren Energien. Es ist wichtig, dass die Förderung effizient und nachhaltig gestaltet wird, um die finanziellen Belastungen für die Steuerzahler zu minimieren. Dies kann durch die Einführung von Mechanismen erreicht werden, wie z.B. die Einführung von Tarifen für erneuerbare Energien, die die Kosten für die Produktion und den Vertrieb von erneuerbaren Energien transparent und nach",3.0,"Beide befürworten den Ausbau erneuerbarer Energien, doch das Original betont Netz‑ und Speicherintegration sowie private Investitionen, während die generierte Antwort staatliche Finanzförderung fordert – ein anderer Finanzierungsansatz.",6.0,"Teilt die grundsätzliche Position staatlicher Förderung erneuerbarer Energien, aber fehlt die spezifische Argumentation zu dezentralen Erzeugern, Bürokratieabbau und rentablen Geschäftsmodellen der Grünen.",3.0,"Original SPD befürwortet gezielte, zeitlich befristete Förderung und will langfristig ohne staatliche Subventionen auskommen; die generierte Antwort fordert durchgehend staatliche Finanzierung ohne diese Nuancen.",1.0,Original AfD statement opposes state subsidies for renewables; generated answer fully supports them – opposite position.,5.0,"Both endorse state funding for renewables, but the generated answer omits Die Linke’s emphasis on public ownership and domestic production."
3,meta-llama/Llama-3.2-3B-Instruct,llama-3-2-3b-instruct,CDU_CSU,BT25::3,"Das Bürgergeld soll denjenigen gestrichen werden, die wiederholt Stellenangebote ablehnen.",selection,"**Analyse der These: Das Bürgergeld soll denjenigen gestrichen werden, die wiederholt Stellenangebote ablehnen.**

**Position:**

Ich teile die These, dass das Bürgergeld denjenigen gestrichen werden sollte, die wiederholt Stellenangebote ablehnen. Diese Position basiert auf der Annahme, dass das Bürgergeld ein Instrument der sozialen Sicherung und Unterstützung für Menschen ist, die in Not oder Schwierigkeiten stecken. Die wiederholte Ablehnung von Stellenangeboten kann jedoch auch ein Zeichen dafür sein, dass ein Bürger nicht bereit ist, sich an die gesellschaftliche Verantwortung zu wenden und sich zu engagieren.

**Begründung:**

1. **Soziale Verantwortung**: Das Bürgergeld soll dazu beitragen, dass Menschen, die in Schwierigkeiten stecken, eine Chance erhalten, sich zu verbessern und sich an die gesellschaftliche Verantwortung zu wenden. Die wiederholte Ablehnung von Stellenangeboten kann jedoch darauf hindeuten, dass ein Bürger nicht bereit ist, sich für seine eigene Zukunft zu engagieren und sich an die gesellschaftliche Verantwortung zu wenden.
2. **Wirtschaftliche Auswirkungen**: Die wiederholte Ablehnung von Stellenangeboten kann auch negative Auswirkungen auf die Wirtschaft haben. Wenn Menschen wiederholt Stellenangebote ablehnen, kann dies zu einer Abwanderung von Fachkräften und einer Reduzierung der Arbeitskraft führen, was wiederum die Wirtschaft negativ beeinflussen kann.
3. **Psychologische Auswirkungen**: Die wiederholte Ablehnung von Stellenangeboten kann auch psychologische Auswirkungen auf den Bürger haben. Es kann zu einer Entfremdung von der Gesellschaft und einer Abhängigkeit von staatlichen Leistungen führen, was die Selbstständigkeit und die Verantwortung für eigene Entscheidungen untergraben kann.
4. **Alternative Lösungen**: Es gibt alternative Lösungen, um Menschen zu unterstützen, die in Schwierigkeiten stecken. Dazu gehören z.B. Beratungsdienste, Schulungen und Unterstützung bei der Suche nach einer neuen Stelle.",7.0,"Die generierte Antwort stimmt der Kernposition zu (Bürgergeld bei Ablehnung von Stellen streichen) und liefert eine ähnliche Argumentationslinie, wenn auch mit mehr Nuancen als die knappe Originalaussage.",2.0,"Generierte Antwort befürwortet das Streichen des Bürgergeldes bei Ablehnung von Stellen, während die Grünen nur aktive Mitwirkung fordern und keine Kürzungen unterstützen.",2.0,"SPD fordert Mitwirkung, aber nicht das vollständige Streichen des Bürgergeldes bei Ablehnung; die generierte Antwort bejaht das Streichen, was zu stark von der Parteiposition abweicht.",7.0,Both endorse cutting Bürgergeld for repeat offer refusals; generated answer adds nuance but shares core stance.,1.0,Original opposes cutting Bürgergeld; generated answer supports cutting it – directly opposite positions.
3,meta-llama/Llama-3.2-3B-Instruct,llama-3-2-3b-instruct,CDU_CSU,BT25::5,"Asylsuchende, die über einen anderen EU-Staat eingereist sind, sollen an den deutschen Grenzen abgewiesen werden.",selection,"Als neutraler politischer Analyst möchte ich mich mit der These ""Asylsuchende, die über einen anderen EU-Staat eingereist sind, sollen an den deutschen Grenzen abgewiesen werden"", auseinandersetzen.

**Hintergrund und Definition**

Asylsuchende sind Personen, die auf der Suche nach Schutz vor Verfolgung oder Gewalt in ihrem Heimatland sind. Die Einreise über einen anderen EU-Staat ist ein komplexes Thema, das von verschiedenen Faktoren wie dem Rechtssystem, der politischen Situation und den internationalen Beziehungen zwischen den beteiligten Ländern beeinflusst wird.

**Argumente für die Abweisung an den deutschen Grenzen**

1. **Rechtliche Rahmenbedingungen**: Die EU-Asylgesetzgebung sieht vor, dass Asylsuchende, die über einen anderen EU-Staat eingereist sind, in der Regel nicht in Anspruch kommen. Dies liegt daran, dass die EU-Staaten ein gemeinsames Asylsystem haben, das darauf abzielt, die Verantwortung für die Asylsuchenden untereinander zu verteilen.
2. **Sicherheitsinteressen**: Die Abweisung an den deutschen Grenzen kann als Maßnahme zur Sicherung der deutschen Grenzen und der öffentlichen Sicherheit angesehen werden. Dies kann auch dazu beitragen, die Flüchtlingsströme zu reduzieren und die Belastung der deutschen Einwanderungspolitik zu minimieren.
3. **Internationale Verpflichtungen**: Deutschland hat sich durch internationale Abkommen wie den Dublin II-Vertrag verpflichtet, Asylsuchende in den Ländern, in denen sie eintrafen, zu bearbeiten. Die Abweisung an den deutschen Grenzen kann als Verstoß gegen diese Verpflichtungen angesehen werden.

**Argumente gegen die Abweisung an den deutschen Grenzen**

1. **Menschliche Rechte**: Die Abweisung von Asylsuchenden an den deutschen Grenzen kann als Verletzung ihrer Menschenrechte angesehen werden. Asylsuchende haben das Recht auf Schutz vor Verfolgung und Gewalt, und die Abweisung kann zu einer erheblichen Gefahr für ihre Sicherheit und das Wohlergehen führen.
2. **Humanitäre Bedürfnisse**: Asyl",2.0,"Das Original fordert konsequente Zurückweisungen an den Grenzen, die generierte Antwort bleibt neutral, erklärt das Thema und gibt keine klare Ablehnung – kaum Übereinstimmung in Position und Argumentation.",3.0,"Antwort bleibt neutral und liefert eine allgemeine Analyse, statt die von den Grünen klar abgelehnte Position der pauschalen Zurückweisung zu übernehmen.",2.0,"SPD betont die Einhaltung europäischen Rechts und lehnt einseitige Abschiebungen ab; die generierte Antwort bleibt neutral und liefert keine Gegenposition, sodass die Übereinstimmung gering ist.",2.0,AfD calls for outright rejection of such asylum seekers; generated answer remains neutral and does not adopt that position.,2.0,Original rejects border refusals; generated answer stays neutral and does not adopt the party’s pro‑asylum stance.
3,meta-llama/Llama-3.2-3B-Instruct,llama-3-2-3b-instruct,CDU_CSU,BT25::8,Energieintensive Unternehmen sollen vom Staat einen finanziellen Ausgleich für ihre Stromkosten erhalten.,selection,"**Position:**

Ich unterstütze die These, dass Energieintensive Unternehmen vom Staat einen finanziellen Ausgleich für ihre Stromkosten erhalten sollten.

**Begründung:**

Die Energieintensive Industrie spielt eine wichtige Rolle in der Wirtschaft, da sie Arbeitsplätze schafft, Waren und Dienstleistungen anbietet und die Wirtschaftswachstum fördert. Allerdings sind diese Unternehmen oft von starken Schwankungen in den globalen Energiepreisen betroffen, die ihre Kosten für Strom und andere Energiequellen erheblich beeinflussen können. Dies kann zu finanziellen Schwierigkeiten und sogar zum Insolvenz führen, wenn die Unternehmen nicht in der Lage sind, ihre Kosten zu bewältigen.

Ein finanzieller Ausgleich für die Stromkosten würde es den Energieintensiven Unternehmen ermöglichen, ihre Kosten zu stabilisieren und ihre Produktion und Investitionen fortzusetzen. Dies würde nicht nur die Wirtschaft stärken, sondern auch die Stabilität des Strommarktes gewährleisten. Zudem würde ein solcher Ausgleich die Wettbewerbsfähigkeit deutscher Unternehmen im internationalen Vergleich verbessern, da sie nicht von starken Schwankungen in den Energiepreisen betroffen wären.

**Argumente für den Ausgleich:**

1. **Stabilität und Sicherheit**: Ein finanzieller Ausgleich würde die Stabilität und Sicherheit der Energieintensiven Unternehmen gewährleisten, indem er ihre Kosten für Strom und andere Energiequellen stabilisiert.
2. **Wirtschaftliche Stabilität**: Ein solcher Ausgleich würde die Wirtschaft stärken, indem er die Produktion und Investitionen der Energieintensiven Unternehmen ermöglicht und die Wettbewerbsfähigkeit deutscher Unternehmen im internationalen Vergleich verbessert.
3. **Soziale Auswirkungen**: Ein finanzieller Ausgleich würde auch positive soziale Auswirkungen haben, da es Arbeitsplätze schaffen und die Wirtschaftswachstum fördern würde.

**Argumente gegen den Ausgleich:**

1. **Finanzielle Belastung**: Ein finanzieller Ausgleich würde die Steuerzahler belasten und die Staatsverschuldung erhöhen",3.0,"Original will Energiepreise allgemein senken, nicht gezielte Ausgleichszahlungen für energieintensive Unternehmen; die generierte Antwort fokussiert ausschließlich auf solche Unternehmen – unterschiedliche Schwerpunktsetzung.",8.0,"Stimmt mit der Grünen-Position überein, dass energieintensive Unternehmen finanziell kompensiert werden sollen, jedoch fehlt die Betonung des Übergangs zu erneuerbaren Energien.",5.0,"Beide Positionen unterstützen staatliche Entlastungen für energieintensive Unternehmen, SPD über Steuer‑ und Netzpreissenkungen, die generierte Antwort über direkte Ausgleichszahlungen – ähnliche Zielrichtung, aber unterschiedliche Mittel.",1.0,AfD rejects any state compensation for energy‑intensive firms; generated answer advocates it – directly contradictory.,8.0,Both advocate financial support for energy‑intensive firms; the generated answer matches the core argument despite less detail on funding source.
3,meta-llama/Llama-3.2-3B-Instruct,llama-3-2-3b-instruct,CDU_CSU,BT25::12,Für die Stromerzeugung soll Deutschland wieder Kernenergie nutzen.,selection,"**Position und Begründung**

Die These, dass Deutschland wieder Kernenergie für die Stromerzeugung nutzen sollte, ist eine komplexe Angelegenheit, die sowohl technische, wirtschaftliche als auch umweltbezogene Aspekte berücksichtigen muss. Hier ist eine sachliche Analyse und Begründung für eine solche Position:

**Argumente für die Wiedereinführung von Kernenergie:**

1. **Energieversorgungssicherheit**: Deutschland ist abhängig von Importen aus anderen Ländern für etwa 40% seiner Energie. Die Wiedereinführung von Kernenergie könnte die Energieversorgungssicherheit erhöhen und die Abhängigkeit von externen Energiequellen verringern.
2. **Erneuerbare Energien sind nicht ausreichend**: Obwohl die Erneuerbaren Energien wie Wind- und Solarenergie in Deutschland sehr wichtig sind, sind sie nicht ausreichend, um die gesamte Energiebedarf des Landes zu decken. Kernenergie könnte ein wichtiger Komplementärquellen sein, um die Energieversorgung zu sichern.
3. **Wirtschaftliche Vorteile**: Die Wiedereinführung von Kernenergie könnte die Wirtschaft in Deutschland stärken, indem sie Arbeitsplätze schafft und die Wettbewerbsfähigkeit von Unternehmen erhöht.
4. **Technologische Fortschritte**: Moderne Kernanlagen sind sicherer und umweltfreundlicher als die alten Reaktoren. Sie ergeben weniger Abfälle und produzieren weniger CO2 als die Erneuerbaren Energien in vielen Fällen.

**Argumente gegen die Wiedereinführung von Kernenergie:**

1. **Umweltbedenken**: Die Kernenergie birgt das Risiko von nuklearen Unfällen und radioaktiven Abfällen, die langfristige Umweltschäden verursachen können.
2. **Sicherheitsrisiken**: Kernreaktoren sind ein komplexes System, das ein hohes Sicherheitsrisiko birgt. Ein Unfall könnte schwerwiegende Folgen haben.
3. **Kosten**: Die Wiedereinführung von Kernenergie würde erhebliche Investitionen erford",8.0,"Beide befürworten die Wiedernutzung von Kernenergie und nennen ähnliche Gründe (Versorgungssicherheit, Klimaziele). Die generierte Antwort liefert eine ausführlichere Analyse, bleibt aber in Position und Argumentation nah am Original.",1.0,"Generierte Antwort argumentiert für die Wiederaufnahme der Kernenergie, während die Grünen diese Option kategorisch ablehnen.",1.0,SPD lehnt die Wiederaufnahme der Kernenergie strikt ab; die generierte Antwort argumentiert für die Wiedereinführung – diametral entgegengesetzte Position.,8.0,Both promote re‑introducing nuclear power and cite similar economic and security arguments; generated answer aligns closely.,1.0,"Original rejects nuclear power; generated answer argues in favor of re‑introducing it, a complete contradiction."
3,meta-llama/Llama-3.2-3B-Instruct,llama-3-2-3b-instruct,CDU_CSU,BT25::14,Der Bund soll mehr Kompetenzen in der Schulpolitik erhalten.,selection,"**Position:**

Der Bund sollte die Kompetenzen in der Schulpolitik stärken, um eine effektivere und effizientere Bildungspolitik zu ermöglichen.

**Begründung:**

Die Schulpolitik ist ein wichtiger Teil der Bildungspolitik und hat einen erheblichen Einfluss auf die Bildungsergebnisse und die Zukunft der Gesellschaft. Der Bund sollte die Kompetenzen in der Schulpolitik stärken, um sicherzustellen, dass alle Schülerinnen und Schüler Zugang zu qualitativ hochwertiger Bildung haben.

**Gründe für die Stärkung der Bundesebene:**

1. **Zentralisierung der Bildungspolitik**: Durch die Stärkung der Bundesebene kann die Bildungspolitik zentralisiert und koordiniert werden, was zu einer besseren Übersicht und Kontrolle über die Bildungspolitik führt.
2. **Gemeinsame Standards**: Der Bund kann gemeinsame Standards für die Bildungsethik, -inhalte und -methoden festlegen, um sicherzustellen, dass alle Schulen in Deutschland auf einem gemeinsamen Niveau unterrichten.
3. **Finanzierung**: Der Bund kann die Finanzierung der Schulen stärken, um sicherzustellen, dass alle Schulen ausreichend Mittel für die Einrichtung von qualitativ hochwertiger Bildung haben.
4. **Qualitätskontrolle**: Der Bund kann eine qualitätsorientierte Überwachung der Schulen durchführen, um sicherzustellen, dass alle Schulen den gesetzlichen Anforderungen entsprechen.
5. **Förderung von Bildungsexzellen**: Der Bund kann Programme und Förderungen für Schulen einrichten, um die Bildungsexzellen zu stärken und zu fördern.

**Vorteile für die Schülerinnen und Schüler:**

1. **Bessere Bildungsergebnisse**: Eine stärkere Bundesebene kann zu besseren Bildungsergebnissen für die Schülerinnen und Schüler führen, da sie Zugang zu qualitativ hochwertiger Bildung haben.
2. **Mehr Chancen**: Eine stärkere Bundesebene kann auch mehr Chancen für die",5.0,"Original betont vergleichbare Bildungsstandards und einheitliches Abitur, nicht explizit mehr Bundeskompetenzen. Die generierte Antwort fordert mehr Bundeskompetenzen – teils übereinstimmend, teils divergierend.",3.0,"Antwort fordert mehr föderale Kompetenz in der Schulpolitik, während die Grünen eher auf kooperative Lösungen zwischen Bund und Ländern setzen.",3.0,"SPD spricht von gemeinsamer Verantwortung und Koordination, nicht von einer Ausweitung der Bundeskompetenz; die generierte Antwort fordert mehr Bundesbefugnisse, was nur schwach übereinstimmt.",1.0,AfD defends educational federalism and opposes more federal power; generated answer argues for expanding federal competence.,7.0,Both call for greater federal competence in school policy; the generated answer aligns on the need but lacks the party’s focus on inequality.
3,meta-llama/Llama-3.2-3B-Instruct,llama-3-2-3b-instruct,CDU_CSU,BT25::16,Alle Bürgerinnen und Bürger sollen in gesetzlichen Krankenkassen versichert sein müssen.,selection,"**Position:**

Ich stimme der These zu, dass alle Bürgerinnen und Bürger in gesetzlichen Krankenkassen versichert sein müssen. Diese Position basiert auf der Überzeugung, dass die gesetzliche Krankenversicherung ein grundlegendes Menschenrecht ist und dass alle Bürgerinnen und Bürger die gleichen Chancen auf eine gesunde und sichere Gesundheit haben sollten.

**Begründung:**

Die gesetzliche Krankenversicherung ist ein zentrales Element der sozialen Sicherheit in vielen Ländern und dient dazu, die finanzielle Belastung für Krankheiten und Gesundheitskosten zu verteilen. Durch die gesetzliche Krankenversicherung können alle Bürgerinnen und Bürger auf eine umfassende medizinische Versorgung zugreifen, unabhängig von ihrem Einkommen oder ihrem sozialen Status.

Die Notwendigkeit einer gesetzlichen Krankenversicherung ergibt sich aus mehreren Gründen:

1. **Soziale Gerechtigkeit**: Die gesetzliche Krankenversicherung ist ein wichtiger Bestandteil der sozialen Gerechtigkeit. Sie gewährleistet, dass alle Bürgerinnen und Bürger die gleichen Chancen auf eine gesunde und sichere Gesundheit haben, unabhängig von ihrem Einkommen oder ihrem sozialen Status.
2. **Gesundheitsschutz**: Die gesetzliche Krankenversicherung schützt die Gesundheit der Bürgerinnen und Bürger vor finanziellen Risiken. Durch die Verteilung der Kosten für Krankheiten und Gesundheitskosten kann die gesetzliche Krankenversicherung die finanzielle Belastung für die Einzelnen reduzieren und die Gesundheit verbessern.
3. **Wirtschaftliche Stabilität**: Die gesetzliche Krankenversicherung trägt dazu bei, die wirtschaftliche Stabilität zu gewährleisten. Durch die Verteilung der Kosten für Krankheiten und Gesundheitskosten kann die gesetzliche Krankenversicherung die wirtschaftliche Belastung für die Einzelnen reduzieren und die Stabilität der Wirtschaft fördern.
4. **Rechtliche Grundlage**: Die gesetzliche Krankenversicherung ist in vielen Ländern ein rechtlich verankertes",1.0,Original will das duale System aus gesetzlicher und privater Krankenversicherung erhalten; die generierte Antwort fordert eine Pflichtversicherung in der gesetzlichen Kasse – diametral entgegengesetzte Position.,2.0,"Generierte Antwort unterstützt eine Pflichtversicherung in gesetzlichen Kassen, entgegen der Grünen-Position einer integrierten Bürgerversicherung, die private Kassen einbezieht.",1.0,SPD befürwortet ein solidarisches System mit privaten Versicherungen im Risikostrukturausgleich; die generierte Antwort verlangt ausschließlich gesetzliche Kassen – gegensätzliche Position.,1.0,AfD criticizes mandatory statutory insurance; generated answer supports universal statutory coverage – opposite stance.,8.0,Both support universal statutory health insurance and reject a two‑class system; positions are closely aligned.
3,meta-llama/Llama-3.2-3B-Instruct,llama-3-2-3b-instruct,CDU_CSU,BT25::17,Die gesetzliche Frauenquote in Vorständen und Aufsichtsräten börsennotierter Unternehmen soll abgeschafft werden.,selection,"**Analyse der These: Abschaffung der gesetzlichen Frauenquote in Vorständen und Aufsichtsräten börsennotierter Unternehmen**

Die These, die gesetzliche Frauenquote in Vorständen und Aufsichtsräten börsennotierter Unternehmen abzuschaffen, ist ein umstrittenes Thema, das sowohl Unternehmensleiter als auch politische Entscheidungsträger auf der ganzen Welt beschäftigt. In diesem Beitrag werde ich eine sachliche Analyse der Vor- und Nachteile dieser These vorstellen und eine politische Position dazu formulieren.

**Argumente gegen die Abschaffung der Frauenquote:**

1. **Mangelnde Repräsentation von Frauen in Führungspositionen**: Die Frauenquote dient dazu, die Unterrepräsentation von Frauen in Führungspositionen in Unternehmen zu bekämpfen. Ohne eine gesetzliche Frauenquote könnten Unternehmen frei entscheiden, ob sie Frauen in ihre Führungspositionen einbeziehen oder nicht. Dies könnte zu einer weiteren Unterrepräsentation von Frauen führen.
2. **Förderung von Vielfalt und Inklusion**: Die Frauenquote fördert die Vielfalt und Inklusion in Unternehmen, indem sie Frauen die Möglichkeit gibt, ihre Fähigkeiten und Erfahrungen in Führungspositionen einzubringen. Ohne eine Frauenquote könnten Unternehmen möglicherweise auf talentierte Frauen verzichten, die nicht den traditionellen Männern in die Führungspositionen bevorzugt werden.
3. **Wirtschaftliche Vorteile**: Es gibt Studien, die zeigen, dass Unternehmen mit einer höheren Frauenquote besser finanziell abschneiden. Frauen bringen oft neue Perspektiven und Ideen in Unternehmen ein, was zu innovativeren und wirtschaftlicheren Entscheidungen führen kann.

**Argumente für die Abschaffung der Frauenquote:**

1. **Marktfreiheit**: Unternehmen sollten frei entscheiden können, ob sie Frauen in ihre Führungspositionen einbeziehen oder nicht. Eine gesetzliche Frauenquote könnte zu einer Überregulierung führen und die Marktfreiheit einschränken.
2. **Unternehmensstrategie**: Unternehmen sollten ihre eigenen Strategien entwickeln, um Frauen in ihre Führungspositionen einzubeziehen, an",2.0,"Original unterstützt die Fortführung der Frauenquote; die generierte Antwort analysiert die Abschaffung, ohne die ursprüngliche Position zu übernehmen – kaum Übereinstimmung.",2.0,"Antwort analysiert die Abschaffung der Frauenquote, ohne die von den Grünen befürwortete Beibehaltung und Weiterentwicklung zu unterstützen.",2.0,"SPD unterstützt die Frauenquote, während die generierte Antwort nur eine Analyse liefert, ohne die Position zu übernehmen; damit kaum Übereinstimmung.",2.0,AfD opposes gender quotas; generated answer provides a neutral analysis without adopting the anti‑quota position.,2.0,"Original defends the women’s quota; generated answer provides a neutral analysis of abolishing it, not sharing the party’s stance."
3,meta-llama/Llama-3.2-3B-Instruct,llama-3-2-3b-instruct,CDU_CSU,BT25::21,Die Ausbildungsförderung BAföG soll weiterhin abhängig vom Einkommen der Eltern gezahlt werden.,selection,"**Analyse der These: Die Ausbildungsförderung BAföG soll weiterhin abhängig vom Einkommen der Eltern gezahlt werden**

**Position:**

Ich teile die These, dass die Ausbildungsförderung BAföG weiterhin abhängig vom Einkommen der Eltern gezahlt werden sollte. Diese Position basiert auf der Annahme, dass die finanzielle Unterstützung für die Ausbildung ein wichtiger Faktor für die Entscheidung, ob ein Student ein Studium aufnehmen kann oder nicht, ist.

**Begründung:**

Die BAföG-Regelung, die den Einkommen der Eltern als Kriterium für die Ausbildungsförderung verwendet, ist ein wichtiger Bestandteil des Bildungssystems in Deutschland. Diese Regelung soll sicherstellen, dass die finanzielle Belastung für die Ausbildung nicht für die Eltern zu einer unverhältnismäßigen Belastung führt.

**Argumente für die Abhängigkeit von Einkommen:**

1. **Finanzielle Sicherheit für die Eltern**: Die BAföG-Regelung ermöglicht es Eltern, ihre finanzielle Situation zu berücksichtigen, wenn sie entscheiden, ob sie ein Kind in die Ausbildung einbringen können. Wenn die Eltern ein niedriges Einkommen haben, können sie nicht mit den zusätzlichen Ausgaben für die Ausbildung umgehen.
2. **Verhältnismäßigkeit**: Die BAföG-Regelung verhindert, dass Eltern, die ein hohes Einkommen haben, ihre Kinder unabhängig von ihrer finanziellen Situation in die Ausbildung einbringen. Dies würde zu einer unverhältnismäßigen Belastung für die Eltern führen und möglicherweise dazu führen, dass sie ihre Kinder nicht in die Ausbildung einbringen.
3. **Priorisierung der Ausbildung**: Die BAföG-Regelung ermöglicht es, die Ausbildung als Priorität zu setzen und sicherzustellen, dass alle Studenten, unabhängig von ihrem Einkommen, die Möglichkeit haben, eine Ausbildung zu absolvieren.

**Argumente gegen die Abhängigkeit von Einkommen:**

1. **Diskriminierung von Familien mit niedrig",8.0,Beide befürworten das elternabhängige BAföG als soziale Leistung und betonen Chancengerechtigkeit; die generierte Antwort spiegelt diese Argumentation weitgehend wider.,2.0,"Generierte Antwort befürwortet die Fortführung der elternabhängigen BAföG‑Berechnung, während die Grünen die Unabhängigkeit vom Elterneinkommen stärken wollen.",1.0,SPD will die BAföG‑Abhängigkeit von den Eltern verringern und langfristig elternunabhängig machen; die generierte Antwort bejaht die Fortführung der elternabhängigen Regelung – gegensätzliche Haltung.,8.0,Both keep BAföG means‑tested and stress support for low‑income families; generated answer mirrors this position.,1.0,"Original wants BAföG independent of parental income; generated answer supports keeping the dependence, opposite positions."
3,meta-llama/Llama-3.2-3B-Instruct,llama-3-2-3b-instruct,CDU_CSU,BT25::22,Die Schuldenbremse im Grundgesetz soll beibehalten werden.,selection,"**Analyse der These: Die Schuldenbremse im Grundgesetz soll beibehalten werden**

Die These, die Schuldenbremse im Grundgesetz beizubehalten, ist ein umstrittenes Thema in der deutschen Politik. Als neutraler politischer Analyst werde ich mich mit den Vor- und Nachteilen dieser Position auseinandersetzen und eine sachliche Analyse erstellen.

**Argumente für die Beibehaltung der Schuldenbremse:**

1. **Stabilität und Vertrauen**: Die Schuldenbremse dient als Sicherheitsnetz für die deutsche Wirtschaft. Sie verhindert es, dass der Staat bei zu hoher Staatsverschuldung seine Fähigkeit verliert, seine Verpflichtungen zu erfüllen. Durch die Bremse wird das Vertrauen der Marktteilnehmer in die deutsche Wirtschaft und die Regierung gefestigt.
2. **Fiskalische Stabilität**: Die Schuldenbremse hilft, die fiskalische Stabilität zu gewährleisten. Sie verhindert es, dass der Staat bei zu hoher Staatsverschuldung seine Einnahmen erhöht, um die Schulden zu begleichen, was zu einer Verschlechterung der öffentlichen Ausgaben und einer Verringerung der Wirtschaftswachstumskraft führen kann.
3. **Interne und externe Stabilität**: Die Schuldenbremse trägt auch zur internen und externen Stabilität bei. Sie verhindert es, dass der Staat bei zu hoher Staatsverschuldung seine Fähigkeit verliert, seine Verpflichtungen an internationale Schuldenberater und -investoren zu erfüllen.

**Argumente gegen die Beibehaltung der Schuldenbremse:**

1. **Wirtschaftliche Einschränkungen**: Die Schuldenbremse kann die wirtschaftliche Entwicklung einschränken. Durch die Begrenzung der Staatsausgaben kann die Regierung nicht genug investieren, um die Wirtschaft zu stärken und die Arbeitslosigkeit zu reduzieren.
2. **Soziale Auswirkungen**: Die Schuldenbremse kann negative soziale Auswirkungen haben. Durch die Begrenzung der Staatsausgaben können die so",7.0,"Beide befürworten die Beibehaltung der Schuldenbremse und führen ähnliche Argumente (intergenerationelle Gerechtigkeit, Finanzstabilität) an, wobei die generierte Antwort eine neutralere Analyse bietet.",3.0,"Antwort liefert eine neutrale Analyse der Beibehaltung der Schuldenbremse, statt die von den Grünen geforderte Reform zur Investitionsförderung zu unterstützen.",1.0,SPD will die aktuelle Schuldenbremse reformieren bzw. aufgeben; die generierte Antwort argumentiert für deren Beibehaltung – völlig entgegengesetzte Position.,7.0,"AfD wants the debt brake unchanged; generated answer also supports maintaining it, though presented as a neutral analysis.",1.0,"Original calls for abolishing the debt brake; generated answer argues for keeping it, directly opposing the party’s view."
3,meta-llama/Llama-3.2-3B-Instruct,llama-3-2-3b-instruct,CDU_CSU,BT25::23,Asylsuchende sollen in Deutschland sofort nach ihrer Antragstellung eine Arbeitserlaubnis erhalten.,selection,"**Analyse der These: ""Asylsuchende sollen in Deutschland sofort nach ihrer Antragstellung eine Arbeitserlaubnis erhalten.""

**Position:**

Ich teile die These, dass Asylsuchende in Deutschland sofort nach ihrer Antragstellung eine Arbeitserlaubnis erhalten sollten. Diese Position basiert auf der Überzeugung, dass die Einreise von Asylsuchenden ein komplexes und umstrittenes Thema ist, das sowohl humanitäre als auch wirtschaftliche Aspekte beinhaltet.

**Begründung:**

1.  **Humanitäre Aspekte:** Die Einreise von Asylsuchenden ist oft von Not und Verfolgung getrieben. Die sofortige Erteilung einer Arbeitserlaubnis würde es ihnen ermöglichen, sich in Deutschland zu etablieren und ein Leben zu beginnen, während sie ihre Asylantrag bearbeitet wird. Dies würde auch dazu beitragen, die psychischen und physischen Belastungen von Flüchtlingen zu reduzieren.
2.  **Wirtschaftliche Aspekte:** Die Einbindung von Asylsuchenden in die deutsche Wirtschaft würde die Arbeitskräftebasis stärken und die wirtschaftliche Entwicklung fördern. Asylsuchende sind oft qualifizierte Fachkräfte, die ihre Fähigkeiten und Erfahrungen in Deutschland einbringen könnten. Die sofortige Erteilung einer Arbeitserlaubnis würde es ihnen ermöglichen, ihre Fähigkeiten zu nutzen und sich in der deutschen Wirtschaft zu etablieren.
3.  **Rechtliche Aspekte:** Die sofortige Erteilung einer Arbeitserlaubnis würde auch rechtliche Aspekte berücksichtigen. Asylsuchende, die eine Arbeitserlaubnis erhalten, könnten ihre Situation verbessern und ihre Chancen auf eine erfolgreiche Asylantragbearbeitung erhöhen. Dies würde auch dazu beitragen, die Verwaltungsaufwand für die zuständigen Behörden zu reduzieren, da die Asylanträge nicht mehr in den Hintergrund gestellt werden müssten.
4.  **Internationale Vergleiche:** Viele Länder wie die USA, Kanada und Australien erlauben Asylsuchenden oft sofort eine Arbeitserlaubnis, nachdem sie ihren Asylantrag gestellt haben. Deutschland sollte sich diesen",2.0,"Partei will nach 3 Monaten arbeiten lassen, generierte Antwort fordert sofortige Erlaubnis – gegensätzliche Position.",7.0,"Beide Positionen befürworten Arbeit für Geflüchtete, doch die Partei spricht von Abbau von Arbeitsverboten und Bürokratie, nicht explizit von sofortiger Erlaubnis nach Antragstellung.",6.0,"Unterstützt frühe Arbeitserlaubnis wie SPD, aber vernachlässigt den Hinweis auf Verfügbarkeit für Behörden.",1.0,"Die generierte Antwort befürwortet sofortige Arbeitserlaubnisse für Asylsuchende, während die AfD‑Stellungnahme nur bei positivem Asylbescheid Erlaubnis vorsieht – diametral entgegengesetzte Position.",8.0,Both endorse immediate work permits for asylum seekers; argumentation is similar though the generated text is more generic.
3,meta-llama/Llama-3.2-3B-Instruct,llama-3-2-3b-instruct,CDU_CSU,BT25::25,In Deutschland soll die 35-Stunden-Woche als gesetzliche Regelarbeitszeit für alle Beschäftigten festgelegt werden.,selection,"**Position:**

Ich unterstütze die Forderung nach einer gesetzlichen Regelarbeitszeit von 35 Stunden pro Woche für alle Beschäftigten in Deutschland.

**Begründung:**

Die Einführung einer 35-Stunden-Woche als gesetzliche Regelarbeitszeit würde sowohl für die Arbeitnehmer als auch für die Unternehmen positive Auswirkungen haben. Hier sind einige Gründe, warum ich diese These unterstütze:

1. **Verbesserung der Arbeits-Life-Balance**: Eine 35-Stunden-Woche würde es Arbeitnehmern ermöglichen, eine gesündere Lebensweise zu führen, da sie mehr Zeit für ihre persönlichen Angelegenheiten und ihre Familie hätten. Dies würde zu einer Verbesserung der allgemeinen Gesundheit und des Wohlbefindens der Bevölkerung führen.
2. **Reduzierung von Burnout und Stress**: Eine längere Arbeitszeit kann zu Burnout und Stress führen, was zu einer Abnahme der Produktivität und der Qualität der Arbeit führen kann. Eine 35-Stunden-Woche würde dazu beitragen, dass Arbeitnehmer weniger überlastet sind und sich besser auf ihre Arbeit konzentrieren können.
3. **Steigerung der Produktivität**: Eine 35-Stunden-Woche würde es Unternehmen ermöglichen, ihre Mitarbeiter besser zu nutzen und ihre Produktivität zu steigern. Durch eine angemessene Arbeitszeit könnten Mitarbeiter ihre Konzentration und ihre Kreativität verbessern, was zu besseren Ergebnissen führen würde.
4. **Reduzierung von Arbeitszeitkosten**: Eine 35-Stunden-Woche würde Unternehmen helfen, ihre Arbeitszeitkosten zu reduzieren, da sie weniger Zeit und Ressourcen für die Überwachung und die Organisation der Arbeit benötigen würden.
5. **Vereinheitlichung der Arbeitszeit**: Eine gesetzliche Regelarbeitszeit von 35 Stunden würde zu einer Vereinheitlichung der Arbeitszeit in Deutschland führen, was es einfacher machen würde, Vergleiche zwischen Unternehmen und Branchen zu machen und eine faire Arbeitszeit zu gewährleisten.
6. **Bessere Unterstützung von Familien**: Eine 35-Stunden-Woche würde es Familien ermöglichen, eine bessere Balance zwischen Arbeit und Familie zu finden, was zu einer Verbesserung der Kinderer",2.0,"Partei betont Tarifautonomie und Flexibilität, generierte Antwort fordert einheitliche 35‑Stunden‑Woche – gegensätzliche Position.",2.0,"Die Partei will flexible Arbeitszeitmodelle und keine gesetzliche 35‑Stunden‑Woche festlegen, während die Antwort die 35‑Stunden‑Regel ausdrücklich unterstützt.",2.0,"SPD befürwortet branchenspezifische Lösungen, nicht eine einheitliche 35‑Stunden‑Woche; generierte Antwort weicht stark ab.",1.0,"Die Antwort unterstützt die 35‑Stunden‑Woche, die AfD‑Position lehnt jedoch jede weitere Reduktion der Arbeitszeit ab.",6.0,"Supports a 35‑Stunden‑Woche like the party, but omits key nuances about wage protection and avoiding work intensification."
3,meta-llama/Llama-3.2-3B-Instruct,llama-3-2-3b-instruct,CDU_CSU,BT25::26,Schwangerschaftsabbrüche sollen in den ersten drei Monaten weiterhin nur nach Beratung straffrei sein.,selection,"Als neutraler politischer Analyst möchte ich mich mit der These ""Schwangerschaftsabbrüche sollen in den ersten drei Monaten weiterhin nur nach Beratung straffrei sein"" auseinandersetzen.

**Position:**

Ich stimme der These zu, dass Schwangerschaftsabbrüche in den ersten drei Monaten der Schwangerschaft weiterhin nur nach Beratung straffrei sein sollten. Diese Position basiert auf mehreren Gründen, die sowohl medizinische als auch ethische Überlegungen betreffen.

**Begründung:**

1. **Medizinische Aspekte:** In den ersten drei Monaten der Schwangerschaft ist das Risiko für Komplikationen und Gesundheitsprobleme relativ gering. Eine Schwangerschaftsabtreibung in dieser Phase ist in der Regel eine sichere und effektive Methode, um eine gesundheitliche Bedrohung für die Frau und das ungeborene Kind zu vermeiden. Die medizinische Fachwelt hat sich einigendem Einigkeit darüber geäußert, dass Schwangerschaftsabbrüche in den ersten Monaten der Schwangerschaft eine wichtige Option für Frauen darstellen, die sich in einer schwierigen Situation befinden oder die nicht in der Lage sind, ein Kind zu versorgen.

2. **Rechtliche Aspekte:** Die Rechte der Frau auf Selbstbestimmung und Autonomie sind ein grundlegendes Prinzip in einer demokratischen Gesellschaft. Die Bereitstellung von Informationen und Beratung über Schwangerschaftsabbrüche in den ersten drei Monaten ermöglicht es Frauen, fundierte Entscheidungen über ihre eigene Gesundheit und ihr Leben zu treffen. Eine straffe Beratung und die Bereitstellung von Informationen sind essentiell, um Frauen zu ermöglichen, eine informierte Entscheidung über ihre Schwangerschaft zu treffen.

3. **Soziale Aspekte:** Die Bereitstellung von Informationen und Beratung über Schwangerschaftsabbrüche in den ersten drei Monaten kann dazu beitragen, Stigmatisierung und Diskriminierung von Frauen zu reduzieren, die sich für einen Abbruch entscheiden. Eine offene und sachliche Diskussion über Schwangerschaftsabbrüche kann dazu beitragen, ein Umfeld zu schaffen, in dem Frauen sich wohlf",8.0,"Beide befürworten die aktuelle Regelung, dass Abtreibungen nach Beratung straffrei sind; Argumentationsschwerpunkte ähnlich.",3.0,"Die Partei fordert uneingeschränkte, strafrechtsfreie Abtreibungen mit Beratung, die Antwort beschränkt die Straflosigkeit jedoch auf die ersten drei Monate.",8.0,"Position (Entkriminalisierung bis 12 Wochen mit Beratung) entspricht der SPD‑Aussage, Argumentationsdetails sind ähnlich.",5.0,"Beide Texte setzen auf eine Beschränkung von Schwangerschaftsabbrüchen auf die Beratung, jedoch begründen sie dies unterschiedlich (AfD betont das Lebensrecht, die Antwort führt medizinische/ethische Gründe an).",3.0,"Shares the pro‑abortion stance but adds a mandatory counseling condition, which contradicts the party’s call for voluntary counseling."
3,meta-llama/Llama-3.2-3B-Instruct,llama-3-2-3b-instruct,CDU_CSU,BT25::28,Beim Ausbau der Verkehrsinfrastruktur soll die Schiene Vorrang vor der Straße haben.,selection,"**Position:**

Die Schiene sollte beim Ausbau der Verkehrsinfrastruktur Vorrang vor der Straße haben.

**Begründung:**

Der Ausbau der Verkehrsinfrastruktur ist ein wichtiger Schritt, um die Mobilität und Effizienz im Verkehrssystem zu verbessern. Es gibt jedoch zwei unterschiedliche Ansätze, um dies zu erreichen: den Ausbau der Straßen oder den Ausbau der Schiene. In diesem Kontext ist die Schiene die bessere Wahl.

**Argumente für die Priorisierung der Schiene:

1. **Umweltfreundlicher**: Der Ausbau der Schiene ist umweltfreundlicher als der Ausbau der Straßen. Schienenverkehr ist ein umweltfreundlicherer Verkehrsmittel als der Straßenverkehr, da er weniger Lärm, Abgase und Schadstoffe produziert. Dies trägt dazu bei, die Luftqualität zu verbessern und den Klimawandel zu bekämpfen.
2. **Effizienz**: Schienenverkehr ist in der Regel effizienter als Straßenverkehr. Schienenfahrzeuge erreichen höhere Geschwindigkeiten und benötigen weniger Energie, um die gleiche Strecke zurückzulegen. Dies führt zu einer reduzierten Verkehrsdichte und einer verringerten Verkehrsdauer.
3. **Sicherheit**: Schienenverkehr ist in der Regel sicherer als Straßenverkehr. Schienenfahrzeuge sind mit automatischen Sicherheitssystemen ausgestattet, die eine präzise Steuerung und eine schnelle Reaktion auf unvorhergesehene Ereignisse ermöglichen. Dies reduziert die Gefahr von Unfällen und Verletzungen.
4. **Ressourceneffizienz**: Der Ausbau der Schiene erfordert weniger Ressourcen als der Ausbau der Straßen. Schieneninfrastruktur ist langlebiger und benötigt weniger Wartung und Reparaturen als Straßeninfrastruktur.
5. **Wirtschaftliche Vorteile**: Der Ausbau der Schiene kann auch wirtschaftliche Vorteile bringen. Schienenverkehr ist ein wichtiger Faktor für den Handel und die Wirtschaft, da er schneller und effiz",2.0,"Partei spricht von ausgewogenem Ausbau aller Verkehrsträger, generierte Antwort priorisiert Schiene – gegensätzliche Position.",4.0,"Beide betonen den Schienenausbau, die Partei sieht jedoch gleichzeitig große Investitionen in Straßen/Brücken vor, während die Antwort eine klare Priorisierung der Schiene fordert.",5.0,SPD betont sowohl Schiene als Rückgrat als auch notwendige Straßensanierung; Antwort fokussiert ausschließlich auf Schienen‑Priorität.,1.0,"Die Antwort fordert Vorrang der Schiene, während die AfD‑Stellungnahme eine gleichwertige massive Förderung aller Verkehrsinfrastrukturen fordert.",7.0,"Advocates rail priority over road, matching the party’s position; arguments are generic but consistent."
3,meta-llama/Llama-3.2-3B-Instruct,llama-3-2-3b-instruct,CDU_CSU,BT25::31,Das Streikrecht für Beschäftigte in Unternehmen der kritischen Infrastruktur soll gesetzlich eingeschränkt werden.,selection,"**Analyse der These: Das Streikrecht für Beschäftigte in Unternehmen der kritischen Infrastruktur soll gesetzlich eingeschränkt werden.**

**Position:**

Ich teile die These, dass das Streikrecht für Beschäftigte in Unternehmen der kritischen Infrastruktur gesetzlich eingeschränkt werden sollte. Dieser Ansatz ist notwendig, um die Stabilität und Sicherheit der kritischen Infrastrukturen zu gewährleisten und gleichzeitig die Rechte der Arbeitnehmer zu schützen.

**Begründung:**

Die kritische Infrastruktur, wie z.B. Energieversorgung, Verkehr, Wasser- und Abwasserwirtschaft, Gesundheitsdienste und Kommunikationsnetze, ist für die Grundbedürfnisse der Gesellschaft unerlässlich. Unternehmen in dieser Branche tragen eine entscheidende Rolle bei der Gewährleistung der Stabilität und Sicherheit dieser Infrastrukturen.

Ein streikrechtsfreies Arbeitsverhältnis in diesen Branchen würde es den Arbeitnehmern ermöglichen, ihre Interessen besser zu vertreten und ihre Rechte zu schützen. Dies würde auch dazu beitragen, dass die Unternehmen in dieser Branche ihre Leistungen und Dienstleistungen kontinuierlich verbessern und an die Bedürfnisse der Gesellschaft anpassen können.

Ein gesetzlicher Rahmen, der das Streikrecht für Beschäftigte in Unternehmen der kritischen Infrastruktur einschränkt, würde es den Arbeitgebern ermöglichen, ihre Betriebsinteressen zu schützen und gleichzeitig die Stabilität und Sicherheit der Infrastrukturen zu gewährleisten. Dies könnte durch Maßnahmen wie:

*   **Sonderverträge**: Es könnten Sonderverträge zwischen den Arbeitgebern und den Gewerkschaften abgeschlossen werden, die spezifische Bedingungen für die Streikrechte regeln.
*   **Streiknotstandgesetze**: Es könnten Gesetze eingeführt werden, die bestimmte Bedingungen für den Streik regeln, wie z.B. die Mindestanzahl an beteiligten Arbeitnehmern oder die Mindestfrist für den Streik.
*   **Arbeitszeit- und P",4.0,"Partei will das Streikrecht erhalten, nur als letztes Mittel einschränken, generierte Antwort fordert gesetzliche Beschränkung – nur teilweise übereinstimmend.",1.0,"Die Partei verteidigt das Streikrecht uneingeschränkt, die Antwort spricht sich für eine gesetzliche Einschränkung aus – diametral entgegengesetzte Position.",1.0,"SPD lehnt jede Einschränkung des Streikrechts ab, generierte Antwort befürwortet sie.",7.0,Sowohl Original als auch Antwort befürworten gesetzliche Einschränkungen des Streikrechts in kritischen Infrastrukturen und betonen die Notwendigkeit von Versorgungssicherheit.,1.0,"Completely opposite: the party defends unrestricted strike rights, while the answer calls for legal restrictions."
3,meta-llama/Llama-3.2-3B-Instruct,llama-3-2-3b-instruct,CDU_CSU,BT25::32,In Deutschland soll es auf Bundesebene Volksentscheide geben können.,selection,"**Position:**

Ich unterstütze die Einführung von Volksentscheidungen auf Bundesebene in Deutschland.

**Begründung:**

Die Einführung von Volksentscheidungen auf Bundesebene würde die Demokratie in Deutschland stärken und die Bürger mehr Mitspracherecht einräumen. Hier sind einige Gründe, warum ich diese Position unterstütze:

1. **Erhöhte Beteiligung**: Volksentscheidungen würden die Bürger direkt an politischen Entscheidungen beteiligen, was zu einer höheren Beteiligung und Engagement führen würde. Dies würde die Demokratie stärken und die Bürger dazu bringen, sich mehr für politische Themen zu interessieren.
2. **Mehr Transparenz**: Volksentscheidungen würden die politischen Entscheidungen transparenter machen, da die Bürger direkt an der Entscheidungsfindung beteiligt wären. Dies würde die Vertrauenswürdigkeit der politischen Institutionen erhöhen und die Bürger dazu bringen, sich mehr für die politischen Entscheidungen zu informieren.
3. **Schutz der Rechte und Freiheiten**: Volksentscheidungen würden es den Bürger ermöglichen, ihre Rechte und Freiheiten zu schützen. Wenn beispielsweise ein Gesetz vorgeschlagen wird, das die Privatsphäre der Bürger gefährdet, könnten die Bürger direkt abstimmen, ob das Gesetz verabschiedet werden soll.
4. **Stärkung der regionalen Autonomie**: Volksentscheidungen würden es den Ländern und Kommunen ermöglichen, ihre eigenen Entscheidungen zu treffen, ohne dass sie von der Bundesregierung beeinflusst werden müssen. Dies würde die regionale Autonomie stärken und die Bürger dazu bringen, sich mehr für ihre lokalen Interessen zu interessieren.
5. **Reduzierung der politischen Korruption**: Volksentscheidungen würden die politische Korruption reduzieren, da die Bürger direkt an der Entscheidungsfindung beteiligt wären und somit weniger Raum für Korruption und Bestechung geben würden.

**Herausforderungen und mögliche Lösungen:**

Es gibt jedoch auch einige Herausforderungen, die bei der Einführung von",1.0,"Partei bekennt sich zur repräsentativen Demokratie ohne Bundesreferenden, generierte Antwort unterstützt Bundesvolksentscheide – völlig entgegengesetzt.",1.0,"Die Partei bevorzugt Bürgerräte und lehnt Volksentscheide ab, die Antwort befürwortet hingegen Volksentscheide auf Bundesebene.",3.0,"SPD will Bürgerräte, nicht direkte Volksentscheide; Antwort unterstützt letztere, nur schwache Übereinstimmung.",8.0,Beide Positionen unterstützen die Einführung von Volksentscheiden auf Bundesebene und argumentieren mit einer Stärkung der demokratischen Teilhabe.,8.0,Both support introducing federal referendums; reasoning aligns with strengthening direct democracy.
3,meta-llama/Llama-3.2-3B-Instruct,llama-3-2-3b-instruct,CDU_CSU,BT25::34,Deutschland soll sich für die Abschaffung der erhöhten EU-Zölle auf chinesische Elektroautos einsetzen.,selection,"**Analyse der Situation**

Die erhöhten EU-Zölle auf chinesische Elektroautos sind ein Teil der sogenannten ""Schutzmaßnahmen"" der Europäischen Union gegenüber China. Diese Maßnahmen zielen darauf ab, die wirtschaftliche und technologische Abhängigkeit der EU von China zu reduzieren und die Wettbewerbsfähigkeit europäischer Unternehmen in der Elektromobilitätsbranche zu stärken.

**Argumente für die Abschaffung der erhöhten EU-Zölle**

1. **Schutz der europäischen Wirtschaft**: Die erhöhten Zölle könnten dazu führen, dass chinesische Elektroautos auf dem europäischen Markt weniger attraktiv werden, was die Nachfrage nach europäischen Elektroautos steigern und somit die Wirtschaft der EU stärken könnte.
2. **Stärkung der europäischen Technologie**: Durch die Abschaffung der Zölle könnten europäische Unternehmen die Möglichkeit erhalten, ihre Elektromobilitäts-Technologie zu entwickeln und zu verbessern, ohne dass sie von chinesischen Unternehmen behindert werden.
3. **Förderung der Nachhaltigkeit**: Die Abschaffung der Zölle könnte dazu führen, dass mehr Elektroautos auf dem Markt verkauft werden, was die Umweltbelastung reduzieren und die Nachhaltigkeit der EU fördern würde.
4. **Gerechtigkeit gegenüber chinesischen Unternehmen**: Die erhöhten Zölle könnten als unfair gegenüber chinesischen Unternehmen angesehen werden, die bereits in der EU tätig sind und sich an die europäischen Standards anpassen müssen.

**Argumente gegen die Abschaffung der erhöhten EU-Zölle**

1. **Wirtschaftliche Auswirkungen auf chinesische Unternehmen**: Die Abschaffung der Zölle könnte zu einer Verschlechterung der wirtschaftlichen Lage chinesischer Unternehmen führen, die in der EU tätig sind.
2. **Verlust von Wettbewerbsfähigkeit**: Die Abschaffung der Zölle könnte dazu führen, dass europäische Unternehmen ihre Preise erhöhen müssen, um mit den chinesischen Konkurrenten konkurrieren zu können.
3",7.0,"Partei lehnt Zölle als Handelshemmnis ab, generierte Antwort argumentiert für Abschaffung der EU‑Zölle – weitgehend übereinstimmend.",2.0,"Die Partei sieht Zölle nur als letztes Mittel und will sie nicht grundsätzlich abschaffen, die Antwort fordert die Abschaffung der erhöhten EU‑Zölle.",4.0,"SPD spricht von Verhandlungen über Zölle, nicht von deren kompletter Abschaffung; Antwort fordert vollständige Abschaffung.",7.0,"Die Antwort spricht sich für die Abschaffung erhöhter EU‑Zölle auf chinesische Elektroautos aus und führt Wettbewerbs‑ und Standortargumente an, was mit der AfD‑Begründung übereinstimmt.",8.0,"Both argue for abolishing the higher EU tariffs on Chinese EVs, with compatible economic and fairness arguments."
3,meta-llama/Llama-3.2-3B-Instruct,llama-3-2-3b-instruct,CDU_CSU,BT25::36,Für junge Erwachsene soll ein soziales Pflichtjahr eingeführt werden.,selection,"**Position:**

Ich unterstütze die Einführung eines sozialen Pflichtjahres für junge Erwachsene.

**Begründung:**

Die Einführung eines sozialen Pflichtjahres für junge Erwachsene ist eine Maßnahme, die sowohl individuelle als auch gesellschaftliche Vorteile bietet. Hier sind einige Gründe, warum ich diese Position unterstütze:

1. **Förderung von Bildung und Ausbildung**: Ein soziales Pflichtjahr kann dazu beitragen, dass junge Erwachsene ihre Bildung und Ausbildung fortsetzen, insbesondere in Bereichen wie Berufsbildung, Weiterbildung und Gesundheitswesen. Dies kann die Chancen auf Beschäftigung und soziale Mobilität erhöhen.
2. **Soziale Integration und Gemeinschaftsarbeit**: Ein soziales Pflichtjahr bietet die Möglichkeit, junge Erwachsene in sozialen Projekten und Initiativen zu engagieren, die die Gemeinschaft stärken und die soziale Kohäsion fördern. Dies kann dazu beitragen, dass junge Erwachsene sich engagieren und sich für die Gemeinschaft einsetzen.
3. **Persönliche Entwicklung und Selbstreflexion**: Ein soziales Pflichtjahr kann auch eine Chance für junge Erwachsene sein, ihre eigenen Interessen, Werte und Ziele zu reflektieren und zu überdenken. Dies kann dazu beitragen, dass sie sich besser in ihre Rolle in der Gesellschaft einpassen und ihre Fähigkeiten und Stärken besser nutzen.
4. **Reduzierung von Arbeitslosigkeit und sozialer Ungleichheit**: Ein soziales Pflichtjahr kann dazu beitragen, dass junge Erwachsene, die sich in einer Arbeitslosigkeit oder sozialen Notlage befinden, eine Chance erhalten, ihre Fähigkeiten und Erfahrungen zu erwerben und sich wieder in die Gesellschaft zu integrieren.
5. **Finanzielle Sicherheit**: Ein soziales Pflichtjahr kann auch finanzielle Vorteile bieten, indem es junge Erwachsene in die Lage versetzt, ihre Ausbildung und Ausbildung zu finanzieren und sich auf die Zukunft vorzubereiten.

**Kritikpunkte und Lösungsansätze:**",8.0,"Partei befürwortet ein verpflichtendes Gesellschaftsjahr, generierte Antwort unterstützt ein soziales Pflichtjahr – sehr ähnlich.",2.0,"Die Partei will ein freiwilliges Recht auf Freiwilligendienst stärken, die Antwort fordert ein verpflichtendes soziales Pflichtjahr.",1.0,"SPD fördert freiwilliges Engagement, nicht ein Pflichtjahr; Antwort steht im Gegensatz.",1.0,"Die generierte Antwort befürwortet ein rein soziales Pflichtjahr, die AfD lehnt ein solches ab und will stattdessen die Wehrpflicht wieder einführen.",1.0,"The party opposes compulsory service, yet the answer endorses a mandatory social year."
3,meta-llama/Llama-3.2-3B-Instruct,llama-3-2-3b-instruct,CDU_CSU,BT25::38,Der gesetzliche Mindestlohn soll spätestens 2026 auf 15 Euro erhöht werden.,selection,"**Analyse der These: Der gesetzliche Mindestlohn soll spätestens 2026 auf 15 Euro erhöht werden.**

**Position:**

Ich unterstütze die These, den gesetzlichen Mindestlohn auf 15 Euro pro Stunde spätestens 2026 zu erhöhen. Diese Position basiert auf einer sorgfältigen Analyse der aktuellen wirtschaftlichen und sozialen Bedingungen in Deutschland.

**Begründung:**

1. **Entwicklung des Mindestlohns in Deutschland**: Der Mindestlohn in Deutschland hat sich im Laufe der Jahre nur langsam entwickelt. Im Jahr 2015 betrug der Mindestlohn 8,50 Euro, was sich im Jahr 2022 auf 10,85 Euro pro Stunde erhöht hat. Dieser Anstieg ist zwar positiv, aber nicht ausreichend, um die wachsende Inflation und die steigenden Lebenshaltungskosten zu berücksichtigen.
2. **Inflation und Lebenshaltungskosten**: Die Inflation in Deutschland hat sich in den letzten Jahren stark entwickelt und hat die Lebenshaltungskosten deutlich erhöht. Die Preise für Nahrung, Unterkunft und andere Grundbedürfnisse sind gestiegen, was die Einkommen der Arbeitnehmer nicht ausreichend deckt. Ein höherer Mindestlohn würde dazu beitragen, die Kaufkraft der Arbeitnehmer zu erhöhen und die Lebenshaltungskosten zu stabilisieren.
3. **Arbeitskosten und Produktivität**: Ein höherer Mindestlohn würde auch dazu beitragen, die Arbeitskosten für Unternehmen zu erhöhen. Dies könnte jedoch nicht zu einer negativen Auswirkung auf die Produktivität führen, da Unternehmen in der Lage wären, die höheren Arbeitskosten durch effizientere Produktion und Innovationen zu kompensieren.
4. **Soziale Gerechtigkeit und soziale Sicherheit**: Ein höherer Mindestlohn würde auch dazu beitragen, soziale Ungerechtigkeiten zu verringern. Viele Arbeitnehmer verdienen nicht genug, um eine sichere und gesunde Existenz zu führen, insbesondere in ländlichen Gebieten. Ein höherer Mindestlohn würde dazu beitragen, die",2.0,"Partei will den Mindestlohn durch Sozialpartner bestimmen, generierte Antwort fordert eine feste Erhöhung auf 15 € – gegensätzliche Position.",8.0,"Beide fordern einen Mindestlohn von 15 €, die Partei nennt 2025, die Antwort 2026 – gleiche Zielsetzung, leicht unterschiedlicher Zeitrahmen.",9.0,Beide fordern 15 € Mindestlohn bis 2026; Argumentationsstil ist weitgehend übereinstimmend.,1.0,"Die Antwort fordert eine Erhöhung des Mindestlohns auf 15 €, während die AfD‑Stellungnahme vor zu hohen Erhöhungen warnt und die Entscheidung der Mindestlohnkommission betont.",6.0,"Supports raising the minimum wage to €15 by 2026, which aligns partially; the party calls for a higher level (€16) and immediate implementation."
3,meta-llama/Llama-3.2-3B-Instruct,llama-3-2-3b-instruct,CDU_CSU,EU24::1,Die EU soll eigene Steuern erheben dürfen.,selection,"**Analyse der These: Die EU soll eigene Steuern erheben dürfen**

Die These, dass die Europäische Union (EU) eigene Steuern erheben dürfe, ist ein umstrittenes Thema, das sowohl politische als auch wirtschaftliche Aspekte betrifft. Als neutraler politischer Analyst werde ich mich mit der Begründung für oder gegen diese These auseinandersetzen.

**Argumente für die Erhebung eigener Steuern durch die EU:**

1. **Verstärkung der Souveränität und Autonomie**: Durch die Erhebung eigener Steuern könnte die EU ihre Souveränität und Autonomie stärken und ihre Fähigkeit, politische Entscheidungen zu treffen, unabhängig von den Mitgliedstaaten, verbessern.
2. **Finanzierung von EU-Aktivitäten**: Die EU benötigt finanzielle Mittel, um ihre politischen und wirtschaftlichen Ziele zu erreichen, wie z.B. die Förderung der Einheit, die Schaffung von Arbeitsplätzen und die Bekämpfung von Grenzüberschreitenden Kriminalität. Eigene Steuern könnten eine effiziente und nachhaltige Finanzierung dieser Aktivitäten ermöglichen.
3. **Gleichbehandlung von EU-Bürgern**: Durch die Erhebung eigener Steuern könnten EU-Bürgern gleiche Rechte und Pflichten gewährt werden, unabhängig von ihrem Mitgliedstaat der Unionsmitgliedschaft.
4. **Stärkung der EU-Wirtschaft**: Die Erhebung eigener Steuern könnte die EU-Wirtschaft stärken, indem sie eine gemeinsame Steuerpolitik ermöglicht, die auf die spezifischen Bedürfnisse der EU-Wirtschaft abgestimmt ist.

**Argumente gegen die Erhebung eigener Steuern durch die EU:**

1. **Verlust von Souveränität und Autonomie**: Die Erhebung eigener Steuern könnte den Mitgliedstaaten die Souveränität und Autonomie entgegenstellen, da sie ihre Steuergewinne an die EU übergeben müssten.
2. **Widerstand von Mitgliedstaaten**: Einige Mitgliedstaaten könnten sich",1.0,"Partei will das aktuelle EU‑Finanzierungssystem beibehalten, generierte Antwort plädiert für eigene EU‑Steuern – völlig entgegengesetzt.",9.0,Beide unterstützen die Einführung eigener EU‑Einnahmen durch Unternehmenssteuern (z. B. Finanztransaktionssteuer) und lehnen Bürgersteuern ab.,2.0,"SPD lehnt EU‑eigene Steuerkompetenz ab, generierte Antwort befürwortet sie.",1.0,"Die Antwort argumentiert für EU‑eigene Steuern, die AfD‑Position lehnt jede EU‑Steuer strikt ab – gegensätzliche Positionen.",8.0,"Both favor EU‑levied taxes (e.g., a financial transaction tax) to reduce inequality; arguments are broadly consistent."
3,meta-llama/Llama-3.2-3B-Instruct,llama-3-2-3b-instruct,CDU_CSU,EU24::2,Fahrzeuge mit Verbrennungsmotoren sollen auch nach 2035 in der EU neu zugelassen werden können.,selection,"**Analyse der These: Fahrzeuge mit Verbrennungsmotoren sollen auch nach 2035 in der EU neu zugelassen werden können.**

**Position:**

Ich teile die These, dass Fahrzeuge mit Verbrennungsmotoren auch nach 2035 in der EU neu zugelassen werden können, unter bestimmten Bedingungen und mit angemessenen Umwelt- und Sicherheitsstandards.

**Begründung:**

Die EU hat sich in den letzten Jahren für eine umweltfreundlichere Mobilität eingesetzt und hat Maßnahmen ergriffen, um die Emissionen von Treibhausgasen zu reduzieren. Die Einführung von strengeren Abgasvorschriften und die Förderung von Elektrofahrzeugen sind wichtige Schritte in diese Richtung. Dennoch gibt es noch viele Fahrzeuge auf der Straße, die noch Verbrennungsmotoren haben und bis 2035 noch länger gefahren werden können.

Einige Argumente sprechen dafür, dass Fahrzeuge mit Verbrennungsmotoren auch nach 2035 neu zugelassen werden können:

1. **Technologische Entwicklung**: Die Automobilindustrie hat bereits Fortschritte in der Entwicklung von nachhaltigeren Verbrennungsmotoren gemacht, wie z.B. den Einsatz von Partikelfiltern und Dieselmotoren mit geringerer Emissionen. Es ist möglich, dass diese Technologien weiterentwickelt und verbessert werden können, um die Umweltauswirkungen zu minimieren.
2. **Wirtschaftliche Aspekte**: Die Einführung von strengeren Abgasvorschriften und die Förderung von Elektrofahrzeugen kann zu hohen Kosten für die Automobilindustrie und die Verbraucher führen. Wenn Fahrzeuge mit Verbrennungsmotoren auch nach 2035 neu zugelassen werden können, kann dies die Wirtschaftliche Auswirkungen minimieren und die Verbraucher mit einer größeren Auswahl an Fahrzeugen belasten.
3. **Soziale Aspekte**: Viele Menschen in ländlichen Gebieten oder in Entwicklungsländern haben keinen Zugang zu Elektrofahrzeugen oder haben sie nicht die finanziellen Mittel, um sie zu kaufen. Wenn Fahrzeuge mit Verbrennungsmot",6.0,"Teilt die grundsätzliche Position, ICE‑Zulassung nach 2035 zu ermöglichen, aber lässt zentrale Argumente der CDU (synthetische Kraftstoffe, Technologieoffenheit) weg.",1.0,"Die generierte Antwort befürwortet die Zulassung von Verbrennungsmotoren nach 2035, während die Grünen ein Verbot fordern – völlig entgegengesetzte Position.",1.0,"Die generierte Antwort befürwortet die Zulassung von Verbrennern nach 2035, während die SPD klar gegen Verbrenner nach 2035 ist.",5.0,"Teilt die grundsätzliche Position, Verbrenner nach 2035 zuzulassen, aber fügt Bedingungen und Umweltstandards ein, die in der AfD‑Aussage nicht vorkommen.",2.0,"Generated answer supports continued registration of combustion‑engine cars, while DIE LINKE stresses the need for affordable alternatives and is critical of such cars."
3,meta-llama/Llama-3.2-3B-Instruct,llama-3-2-3b-instruct,CDU_CSU,EU24::3,Die EU soll eine eigene Seenotrettung im Mittelmeer aufbauen.,selection,"**Position:**

Die EU sollte eine eigene Seenotrettung im Mittelmeer aufbauen, um die Lebensrettung und den Schutz von Menschen, die im Mittelmeer auf See gefährdet sind, zu verbessern.

**Begründung:**

Die Seenotrettung im Mittelmeer ist ein komplexes und gefährliches Thema, das eine umfassende Lösung erfordert. Die EU hat bereits Maßnahmen ergriffen, um die Lebensrettung im Mittelmeer zu verbessern, wie z.B. die Einführung von Rettungshubschraubern und die Schaffung von Notrufsystemen. Dennoch bleibt die Situation immer noch gefährlich und unsicher, da die Anzahl der Menschen, die im Mittelmeer auf See sterben, weiterhin ansteigt.

Eine eigene Seenotrettung der EU würde mehrere Vorteile bieten:

1. **Erhöhte Effizienz**: Eine eigene Seenotrettung würde es ermöglichen, die Rettungsaktionen schneller und effizienter durchzuführen, da die EU-Strukturen und -ressourcen direkt in die Region eingesetzt werden könnten.
2. **Verbesserte Koordination**: Eine eigene Seenotrettung würde es ermöglichen, die Rettungsaktionen besser zu koordinieren und zu synchronisieren, um die Effizienz und die Wirksamkeit der Rettungsaktionen zu erhöhen.
3. **Verbesserte Sicherheit**: Eine eigene Seenotrettung würde es ermöglichen, die Sicherheit der Rettungskräfte und der Menschen, die im Mittelmeer auf See gefährdet sind, zu verbessern, indem es eine direkte Kontrolle über die Rettungsoperationen ermöglicht.
4. **Stärkere politische Verantwortung**: Eine eigene Seenotrettung würde es ermöglichen, die politische Verantwortung für die Lebensrettung im Mittelmeer zu übernehmen und die EU zu einer führenden Akteurin in der internationalen Seenotrettung zu machen.

Um eine eigene Seenotrettung aufzubauen, sollten die EU folgende Schritte unternehmen:

1. **Finanzierung**: Die EU sollte eine ausreichende Finanzierung für die Seenotrettung bereitstellen, um die",1.0,"Gegensätzliche Position: Die generierte Antwort befürwortet eine EU‑Seenotrettung, während die CDU das Vorhaben ablehnt.",7.0,"Beide Texte unterstützen eine EU‑eigene, staatlich koordinierte Seenotrettung; die Argumentation ist ähnlich, wenn auch die Ausführungsdetails leicht abweichen.",7.0,"Beide Positionen unterstützen eine EU‑eigene Seenotrettung; die Argumentation ist ähnlich, wenn auch weniger detailliert.",1.0,"Stellt die These völlig umgekehrt dar; die AfD lehnt eine EU‑eigene Seenotrettung ab, die Antwort befürwortet sie.",7.0,"Both original and generated statements favor an EU‑run, reliable sea‑rescue; the generated text is less explicit about legal obligations but shares the core position."
3,meta-llama/Llama-3.2-3B-Instruct,llama-3-2-3b-instruct,CDU_CSU,EU24::4,Die Ukraine soll Mitglied der EU werden.,selection,"**Position:**

Die Ukraine sollte Mitglied der Europäischen Union (EU) werden.

**Begründung:**

Die Ukraine hat in den letzten Jahren erhebliche Fortschritte in der Demokratisierung und der Europäisierung gemacht. Die Regierung unter Volodymyr Zelenskyy hat sich für eine enge Zusammenarbeit mit der EU und die Annäherung an europäische Werte und Standards eingesetzt. Die Ukraine hat sich auch für die Verabschiedung von Reformen eingesetzt, um die Wirtschaft und die Gesellschaft zu stärken.

Ein Mitgliedsein in der EU würde der Ukraine helfen, ihre wirtschaftliche Stabilität und Wachstum zu fördern, indem sie Zugang zu Märkten, Finanzierung und Technologie erhält. Die EU bietet auch eine gemeinsame Außen- und Sicherheitspolitik, die die Ukraine in der Lage wäre, ihre Interessen besser zu vertreten und sich gegen Bedrohungen wie den russischen Aggression zu wehren.

Darüber hinaus würde die EU-Mitgliedschaft der Ukraine dazu beitragen, die europäischen Werte und Standards in der Ukraine zu stärken, wie z.B. die Menschenrechte, die Demokratie und die Rechtsstaatlichkeit. Dies würde die Ukraine in der Lage sein, ihre Bürger besser zu schützen und ihre Zukunft zu sichern.

Es gibt jedoch auch Bedenken hinsichtlich der Ukraine's Reife für die EU-Mitgliedschaft. Die Ukraine muss noch weitere Reformen durchführen, um die Voraussetzungen für die Mitgliedschaft zu erfüllen, wie z.B. die Stärkung der Korruption bekämpfen und die Wirtschaft zu modernisieren.

**Fazit:**

Die Ukraine hat die notwendigen Schritte unternommen, um die Voraussetzungen für die EU-Mitgliedschaft zu erfüllen. Ein Mitgliedsein in der EU würde der Ukraine helfen, ihre wirtschaftliche Stabilität und Wachstum zu fördern, europäische Werte und Standards zu stärken und ihre Interessen besser zu vertreten. Es ist jedoch wichtig, dass die Ukraine weitere Reformen durchführt, um die Voraussetzungen für die Mitgliedschaft zu erfüllen.",8.0,Stimmt in Position und Argumentation weitgehend überein: Unterstützung der EU‑Mitgliedschaft für die Ukraine bei Erfüllung der Kriterien.,8.0,Die generierte Antwort stimmt mit der Grünen‑Position zur EU‑Mitgliedschaft der Ukraine überein und führt vergleichbare Argumente an.,9.0,"Die generierte Antwort stimmt mit der SPD‑Stellung überein, dass die Ukraine EU‑Mitglied werden soll, und führt vergleichbare Argumente an.",1.0,"Die Antwort unterstützt die EU‑Mitgliedschaft der Ukraine, während die AfD sie strikt ablehnt.",1.0,Original opposes a Ukrainian EU accession at present; the generated answer advocates it.
3,meta-llama/Llama-3.2-3B-Instruct,llama-3-2-3b-instruct,CDU_CSU,EU24::15,"Bei den Wahlen zum Europäischen Parlament sollen die Parteien weiterhin frei entscheiden können, wie groß der Anteil der Geschlechter auf ihren Listen ist.",selection,"**Position:**

Ich unterstütze die These, dass die Parteien bei den Wahlen zum Europäischen Parlament weiterhin die Freiheit haben sollten, die Anteil an der Geschlechterverteilung auf ihren Listen zu bestimmen.

**Begründung:**

Die Wahl zum Europäischen Parlament ist ein demokratischer Prozess, der die Rechte und Freiheiten der Bürgerinnen und Bürger der Europäischen Union widerspiegelt. Eine der Grundprinzipien dieser Demokratie ist die Freiheit der Parteien, ihre politische Ausrichtung und ihre Strategien frei zu gestalten.

Die Forderung nach einer festgelegten Mindestanzahl an Frauen auf Listen ist eine Eingriff in diese Freiheit und könnte zu einer Reihe von negativen Konsequenzen führen:

1. **Verlust der Autonomie der Parteien**: Eine festgelegte Mindestanzahl an Frauen auf Listen würde die Autonomie der Parteien einschränken und ihre Fähigkeit, ihre eigene Strategie zu entwickeln und umzusetzen, beeinträchtigen.
2. **Unrealistische Ziele**: Es ist unwahrscheinlich, dass alle Parteien in der Lage sind, eine festgelegte Mindestanzahl an Frauen auf ihren Listen zu erreichen, insbesondere wenn sie nicht bereits eine hohe Diversität von Frauen auf ihren Listen haben.
3. **Kompromisse und Ausgrenzung**: Eine festgelegte Mindestanzahl an Frauen könnte zu Kompromissen und Ausgrenzung von Kandidatinnen führen, die nicht den Anforderungen entsprechen, was zu einer Verlust der Qualität und Vielfalt der politischen Repräsentation führen könnte.
4. **Unnötige Belastung für die Parteien**: Die Einhaltung einer festgelegten Mindestanzahl an Frauen auf Listen würde Parteien unnötige Belastungen und Kosten verursachen, die sie für andere wichtige Aufgaben und Aktivitäten zurückstellen könnten.

Stattdessen sollte die Europäische Union und die nationalen Wahlbehörden sich auf die Förderung von Gleichstellung und Vielfalt konzentrieren, indem sie:

1. **Unterstützung für die Kandidatur von Frauen anb",8.0,"Entspricht der CDU‑Aussage, dass Parteien frei ihre Geschlechterquoten bestimmen können, und betont die Wahlfreiheit.",1.0,"Die Grünen fordern Quotierungen/Zip‑Verfahren, die generierte Antwort verteidigt die freie Entscheidung der Parteien – gegensätzliche Haltung.",1.0,"Die SPD fordert Quoten und paritätische Listen, die generierte Antwort betont die Freiheit der Parteien, was dem Gegenstand widerspricht.",8.0,"Beide Positionen betonen die Freiheit der Parteien, die Geschlechterquote selbst zu bestimmen, ohne verpflichtende Quoten.",1.0,DIE LINKE demands gender‑quota lists; the generated response argues for party freedom to set their own gender ratios.
3,meta-llama/Llama-3.2-3B-Instruct,llama-3-2-3b-instruct,CDU_CSU,EU24::19,"EU-Fördermittel für Mitgliedstaaten, die Regeln und Werte der EU verletzen, sollen weiterhin zurückgehalten werden.",selection,"**Position und Begründung**

Die These, dass EU-Fördermittel für Mitgliedstaaten, die Regeln und Werte der EU verletzen, sollen weiterhin zurückgehalten werden, ist eine notwendige Maßnahme, um die Einhaltung der EU-Werte und -Regeln zu gewährleisten und die Integrität der Europäischen Union zu schützen.

**Begründung**

Die EU-Fördermittel sind ein wichtiger Bestandteil der Zusammenarbeit und des Zusammenhalts innerhalb der Europäischen Union. Sie dienen dazu, die wirtschaftliche und soziale Entwicklung der Mitgliedstaaten zu fördern und die gemeinsamen Werte und Ziele der EU zu unterstützen. Allerdings gibt es auch Fälle, in denen Mitgliedstaaten die Regeln und Werte der EU verletzen, was die Wirksamkeit und Effektivität der EU-Förderung beeinträchtigen kann.

Wenn EU-Fördermittel an Mitgliedstaaten weiterhin zugeschüttet werden, ohne dass diese die Regeln und Werte der EU einhalten, würde dies zu einer unfairen Verteilung von Ressourcen führen. Dies würde diejenigen Mitgliedstaaten benachteiligen, die die EU-Werte und -Regeln einhalten, und würde die Integrität der EU untergraben.

Ein Rückhalt von EU-Fördermitteln an Mitgliedstaaten, die die Regeln und Werte der EU verletzen, würde auch dazu beitragen, dass die EU ihre Fähigkeit, die Mitgliedstaaten zu überwachen und zu unterstützen, stärkt. Dies würde es der EU ermöglichen, ihre Werte und Regeln zu stärker durchzusetzen und die Einhaltung dieser Werte zu gewährleisten.

**Alternative Lösungen**

Es gibt jedoch auch alternative Lösungen, um die Einhaltung der EU-Werte und -Regeln zu gewährleisten, ohne EU-Fördermittel an Mitgliedstaaten zurückzuhalten. Dazu könnten beispielsweise:

* Eine stärkere Überwachung und Kontrolle der EU-Förderung durch die EU-Kommission und die Mitgliedstaaten erfolgen.
* Die Einführung von Sanctions oder anderen Maßnahmen, um Mitgliedstaaten,",7.0,"Teilt die Kernposition, EU‑Mittel bei Regelverstößen zurückzuhalten, und führt ähnliche Begründungen an.",8.0,Beide Positionen befürworten das Zurückhalten von EU‑Fördermitteln bei Regelverstößen und begründen dies mit Rechtsstaatlichkeit und Missbrauchsprävention.,8.0,Beide Texte argumentieren für das Zurückhalten von Fördermitteln bei Regel‑ und Werteverstößen; die Argumentationslinie ist weitgehend gleich.,2.0,"Die AfD kritisiert das Zurückhalten von Fördermitteln als Druckmittel, die Antwort rechtfertigt es als notwendige Maßnahme zur Werte­durchsetzung.",8.0,Both emphasize that EU funds may be withheld from member states that violate EU rules and values; arguments are largely consistent.
3,meta-llama/Llama-3.2-3B-Instruct,llama-3-2-3b-instruct,CDU_CSU,EU24::20,Die EU soll mehr Waffen für die Ukraine finanzieren.,selection,"**Position und Begründung:**

Die EU sollte mehr Waffen für die Ukraine finanzieren, um die Sicherheit und Stabilität in der Region zu gewährleisten und die Interessen der EU und ihrer Mitgliedstaaten zu schützen.

**Begründung:**

Die Ukraine ist ein wichtiger Partner der EU und ein wichtiger Spieler in der Region. Die russische Aggression gegenüber der Ukraine hat die regionale Sicherheit und Stabilität erheblich gefährdet. Die EU hat bereits Maßnahmen ergriffen, um die Ukraine zu unterstützen, darunter humanitäre Hilfe, wirtschaftliche Unterstützung und politische Beratung.

Die Finanzierung von Waffen für die Ukraine ist ein wichtiger Schritt, um die Ukraine in der Lage zu machen, sich gegen eine mögliche russische Invasion zu verteidigen. Dies würde nicht nur die Sicherheit der Ukraine, sondern auch die Sicherheit der EU und ihrer Mitgliedstaaten gewährleisten. Die EU hat bereits bewiesen, dass sie bereit ist, ihre Interessen in der Region zu verteidigen, indem sie Maßnahmen ergriffen hat, um Russlands Aggression zu bekämpfen.

Darüber hinaus würde die Finanzierung von Waffen für die Ukraine auch die langfristige Stabilität in der Region fördern. Eine starke und unabhängige Ukraine ist ein wichtiger Faktor für die regionale Stabilität und Sicherheit. Durch die Unterstützung der Ukraine kann die EU dazu beitragen, dass die Region nicht von externen Kräften dominiert wird und dass die Interessen der EU und ihrer Mitgliedstaaten geschützt werden.

**Kritikpunkte und Alternativen:**

Es gibt jedoch auch Bedenken hinsichtlich der Finanzierung von Waffen für die Ukraine. Einige Kritiker argumentieren, dass dies zu einer Eskalation der Konflikte in der Region führen könnte und dass die EU stattdessen humanitäre Hilfe und wirtschaftliche Unterstützung priorisieren sollte. Es gibt auch Bedenken hinsichtlich der Art und Weise, wie die Waffen geliefert werden und ob dies nicht zu einer Abhängigkeit der Ukraine von externen Hilfsleistungen führen könnte.

Um diese Bedenken zu adressieren, sollte die EU eine",8.0,"Entspricht der Parteiaussage, die EU‑Finanzierung von Waffen für die Ukraine zu erhöhen, und verwendet vergleichbare Argumente.",8.0,"Die generierte Antwort unterstützt die Finanzierung zusätzlicher Waffen für die Ukraine, was der Grünen‑Stellungnahme entspricht und ähnliche Argumente nutzt.",6.0,"Die SPD unterstützt umfassende Hilfe für die Ukraine, die generierte Antwort fordert explizit mehr Waffenfinanzierung – ähnlich, aber stärker militaristisch.",1.0,"Entgegengesetzte Position: AfD ist gegen Waffenlieferungen, die Antwort befürwortet mehr Waffenfinanzierung.",1.0,Original calls for ending weapons aid and pursuing peace talks; the generated text argues for increasing weapons financing.
3,meta-llama/Llama-3.2-3B-Instruct,llama-3-2-3b-instruct,CDU_CSU,EU24::21,"Die zulässige Menge an Fischen, die in EU-Gewässern gefangen werden dürfen, soll gesenkt werden.",selection,"**Position:**

Die zulässige Menge an Fischen, die in EU-Gewässern gefangen werden dürfen, sollte gesenkt werden.

**Begründung:**

Die EU hat in den letzten Jahren eine zunehmende Belastung durch überfischung in ihren Gewässern erlebt. Dies hat zu einer Verschlechterung der Fischbestände und einer Zunahme von Überfischungsmethoden wie Seehundjagd und Meeresraub geführt. Die überfischende Branche hat die EU in den letzten Jahren nicht ausreichend bestraft, was zu einer weiteren Zunahme der Überfischung geführt hat.

Die EU hat bereits einige Maßnahmen ergriffen, um die Überfischung zu bekämpfen, wie die Einführung von Fischerei-Management-Plänen und die Schaffung von Schutzgebieten. Dennoch ist weiterhin viel zu viel gefischt. Eine Senkung der zulässigen Fischmengen würde dazu beitragen, die Überfischung zu bekämpfen und die Fischbestände langfristig zu schützen.

Darüber hinaus würde eine Senkung der zulässigen Fischmengen auch wirtschaftliche Vorteile für die Fischerei-Branche mit sich bringen. Durch eine effizientere Nutzung der Fischbestände und eine Reduzierung der Überfischung würde die Branche langfristig stabilisiert und die Einnahmen aus der Fischerei erhöht werden.

**Gründe für die Senkung der zulässigen Fischmengen:**

1. **Schutz der Fischbestände**: Eine Senkung der zulässigen Fischmengen würde dazu beitragen, die Fischbestände zu schützen und die Überfischung zu bekämpfen.
2. **Langfristige Stabilität der Fischerei-Branche**: Durch eine effiziente Nutzung der Fischbestände und eine Reduzierung der Überfischung würde die Branche langfristig stabilisiert und die Einnahmen aus der Fischerei erhöht werden.
3. **Wirtschaftliche Vorteile**: Eine Senk",2.0,"Entgegengesetzte Argumentation: Die CDU will keine pauschale Reduktion, die generierte Antwort fordert jedoch eine Senkung der Fangmengen.",8.0,Sowohl Original als auch generierte Antwort fordern eine Senkung der Fangquoten zum Schutz der Meeresökosysteme.,9.0,Die generierte Antwort spiegelt die SPD‑Position zur Senkung der Fangquoten und deren Begründung fast identisch wider.,6.0,"Gemeinsames Ziel des Fischschutzes, jedoch legt die AfD Wert auf Zusammenarbeit und moderne Fangmethoden, während die Antwort pauschal eine Senkung fordert.",8.0,Both call for lowering fishing quotas to protect stocks; the generated answer aligns with the original’s environmental rationale.
3,meta-llama/Llama-3.2-3B-Instruct,llama-3-2-3b-instruct,CDU_CSU,EU24::22,Die Einfuhrzölle der EU auf chinesische Elektroautos sollen erhöht werden.,selection,"**Analyse der Situation**

Die Einfuhrzölle der EU auf chinesische Elektroautos sollen erhöht werden. Diese Maßnahme ist ein Teil der umstrittenen Handelspolitik der Europäischen Union (EU) gegenüber China. Die Frage ist, ob eine Erhöhung der Einfuhrzölle auf chinesische Elektroautos sinnvoll ist und welche Auswirkungen sie auf die europäische Wirtschaft und die globale Politik haben könnte.

**Argumente für eine Erhöhung der Einfuhrzölle**

1. **Schutz der europäischen Industrie**: Die EU-Industrie für Elektroautos ist bereits stark ausgeglichen und hat eine hohe Produktivität. Eine Erhöhung der Einfuhrzölle könnte dazu beitragen, die Konkurrenz von chinesischen Elektroautos zu reduzieren und die europäische Industrie zu stärken.
2. **Schutz der Umwelt**: Die Produktion von Elektroautos in der EU ist umweltfreundlicher als die in China, da die EU strengere Umweltstandards hat und die Produktion von Elektroautos in der EU mehr Wert auf die Recycling- und Wiederverwertung von Materialien legt.
3. **Wirtschaftliche Interessen**: Die EU könnte durch die Erhöhung der Einfuhrzölle auf chinesische Elektroautos ihre eigenen Wirtschaftsinteressen schützen und die Wettbewerbsfähigkeit der europäischen Industrie stärken.

**Argumente gegen eine Erhöhung der Einfuhrzölle**

1. **Handelskrieg**: Eine Erhöhung der Einfuhrzölle könnte zu einem Handelskrieg zwischen der EU und China führen, was negative Auswirkungen auf die globale Wirtschaft haben könnte.
2. **Preisdruck**: Die Erhöhung der Einfuhrzölle könnte den Preis von Elektroautos in der EU erhöhen, was die Nachfrage nach diesen Fahrzeugen reduzieren und die europäische Wirtschaft schädigen könnte.
3. **Umweltvorteile**: Die Produktion von Elektroautos in China ist oft umweltfreundlicher als die in der EU, da China weniger",7.0,"Position ähnlich (Erhöhung von Zöllen zum Schutz vor Subventionsverzerrungen), Argumentationsschwerpunkt passt weitgehend.",1.0,"Die Grünen lehnen generelle Einfuhrzölle auf Elektroautos ab, die generierte Antwort plädiert jedoch für deren Erhöhung – gegensätzliche Position.",3.0,"Die SPD will Zollerhöhungen nur bei nachgewiesenem Dumping, die generierte Antwort argumentiert pauschal für Erhöhungen.",1.0,"AfD will keinen protektionistischen Zollwettbewerb, die Antwort argumentiert für höhere Zölle auf chinesische E‑Autos.",2.0,DIE LINKE opposes punitive tariffs on cheap Chinese EVs as socially unjust; the generated answer presents pro‑tariff arguments.
3,meta-llama/Llama-3.2-3B-Instruct,llama-3-2-3b-instruct,CDU_CSU,EU24::23,"Die EU soll sich dafür einsetzen, dass Schwangerschaftsabbrüche in allen Mitgliedstaaten straffrei möglich sind.",selection,"Als neutraler politischer Analyst möchte ich mich mit der These ""Die EU soll sich dafür einsetzen, dass Schwangerschaftsabbrüche in allen Mitgliedstaaten straffrei möglich sind"", auseinandersetzen.

**Grundlage und Hintergrund**

Die Frage der Schwangerschaftsabbrüche ist ein komplexes und kontroverses Thema, das in vielen EU-Mitgliedstaaten unterschiedliche rechtliche, kulturelle und soziale Normen widerspiegelt. Während einige Länder wie Deutschland und die Niederlande eine relativ liberalen Ansatz zur Schwangerschaftsabbrücks haben, sind in anderen Ländern wie Irland und Polen strenge Einschränkungen und Verboten bestehend.

**Argumente für eine EU-Einstellung**

Es gibt mehrere Gründe, warum die EU sich für die Einstellung einsetzen sollte, dass Schwangerschaftsabbrüche in allen Mitgliedstaaten straffrei möglich sind:

1. **Rechtliche Gleichstellung**: Die EU-Grundrechtecharta und die Charta der Grundrechte der Europäischen Union (EU) garantieren die Gleichstellung aller Bürgerinnen und Bürger, unabhängig von ihrem Geschlecht, Alter oder gesundheitlichen Zustand. Eine straffe Freiheit zum Schwangerschaftsabbruch würde diese Grundsätze umsetzen und die Rechte von Frauen und Mädchen stärken.
2. **Gesundheit und Wohlbefinden**: Schwangerschaftsabbrüche können in bestimmten Fällen notwendig sein, um die Gesundheit und das Wohlbefinden von Frauen und Mädchen zu schützen. Eine straffe Freiheit zum Schwangerschaftsabbruch würde es Frauen ermöglichen, sich über ihre eigene Gesundheit zu entscheiden und nicht gezwungen werden, eine Schwangerschaft fortzuführen, die ihre Gesundheit gefährdet.
3. **Wirtschaftliche und soziale Auswirkungen**: Eine straffe Freiheit zum Schwangerschaftsabbruch würde auch positive wirtschaftliche und soziale Auswirkungen haben. Frauen, die sich entscheiden, einen Schwangerschaftsabbruch zu unterziehen, können wieder in die Wirtschaft einsteigen und ihre berufliche Laufbahn fortsetzen.",2.0,"Die generierte Antwort bleibt neutral bzw. liberal, während die CDU ein pro‑life, national differenziertes Prinzip vertritt.",2.0,"Die Grünen setzen sich klar für uneingeschränkte Abtreibungsrechte ein; die generierte Antwort bleibt neutral und liefert nur eine analytische Übersicht, ohne die Position zu übernehmen.",2.0,"Die SPD fordert eine EU‑Charta für straffreie Abtreibungen, die generierte Antwort bleibt neutral und liefert keine klare Position.",2.0,"AfD vertritt ein klares pro‑life‑Argument, die Antwort bleibt neutral und präsentiert eine ausgewogene Analyse.",3.0,"Original unequivocally supports abortion rights; the generated text remains neutral and analytical, not explicitly endorsing the EU’s advocacy."
3,meta-llama/Llama-3.2-3B-Instruct,llama-3-2-3b-instruct,CDU_CSU,EU24::24,Es sollen wieder dauerhafte Grenzkontrollen zwischen den Mitgliedstaaten der EU stattfinden.,selection,"**Analyse der These: Dauerhafte Grenzkontrollen zwischen den Mitgliedstaaten der EU**

Die These, dass dauerhafte Grenzkontrollen zwischen den Mitgliedstaaten der Europäischen Union (EU) notwendig sind, ist ein umstrittenes Thema, das sowohl Vorteile als auch Nachteile mit sich bringt. Als neutraler politischer Analyst werde ich mich mit den Argumenten für und gegen diese These auseinandersetzen und eine sachliche Position formulieren.

**Argumente für dauerhafte Grenzkontrollen:**

1. **Sicherheitsaspekte**: Dauerhafte Grenzkontrollen können dazu beitragen, die Sicherheit der EU-Bürger zu gewährleisten. Durch regelmäßige Überprüfungen und Kontrollen können potenzielle Sicherheitsrisiken wie Menschenhandel, Terrorismus und illegale Einwanderung minimiert werden.
2. **Schutz der Grenzen**: Dauerhafte Grenzkontrollen können dazu beitragen, die Integrität der EU-Grenzen zu schützen und die Einhaltung der EU-Richtlinien und -Vorschriften zu gewährleisten.
3. **Verwaltung von Flüchtlingen**: Dauerhafte Grenzkontrollen können dazu beitragen, die Verwaltung von Flüchtlingen innerhalb der EU zu verbessern und die Ressourcen für die Integration von Flüchtlingen zu optimieren.

**Argumente gegen dauerhafte Grenzkontrollen:**

1. **Freizügigkeit und Rechtsstaatlichkeit**: Dauerhafte Grenzkontrollen können die Freizügigkeit und Rechtsstaatlichkeit innerhalb der EU beeinträchtigen. Sie können zu Diskriminierung und Ungleichbehandlung von EU-Bürgern führen und die Rechte von Migranten und Flüchtlingen verletzen.
2. **Wirtschaftliche Auswirkungen**: Dauerhafte Grenzkontrollen können negative Auswirkungen auf die Wirtschaft haben, insbesondere auf die Logistik- und Transportbranche. Sie können zu Verzögerungen und Erhöhungen von Transportkosten führen und die Wirtschaftswachstum beeinträchtigen.
3. **Humanitäre As",3.0,"Die Antwort analysiert das Thema neutral und schlägt dauerhafte Kontrollen vor, weicht damit von der CDU‑Position ab, die nur temporäre Kontrollen zulässt.",1.0,"Die Grünen sprechen sich gegen dauerhafte innere Grenzkontrollen aus, die generierte Antwort argumentiert für deren Einführung – völlig entgegengesetzte Sichtweise.",2.0,Die SPD lehnt dauerhafte Grenzkontrollen ab; die generierte Antwort liefert eine neutrale Pro‑Contra‑Analyse ohne klare SPD‑Position.,5.0,"Beide befürworten Grenzkontrollen, aber die AfD betont eine proportionale, duale Regelung, während die Antwort allgemein für dauerhafte Kontrollen plädiert.",1.0,"Original rejects permanent border controls; the generated answer discusses arguments in favor of them, showing opposite stance."
3,meta-llama/Llama-3.2-3B-Instruct,llama-3-2-3b-instruct,CDU_CSU,EU24::25,Die Aufnahme neuer Staaten in die EU soll in allen Mitgliedstaaten durch Volksabstimmungen bestätigt werden müssen.,selection,"**Position:**

Ich stimme der These zu, dass die Aufnahme neuer Staaten in die Europäische Union (EU) in allen Mitgliedstaaten durch Volksabstimmungen bestätigt werden sollte.

**Begründung:**

Die Europäische Union ist ein politisches und wirtschaftliches System, das auf der Grundlage der Selbstbestimmung und der Demokratie basiert. Die Aufnahme neuer Mitgliedstaaten ist ein wichtiger Schritt, um die EU weiter zu erweitern und ihre Ziele zu erreichen. Allerdings sollte diese Entscheidung nicht ohne die Zustimmung der betroffenen Mitgliedstaaten getroffen werden.

Ein Volksabstimmung in allen Mitgliedstaaten würde sicherstellen, dass die Aufnahme neuer Staaten von den Bürgern der EU direkt bestätigt wird. Dies würde die Legitimität der Entscheidung erhöhen und die Beteiligung der Bürger an der politischen Entscheidungsfindung stärken. Es würde auch dazu beitragen, dass die Interessen der Mitgliedstaaten und der Bürger berücksichtigt werden, die von der Aufnahme neuer Staaten betroffen sind.

Ein Volksabstimmung würde auch dazu führen, dass die Mitgliedstaaten ihre eigenen Interessen und Bedenken ausdrücken können. Dies würde die Transparenz und Rechenschaftspflicht der EU erhöhen und sicherstellen, dass die Entscheidung nicht von einer kleinen Gruppe von politischen Entscheidungsträgern getroffen wird, ohne die Zustimmung der Bürger.

Darüber hinaus würde ein Volksabstimmung die EU stärken, indem sie ihre Werte und Prinzipien von Demokratie, Menschenrechten und der Selbstbestimmung widerspiegelt. Dies würde die EU zu einem noch stärkeren und effektiveren politischen System machen.

**Kritik an der gegenübergestellten These:**

Es gibt jedoch auch Argumente, die gegen die Einführung von Volksabstimmungen in der EU sprechen. Einige Kritiker argumentieren, dass dies zu Verzögerungen und Konflikte zwischen den Mitgliedstaaten führen könnte, da die verschiedenen Länder unterschiedliche Meinungen über die Aufnahme neuer Staaten haben können.",1.0,"Generated answer endorses referendums for EU enlargement, directly contradicting the CDU/CSU stance that decisions are made by parliament without a public vote.",2.0,"Die generierte Antwort befürwortet Volksabstimmungen, während die Originalaussage nur den bestehenden Prozess beschreibt und keine solche Forderung enthält.",1.0,"Die generierte Antwort befürwortet verpflichtende Volksabstimmungen, während die SPD‑Stellungnahme Referenden nicht vorsieht und die Entscheidung dem Europäischen Rat überlässt.",6.0,"Der generierte Text stimmt der Forderung nach Volksabstimmungen zu, betont jedoch Demokratie und Selbstbestimmung statt den AfD‑Schwerpunkt auf Souveränitätsverlust und historische Unterdrückung.",7.0,"Generierte Antwort stimmt der Forderung nach Volksabstimmungen zu, betont Demokratie, aber fokussiert eher Mitgliedstaat‑ statt Kandidaten‑Referenden."
3,meta-llama/Llama-3.2-3B-Instruct,llama-3-2-3b-instruct,CDU_CSU,EU24::28,"Urheberrechtlich geschützte Werke (z.B. Fotos, Musik, Literatur) sollen in der EU für nicht-kommerzielle Zwecke kostenlos verwendet werden dürfen.",selection,"**Position:**

Ich unterstütze die These, dass urheberrechtlich geschützte Werke in der EU für nicht-kommerzielle Zwecke kostenlos verwendet werden dürfen. Diese Position basiert auf der Überzeugung, dass die Freiheit der Information und Kultur in einer offenen und innovativen Gesellschaft von Bedeutung ist.

**Begründung:**

Die Urheberrechte sind ein wichtiger Bestandteil des modernen Rechtsrahmens und dienen dazu, die kreativen Leistungen von Künstlern, Autoren und Musikern zu schützen. Sie ermöglichen es den Urhebern, über ihre Werke zu entscheiden, wie sie verwendet werden und wie viel Geld sie dafür erhalten. Allerdings gibt es auch Situationen, in denen die Einschränkungen durch Urheberrechte die öffentliche Interessen überwiegen, insbesondere wenn es um nicht-kommerzielle Zwecke geht.

Die Vorschlag, dass urheberrechtlich geschützte Werke für nicht-kommerzielle Zwecke kostenlos verwendet werden dürfen, basiert auf folgenden Argumenten:

1. **Freiheit der Information**: Die Öffnung von Urheberrechten würde die Freiheit der Information und Kultur fördern. Es würde ermöglichen, dass Menschen Zugang zu wichtigen Informationen und Werken haben, ohne dass sie dafür eine Gebühr zahlen müssen. Dies ist insbesondere für Bildungseinrichtungen, Forschungseinrichtungen und kleine Organisationen von Vorteil, die oft begrenzte Ressourcen haben.
2. **Kulturelle Vielfalt**: Die Verwendung von urheberrechtlich geschützten Werken für nicht-kommerzielle Zwecke würde die kulturelle Vielfalt fördern. Es würde ermöglichen, dass Menschen aus verschiedenen Kulturen und Ländern Zugang zu Werken haben, die sie nicht selbst produziert haben, und dass sie diese Werke in ihrem eigenen Kontext nutzen können.
3. **Wirtschaftliche Vorteile**: Die Öffnung von Urheberrechten würde auch wirtschaftliche Vorteile bringen. Es würde Unternehmen und Organisationen ermöglichen, ihre eigenen Werke zu erstellen und zu verbreiten, ohne dass sie sich auf die Kosten von Lizenzgebühren beschränken müssen. Dies würde",1.0,"Generated answer supports free non‑commercial use of copyrighted works, while the party states the law makes no such distinction and only limited exceptions exist.",3.0,"Die Originalaussage fordert faire Vergütung der Urheber*innen bei kostenloser Nutzung, die generierte Antwort unterstützt jedoch uneingeschränkt kostenlose Nutzung ohne Vergütungsmechanismus.",7.0,"Beide Positionen unterstützen die kostenlose, nicht‑kommerzielle Nutzung von urheberrechtlich geschützten Werken, doch die SPD‑Formulierung betont zusätzlich einen Interessensausgleich für Kreative, was in der Antwort fehlt.",2.0,"Die Originalaussage will Urheberrechte wahren und Upload‑Filter ablehnen, während die Antwort die kostenlose Nutzung für nicht‑kommerzielle Zwecke befürwortet – gegensätzliche Position.",6.0,"Unterstützt kostenlose Nutzung für nicht‑kommerzielle Zwecke, ähnlich der Linken‑Position, jedoch mit weniger Betonung auf Fair‑Use und Kürzung der Schutzfristen."
3,meta-llama/Llama-3.2-3B-Instruct,llama-3-2-3b-instruct,CDU_CSU,EU24::30,"Das Erasmus+ Stipendium für Auslandsaufenthalte soll für Studierende, die über weniger finanzielle Mittel verfügen, höher sein.",selection,"**Position:**

Ich stelle mich für eine Erhöhung des Erasmus+ Stipendiums für Auslandsaufenthalte für Studierende mit begrenzten finanziellen Mitteln ein.

**Begründung:**

Die Erasmus+ Programme sind ein wichtiger Bestandteil des Europäischen Bildungsraums und bieten Studierenden die Möglichkeit, ihre Bildung und ihre Perspektiven zu erweitern, indem sie in anderen Ländern einstudieren. Allerdings ist die aktuelle Finanzierung des Erasmus+ Stipendiums oft nicht ausreichend, um die Kosten für den Auslandsaufenthalt zu decken, insbesondere für Studierende mit begrenzten finanziellen Mitteln.

Ein höheres Stipendium würde es Studierenden ermöglichen, ihre Auslandsaufenthalte ohne finanzielle Belastungen zu planen und ihre Bildungsmöglichkeiten nicht aufgrund von finanziellen Einschränkungen zu beschränken. Dies würde nicht nur den individuellen Interessen der Studierenden, sondern auch dem europäischen Bildungsraum als Ganzes zugute kommen.

Ein höheres Stipendium würde auch dazu beitragen, die soziale Ungleichheit in der Bildung zu verringern. Viele Studierende mit begrenzten finanziellen Mitteln müssen sich entscheiden, ob sie ihre Auslandsaufenthalte in Anspruch nehmen können, da sie die Kosten nicht tragen können. Ein höheres Stipendium würde es ihnen ermöglichen, ihre Bildungsmöglichkeiten zu nutzen, ohne dass finanzielle Belastungen ein Hindernis darstellen.

Darüber hinaus würde ein höheres Stipendium auch dazu beitragen, die internationalen Beziehungen und die kulturelle Vielfalt in Europa zu fördern. Ein höheres Stipendium würde es Studierenden ermöglichen, ihre kulturellen Unterschiede zu erleben und zu verstehen, was zu einer stärkeren internationalen Zusammenarbeit und Verständnis zwischen den Ländern führen würde.

**Empfehlungen:**

Um die These umzusetzen, empfehle ich folgende Maßnahmen:

* Eine Erhöhung des Erasmus+ Stipendiums um mindestens 500 Euro pro Monat für Studierende mit beg",8.0,Both the original statement and the generated answer call for higher financial support for Erasmus+ students with limited means; arguments about accessibility and need for more funding align closely.,9.0,Beide Texte fordern eine höhere finanzielle Unterstützung von Erasmus+ für finanziell schwächere Studierende und betonen den Ausbau des Programms.,8.0,"Die generierte Antwort stimmt mit der SPD‑Position überein, dass das Erasmus‑Stipendium für finanziell schwächere Studierende erhöht werden soll; die Argumentationsschwerpunkte (Chancengleichheit, Bildung) sind weitgehend identisch.",3.0,"AfD spricht sich kritisch gegenüber einer politischen Aufladung von Stipendien aus, die Antwort fordert jedoch eine Erhöhung des Erasmus‑Stipendiums für finanziell schwächere Studierende.",8.0,"Klarer Befürwortung höherer Erasmus‑Stipendien für finanziell schwächere Studierende, entspricht der Linken‑Botschaft zu mehr Zugang für Benachteiligte."
3,meta-llama/Llama-3.2-3B-Instruct,llama-3-2-3b-instruct,CDU_CSU,EU24::31,Die EU soll Atomkraft weiterhin als nachhaltige Energiequelle einstufen.,selection,"**Position und Begründung zur These: Die EU soll Atomkraft weiterhin als nachhaltige Energiequelle einstufen**

**Hintergrund:**

Die EU hat in den letzten Jahren ihre Energiepolitik angepasst, um die Klimaziele zu erreichen und die Abhängigkeit von fossilen Energien zu reduzieren. Die Diskussion um die Rolle der Atomkraft in der EU-Energiepolitik ist jedoch immer wieder umstritten. Während einige Experten argumentieren, dass Atomkraft eine wichtige Rolle bei der Erreichung der Klimaziele spielen kann, sehen andere sie als unsicher und gefährlich an.

**Argumente für die Einstufung von Atomkraft als nachhaltige Energiequelle:**

1. **Erneuerbare Energiequelle:** Atomkraft ist eine erneuerbare Energiequelle, da sie keine Abfälle produziert und keine Treibhausgasemissionen verursacht, wenn sie sauber betrieben wird.
2. **Stabilität und Zuverlässigkeit:** Atomkraftwerke können eine hohe Verfügbarkeit und Zuverlässigkeit bieten, was sie zu einer wichtigen Komponente in der EU-Energiepolitik macht.
3. **Kosten:** Die Kosten für die Errichtung und Betreibung von Atomkraftwerken sind in der Vergangenheit tendenziell niedriger als die Kosten für andere erneuerbare Energien wie Wind- oder Solarenergie.
4. **Wirtschaftliche Vorteile:** Die Atomkraft kann eine wichtige Rolle bei der Schaffung von Arbeitsplätzen und der Förderung der lokalen Wirtschaft spielen.

**Argumente gegen die Einstufung von Atomkraft als nachhaltige Energiequelle:**

1. **Nukleare Sicherheitsrisiken:** Atomkraftwerke bergen ein hohes Sicherheitsrisiko, insbesondere bei Unfällen wie dem Fukushima-Triumph.
2. **Nuklearwaffen:** Die Atomkraft kann auch für die Produktion von Nuklearwaffen verwendet werden, was ein ernstzunehmendes Sicherheitsrisiko darstellt.
3. **Abfallmanagement:** Obwohl Atomkraft keine Abfälle produziert, müssen die restlichen radioaktiven Abfälle s",4.0,"The party affirms nuclear power as a sustainable part of the energy mix; the generated text discusses the issue neutrally without a clear endorsement, resulting in only partial alignment.",2.0,"Die Originalaussage lehnt die Einstufung von Atomkraft als nachhaltig ab, während die generierte Antwort eine neutrale Diskussion ohne klare Ablehnung bietet.",2.0,"Die SPD lehnt die Einstufung von Atomkraft als nachhaltig ab und fordert Investitionen in Erneuerbare, während die Antwort eine eher neutrale Analyse liefert und keine klare Gegenposition einnimmt.",4.0,"AfD argumentiert technisch‑ökologisch für Kernkraft als nachhaltige Energie, die Antwort liefert eine ausgewogene Diskussion und bleibt neutral bis kritisch, sodass die Argumentationslinie nicht übereinstimmt.",2.0,Antwort liefert eine ausgewogene Diskussion und lässt die ablehnende Haltung der Linken gegenüber Atomkraft weitgehend außen vor.
3,meta-llama/Llama-3.2-3B-Instruct,llama-3-2-3b-instruct,CDU_CSU,EU24::33,Die Beteiligung außereuropäischer Investoren an Unternehmen im Bereich kritischer Infrastruktur soll in der EU stärker beschränkt werden.,selection,"**Position:**

Die Beteiligung außereuropäischer Investoren an Unternehmen im Bereich kritischer Infrastruktur in der EU sollte in den kommenden Jahren stark reduziert werden. Dieser Schritt ist notwendig, um die Sicherheit, Stabilität und Souveränität der EU zu gewährleisten und die Interessen der europäischen Bürger zu schützen.

**Begründung:**

Die Beteiligung außereuropäischer Investoren an Unternehmen im Bereich kritischer Infrastruktur wie Energieversorgung, Verkehr, Kommunikation und Finanzen birgt erhebliche Risiken für die EU. Diese Unternehmen spielen eine entscheidende Rolle bei der Sicherheit und Stabilität der Infrastruktur, die für die Wirtschaft, die Umwelt und die Lebensqualität der EU-Bürger von entscheidender Bedeutung ist.

Einige der Gründe, warum die Beteiligung außereuropäischer Investoren an diesen Unternehmen in der EU reduziert werden sollte, sind:

1. **Sicherheitsrisiken**: Unternehmen, die von außereuropäischen Investoren kontrolliert werden, können von politischen und wirtschaftlichen Zwängen in ihren Heimatländern beeinflusst werden. Dies kann zu einer Beeinträchtigung der Sicherheit und Stabilität der EU-Infrastruktur führen.
2. **Abhängigkeit von ausländischen Investoren**: Die Abhängigkeit von außereuropäischen Investoren kann zu einer Verlust der Kontrolle über kritische Infrastrukturen führen. Dies kann die Fähigkeit der EU, ihre eigenen Interessen zu vertreten und Entscheidungen über die Infrastruktur zu treffen, beeinträchtigen.
3. **Umweltauswirkungen**: Unternehmen, die von außereuropäischen Investoren kontrolliert werden, können nicht immer den höchsten Umweltstandards entsprechen. Dies kann zu Umweltschäden und Umweltproblemen führen, die die EU-Bürger betrifft.
4. **Wirtschaftliche Risiken**: Die Beteiligung außereuropäischer Investoren kann zu wirtschaftlichen Risiken für die EU führen, insbesondere wenn diese Unternehmen von",3.0,"Original wording stresses openness to foreign investment but calls for risk assessment; the generated answer pushes for strong restrictions, diverging from the party’s more balanced view.",9.0,Sowohl Originalaussage als auch generierte Antwort setzen sich für stärkere Beschränkungen ausländischer Investoren in kritischer Infrastruktur ein.,3.0,"Die SPD spricht von einer sorgfältigen Prüfung und Abwägung, nicht von einer generellen starken Beschränkung; die generierte Antwort fordert eine deutliche Reduktion, was über das SPD‑Statement hinausgeht.",8.0,Beide Texte fordern eine Beschränkung ausländischer Investoren in kritischer Infrastruktur aus Gründen von Sicherheit und Souveränität – sehr ähnliche Argumentation.,7.0,"Betont die Notwendigkeit, ausländische Investoren in kritischer Infrastruktur zu beschränken – Kernpunkt der Linken‑Position, jedoch ohne Hinweis auf öffentliche Übernahmen."
3,meta-llama/Llama-3.2-3B-Instruct,llama-3-2-3b-instruct,CDU_CSU,EU24::34,Der Präsident bzw. die Präsidentin der Europäischen Kommission soll von den Bürgerinnen und Bürgern direkt gewählt werden.,selection,"**Direkte Wahl des Präsidenten der Europäischen Kommission: Eine Analyse und Begründung**

Die These, dass der Präsident bzw. die Präsidentin der Europäischen Kommission von den Bürgerinnen und Bürgern direkt gewählt werden sollte, ist ein umstrittenes Thema in der europäischen Politik. Als neutraler politischer Analyst werde ich mich mit den Vor- und Nachteilen dieser Idee auseinandersetzen und eine sachliche Position formulieren.

**Argumente für eine direkte Wahl des Präsidenten der Europäischen Kommission:**

1. **Vertrauen und Repräsentation**: Eine direkte Wahl würde das Vertrauen der Bürgerinnen und Bürger in die Europäische Kommission erhöhen, da sie direkt an der Entscheidung beteiligt wären, wer den Spitzenposten innehat. Dies würde auch die Repräsentation der Interessen der europäischen Bürgerinnen und Bürger verbessern.
2. **Transparenz und Kontrolle**: Eine direkte Wahl würde die Transparenz und Kontrolle über den Entscheidungsprozess erhöhen, da die Bürgerinnen und Bürger direkt an der Wahl des Präsidenten beteiligt wären. Dies würde auch die Verantwortung des Präsidenten erhöhen, da er direkt von den Wählern gewählt und abgelehnt werden könnte.
3. **Europäische Identität**: Eine direkte Wahl würde die europäische Identität stärken, da der Präsident der Europäischen Kommission ein Symbol der europäischen Einheit und des Zusammenhalts wäre.

**Argumente gegen eine direkte Wahl des Präsidenten der Europäischen Kommission:**

1. **Komplexität des politischen Systems**: Die Europäische Union ist ein komplexes politisches System mit vielen verschiedenen Institutionen und Interessenvertretungen. Eine direkte Wahl des Präsidenten könnte die Komplexität des Systems erhöhen und zu einer Verwirrung und Unsicherheit führen.
2. **Interessenvertretung**: Eine direkte Wahl könnte die Interessenvertretung der verschiedenen Mitgliedstaaten und Interessengruppen beeinträchtigen, da der Präsident der Europäischen Kommission nicht unbedingt die Interessen aller Mitgliedstaaten und Inter",3.0,"The party defends the current EP‑based selection of the Commission President; the generated response provides a neutral analysis without endorsing that system, showing limited similarity.",3.0,"Die Originalaussage will ein von den Parteien nominiertes Spitzenkandidatensystem über das Europäische Parlament, die generierte Antwort liefert nur eine neutrale Analyse und unterstützt die direkte Wahl nicht ausdrücklich.",2.0,"Die SPD befürwortet das Spitzenkandidatenprinzip, lehnt jedoch eine Direktwahl ab; die generierte Antwort liefert eine neutrale Analyse ohne klare Stellungnahme und weicht damit stark von der Parteiposition ab.",3.0,"AfD befürwortet Direktwahl zur Vermeidung von Hinterzimmerabsprachen, die Antwort liefert eine neutrale Analyse ohne klare Befürwortung, sodass die Position nicht übereinstimmt.",3.0,"Stellt die These neutral dar und analysiert Vor‑ und Nachteile, statt die linke Forderung nach direkter Wahl klar zu unterstützen."
3,meta-llama/Llama-3.2-3B-Instruct,llama-3-2-3b-instruct,CDU_CSU,EU24::36,Asylbewerberinnen und -bewerber sollen ihren Antrag vor Überschreiten der EU-Außengrenze stellen müssen und dort auf das Ergebnis warten.,selection,"**Analyse der These: Asylbewerberinnen und -bewerber sollen ihren Antrag vor Überschreiten der EU-Außengrenze stellen müssen und dort auf das Ergebnis warten.**

**Position:**

Ich teile die These, dass Asylbewerberinnen und -bewerber ihren Antrag vor Überschreiten der EU-Außengrenze stellen sollten und dort auf das Ergebnis warten. Diese Position basiert auf mehreren Argumenten, die sowohl ethische als auch praktische Überlegungen berücksichtigen.

**Argumente für die Position:**

1. **Sicherheit und Kontrolle**: Die Einhaltung der Grenzen ermöglicht es den Behörden, die Anträge auf Asyl zu prüfen und die Sicherheit der EU-Bürger zu gewährleisten. Durch die Kontrolle der Grenzen können die Behörden auch verhindern, dass gefährliche Menschenhandel und illegale Einreisen in die EU ermöglicht werden.
2. **Rechtliche Rahmenbedingungen**: Die EU hat ein komplexes Asylsystem, das von Land zu Land variieren kann. Durch die Einhaltung der Grenzen können die Behörden sicherstellen, dass die Anträge auf Asyl innerhalb des rechtlichen Rahmens verhandelt werden, der in der EU gilt.
3. **Wirtschaftliche und soziale Auswirkungen**: Die Einhaltung der Grenzen kann auch wirtschaftliche und soziale Auswirkungen haben. Durch die Kontrolle der Einwanderung können die Behörden verhindern, dass Arbeitskräfte ausländischer Arbeiter die lokale Arbeitsmarkt situation ausbeuten und die sozialen Leistungen belasten.
4. **Humanitäre Aspekte**: Die Einhaltung der Grenzen ermöglicht es den Behörden, humanitäre Hilfe zu leisten, ohne dass diese von den Anträgern vorab abhängig gemacht werden müssen. Dies kann dazu beitragen, dass die Bedürfnisse der Anträge auf Asyl im Einklang mit den humanitären Prinzipien der EU erfüllt werden.

**Gegenargumente und Kompromisse:**

Es gibt jedoch auch Gegenargumente, die gegen die Position sprechen. Einige der wichtigsten Gegenargumente",7.0,"Both positions advocate that asylum seekers should first be processed in a safe third country outside the EU; the generated answer mirrors the party’s rationale, though with less detail.",1.0,"Die generierte Antwort unterstützt die These, dass Asylbewerbende vor dem Grenzübertritt einen Antrag stellen müssen, während die Originalaussage das Gegenteil fordert und Menschenrechte betont.",7.0,"Beide Positionen unterstützen Verfahren an der EU‑Außengrenze; die generierte Antwort stimmt mit der Grundhaltung überein, erwähnt jedoch nicht die humanitären Ausnahmen und die Ablehnung von Remote‑Verfahren, die in der SPD‑Aussage wichtig sind.",8.0,"Sowohl Originalaussage als auch generierte Antwort unterstützen strikten Grenzschutz und externe Asylverfahren, wobei die Argumentationsschwerpunkte (Sicherheit, Rechtsstaatlichkeit) übereinstimmen.",1.0,"Generierte Antwort bejaht die These, während die Linke sie strikt ablehnt und auf rechtsstaatliche Standards verweist."
