schema_version,model,model_short_name,steered_party_key,thesis_key,thesis,split,steered_response,sim_CDU_CSU,judge_rationale_CDU_CSU,sim_GRUENE,judge_rationale_GRUENE,sim_SPD,judge_rationale_SPD,sim_AfD,judge_rationale_AfD,sim_DIE_LINKE,judge_rationale_DIE_LINKE
3,google/gemma-4-E4B-it,gemma-4-e4b-it,GRUENE,BT21::3,Bei Bundestagswahlen sollen auch Jugendliche ab 16 Jahren wählen dürfen.,selection,"## Analyse der These: ""Bei Bundestagswahlen sollen auch Jugendliche ab 16 Jahren wählen dürfen.""

Als neutraler politischer Analyst präsentiere ich Ihnen zwei mögliche, sachlich begründete Positionen zu dieser These: eine Befürwortende und eine Skeptische/Ablehnende.

---

### Position 1: Befürwortend (Pro)

**Politische Position:** Die Einführung des Wahlrechts für alle Bürger ab 16 Jahren sollte geprüft und umgesetzt werden.

**Begründung:**

Diese Position stützt sich auf die Prinzipien der **demokratischen Teilhabe** und der **politischen Reife**.

1. **Frühe Einbindung und politische Sozialisation:** Das Wahlalter von 16 Jahren würde junge Menschen früher in den politischen Prozess einbinden. Dies fördert die politische Bildung und die politische Sozialisation. Wenn junge Menschen früh wählen dürfen, entwickeln sie ein tieferes Verständnis für politische Zusammenhänge und die Bedeutung demokratischer Institutionen.
2. **Relevanz der Themen:** Viele politische Entscheidungen (Klimaschutz, Bildung, Digitalisierung, Zukunft der Arbeitswelt) betreffen junge Menschen unmittelbar und langfristig. Eine frühere Wahlberechtigung würde sicherstellen, dass die Interessen dieser Kohorte stärker in die politische Agenda einfließen.
3. **Erhöhung der Wahlbeteiligung:** Studien zeigen, dass die Wahlbeteiligung in jungen Altersgruppen oft niedriger ist. Eine Senkung des Wahlalters könnte die Wahlbeteiligung insgesamt erhöhen, da die politische Relevanz für diese Gruppe früher spürbar wird.

**Fazit dieser Position:** Die Erweiterung des Wahlrechts ist ein Schritt hin zu einer inklusiveren und zukunftsorientierteren Demokratie, die die Perspektiven aller Bevölkerungsgruppen berücksichtigt.

---

### Position 2: Skeptisch/Ablehnend (Contra)

**Politische Position:** Das Wahlalter sollte vorerst beibehalten werden, da die volle politische Urteilsfähigkeit und die notwendige politische Erfahrung erst mit dem Erreichen des vollen Bürgeralters (18 Jahre) erreicht werden.

**Begründung:**

Diese Position fokussiert auf die **politische Reife** und die **Stabilität des politischen Systems**.

1. **Politische Erfahrung und Komplexität:** Die Entscheidungen im Bundestag sind oft hochkomplex und erfordern ein tiefes Verständnis für ökonomische, internationale und gesellschaft",2.0,"Die generierte Antwort präsentiert beide Seiten der Debatte, während die CDU/CSU klar gegen ein Wahlrecht ab 16 argumentiert.",2.0,"Der generierte Text präsentiert beide Seiten (Pro‑ und Contra‑Argumente) und gibt keine klare, grün‑typische Befürwortung des Wahlrechts ab 16, sodass die Position stark von der Originalaussage abweicht.",2.0,"Die Originalaussage der SPD befürwortet das Wahlrecht ab 16, während die generierte Antwort nur eine neutrale Analyse mit Pro‑ und Contra‑Positionen liefert – keine klare Übereinstimmung.",1.0,"Die generierte Antwort bleibt neutral und stellt beide Seiten dar, während die AfD klar gegen das Wahlrecht ab 16 ist – völlig andere Position.",2.0,"Die Originalaussage der DIE LINKE ist ein klares, einseitiges Bekenntnis zur Wahlrechtsausweitung für Jugendliche. Die generierte Antwort bleibt neutral, stellt sowohl Befürwortungs‑ als auch Ablehnungsargumente dar und nimmt keine eindeutige Position ein, wodurch die inhaltliche und argumentative Übereinstimmung sehr gering ist."
3,google/gemma-4-E4B-it,gemma-4-e4b-it,GRUENE,BT21::4,Die Förderung von Windenergie soll beendet werden.,selection,"## Analyse der These: ""Die Förderung von Windenergie soll beendet werden.""

Als neutraler politischer Analyst präsentiere ich Ihnen zwei mögliche, sachlich begründete politische Positionen zu dieser These: eine **zustimmende** und eine **ablehnende** Position. Die Wahl der tatsächlichen politischen Haltung hängt von den jeweiligen Prioritäten (ökologische Nachhaltigkeit vs. wirtschaftliche/energetische Sicherheit) ab.

---

### Position 1: Zustimmung zur These (Förderung soll beendet werden)

**Politische Position:** Die staatliche Förderung von Windenergie sollte schrittweise beendet werden, um den Markt zu liberalisieren und die Abhängigkeit von staatlichen Subventionen zu reduzieren.

**Begründung:**

Diese Position stützt sich primär auf ökonomische und marktbasierte Argumente. Befürworter argumentieren, dass die Energiewende durch staatliche Subventionen künstlich verzerrt wird. Sobald die Technologie ausgereift ist und die Kosten wettbewerbsfähig sind (was bei vielen erneuerbaren Energien der Fall ist), sollte der Markt selbst die Preise und die Ausbaugeschwindigkeit bestimmen.

**Kernargumente:**

1. **Marktmechanismen:** Staatliche Förderungen können zu Ineffizienzen führen und Investitionen in weniger effiziente oder teurere Projekte lenken. Ein freier Markt würde Innovationen belohnen, die die Kosten senken.
2. **Kosten-Nutzen-Analyse:** Die Kosten für den Netzausbau und die Speicherung von Windenergie sind signifikant. Wenn die Förderung beendet wird, müssten diese Kosten entweder durch einen allgemeinen Energiesteueranstieg oder durch eine effizientere Marktregulierung getragen werden.
3. **Technologische Diversifizierung:** Die Beendigung der Fokussierung auf Windenergie würde Investitionen in andere, potenziell stabilere oder kostengünstigere Energiequellen (z.B. Kernenergie, Geothermie, oder andere Formen der Speichertechnologie) ermöglichen.

---

### Position 2: Ablehnung der These (Förderung soll fortgesetzt werden)

**Politische Position:** Die staatliche Förderung von Windenergie muss beibehalten und gegebenenfalls verstärkt werden, um die Klimaziele zu erreichen und die Energiewende zu beschleunigen.

**Begründung:**

Diese Position basiert auf ökologischen Notwendigkeiten und der Not",2.0,Die Originalaussage befürwortet den Ausbau von Windenergie; die generierte Antwort bleibt neutral und stellt auch eine ablehnende Position dar.,1.0,"Die Originalaussage der Grünen betont die Notwendigkeit einer fortgesetzten und weiterentwickelten Förderung von Windenergie durch das EEG, während die generierte Antwort neutral bleibt, beide Seiten präsentiert und keine klare Unterstützung der Grünen‑Position liefert. Damit weicht die Argumentation völlig von der Parteistellung ab.",2.0,SPD will den Ausbau der Windenergie vorantreiben; die generierte Antwort stellt beide Seiten dar und gibt keine eindeutige SPD‑Position wieder.,1.0,"Die Antwort präsentiert Pro‑ und Contra‑Argumente zur Windenergie, die AfD‑Stellung ist jedoch eindeutig für eine gesicherte, günstige Energieversorgung und gegen teure Windförderung.",1.0,"Die Originalaussage von DIE LINKE befürwortet aktiv den Ausbau von Windenergie und fordert Beteiligungen der Kommunen. Die generierte Antwort bleibt neutral, stellt beide Seiten dar und enthält keine klare Unterstützung für Windenergie, wodurch die Position und Argumentation völlig abweichen."
3,google/gemma-4-E4B-it,gemma-4-e4b-it,GRUENE,BT21::6,Impfstoffe gegen Covid-19 sollen weiterhin durch Patente geschützt sein.,selection,"## Analyse der These: ""Impfstoffe gegen Covid-19 sollen weiterhin durch Patente geschützt sein.""

Als neutraler politischer Analyst präsentiere ich Ihnen zwei mögliche, sachlich begründete Positionen zu dieser These, da die Frage eine komplexe Abwägung zwischen Innovationsanreizen und öffentlichem Gesundheitsinteresse darstellt.

---

### Position A: Befürwortung des Patentschutzes (Pro-Patent)

**Politische Position:** Der Patentschutz für Covid-19-Impfstoffe sollte beibehalten werden.

**Begründung:**

Diese Position stützt sich primär auf die **Förderung wissenschaftlicher Innovation und Investitionssicherheit**. Die Entwicklung und Herstellung komplexer biotechnologischer Produkte wie Impfstoffe erfordert immense Mengen an Forschungskapital, Zeit und hochspezialisiertem Humankapital. Patente dienen als rechtlicher Anreiz, indem sie den Erfindern und Unternehmen für einen definierten Zeitraum ein exklusives Monopol auf die Nutzung ihrer Erfindung gewähren.

Ohne diesen Schutz wäre die finanzielle Rendite für die hohen Risiken und Kosten der Forschung unsicher. Die Befürworter argumentieren, dass die Gewissheit eines Patents die notwendigen Investitionen in die nächste Generation von Impfstoffen und medizinischen Durchbrüchen (z.B. gegen zukünftige Varianten oder andere Pandemien) erst ermöglicht. Die Patentierung sichert somit langfristig die Innovationskraft der pharmazeutischen Industrie, was letztlich dem öffentlichen Gesundheitswesen zugutekommt.

---

### Position B: Ablehnung des Patentschutzes (Anti-Patent / Öffentliches Interesse)

**Politische Position:** Der Patentschutz für Covid-19-Impfstoffe sollte gelockert oder aufgehoben werden, um eine breitere globale Verfügbarkeit zu gewährleisten.

**Begründung:**

Diese Position priorisiert das **globale öffentliche Gesundheitsinteresse und die gerechte Verteilung von lebensrettenden Gütern**. Kritiker des Patentsystems argumentieren, dass in einer Pandemiesituation der Schutz des geistigen Eigentums hinter der Notwendigkeit der schnellen und universellen Verfügbarkeit von medizinischen Gegenmitteln zurückstehen muss.

Patente können zu Monopolpreisen führen, die für Länder mit geringem Einkommen unerschwinglich sind. Durch die Aufhebung oder Lizenzierung von Patenten (z.B. über Mechanismen wie",4.0,"Die generierte Antwort enthält einige der Argumente der CDU/CSU (Komplexität der Produktion, Bedeutung des Patentschutzes für Investitionen, Hinweis auf COVAX), aber sie präsentiert die These neutral und stellt zusätzlich eine Gegenposition vor, was von der eindeutig pro‑Patent‑Position der Partei abweicht.",2.0,"Die generierte Antwort bleibt neutral und stellt sowohl Pro‑ als auch Contra‑Argumente zum Patentschutz dar, während die GRÜNEN‑Aussage klar eine Aufhebung bzw. Aussetzung von Patenten fordert. Die Positionen weichen stark voneinander ab, daher nur geringe Ähnlichkeit.",2.0,"SPD spricht von Lizenzierung und ggf. Zwangslizenzen, nicht von einem generellen Patentschutz. Die Antwort bleibt neutral und bietet Pro‑ und Contra‑Argumente, was kaum der Parteiaussage entspricht.",1.0,"Die Analyse liefert beide Sichtweisen zu Patenten, die AfD argumentiert eindeutig für den Patentschutz – keine Übereinstimmung.",2.0,"Die generierte Antwort präsentiert beide Pro‑ und Contra‑Argumente, während DIE LINKE eindeutig eine sozialverträgliche Patentverwertung fordert – kaum Übereinstimmung."
3,google/gemma-4-E4B-it,gemma-4-e4b-it,GRUENE,BT21::8,Alle Erwerbstätigen sollen in der gesetzlichen Rentenversicherung versichert sein müssen.,selection,"## Analyse der These: ""Alle Erwerbstätigen sollen in der gesetzlichen Rentenversicherung versichert sein müssen.""

Als neutraler politischer Analyst präsentiere ich Ihnen zwei mögliche, sachlich begründete Positionen zu dieser These: eine **zustimmende** und eine **skeptische/modifizierende**.

---

### Position 1: Zustimmend (Befürwortung der These)

**Politische Position:** **Starke Befürwortung.** Die gesetzliche Rentenversicherung sollte ein universelles und verpflichtendes System für alle Erwerbstätigen darstellen.

**Begründung:**

Diese Position basiert auf dem Prinzip der **sozialen Absicherung und der Solidarität**.

1. **Soziale Gerechtigkeit und Existenzsicherung:** Die gesetzliche Rentenversicherung dient primär dazu, das Risiko des Alters und des Einkommensverlusts abzufedern. Wenn nicht alle Erwerbstätigen versichert sind, entsteht eine Gruppe von potenziell armen Rentnern, die auf staatliche Grundsicherung angewiesen sind. Eine universelle Pflichtversicherung stellt sicher, dass das Alter nicht automatisch mit Armut einhergeht.
2. **Stärkung des Sozialstaats:** Ein umfassendes Versicherungssystem ist ein zentrales Element eines stabilen Sozialstaates. Es fördert die gesellschaftliche Kohäsion, da die Last der Altersarmut nicht nur auf einzelne Individuen, sondern auf das gesamte arbeitende Volk verteilt wird.
3. **Marktregulierung und Stabilität:** Die Pflichtversicherung wirkt als ein soziales Sicherheitsnetz, das die Volatilität des Arbeitsmarktes abfedert. Sie bindet Erwerbstätige langfristig an ein soziales System und reduziert die Abhängigkeit von volatilen privaten Sparformen.

**Implikation:** Die Umsetzung erfordert möglicherweise eine stärkere Regulierung von Selbstständigen und eine Anpassung der Beitragspflichten, um Lücken zu schließen.

---

### Position 2: Skeptisch/Modifizierend (Kritik an der strikten Pflicht)

**Politische Position:** **Bedingte Ablehnung oder Modifikation.** Während die Absicherung aller Bürger ein Ziel sein muss, ist eine *strikte* Pflichtversicherung für *alle* Erwerbstätigen möglicherweise nicht die effizienteste oder sozial ausgewogenste Lösung.

**Begründung:**

Diese Position fokussiert auf **ökonom",2.0,"Die generierte Antwort präsentiert neutrale Pro‑ und Contra‑Argumente und nimmt keine klare ablehnende Position ein, wie sie die CDU/CSU in ihrer Aussage einnimmt. Damit weicht die Argumentationslinie stark von der originalen Parteiaussage ab.",2.0,"Statt die von den Grünen gewünschte schrittweise Bürgerversicherung zu betonen, liefert die Antwort eine neutrale Pro‑/Contra‑Darstellung, die kaum mit der Parteiposition übereinstimmt.",2.0,SPD fordert eine verpflichtende Versicherung aller Erwerbstätigen. Die generierte Antwort präsentiert lediglich eine neutrale Analyse mit gegensätzlichen Positionen.,2.0,"Die generierte Antwort bleibt neutral und präsentiert mehrere mögliche Positionen, während die AfD‑Aussage eine klare, konkrete Politik (Einbeziehung von Selbstständigen, Beschränkung des Beamtenstatus) fordert. Inhaltlich und argumentativ weicht die Antwort stark von der originalen Position ab.",3.0,"Die Antwort enthält eine befürwortende Position, die der Grundidee der Partei entspricht, bleibt aber neutral und bietet keine parteispezifische Argumentation."
3,google/gemma-4-E4B-it,gemma-4-e4b-it,GRUENE,BT21::10,"Auf den Umsatz, der in Deutschland mit digitalen Dienstleistungen erzielt wird, soll eine nationale Steuer erhoben werden.",selection,"## Analyse der These: Nationale Steuer auf den Umsatz digitaler Dienstleistungen in Deutschland

**These:** Auf den Umsatz, der in Deutschland mit digitalen Dienstleistungen erzielt wird, soll eine nationale Steuer erhoben werden.

---

### Formulierung einer politischen Position

**Position:** **Befürwortung einer gezielten, moderaten Besteuerung digitaler Dienstleistungen, jedoch mit klaren Rahmenbedingungen zur Vermeidung von Doppelbesteuerung und zur Förderung von Innovation.**

---

### Begründung der Position

Die Einführung einer nationalen Steuer auf den Umsatz digitaler Dienstleistungen ist ein komplexes Thema, das ökonomische, soziale und internationale Aspekte berührt. Die Befürwortung dieser Maßnahme basiert auf der Notwendigkeit, die fiskalische Basis des Staates an die moderne Wirtschaftsstruktur anzupassen, während gleichzeitig die Wettbewerbsfähigkeit und die Innovationskraft des deutschen digitalen Sektors geschützt werden muss.

#### Argumente für die Besteuerung (Pro)

1. **Fiskalische Gerechtigkeit und Steuerbasis-Anpassung:** Traditionelle Besteuerungssysteme basieren oft auf physischen Präsenzen (Betriebsstätten). Digitale Unternehmen operieren jedoch global und generieren erhebliche Umsätze in Deutschland, ohne notwendigerweise physische Niederlassungen zu unterhalten. Eine nationale Steuer würde sicherstellen, dass diese ""digitale Wertschöpfung"" angemessen in das deutsche Steuersystem einfließt und somit die Steuergerechtigkeit wiederhergestellt wird.
2. **Finanzierung öffentlicher Güter:** Die Einnahmen aus einer solchen Steuer könnten gezielt zur Finanzierung von Infrastruktur (z.B. Breitbandausbau), Bildung oder zur Regulierung des digitalen Raumes verwendet werden, was dem gesellschaftlichen Nutzen dieser Dienstleistungen entspricht.
3. **Verringerung des Wettbewerbsverzerrung:** Ohne eine Besteuerung könnten Unternehmen, die ihre Dienstleistungen primär im Ausland erbringen, einen unfairen Wettbewerbsvorteil gegenüber in Deutschland ansässigen Unternehmen genießen, die alle lokalen Abgaben zahlen müssen.

#### Argumente gegen eine unregulierte Besteuerung (Kontra/Vorsicht)

1. **Risiko der Doppelbesteuerung und Komplexität:** Eine rein nationale Steuer muss sorgfältig mit bestehenden internationalen Steuerabkommen und der Besteuerung durch die Herkunftsländer abgestimmt werden. Eine unklare Regelung birgt das Risiko, dass Umsätze mehr",7.0,"Beide Texte befürworten eine nationale Besteuerung digitaler Dienstleistungen, wobei die Originalaussage die OECD‑Koordination und Fairness betont und die generierte Antwort zusätzlich Doppelbesteuerungs‑ und Innovationsaspekte hervorhebt. Die grundsätzliche Position stimmt, die Argumentationsschwerpunkte unterscheiden sich leicht.",3.0,"Die Antwort spricht eine moderate Besteuerung digitaler Dienstleistungen an, was grob mit der Idee einer Steuer übereinstimmt, jedoch fehlt die klare Forderung nach einer digitalen Konzernsteuer und die Betonung einer europäischen Lösung.",2.0,"SPD betont globale Mindestbesteuerung und Besteuerung von Gewinnen, nicht von Umsätzen. Die Antwort liefert eine eigene, moderate Position, die nicht mit der SPD‑Stellung übereinstimmt.",3.0,"Die generierte Antwort stimmt grundsätzlich mit der Idee einer Umsatzbesteuerung digitaler Dienstleistungen überein, weicht jedoch stark in Ton und Detail ab: Sie betont moderate Besteuerung, Vermeidung von Doppelbesteuerung und Innovationsförderung, während die AfD‑Stellungnahme eine klare, unkritische Forderung nach einer schnellen nationalen Digitalsteuer speziell für GAFAM ohne solche Qualifikationen formuliert.",4.0,"Die generierte Position befürwortet eine moderate Besteuerung, was mit dem Wunsch der Partei nach einer Steuer für digitale Konzerne übereinstimmt, jedoch fehlt die klare Forderung nach Verhinderung von Steuervermeidung."
3,google/gemma-4-E4B-it,gemma-4-e4b-it,GRUENE,BT21::11,"Die traditionelle Familie aus Vater, Mutter und Kindern soll stärker als andere Lebensgemeinschaften gefördert werden.",selection,"## Analyse der These: ""Die traditionelle Familie aus Vater, Mutter und Kindern soll stärker als andere Lebensgemeinschaften gefördert werden.""

Als neutraler politischer Analyst präsentiere ich Ihnen zwei mögliche, sachlich begründete Positionen zu dieser These: eine **zustimmende** und eine **ablehnende/modifizierende**.

---

### Position 1: Zustimmung (Förderung der traditionellen Kernfamilie)

**Politische Position:**
Die Politik sollte gezielte Anreize und Unterstützungsstrukturen schaffen, um die Stabilität und das Wohlbefinden der traditionellen Kernfamilie (Vater, Mutter, Kinder) zu stärken, da diese als primäre soziale und erzieherische Einheit für die Gesellschaft gilt.

**Begründung:**
Diese Position stützt sich auf die Annahme, dass die traditionelle Familienstruktur eine hohe soziale Kohäsion und eine stabile Basis für die Erziehung zukünftiger Generationen bietet. Die Förderung dieser Struktur kann durch Maßnahmen wie steuerliche Vorteile für Familien mit Kindern, verbesserte Kinderbetreuungsangebote (Kita-Ausbau) oder gezielte Unterstützung bei der Vereinbarkeit von Beruf und Familie erfolgen.

**Argumentative Basis:**
* **Soziale Stabilität:** Eine stabile Kernfamilie wird oft als wichtiger Pfeiler der gesellschaftlichen Ordnung angesehen.
* **Erziehung und Sozialisation:** Die traditionelle Struktur wird als idealer Rahmen für die Vermittlung kultureller Werte und sozialer Normen betrachtet.
* **Demografische Herausforderung:** In Zeiten des demografischen Wandels kann die Stärkung der Geburtenrate und der familiären Bindungen als notwendige Maßnahme zur Sicherung der sozialen Sicherungssysteme gesehen werden.

---

### Position 2: Ablehnung/Modifikation (Gleichbehandlung aller Lebensformen)

**Politische Position:**
Die Politik sollte nicht spezifische Lebensgemeinschaften bevorzugen, sondern einen **universellen Rahmen** schaffen, der alle Formen des Zusammenlebens – sei es die traditionelle Familie, Patchwork-Familien, Alleinerziehende, gleichgeschlechtliche Partnerschaften oder andere Lebensgemeinschaften – gleichermaßen unterstützt und fördert.

**Begründung:**
Diese Position basiert auf dem Prinzip der Gleichberechtigung und der Anerkennung der Diversität menschlicher Lebensentwürfe. Die gesellschaftliche Funktion einer Familie wird nicht durch ihre spezifische Konstellation definiert, sondern",2.0,"Die Partei betont die Vielfalt von Familienformen, die Antwort fokussiert jedoch auf die traditionelle Kernfamilie und bietet keine Gegenposition.",2.0,"Die Analyse stellt sowohl eine Befürwortung der traditionellen Familie als auch eine Gegenposition dar, während die Grünen ausdrücklich alle Familienformen gleich unterstützen.",1.0,SPD unterstützt die Vielfalt von Familien und lehnt eine Bevorzugung der traditionellen Kernfamilie ab. Die generierte Antwort enthält sogar eine mögliche Befürwortung dieser traditionellen Familie – diametral entgegengesetzt.,2.0,"Die generierte Antwort bleibt neutral und stellt sowohl zustimmende als auch ablehnende Positionen dar, während die AfD‑Aussage eindeutig die traditionelle Familie als zentrale Gesellschaftseinheit bejaht und deren besonderen Schutz fordert. Damit weicht die Argumentationslage stark von der originalen Parteiposition ab.",2.0,"Die Antwort stellt eine Befürwortung der traditionellen Kernfamilie dar, während DIE LINKE alle Familienformen gleich behandelt – gegensätzliche Position."
3,google/gemma-4-E4B-it,gemma-4-e4b-it,GRUENE,BT21::13,Studentinnen und Studenten sollen BAföG unabhängig vom Einkommen ihrer Eltern erhalten.,selection,"## Analyse der These: ""Studentinnen und Studenten sollen BAföG unabhängig vom Einkommen ihrer Eltern erhalten.""

Als neutraler politischer Analyst präsentiere ich Ihnen zwei mögliche Positionen zu dieser These – eine Befürwortende und eine Ablehnende – jeweils mit einer sachlichen Begründung.

---

### Position 1: Befürwortung (Pro)

**Politische Position:** Die These wird befürwortet.

**Begründung:**

Die Befürwortung dieser These basiert primär auf dem Prinzip der **Chancengleichheit** und der **Förderung der sozialen Mobilität**. Bildung gilt als zentraler Motor für gesellschaftlichen Aufstieg und wirtschaftliche Entwicklung. Wenn die finanzielle Unterstützung für ein Studium von den Einkommensverhältnissen der Eltern abhängig gemacht wird, entsteht eine strukturelle Barriere für Studierende aus einkommensschwächeren Familien.

Die Unabhängigkeit vom elterlichen Einkommen würde sicherstellen, dass die akademische Laufbahn eines jungen Menschen primär von seinem **persönlichen Potenzial und seinem Studieninteresse** abhängt und nicht von der finanziellen Situation seiner Herkunftsfamilie. Dies stärkt die soziale Gerechtigkeit im Bildungssystem.

**Mögliche Implikationen (aus analytischer Sicht):**
* **Vorteil:** Erhöhte Studieneinschreibungsquoten in benachteiligten Schichten.
* **Herausforderung:** Erhöhter fiskalischer Druck auf den Staatshaushalt, da die Kosten für die Förderung steigen würden.

---

### Position 2: Ablehnung (Contra)

**Politische Position:** Die These wird abgelehnt oder kritisch hinterfragt.

**Begründung:**

Die Ablehnung dieser These stützt sich auf die Prinzipien der **finanziellen Nachhaltigkeit** und der **gerechten Verteilung staatlicher Lasten**. Die aktuelle Struktur des BAföG-Systems berücksichtigt die familiäre Situation, da die Eltern in der Regel einen Beitrag zur Ausbildung ihrer Kinder leisten können oder müssen.

Eine vollständige Entkopplung vom elterlichen Einkommen würde die staatlichen Ausgaben für Bildung massiv erhöhen. Kritiker argumentieren, dass dies zu einer **Überlastung des Steuerzahlers** führen würde, ohne dass eine entsprechende Steigerung des gesellschaftlichen Nutzens (abgesehen von der Bildung selbst) garantiert ist. Zudem könnte die aktuelle Struktur eine Form",2.0,"CDU/CSU will das BAföG weiterhin einkommensabhängig, die Antwort liefert eine pro‑These für Unabhängigkeit vom Elterneinkommen.",2.0,"Der Text liefert wieder eine ausgewogene Pro‑/Contra‑Darstellung, anstatt die klare grüne Forderung nach elternunabhängigem BAföG zu übernehmen.",2.0,"Die generierte Antwort präsentiert eine neutrale Analyse mit Pro‑ und Contra‑Argumenten, während die SPD‑Aussage klar eine reformorientierte, elternunabhängige Unterstützung für Studierende befürwortet. Die Positionen und Argumentationslinien weichen stark voneinander ab.",2.0,"Die generierte Antwort präsentiert eine neutrale Analyse mit Pro‑ und Contra‑Argumenten, während die AfD‑Aussage klar eine restriktive, leistungs‑ und bedarfsorientierte Position vertritt. Die Argumentationsschwerpunkte und die grundsätzliche Haltung weichen stark voneinander ab.",3.0,"Die generierte Pro‑Position stimmt mit dem Grundsatz der Partei überein, dass BAföG bedarfsunabhängig gewährt werden soll, bleibt aber allgemein und nicht parteispezifisch."
3,google/gemma-4-E4B-it,gemma-4-e4b-it,GRUENE,BT21::16,"Die Ostsee-Pipeline ""Nord Stream 2"", die Gas von Russland nach Deutschland transportiert, soll wie geplant in Betrieb gehen dürfen.",selection,"## Analyse der These: Die Ostsee-Pipeline ""Nord Stream 2"" soll wie geplant in Betrieb gehen dürfen.

Als neutraler politischer Analyst präsentiere ich Ihnen zwei mögliche, sachlich begründete Positionen zu dieser These, da die Frage der Nord Stream 2 tiefgreifende geopolitische, wirtschaftliche und sicherheitspolitische Dimensionen berührt.

---

### Position A: Befürwortung des Betriebs (Pro-Infrastruktur- und Energiepartnerschaft-Ansatz)

**Politische Position:** Die Inbetriebnahme der Nord Stream 2 sollte unter strengen regulatorischen Auflagen und im Rahmen eines stabilen europäischen Energiepartnerschafts erfolgen.

**Begründung:**

1. **Energieversorgungssicherheit und Wirtschaftlichkeit:** Befürworter argumentieren, dass die Pipeline eine zuverlässige und kosteneffiziente Energiequelle für Deutschland und Europa darstellt. Die Diversifizierung der Energiequellen und die Sicherstellung eines kontinuierlichen Gasflusses sind aus rein wirtschaftlicher Sicht wichtig für die industrielle Stabilität und die Preisstabilität auf dem europäischen Energiemarkt.
2. **Diplomatischer Dialog:** Die Pipeline kann als ein Instrument zur Aufrechterhaltung des wirtschaftlichen Dialogs zwischen Deutschland und Russland gesehen werden. Solange die Infrastruktur funktioniert, bleibt ein Kanal für Verhandlungen und die Bewältigung gemeinsamer Herausforderungen offen.
3. **Infrastrukturelle Notwendigkeit:** Aus technischer Sicht stellt die Pipeline eine fertiggestellte Infrastruktur dar, deren Betrieb die bestehende Energieinfrastruktur ergänzen kann, sofern die geopolitischen Risiken kalkulierbar sind.

**Anmerkung:** Diese Position setzt voraus, dass die wirtschaftlichen Vorteile die potenziellen geopolitischen Risiken überwiegen und dass die Abhängigkeit von einem einzelnen Lieferanten durch andere Maßnahmen (z.B. LNG-Importe) abgefedert werden kann.

---

### Position B: Ablehnung des Betriebs (Pro-Geopolitische Diversifizierung und Souveränität-Ansatz)

**Politische Position:** Die Inbetriebnahme der Nord Stream 2 sollte verhindert oder zumindest stark eingeschränkt werden, um die europäische Energie- und geopolitische Abhängigkeit von Russland zu reduzieren.

**Begründung:**

1. **Geopolitische Abhängigkeit und Risiko:** Kritiker sehen in der Pipeline ein strategisches Risiko. Die direkte Abhängigkeit von russischem Gas bindet die europäische Energiepolitik an die",3.0,"Beide Texte zeigen eine grundsätzlich pro‑Nord‑Stream‑2‑Einstellung, die Antwort bleibt jedoch stark verallgemeinert und liefert keine Detailargumente der Partei.",2.0,"Obwohl die Grünen die Inbetriebnahme von Nord Stream 2 ablehnen, präsentiert die Antwort beide Sichtweisen, inklusive einer Befürwortung, und spiegelt damit die Parteiposition kaum wider.",2.0,"Die generierte Antwort bleibt neutral und stellt mehrere Sichtweisen dar, während die SPD‑Aussage klar eine kritische Haltung gegenüber Russland einnimmt, Sanktionen unterstützt und gleichzeitig Erdgas als Brückentechnologie befürwortet. Die Argumentationsschwerpunkte und die Positionierung weichen stark voneinander ab.",1.0,Die neutrale Gegenüberstellung von Pro‑ und Contra‑Argumenten weicht stark von der klaren AfD‑Unterstützung für Nord Stream 2 ab.,1.0,"Die Antwort liefert eine Befürwortung von Nord Stream 2, während DIE LINKE den Ausstieg aus Erdgas fordert – völlig entgegengesetzte Haltung."
3,google/gemma-4-E4B-it,gemma-4-e4b-it,GRUENE,BT21::18,Das Tragen eines Kopftuchs soll Beamtinnen im Dienst generell erlaubt sein.,selection,"## Analyse der These: ""Das Tragen eines Kopftuchs soll Beamtinnen im Dienst generell erlaubt sein.""

Als neutraler politischer Analyst präsentiere ich Ihnen zwei mögliche, sachlich begründete Positionen zu dieser These, da die Frage tief in den Spannungsfeldern von Gleichberechtigung, Religionsfreiheit und Dienstneutralität verankert ist.

---

### Position A: Befürwortung der generellen Erlaubnis (Pro-Religionsfreiheit)

**Position:** Das Tragen eines Kopftuchs soll Beamtinnen im Dienst generell erlaubt sein.

**Begründung:**

Diese Position stützt sich primär auf das **Grundrecht auf Religionsfreiheit** und die **Gleichbehandlung**. Aus Sicht der Bürgerrechte ist die staatliche Pflicht, die religiöse Überzeugung seiner Mitarbeiter zu respektieren, ein zentraler Pfeiler eines pluralistischen Rechtsstaates.

1. **Rechtliche Grundlage:** Die Verweigerung der religiösen Praxis eines Mitarbeiters kann als Diskriminierung aufgrund der Weltanschauung gewertet werden. Ein generelles Verbot würde somit gegen das Gleichbehandlungsgebot verstoßen.
2. **Inklusion und Diversität:** Die Akzeptanz religiöser Symbole fördert ein inklusiveres Arbeitsumfeld und spiegelt die Diversität der Gesellschaft wider, die der Staat repräsentiert.
3. **Abgrenzung zur Dienstpflicht:** Solange das Kopftuch die Funktionsfähigkeit des Amtes nicht beeinträchtigt (z.B. bei bestimmten Sicherheitsanforderungen), sollte es als persönliches Ausdrucksmittel anerkannt werden.

**Einschränkung (Notwendige Bedingung):** Diese Erlaubnis muss jedoch stets an die **Funktionsfähigkeit des Amtes** geknüpft sein. In Bereichen, in denen strenge Sicherheits- oder Hygienevorschriften gelten (z.B. bestimmte medizinische oder militärische Funktionen), können spezifische, verhältnismäßige Einschränkungen notwendig sein, die nicht pauschal erfolgen dürfen.

---

### Position B: Befürwortung einer differenzierten Regelung (Pro-Dienstneutralität)

**Position:** Das Tragen eines Kopftuchs soll nicht generell erlaubt sein, sondern muss im Einzelfall anhand der jeweiligen dienstlichen Anforderungen geprüft werden.

**Begründung:**

Diese Position priorisiert das **Prinzip der Dienstneutralität** und die **Funktionsfähigkeit",1.0,"Die Partei lehnt eine generelle Erlaubnis ab, die Antwort argumentiert eindeutig für eine generelle Erlaubnis.",3.0,"Die generierte Antwort präsentiert eine neutrale Analyse mit mehreren möglichen Positionen, während die GRÜNE‑Aussage klar gegen ein generelles Verbot argumentiert und sich auf Religionsfreiheit und verfassungsrechtliche Vorgaben beruft. Es gibt nur geringe inhaltliche Überschneidung (Erwähnung der generellen Erlaubnis), aber die Argumentationsstruktur und der klare Standpunkt fehlen.",2.0,"SPD erkennt Religionsfreiheit an, erlaubt aber Einschränkungen für Beamtinnen. Die Antwort gibt nur eine neutrale Pro‑/Contra‑Analyse, ohne die differenzierte SPD‑Position zu treffen.",1.0,"Die Antwort bleibt ausgewogen, während die AfD das Kopftuch im öffentlichen Dienst strikt ablehnt – gegensätzliche Positionen.",2.0,"Die Originalaussage der DIE LINKE ist eindeutig pro‑Erlaubnis des Kopftuchs und betont das Selbstbestimmungsrecht. Die generierte Antwort bleibt neutral, stellt beide Seiten dar und nimmt keine klare Position ein, wodurch die Argumentationslinie stark von der Parteiaussage abweicht."
3,google/gemma-4-E4B-it,gemma-4-e4b-it,GRUENE,BT21::19,Die Zulassung von neuen Autos mit Verbrennungsmotor soll auch langfristig möglich sein.,selection,"## Analyse der These: ""Die Zulassung von neuen Autos mit Verbrennungsmotor soll auch langfristig möglich sein.""

Als neutraler politischer Analyst präsentiere ich Ihnen zwei mögliche, sachlich begründete politische Positionen zu dieser These, da die Frage selbst eine tiefgreifende Abwägung zwischen technologischem Fortschritt, Klimaschutz und wirtschaftlicher Realität erfordert.

---

### Position A: Befürwortung der langfristigen Zulassung (Pragmatischer/Technologieoffener Ansatz)

**Politische Position:** Die Zulassung von neuen Autos mit Verbrennungsmotor sollte unter strengen, sich ständig verschärfenden Emissionsstandards und unter gleichzeitiger Förderung alternativer Antriebstechnologien langfristig möglich bleiben.

**Begründung:**

Diese Position basiert auf einem **pragmatischen Technologieoffenheitsansatz**. Sie erkennt an, dass der Übergang zu einer vollständig emissionsfreien Mobilität ein komplexer, globaler Prozess ist, der nicht über Nacht abgeschlossen werden kann.

1. **Technologische Diversität:** Verbrennungsmotoren können durch fortschrittliche Technologien (z.B. synthetische Kraftstoffe/E-Fuels, CO2-neutrale Brennstoffe) dekarbonisiert werden. Ein vollständiges Verbot schließt diese potenziell klimaneutralen Lösungen aus, die in bestimmten Anwendungsfällen (z.B. Langstrecke, Schwerlastverkehr) kurz- bis mittelfristig notwendig sein könnten.
2. **Wirtschaftliche Realität und Infrastruktur:** Ein abruptes Verbot würde massive Umstellungen in der Industrie, im Arbeitsmarkt und in der Infrastruktur (Ladeinfrastruktur) erzwingen, die die Gesellschaft nicht sofort tragen kann. Eine schrittweise Regulierung ermöglicht eine geordnete Transformation.
3. **Globale Wettbewerbsfähigkeit:** Wenn Industrienationen zu schnell auf ein Verbot setzen, ohne globale Standards zu setzen, riskieren sie, ihre industrielle Basis zu schwächen, während andere Märkte weiterhin Verbrenner zulassen.

**Fazit dieser Position:** Der Fokus liegt auf einer **gesteuerten Transformation**, bei der der Verbrennungsmotor nicht als Endpunkt, sondern als ein Element eines breiteren, technologisch diversifizierten Mobilitätsmixes betrachtet wird.

---

### Position B: Ablehnung der langfristigen Zulassung (Klimaschutz-Priorisierter Ansatz)

**Politische",1.0,"CDU/CSU will den Ausstieg aus Verbrennungsmotoren unterstützen, die Antwort plädiert für deren langfristige Zulassung.",2.0,"Die Antwort bietet sowohl eine Befürwortung als auch eine Ablehnung der langfristigen Zulassung von Verbrennungsmotoren, während die Grünen eindeutig ein festes Ausstiegsdatum fordern.",2.0,"Die generierte Antwort präsentiert neutrale, mehrseitige Analysen und schlägt sowohl Befürwortung als auch Ablehnung der langfristigen Zulassung von Verbrennern vor, während die SPD‑Aussage eindeutig die Abschaffung von Verbrennungsmotoren zugunsten von E‑Fahrzeugen fordert. Die Positionen und Argumentationslinien weichen stark voneinander ab.",2.0,"Die generierte Antwort enthält sowohl eine befürwortende als auch eine ablehnende Position; die befürwortende Position stimmt mit der AfD‑Argumentation überein, die Gegenposition jedoch nicht, sodass die Übereinstimmung nur gering ist.",1.0,"Die generierte Antwort präsentiert neutrale Analysen und sogar eine Befürwortung der langfristigen Zulassung von Verbrennungsmotoren, während DIE LINKE klar ein Verbot ab 2030 fordert. Inhalt und Argumentationslinie weichen völlig voneinander ab."
3,google/gemma-4-E4B-it,gemma-4-e4b-it,GRUENE,BT21::20,Der Bund soll mehr Zuständigkeiten in der Schulpolitik erhalten.,selection,"## Analyse der These: ""Der Bund soll mehr Zuständigkeiten in der Schulpolitik erhalten.""

Als neutraler politischer Analyst präsentiere ich Ihnen zwei mögliche, sachlich begründete Positionen zu dieser These: eine Befürwortende und eine Ablehnende. Die Wahl der passenden Position hängt von den jeweiligen Prioritäten (nationale Einheit vs. regionale Autonomie) ab.

---

### Position A: Befürwortung der Stärkung der Bundeskompetenz

**Position:** **Ja, der Bund sollte mehr Zuständigkeiten in der Schulpolitik erhalten.**

**Begründung:**

Die Stärkung der bundespolitischen Steuerung in der Schulpolitik kann zur **Gewährleistung von Chancengleichheit und Qualitätssicherung** über alle Bundesländer hinweg beitragen.

1. **Gleichwertige Bildungschancen:** Ein föderales System führt oft zu erheblichen Unterschieden in Lehrplänen, Ressourcen und Bildungsstandards zwischen den einzelnen Bundesländern. Eine stärkere bundesweite Koordination könnte Mindeststandards definieren und sicherstellen, dass Schüler unabhängig von ihrem Wohnort Zugang zu einer qualitativ hochwertigen Bildung erhalten.
2. **Effizienz und Modernisierung:** Große bildungspolitische Herausforderungen (wie die Digitalisierung, der Umgang mit Diversität oder die Anpassung an den Fachkräftemangel) erfordern oft eine kohärente, landesübergreifende Strategie. Der Bund könnte hier als Katalysator für notwendige Modernisierungen fungieren und Ressourcen gezielter einsetzen.
3. **Bessere Ressourcennutzung:** Durch eine zentrale Steuerung könnten bundesweite Rahmenbedingungen für die Finanzierung und Ausstattung geschaffen werden, was eine gerechtere Verteilung von Mitteln ermöglicht.

**Fazit dieser Position:** Die Priorität liegt auf der **nationalen Bildungsqualität und der Vermeidung von Bildungsungerechtigkeit** durch eine stärkere bundesweite Rahmensetzung.

---

### Position B: Ablehnung der Stärkung der Bundeskompetenz (Befürwortung des Föderalismus)

**Position:** **Nein, die Zuständigkeiten in der Schulpolitik sollten primär bei den Ländern verbleiben.**

**Begründung:**

Die Beibehaltung der Länderkompetenz ist essenziell, um die **regionale Anpassungsfähigkeit und die demokratische Legitimität** der Bildungspolitik",2.0,"Die generierte Antwort präsentiert eine neutrale Analyse mit Pro‑ und Contra‑Positionen, während die CDU/CSU‑Aussage eine einheitliche Position betont, die auf geteilter Verantwortung und Einhaltung der verfassungsrechtlichen Zuständigkeiten abzielt, ohne explizit mehr Bundeskompetenz zu fordern.",2.0,"Die generierte Antwort präsentiert beide Seiten der Debatte, während die Grünen klar für mehr Zusammenarbeit und ausreichende Finanzierung der Länder eintreten – keine klare Übereinstimmung.",1.0,"Die generierte Antwort bleibt neutral, stellt allgemeine Pro‑ und Contra‑Argumente dar und erwähnt weder die von der SPD geforderte Grundgesetzänderung, die Kooperation von Bund und Ländern, noch das konkrete Vorhaben einer Bundesinitiative für Chancengleichheit. Damit weicht sie stark von Position und Argumentation der SPD‑Aussage ab.",1.0,"Die Antwort stellt beide Seiten dar, die AfD betont jedoch die föderale Zuständigkeit der Länder – keine Übereinstimmung.",1.0,"Die generierte Antwort liefert eine neutrale Analyse mit mehreren möglichen Positionen, während die Originalaussage der Linken ein klares, spezifisches Parteiprogramm darlegt – kaum Übereinstimmung."
3,google/gemma-4-E4B-it,gemma-4-e4b-it,GRUENE,BT21::22,Chinesische Firmen sollen keine Aufträge für den Ausbau der Kommunikationsinfrastruktur in Deutschland erhalten dürfen.,selection,"## Analyse der These: ""Chinesische Firmen sollen keine Aufträge für den Ausbau der Kommunikationsinfrastruktur in Deutschland erhalten dürfen.""

Als neutraler politischer Analyst präsentiere ich Ihnen zwei mögliche, sachlich begründete Positionen zu dieser These, da die Frage selbst eine komplexe Abwägung zwischen wirtschaftlichen Interessen, geopolitischen Risiken und Souveränität darstellt.

---

### Position A: Befürwortung des Verbots (Strikte Restriktion)

**Position:** Die These sollte bejaht werden. Chinesische Firmen sollten von Aufträgen für den Ausbau kritischer Kommunikationsinfrastruktur in Deutschland ausgeschlossen werden.

**Begründung:**

Diese Position stützt sich primär auf **geopolitische Risikominimierung und nationale Sicherheit**.

1. **Datensicherheit und Spionagegefahr:** Kommunikationsinfrastrukturen (5G, Glasfaser etc.) sind das Rückgrat moderner digitaler Gesellschaften und Wirtschaften. Die Bedenken konzentrieren sich darauf, dass chinesische Technologieanbieter potenziell staatlich kontrollierte Überwachungs- oder Datensammelmechanismen in die kritische Infrastruktur integrieren könnten. Dies stellt ein erhebliches Risiko für die Souveränität und die Datenhoheit Deutschlands dar.
2. **Abhängigkeitsrisiko (Vendor Lock-in):** Eine starke Abhängigkeit von einem einzelnen, geopolitisch sensiblen Akteur in einem so kritischen Sektor würde Deutschland anfällig für politischen Druck oder Lieferengpässe machen.
3. **Wettbewerbsverzerrung:** Die Forderung nach einem vollständigen Ausschluss dient der Sicherstellung eines fairen Wettbewerbs unter europäischen und westlichen Akteuren, die unter anderen regulatorischen und ethischen Rahmenbedingungen agieren.

**Fazit dieser Position:** Die potenziellen Sicherheitsrisiken überwiegen die kurzfristigen wirtschaftlichen Vorteile, da die Infrastruktur als strategisches Gut betrachtet wird.

---

### Position B: Ablehnung des Verbots (Pragmatische Regulierung)

**Position:** Die These sollte abgelehnt werden. Ein generelles Verbot ist zu pauschal und kontraproduktiv; stattdessen sind gezielte, strenge Sicherheitsprüfungen und regulatorische Auflagen erforderlich.

**Begründung:**

Diese Position fokussiert auf **wirtschaftliche Effizienz, technologische Vielfalt und die Verme",2.0,"Die generierte Antwort präsentiert eine neutrale Analyse mit mehreren möglichen Positionen, während die CDU/CSU‑Aussage klar betont, dass keine Anbieter von vornherein ausgeschlossen werden und Einzelfallprüfungen stattfinden. Die Argumentationsweise und die konkrete Position weichen stark voneinander ab.",2.0,"Die Grünen lehnen nicht‑vertrauenswürdige Unternehmen ab; die generierte Antwort bleibt neutral und stellt Pro‑ und Contra‑Argumente, was kaum der Parteiposition entspricht.",1.0,"SPD spricht sich gegen ein generelles Verbot chinesischer Firmen aus und setzt auf Vertrauensprüfungen. Die generierte Antwort enthält eine Befürwortung eines Verbots, was der Parteiaussage widerspricht.",1.0,Die neutrale Darstellung von Pro‑ und Contra‑Argumenten stimmt nicht mit der klaren AfD‑Ablehnung chinesischer Telekommunikationsfirmen überein.,1.0,"Die generierte Antwort präsentiert ausgewogene Pro‑/Contra‑Argumente, die Originalaussage der Linken hingegen eine klare wirtschaftspolitische Präferenz äußert – keine inhaltliche Übereinstimmung."
3,google/gemma-4-E4B-it,gemma-4-e4b-it,GRUENE,BT21::24,Der kontrollierte Verkauf von Cannabis soll generell erlaubt sein.,selection,"## Analyse der These: ""Der kontrollierte Verkauf von Cannabis soll generell erlaubt sein.""

Als neutraler politischer Analyst präsentiere ich Ihnen zwei mögliche, sachlich begründete politische Positionen zu dieser These: eine **Befürwortende** und eine **Ablehnende/Skeptische**.

---

### Position 1: Befürwortend (Pro-Legalisierung/Kontrollierter Verkauf)

**Politische Position:**
Ich befürworte die Einführung eines kontrollierten und regulierten Verkaufs von Cannabis.

**Begründung:**
Diese Position basiert auf einem pragmatischen Ansatz, der die öffentliche Gesundheit, die Strafverfolgung und die wirtschaftliche Realität berücksichtigt.

1. **Reduktion des Schwarzmarktes und der Kriminalität:** Die aktuelle illegale Situation führt zu einem florierenden Schwarzmarkt. Durch eine staatliche Regulierung kann der Handel in den legalen Rahmen überführt werden. Dies würde die Einnahmen für den Staat sichern und gleichzeitig die Macht krimineller Organisationen schwächen, da diese nicht mehr die primären Lieferanten sind.
2. **Gesundheitliche Kontrolle und Prävention:** Ein kontrollierter Verkauf ermöglicht es dem Staat, Qualitätssicherung (Reinheit, Dosierung) zu gewährleisten und Gesundheitsrisiken zu managen. Dies erlaubt die Implementierung gezielter Aufklärungskampagnen, Altersbeschränkungen und die Verknüpfung des Verkaufs mit Informationen über Risiken – ein Ansatz, der in anderen regulierten Konsumgütern (wie Alkohol oder Tabak) etabliert ist.
3. **Steuereinnahmen und Regulierung:** Die Legalisierung generiert signifikante Steuereinnahmen, die in öffentliche Bereiche wie Prävention, Suchtberatung oder Gesundheitswesen reinvestiert werden können. Die Regulierung erlaubt es zudem, den Konsum zu steuern, anstatt ihn vollständig zu verbieten.

---

### Position 2: Ablehnend/Skeptisch (Kontra-Legalisierung/Beibehaltung des Verbots)

**Politische Position:**
Ich lehne die generelle Erlaubnis des kontrollierten Cannabisverkaufs ab und plädiere für die Beibehaltung oder eine stärkere Fokussierung auf Prävention und Entkriminalisierung des Besitzes.

**Begründung:**
Diese Position stützt sich primär auf Vorsorgeprinzipien und die potenziellen",1.0,"Die Partei lehnt die Legalisierung von Cannabis ab, die generierte Position befürwortet sie.",3.0,"Die Grünen befürworten den kontrollierten Cannabiskonsum; die generierte Antwort nennt zwar eine befürwortende Position, aber auch eine Gegenposition, sodass die Argumentation nicht identisch ist.",3.0,"SPD befürwortet eine regulierte Abgabe von Cannabis. Die Antwort bleibt neutral, nennt aber eine Pro‑Legalisierungs‑Position, sodass die Übereinstimmung nur teilweise gegeben ist.",1.0,"Die Antwort bietet eine Befürwortung der generellen Legalisierung, während die AfD nur medizinische Nutzung unterstützt – völlig unterschiedliche Position.",1.0,"Die generierte Antwort bleibt neutral und bietet zwei Sichtweisen, während die Linke eindeutig den kontrollierten Verkauf von Cannabis befürwortet – keine Übereinstimmung."
3,google/gemma-4-E4B-it,gemma-4-e4b-it,GRUENE,BT21::26,Die Landeslisten der Parteien für die Wahlen zum Deutschen Bundestag sollen abwechselnd mit Frauen und Männern besetzt werden müssen.,selection,"## Analyse der These: ""Die Landeslisten der Parteien für die Wahlen zum Deutschen Bundestag sollen abwechselnd mit Frauen und Männern besetzt werden müssen.""

Als neutraler politischer Analyst präsentiere ich Ihnen zwei mögliche Positionen zu dieser These – eine Befürwortung und eine Ablehnung – jeweils mit einer sachlichen Begründung.

---

### Position 1: Befürwortung der These (Pro)

**Politische Position:** Die Einführung einer verpflichtenden, abwechselnden Besetzung der Landeslisten mit Frauen und Männern ist ein notwendiger Schritt zur Förderung der Geschlechterparität und zur Stärkung der demokratischen Repräsentation im Bundestag.

**Begründung:**

1. **Verbesserung der Repräsentativität:** Die aktuelle Zusammensetzung des Bundestages spiegelt oft nicht die tatsächliche Geschlechterverteilung in der Bevölkerung wider. Eine verpflichtende Abwechslung auf den Landeslisten würde einen strukturellen Anreiz schaffen, dass Parteien aktiv weibliche Kandidatinnen und männliche Kandidaten auf allen Ebenen der Listen berücksichtigen. Dies erhöht die Wahrscheinlichkeit, dass die gewählten Abgeordneten die Vielfalt der Gesellschaft abbilden.
2. **Bekämpfung struktureller Benachteiligung:** Die politische Kultur und die internen Strukturen vieler Parteien zeigen oft eine implizite Bevorzugung männlicher Kandidaten. Eine gesetzliche Vorgabe dient als Korrektiv gegen diese unbewussten oder bewussten Verzerrungen und erzwingt eine aktive Diversitätsarbeit innerhalb der Parteien.
3. **Qualität der Politik:** Studien deuten darauf hin, dass diverse Gremien – einschließlich politischer Parlamente – oft innovativere und umfassendere Lösungen für gesellschaftliche Probleme finden, da unterschiedliche Lebenserfahrungen und Perspektiven einfließen.

---

### Position 2: Ablehnung der These (Contra)

**Politische Position:** Eine gesetzlich verordnete, abwechselnde Besetzung der Landeslisten ist ein Eingriff in die interne Organisationsfreiheit der Parteien und birgt das Risiko, dass die Qualität der Kandidatenwahl durch formale Vorgaben beeinträchtigt wird.

**Begründung:**

1. **Eingriff in die Parteiautonomie:** Parteien sind demokratische Organisationen, die das Recht haben, ihre Kandidaten nach eigenen politischen Kriterien auszuwählen. Eine staatlich verordnete Abfolge (Fra",2.0,"Die Partei erklärt die These für verfassungswidrig, die Antwort stellt sie als wünschenswerte Reform dar.",2.0,"Die Grünen fordern ein Paritätsgesetz; die generierte Antwort bleibt neutral und bietet beide Sichtweisen, wodurch die Position stark abweicht.",2.0,"SPD fordert Parität von Frauen und Männern. Die generierte Antwort bietet eine neutrale Analyse mit beiden Seiten, ohne die klare SPD‑Paritätshaltung zu übernehmen.",1.0,"Die generierte Antwort bleibt neutral, stellt beide Seiten dar und geht nicht auf das AfD‑Argument ein, dass gesetzliche Geschlechterquoten verfassungswidrig seien. Damit weicht sie stark von der klar ablehnenden, rechtlich fundierten Position der AfD ab.",1.0,"Die generierte Antwort ist ein allgemeiner Analysten‑Text, die Originalaussage betont den hohen Frauenanteil der Linken – völlig unterschiedliche Positionen."
3,google/gemma-4-E4B-it,gemma-4-e4b-it,GRUENE,BT21::28,Auf hohe Vermögen soll wieder eine Steuer erhoben werden.,selection,"## Analyse der These: ""Auf hohe Vermögen soll wieder eine Steuer erhoben werden.""

Als neutraler politischer Analyst präsentiere ich Ihnen zwei mögliche, sachlich begründete Positionen zu dieser These: eine Befürwortende und eine Ablehnende. Die Wahl der Position hängt von den jeweiligen ökonomischen und gesellschaftlichen Prioritäten ab.

---

### Position 1: Befürwortung der Vermögenssteuer

**Position:** Die Einführung oder Wiederbelebung einer Vermögenssteuer auf hohe Vermögen ist ein notwendiges Instrument zur Korrektur struktureller Ungleichheiten und zur Stärkung der öffentlichen Finanzierung.

**Begründung:**

1. **Reduzierung der Einkommens- und Vermögensungleichheit:** Befürworter argumentieren, dass die aktuelle Verteilung von Vermögen in vielen Gesellschaften extrem ungleich ist. Während Einkommen durch Arbeit und Kapitalerträge verteilt wird, konzentriert sich ein signifikanter Teil des Reichtums bei einer kleinen Elite. Eine Vermögenssteuer zielt darauf ab, diese Konzentration zu mildern und eine gerechtere Verteilung der gesellschaftlichen Lasten zu erreichen.
2. **Stärkung des Sozialstaats:** Die Einnahmen aus einer solchen Steuer könnten gezielt in öffentliche Güter reinvestiert werden, die allen Bürgern zugutekommen, wie Bildung, Gesundheitswesen, Infrastruktur oder Klimaschutz. Dies stärkt die soziale Absicherung und die Chancengleichheit.
3. **Korrigierung von Marktversagen:** Kritiker des rein marktwirtschaftlichen Ansatzes weisen darauf hin, dass der Kapitalmarkt nicht immer perfekt verteilt. Vermögen, das oft durch historische oder systemische Vorteile akkumuliert wurde, wird durch eine Steuer ""gerecht"" in den gesellschaftlichen Topf zurückgeführt.

**Potenzielle Herausforderungen (aus analytischer Sicht):** Die praktische Umsetzung ist komplex. Es besteht das Risiko von Steuerflucht, komplizierten Bewertungsmethoden für illiquide Vermögenswerte und der Gefahr, dass die Steuer die Investitionsbereitschaft und damit das Wirtschaftswachstum dämpft.

---

### Position 2: Ablehnung der Vermögenssteuer

**Position:** Die Einführung einer Vermögenssteuer ist ökonomisch kontraproduktiv, birgt erhebliche administrative Risiken und gefährdet die Anreize für Kapitalbildung und langfristige Investitionen.

**Begründung:**

1. **Negative Auswirkungen auf",1.0,"Die generierte Antwort stellt eine neutrale Analyse mit einer befürwortenden Position zur Vermögensteuer dar, während die Originalaussage der CDU/CSU die Wiedereinführung strikt ablehnt und Argumente gegen die Steuer liefert. Die Positionen und Argumentationslinien sind diametral entgegengesetzt.",2.0,"Die Grünen wollen eine Vermögensteuer; die generierte Antwort liefert wieder eine ausgewogene Darstellung beider Seiten, nicht die klare Parteiposition.",2.0,"Die generierte Antwort bleibt neutral und stellt beide Seiten der Debatte dar, während die SPD‑Aussage klar eine konkrete Vermögensteuer von 1 % mit hohen Freibeträgen und Schutz für Betriebe fordert. Inhaltlich und argumentativ weicht die generierte Antwort stark von der Position der SPD ab.",2.0,"Die Originalaussage der AfD lehnt eine Wiederaufnahme der Vermögenssteuer eindeutig ab und betont die Senkung der Steuerlast. Die generierte Antwort bleibt neutral, stellt beide Pro‑ und Contra‑Argumente dar und befürwortet nicht explizit die AfD‑Position, wodurch die Übereinstimmung in Position und Argumentation sehr gering ist.",1.0,"Die generierte Antwort liefert eine neutrale Pro‑/Contra‑Darstellung, die Linke fordert konkret eine Vermögenssteuer – keine inhaltliche Nähe."
3,google/gemma-4-E4B-it,gemma-4-e4b-it,GRUENE,BT21::30,Auch Ehepaare ohne Kinder sollen weiterhin steuerlich begünstigt werden.,selection,"## Analyse der These: ""Auch Ehepaare ohne Kinder sollen weiterhin steuerlich begünstigt werden.""

Als neutraler politischer Analyst präsentiere ich Ihnen zwei mögliche, sachlich begründete Positionen zu dieser These: eine **zustimmende** und eine **ablehnende** Position.

---

### Position 1: Zustimmung (Beibehaltung der Begünstigung)

**Politische Position:** Die steuerliche Begünstigung von Ehepaaren ohne Kinder sollte beibehalten werden.

**Begründung:**

Diese Position stützt sich auf das Prinzip der **sozialen Anerkennung und der Anerkennung familiärer Lebensformen**. Ehe ist in vielen Gesellschaften eine grundlegende soziale Institution, die nicht ausschließlich durch die Kindererziehung definiert wird.

1. **Anerkennung der Lebensrealität:** Ehepaare, die sich bewusst für kinderlose Lebensentwürfe entscheiden, bilden dennoch eine stabile und ökonomisch relevante Einheit. Die Beibehaltung von Anreizen signalisiert staatliche Anerkennung dieser Lebensform.
2. **Stabilität und gesellschaftlicher Beitrag:** Eheliche Partnerschaften tragen zur sozialen Stabilität bei. Die steuerliche Entlastung kann als geringfügiger Anreiz dienen, diese stabilen Strukturen zu fördern, ohne notwendigerweise die Kindererziehung zu subventionieren.
3. **Gerechtigkeit im Vergleich zu anderen Paaren:** Eine vollständige Abschaffung der Begünstigung könnte zu einer Ungleichbehandlung führen, wenn andere Lebensformen (z.B. eingetragene Partnerschaften, wenn diese nicht gleichgestellt sind) ebenfalls von bestimmten Vorteilen profitieren.

---

### Position 2: Ablehnung (Abschaffung oder Reduktion der Begünstigung)

**Politische Position:** Die steuerliche Begünstigung von Ehepaaren ohne Kinder sollte abgeschafft oder signifikant reduziert werden.

**Begründung:**

Diese Position basiert primär auf **ökonomischen Effizienzargumenten und der Priorisierung staatlicher Ressourcen**.

1. **Zielkonflikt der Steuerpolitik:** Steuerliche Begünstigungen sind oft darauf ausgelegt, bestimmte gesellschaftliche Ziele zu fördern (z.B. Familienbildung, Kindererziehung). Wenn die Begünstigung nicht an die Erfüllung eines solchen gesellschaftlichen Ziels (Kindererziehung) geknüpft ist, wird sie als eine nicht zielgerichtete Subvention betrachtet.
2. **Ver",2.0,"Die generierte Antwort bleibt neutral, stellt beide Seiten dar und nimmt keine klare Position ein, während die Originalaussage eindeutig die Beibehaltung des Ehegattensplittings befürwortet. Damit weicht die Argumentation stark von der parteipolitischen Haltung ab.",2.0,"Die Grünen wollen das Ehegattensplitting reformieren, nicht pauschal beibehalten; die generierte Antwort bleibt neutral und bietet Pro‑ und Contra‑Argumente.",2.0,"Die SPD‑Aussage befürwortet gezielte Reformen, die die steuerliche Begünstigung von kinderlosen Ehepaaren erhalten, während die generierte Antwort lediglich neutrale Pro‑ und Contra‑Argumente präsentiert und keine klare Position oder die von der SPD genannten Reformvorschläge übernimmt.",2.0,"Die generierte Antwort präsentiert neutrale, ausgewogene Argumente und bietet sowohl zustimmende als auch ablehnende Positionen, während die AfD‑Aussage eindeutig die verfassungsrechtliche Verpflichtung zur steuerlichen Begünstigung von Ehepaaren – unabhängig von Kindern – betont. Die Kernaussage und Argumentationslinie der AfD fehlt, daher kaum Ähnlichkeit.",1.0,"Die generierte Antwort bleibt neutral und stellt beide Seiten dar, während die Linke das Ehegattensplitting abschaffen will – keine Übereinstimmung."
3,google/gemma-4-E4B-it,gemma-4-e4b-it,GRUENE,BT21::34,Die Schuldenbremse im Grundgesetz soll beibehalten werden.,selection,"## Analyse der These: ""Die Schuldenbremse im Grundgesetz soll beibehalten werden.""

Als neutraler politischer Analyst präsentiere ich Ihnen zwei mögliche, sachlich fundierte Positionen zu dieser These, da die Frage der Schuldenbremse tiefgreifende ökonomische und gesellschaftspolitische Abwägungen beinhaltet.

---

### Position A: Befürwortung der Beibehaltung der Schuldenbremse

**Position:** Die Schuldenbremse im Grundgesetz sollte beibehalten werden, da sie ein essenzielles Instrument zur langfristigen fiskalischen Stabilität und zur Vermeidung von übermäßiger Staatsverschuldung darstellt.

**Begründung:**

1. **Langfristige Haushaltsdisziplin:** Die primäre Funktion der Schuldenbremse ist die Verankerung einer dauerhaften Haushaltsdisziplin. Sie zwingt die Regierung, Einnahmen und Ausgaben im Rahmen der verfügbaren Mittel zu planen, anstatt sich auf zukünftige Steuererhöhungen oder zukünftige Wirtschaftswachstumszyklen zu verlassen, um heutige Ausgaben zu finanzieren.
2. **Reduzierung zukünftiger Belastungen:** Hohe Staatsverschuldung führt zu steigenden Zinszahlungen (Zinslast). Diese Zinszahlungen binden zukünftige Haushaltsmittel, die andernfalls für Bildung, Infrastruktur oder soziale Sicherung verwendet werden könnten. Die Einhaltung der Bremse schützt somit künftige Generationen vor einer übermäßigen Schuldenlast.
3. **Vertrauenssicherung:** Ein stabiles und glaubwürdiges Fiskalmanagement ist ein wichtiger Faktor für das Vertrauen internationaler Märkte und Investoren. Dies sichert die Kreditwürdigkeit des Staates und hält die Finanzierungskosten niedrig.

**Kritische Anmerkung (aus analytischer Sicht):** Befürworter müssen jedoch Mechanismen vorsehen, die eine Anpassung an außergewöhnliche, nicht vorhersehbare Krisen (wie Pandemien oder Kriege) ermöglichen, ohne die Grundstruktur des Prinzips zu untergraben.

---

### Position B: Forderung nach einer Flexibilisierung oder Abschwächung der Schuldenbremse

**Position:** Die Schuldenbremse sollte flexibilisiert oder in Krisenzeiten temporär außer Kraft gesetzt werden können, da sie in ihrer aktuellen Form die notwendige",7.0,Beide Texte befürworten die Beibehaltung der Schuldenbremse und führen ähnliche Argumente zur Stabilität und Flexibilität an.,2.0,"Die Grünen wollen die Schuldenbremse reformieren, aber nicht abschaffen; die generierte Antwort stellt beide Positionen dar, ohne die spezifische Reformidee zu übernehmen.",2.0,"Die generierte Antwort präsentiert neutrale Pro‑ und Contra‑Positionen, während die SPD‑Aussage klar die Nutzung von Spielräumen zur Kreditaufnahme betont; die Positionen stimmen nicht überein.",2.0,"Die generierte Antwort präsentiert eine neutrale, mehrschichtige Analyse und erwähnt keine spezifischen Argumente der AfD (EU‑Stabilitätspakt, Unabänderlichkeit in der EU, Ergänzung durch kaufmännische Grundsätze). Sie weicht damit stark von der originalen Position und Argumentation ab.",1.0,"Die generierte Antwort bietet eine ausgewogene Diskussion, die Linke kritisiert die Schuldenbremse eindeutig – keine Ähnlichkeit."
3,google/gemma-4-E4B-it,gemma-4-e4b-it,GRUENE,BT21::35,Asyl soll weiterhin nur politisch Verfolgten gewährt werden.,selection,"## Analyse der These: ""Asyl soll weiterhin nur politisch Verfolgten gewährt werden.""

Als neutraler politischer Analyst präsentiere ich Ihnen zwei mögliche Positionen zu dieser These – eine Befürwortende und eine Ablehnende – jeweils mit einer sachlichen Begründung, um die Komplexität des Themas darzustellen.

---

### Position A: Befürwortung der These (Restriktive Auslegung)

**Position:** Die These wird befürwortet. Asylleistungen sollten primär und strikt auf Personen beschränkt werden, die nachweislich politisch verfolgt werden und deren Leben oder Freiheit durch staatliche Akteure bedroht ist.

**Begründung:**

Diese Position stützt sich auf das Prinzip der **staatlichen Souveränität** und die **Begrenzung des Asylsystems auf seinen ursprünglichen Schutzauftrag**.

1. **Rechtliche und philosophische Grundlage:** Das internationale Asylrecht (insbesondere die Genfer Flüchtlingskonvention) definiert Schutz primär für Personen, die aufgrund ihrer politischen Überzeugung, Rasse, Nationalität, Zugehörigkeit zu einer bestimmten sozialen Gruppe oder Religion verfolgt werden. Die strikte Fokussierung auf politische Verfolgung stellt sicher, dass das System seinen Kernzweck erfüllt: den Schutz politischer Minderheiten und Dissidenten.
2. **Systemische Belastbarkeit:** Eine Ausweitung des Asylrechts auf alle Formen von Notlagen (z.B. wirtschaftliche Not, allgemeine Kriminalität, familiäre Probleme) würde das System überlasten und die Ressourcen des Aufnahmelandes stark belasten. Eine klare Definition hilft, die Verfahren effizienter und zielgerichteter zu gestalten.
3. **Prävention von Missbrauch:** Eine eng gefasste Definition minimiert das Risiko, dass das Asylsystem für Migrationsgründe missbraucht wird, die nicht dem Schutz vor staatlicher Verfolgung entsprechen.

---

### Position B: Ablehnung der These (Umfassende Auslegung)

**Position:** Die These wird abgelehnt. Das Asylrecht sollte breiter gefasst werden und auch Schutz für Menschen umfassen, die nicht primär politisch verfolgt werden, sondern vor existenziellen Bedrohungen fliehen (z.B. Krieg, Gewalt, Menschenrechtsverletzungen).

**Begründung:**

Diese Position basiert auf dem **universellen Menschenrecht auf Leben",2.0,"Der generierte Text liefert eine neutrale Analyse mit Pro‑ und Contra‑Positionen, erwähnt aber nicht die konkrete CDU/CSU‑Position, die Asylrecht betont und illegale Migration ablehnt.",2.0,"Die Grünen betonen ein rechtsstaatliches Asylverfahren mit breiterer Definition; die generierte Antwort bleibt neutral und bietet beide Positionen, was nicht der Parteiaussage entspricht.",2.0,"Die SPD‑Aussage bejaht uneingeschränktes Asylrecht, die generierte Antwort bleibt neutral und stellt beide Seiten dar – keine Übereinstimmung in Argumentation.",1.0,"Die generierte Analyse bleibt neutral, die AfD fordert jedoch eine restriktive Asylpolitik – keine Übereinstimmung.",1.0,"Die generierte Antwort ist ein neutraler Überblick, die Linken fordern eine Ausweitung der Asylrechte – völlig unterschiedliche Argumentation."
3,google/gemma-4-E4B-it,gemma-4-e4b-it,GRUENE,BT21::36,Der gesetzliche Mindestlohn soll spätestens im Jahr 2022 auf mindestens 12 Euro erhöht werden.,selection,"## Analyse der These: ""Der gesetzliche Mindestlohn soll spätestens im Jahr 2022 auf mindestens 12 Euro erhöht werden.""

Als neutraler politischer Analyst präsentiere ich Ihnen zwei mögliche, sachlich begründete Positionen zu dieser These: eine Befürwortende und eine Skeptische/Ablehnende.

---

### Position 1: Befürwortung der Erhöhung

**Politische Position:** **Befürwortung** der Erhöhung des gesetzlichen Mindestlohns auf mindestens 12 Euro bis 2022.

**Begründung:**

Diese Position stützt sich primär auf **soziale Gerechtigkeit** und die **Stärkung der Kaufkraft** der Arbeitnehmer.

1. **Existenzsicherung und soziale Absicherung:** Ein Mindestlohn von 12 Euro wird als notwendig erachtet, um sicherzustellen, dass Arbeitnehmer, die in Niedriglohnsektoren tätig sind, ein Einkommen erzielen, das ihren Grundbedürfnissen (Miete, Lebensmittel, Gesundheitsversorgung) angemessen Rechnung trägt. Dies reduziert die Abhängigkeit von staatlicher Sozialhilfe und verringert die soziale Ungleichheit.
2. **Nachfrage und Wirtschaftsstabilität:** Befürworter argumentieren, dass höhere Löhne die Kaufkraft der unteren Einkommensschichten stärken. Diese Gruppen geben einen größeren Teil ihres Einkommens direkt im lokalen Handel aus, was die Binnennachfrage ankurbelt und somit die gesamtwirtschaftliche Stabilität fördert.
3. **Arbeitsmarktwettbewerb:** Ein höherer Mindestlohn kann dazu beitragen, prekäre Beschäftigungsverhältnisse zu reduzieren und die Qualität der Arbeit zu verbessern, da Unternehmen gezwungen sind, entweder die Produktivität zu steigern oder bessere Arbeitsbedingungen anzubieten, um die höheren Lohnkosten zu kompensieren.

---

### Position 2: Skepsis oder Ablehnung der Erhöhung

**Politische Position:** **Skepsis oder Ablehnung** der Erhöhung des gesetzlichen Mindestlohns auf mindestens 12 Euro bis 2022.

**Begründung:**

Diese Position fokussiert primär auf **wirtschaftliche Tragfähigkeit** und **Arbeitsmarktflexibilität**.

1. **Belastung für Unternehmen und Inflation:** Kritiker befürchten,",2.0,"Die generierte Antwort präsentiert neutrale, mehrseitige Analysen und schlägt sowohl Befürwortungs‑ als auch Ablehnungspositionen vor, während die CDU/CSU‑Aussage eindeutig die Tarifautonomie betont und politische Eingriffe ablehnt. Die Argumentationslinie weicht stark von der parteispezifischen Position ab.",3.0,"Die Grünen unterstützen die Anhebung des Mindestlohns auf 12 €, die generierte Antwort nennt ebenfalls eine befürwortende Position, jedoch zusammen mit einer Gegenposition, sodass die Übereinstimmung nur teilweise ist.",2.0,"SPD will den Mindestlohn auf 12 € erhöhen; die generierte Antwort liefert eine neutrale Analyse mit Gegenpositionen, sodass die Positionen stark divergieren.",2.0,"Die generierte Antwort liefert eine neutrale Pro‑/Contra‑Analyse, während die AfD‑Stellungnahme klar die institutionelle Einordnung des Mindestlohns betont und keine Gegenposition präsentiert.",1.0,"Die generierte Antwort präsentiert beide Optionen, die Linken fordern jedoch einen Mindestlohn von 13 €, nicht nur 12 € – keine Übereinstimmung."
3,google/gemma-4-E4B-it,gemma-4-e4b-it,GRUENE,BT25::1,Deutschland soll die Ukraine weiterhin militärisch unterstützen.,selection,"## Analyse der These: ""Deutschland soll die Ukraine weiterhin militärisch unterstützen.""

Als neutraler politischer Analyst präsentiere ich Ihnen zwei mögliche, sachlich begründete Positionen zu dieser These, da die Frage der militärischen Unterstützung ein hochkomplexes Feld mit unterschiedlichen Prioritäten und Risikobewertungen ist.

---

### Position A: Befürwortung der Fortführung der militärischen Unterstützung

**Position:** Deutschland sollte die militärische Unterstützung für die Ukraine aufrechterhalten und gegebenenfalls verstärken.

**Begründung:**

Diese Position stützt sich primär auf die Prinzipien der **internationalen Rechtsstaatlichkeit, der Abschreckung und der Stabilität der europäischen Sicherheitsarchitektur**.

1. **Einhaltung des Völkerrechts und Prinzip der Souveränität:** Die Unterstützung der Ukraine wird als notwendige Verteidigung ihrer territorialen Integrität und Souveränität gegen einen externen Aggressor betrachtet. Ein Rückzug würde implizit die Aggression des Gegners legitimieren und das Prinzip der Nicht-Aggression untergraben.
2. **Abschreckungseffekt (Deterrence):** Eine entschlossene und anhaltende Unterstützung signalisiert potenziellen Aggressoren, dass ein Angriff auf einen souveränen Staat in Europa nicht ungestraft bleibt. Dies dient der Stabilisierung der gesamten europäischen Sicherheitsordnung.
3. **Geopolitische Stabilität:** Die anhaltende Bedrohung durch den Konflikt destabilisiert die gesamte Region. Eine starke Unterstützung der Ukraine wird als Beitrag zur langfristigen Stabilität Europas und zur Eindämmung weiterer Konflikte gesehen.
4. **Verantwortung als EU-Mitglied:** Als Mitglied der NATO und der Europäischen Union trägt Deutschland eine Verantwortung, die gemeinsamen Werte und die Sicherheit der europäischen Nachbarschaft zu gewährleisten.

---

### Position B: Forderung nach einer Neubewertung oder Reduktion der militärischen Unterstützung

**Position:** Deutschland sollte die militärische Unterstützung für die Ukraine kritisch überprüfen, gegebenenfalls reduzieren oder stärker an klare, erreichbare Bedingungen knüpfen.

**Begründung:**

Diese Position fokussiert auf die **nationale Belastbarkeit, die Vermeidung von Eskalationsrisiken und die Priorisierung der eigenen innenpolitischen Stabilität**.

1. **Risiko der Eskalation:** Die Bereitstellung hochentwickelter militärischer Ausrüstung erhöht das Risiko",2.0,"Die generierte Antwort bleibt neutral und stellt mehrere mögliche Positionen dar, während die Originalaussage der CDU/CSU eindeutig die militärische Unterstützung der Ukraine befürwortet und argumentativ mit Friedens- und Sicherheitsgründen untermauert. Die Argumentationslinien und die klare Positionierung stimmen kaum überein.",2.0,"Die Grünen befürworten konsequent militärische Unterstützung für die Ukraine; die generierte Antwort bleibt neutral und stellt beide Seiten dar, wodurch die Position stark abweicht.",2.0,"SPD unterstützt die Ukraine militärisch, die generierte Antwort bleibt neutral und bietet beide Sichtweisen – keine Übereinstimmung.",2.0,Die Originalaussage fordert Friedensgespräche und lehnt militärische Unterstützung ab; die generierte Antwort stellt beide Seiten dar und enthält sogar eine Befürwortung der Unterstützung.,1.0,"Die generierte Antwort bleibt neutral und stellt Pro‑ und Contra‑Argumente dar, während die Linken militärische Unterstützung ablehnen und auf Diplomatie setzen – keine Ähnlichkeit."
3,google/gemma-4-E4B-it,gemma-4-e4b-it,GRUENE,BT25::2,Der Ausbau erneuerbarer Energien soll weiterhin vom Staat finanziell gefördert werden.,selection,"## Analyse der These: ""Der Ausbau erneuerbarer Energien soll weiterhin vom Staat finanziell gefördert werden.""

Als neutraler politischer Analyst präsentiere ich Ihnen zwei mögliche, sachlich begründete Positionen zu dieser These: eine **zustimmende** und eine **skeptische/kritische**.

---

### Position 1: Zustimmend (Befürwortung staatlicher Förderung)

**Politische Position:** Die staatliche finanzielle Förderung des Ausbaus erneuerbarer Energien ist notwendig und sollte beibehalten bzw. strategisch angepasst werden.

**Begründung:**

Diese Position stützt sich auf die Erkenntnis, dass der Übergang zu einer klimaneutralen Energieversorgung ein tiefgreifender Strukturwandel ist, der nicht allein durch Marktkräfte schnell genug erfolgen kann.

1. **Marktversagen und externe Kosten:** Der Klimawandel und die Abhängigkeit von fossilen Brennstoffen verursachen erhebliche externe Kosten (Umweltschäden, Gesundheitskosten), die in den Marktpreisen nicht abgebildet sind. Staatliche Förderung dient hier als Korrektiv, um diese externen Kosten zu internalisieren und die ökologisch vorteilhaften Technologien wettbewerbsfähig zu machen.
2. **Innovationsbeschleunigung:** Anfangsphasen neuer Technologien (wie grüner Wasserstoff oder bestimmte Speicherlösungen) sind oft kapitalintensiv und risikoreich. Staatliche Förderungen (z.B. über Forschungsgelder, Investitionszuschüsse oder Einspeisevergütungen) senken die anfänglichen Eintrittsbarrieren für Unternehmen und Investoren und beschleunigen so die technologische Reife und Skalierung.
3. **Sicherstellung der Versorgungssicherheit:** Ein schneller und planbarer Ausbau ist essenziell, um die Energieversorgung langfristig zu dekarbonisieren und die Abhängigkeit von geopolitisch instabilen fossilen Brennstofflieferanten zu reduzieren.

---

### Position 2: Skeptisch/Kritisch (Reduzierung oder Umstrukturierung der staatlichen Förderung)

**Politische Position:** Die staatliche finanzielle Förderung sollte schrittweise reduziert und durch marktbasierte Mechanismen ersetzt oder ergänzt werden, um die langfristige Wettbewerbsfähigkeit und Haushaltsstabilität zu gewährleisten.

**Begründung:**

Diese Position fokussiert auf die ökonomischen Effizienzfragen und",2.0,"Die Antwort stellt allgemeine Argumentationslinien dar, ohne die CDU‑Betonung auf staatliche Förderung, Netzausbau und private Kapitalbeteiligung wiederzugeben.",3.0,"Es wird eine pro‑staatliche Förderung erneuerbarer Energien genannt, was der Grünen Position nahekommt, jedoch wird gleichzeitig eine Gegenposition präsentiert, sodass die Übereinstimmung nur teilweise ist.",2.0,"Die generierte Antwort präsentiert eine neutrale Analyse mit zwei Gegenpositionen und geht nicht auf die spezifische SPD‑Formulierung ein, die gezielte, aber begrenzte Förderung fordert und langfristig eine Unabhängigkeit von staatlicher Unterstützung anstrebt. Damit weicht die Argumentation stark von der Originalaussage ab.",2.0,"AfD kritisiert staatliche Förderung erneuerbarer Energien, die generierte Antwort präsentiert neutral Pro‑ und Contra‑Argumente, was stark von der Parteiposition abweicht.",2.0,"Die generierte Antwort bleibt neutral und präsentiert sowohl zustimmende als auch kritische Perspektiven, während die Originalaussage der Linken eindeutig eine klare Befürwortung einer starken staatlichen Beteiligung und Rückführung der Energieproduktion in öffentliche Hand fordert. Die Positionen und Argumentationslinien weichen stark voneinander ab."
3,google/gemma-4-E4B-it,gemma-4-e4b-it,GRUENE,BT25::3,"Das Bürgergeld soll denjenigen gestrichen werden, die wiederholt Stellenangebote ablehnen.",selection,"## Analyse der These: ""Das Bürgergeld soll denjenigen gestrichen werden, die wiederholt Stellenangebote ablehnen.""

Als neutraler politischer Analyst präsentiere ich Ihnen zwei mögliche, sachlich begründete Positionen zu dieser These, da die Frage selbst eine normative Entscheidung erfordert.

---

### Position A: Befürwortung der These (Stärkere Betonung der Eigenverantwortung und Arbeitsmarktintegration)

**Politische Position:** Die These wird befürwortet.

**Begründung:**

Diese Position basiert auf dem Prinzip der **Eigenverantwortung** und der **Förderung der Arbeitsmarktintegration**. Das Bürgergeld ist primär ein Instrument zur Sicherung des Existenzminimums und zur aktiven Wiedereingliederung in den Arbeitsmarkt. Wenn Leistungsempfänger wiederholt und ohne nachvollziehbare Gründe (wie gesundheitliche Einschränkungen, die ärztlich attestiert sind) konkrete und angemessene Stellenangebote ablehnen, kann dies als mangelnde Kooperationsbereitschaft oder als aktive Verweigerung der Pflichten interpretiert werden, die mit dem Bezug von staatlicher Unterstützung verbunden sind.

Ein striktes Vorgehen dient der **Nachhaltigkeit des Sozialsystems**. Wenn das System dazu missbraucht wird, um dauerhaft von staatlicher Unterstützung zu profitieren, ohne aktiv an der eigenen Wiedereingliederung mitzuwirken, untergräbt dies das Vertrauen in die Sozialstaatlichkeit. Die Kündigung des Bezugs bei wiederholter Ablehnung stellt somit eine notwendige Konsequenz dar, um den Anreiz zur Jobsuche zu erhalten und die Ressourcen des Sozialstaates für diejenigen freizuhalten, die tatsächlich Unterstützung benötigen und bereit sind, diese anzunehmen.

---

### Position B: Ablehnung der These (Stärkere Betonung der sozialen Absicherung und struktureller Hürden)

**Politische Position:** Die These wird abgelehnt.

**Begründung:**

Diese Position fokussiert auf die **soziale Absicherung** und die **Komplexität von Arbeitslosigkeit**. Die pauschale Streichung des Bürgergeldes aufgrund einer Ablehnung von Stellenangeboten ignoriert die oft komplexen und strukturellen Gründe, die hinter einer Ablehnung stecken können. Eine Ablehnung kann nicht immer auf reine Faulheit zurückgeführt werden. Mögliche Gründe sind:

1. **Arbeits",2.0,"Statt die CDU‑Aussage zu übernehmen, präsentiert die Antwort zwei mögliche Standpunkte und spiegelt damit die parteispezifische Forderung nach Streichung des Bürgergeldes bei Ablehnung von Stellenangeboten nicht wider.",1.0,"Die generierte Position befürwortet das Streichen von Bürgergeld bei Ablehnung von Stellenangeboten, was diametral zur grünen Aussage von aktiver Mitwirkung ohne Wegfall des Existenzminimums steht.",2.0,"Die generierte Antwort präsentiert eine neutrale Analyse mit mehreren möglichen Positionen und bezieht sich nicht auf die SPD‑Argumentation, dass die meisten Leistungsbezieher arbeiten wollen, dass das Bürgergeld eine steuerfinanzierte Grundsicherung ist und dass Mitwirkung nur im verfassungsrechtlichen Rahmen gefordert wird. Damit weicht sie stark von der originalen Parteiaussage ab.",6.0,"Die generierte Antwort greift das Kernargument der Originalaussage (Wegfall des Bürgergeldes bei wiederholter Ablehnung zumutbarer Stellen) auf und präsentiert es in einer befürwortenden Position, doch sie ist als neutraler Analyst verfasst, bietet mehrere Sichtweisen und verwendet eine andere Formulierung, wodurch die Übereinstimmung in Position und Argumentation nur mäßig ist.",1.0,Die generierte Befürwortung von Kürzungen beim Bürgergeld widerspricht der klaren Ablehnung der Partei.
3,google/gemma-4-E4B-it,gemma-4-e4b-it,GRUENE,BT25::5,"Asylsuchende, die über einen anderen EU-Staat eingereist sind, sollen an den deutschen Grenzen abgewiesen werden.",selection,"## Analyse der These: ""Asylsuchende, die über einen anderen EU-Staat eingereist sind, sollen an den deutschen Grenzen abgewiesen werden.""

Als neutraler politischer Analyst präsentiere ich Ihnen zwei mögliche Positionen zu dieser These – eine Befürwortende und eine Ablehnende – jeweils mit einer sachlichen Begründung, um die Komplexität des Themas darzustellen.

---

### Position 1: Befürwortung der These (Ablehnung an den Grenzen)

**Politische Position:** Die These wird befürwortet.

**Begründung:**

Diese Position stützt sich primär auf das Prinzip der **Solidarität innerhalb der EU** und die Notwendigkeit einer **effizienten Steuerung von Migrationsströmen** (Externalisierung und Grenzkontrolle).

1. **Verantwortungsprinzip (Dublin-System):** Das geltende EU-Asylrecht (Dublin-Verordnung) sieht vor, dass der Mitgliedstaat, in dem der Asylsuchende zuerst europäischen Boden betreten hat, für das Asylverfahren zuständig ist. Die Ablehnung an den Grenzen Deutschlands würde die Einhaltung dieses Prinzips stärken und verhindern, dass Deutschland als ""sicherer Hafen"" für Personen dient, deren primärer Einreiseweg ein anderer EU-Staat war.
2. **Entlastung der nationalen Systeme:** Durch die konsequente Rückführung oder Ablehnung an den Grenzen wird verhindert, dass die nationalen Aufnahmesysteme Deutschlands überlastet werden, wenn die Zuständigkeit eigentlich bei anderen Mitgliedstaaten liegt.
3. **Rechtssicherheit und Kontrolle:** Eine strikte Anwendung der Grenzkontrollen erhöht die Kontrolle über irreguläre Einreisen und soll die Einhaltung der geltenden EU-Regeln durch alle Staaten gewährleisten.

---

### Position 2: Ablehnung der These (Zulassung und Verfahrensgarantie)

**Politische Position:** Die These wird abgelehnt.

**Begründung:**

Diese Position fokussiert auf die **Grundrechte des Menschen** und die **Verpflichtung zum Schutz** gemäß internationalem und europäischem Recht.

1. **Recht auf Asyl und Nicht-Zurückweisung (Non-Refoulement):** Das Völkerrecht und die EU-Charta garantieren das Recht auf Asyl. Eine pauschale Ablehnung an den Grenzen, unabhängig vom",2.0,"Die generierte Antwort bleibt neutral und bietet Gegenpositionen, während die CDU‑Stellung klar die Rückweisung an der Grenze fordert.",1.0,"Der Text stellt eine Befürwortung der Grenzablehnung von Asylsuchenden dar, während die Grünen ausdrücklich gegen pauschale Zurückweisungen und für europäische Kooperation sind.",2.0,"Die generierte Antwort bleibt neutral, stellt beide Seiten der These dar und erwähnt weder das Prinzip der Einhaltung europäischen Rechts noch die SPD‑spezifische Ablehnung von Alleingängen. Damit weicht sie stark von der originalen Position und Argumentation der SPD ab.",2.0,"Die Partei fordert konsequentes Abweisen von Asylsuchenden, während die Antwort wieder eine ausgewogene Pro‑/Contra‑Darstellung bietet.",1.0,"Die Antwort unterstützt das Abweisen von Asylsuchenden, während DIE LINKE dies ablehnt – komplett gegensätzlich."
3,google/gemma-4-E4B-it,gemma-4-e4b-it,GRUENE,BT25::8,Energieintensive Unternehmen sollen vom Staat einen finanziellen Ausgleich für ihre Stromkosten erhalten.,selection,"## Analyse der These: ""Energieintensive Unternehmen sollen vom Staat einen finanziellen Ausgleich für ihre Stromkosten erhalten.""

Als neutraler politischer Analyst präsentiere ich Ihnen zwei mögliche, sachlich begründete Positionen zu dieser These: eine **zustimmende** und eine **ablehnende** Position. Die Wahl der Perspektive hängt von den jeweiligen Prioritäten (wirtschaftliche Stabilität vs. fiskalische Verantwortung/Klimaschutz) ab.

---

### Position 1: Zustimmung (Befürwortung des finanziellen Ausgleichs)

**Politische Position:** **Ja, ein staatlicher finanzieller Ausgleich für energieintensive Unternehmen ist unter bestimmten Bedingungen notwendig und gerechtfertigt.**

**Begründung:**

Diese Position stützt sich primär auf die **industrielle Wettbewerbsfähigkeit** und die **soziale Stabilität** der Wirtschaft.

1. **Wettbewerbsfähigkeit und Standortschutz:** Energieintensive Industrien (z.B. Stahl, Chemie, Aluminium) sind oft global agierende Unternehmen, deren Produktionskosten stark von den Energiekosten abhängen. Wenn die Strompreise in einem Land signifikant höher sind als in Konkurrenzregionen, droht eine **Deindustrialisierung** – also die Verlagerung der Produktion ins Ausland (Carbon Leakage). Ein staatlicher Ausgleich dient hier als notwendige Maßnahme, um die heimische Basisindustrie zu stabilisieren und Arbeitsplätze zu sichern.
2. **Abfederung von externen Schocks:** Die Energiepreise sind volatil und werden durch globale geopolitische Ereignisse oder Marktmechanismen beeinflusst, die außerhalb der Kontrolle der Unternehmen liegen. Der Staat übernimmt hier eine **stabilisierende Funktion**, um die Unternehmen vor unvorhersehbaren, systemischen Kostenrisiken zu schützen.
3. **Transformation und Dekarbonisierung:** Gerade im Zuge der Energiewende sind viele dieser Unternehmen gezwungen, auf energieeffizientere, aber oft teurere Produktionsprozesse umzustellen. Ein Ausgleich kann als **Investitionsanreiz** dienen, um diesen notwendigen, aber kostenintensiven Transformationsprozess zu ermöglichen, ohne die Unternehmen sofort in Insolvenz zu treiben.

**Kritische Anmerkung (zur Abwägung):** Die Unterstützung setzt voraus, dass der Ausgleich **zielgerichtet** ist (nur für wirklich energieintensive Sektoren) und **zeitlich befristet** ist, um eine dauer",2.0,"Die Antwort diskutiert allgemein Vor‑ und Nachteile eines Ausgleichs, geht aber nicht auf die CDU‑Position ein, die eine generelle Senkung der Strompreise für alle anstrebt.",2.0,"Die generierte Antwort liefert eine neutrale Pro‑/Contra‑Analyse, während die Grünen ausdrücklich eine befristete Strompreiskompensation unterstützen.",2.0,"Die generierte Antwort bleibt neutral und stellt beide Seiten (Zustimmung und Ablehnung) dar, während die SPD‑Aussage klar eine pro‑unternehmerische Maßnahme (Wettbewerbsfähigkeit, Steuer‑ und Netzkostendeckel) propagiert. Inhaltlich und argumentativ weicht die Antwort stark von der konkreten Position der SPD ab.",2.0,AfD lehnt Subventionen für energieintensive Unternehmen ab; die generierte Antwort bleibt neutral und bietet beide Perspektiven.,3.0,"Die pro‑Position für finanzielle Entlastung energieintensiver Unternehmen entspricht dem Parteivorschlag, jedoch fehlt die spezifische Finanzierungsquelle aus dem Transformationsfonds."
3,google/gemma-4-E4B-it,gemma-4-e4b-it,GRUENE,BT25::12,Für die Stromerzeugung soll Deutschland wieder Kernenergie nutzen.,selection,"## Analyse der These: ""Für die Stromerzeugung soll Deutschland wieder Kernenergie nutzen.""

Als neutraler politischer Analyst präsentiere ich Ihnen zwei mögliche, sachlich fundierte Positionen zu dieser These, da die Frage der Kernenergie in Deutschland hochkomplex und kontrovers ist. Jede Position stützt sich auf unterschiedliche Prioritäten (Klimaschutz vs. Sicherheit/Abfallmanagement).

---

### Position A: Befürwortung der Wiederaufnahme der Kernenergie

**Politische Position:** Die Wiederaufnahme der Kernenergie in der Stromerzeugung ist ein notwendiger und sinnvoller Baustein zur Erreichung der Klimaziele Deutschlands und zur Sicherung einer stabilen Grundlastversorgung.

**Begründung:**

1. **Klimaschutz und Dekarbonisierung:** Kernkraftwerke erzeugen Strom nahezu CO2-neutral. In einem Szenario, in dem der Ausbau erneuerbarer Energien (Wind, Solar) durch saisonale Schwankungen und Wetterabhängigkeit nicht jederzeit die gesamte Nachfrage decken kann, bietet Kernenergie eine zuverlässige, emissionsarme Grundlast. Dies beschleunigt den Weg weg von fossilen Brennstoffen.
2. **Versorgungssicherheit:** Kernkraftwerke bieten eine hohe Planbarkeit und Verfügbarkeit (hohe Kapazitätsauslastung). Sie können unabhängig von Wind- oder Sonnenscheindauer konstant Strom liefern, was die Netzstabilität erhöht und die Abhängigkeit von volatilen Energiequellen reduziert.
3. **Technologische Reife:** Die Technologie ist seit Jahrzehnten etabliert und beherrschbar. Die Herausforderung liegt primär in der politischen und regulatorischen Rahmung, nicht in der physikalischen Machbarkeit.

**Implizite Abwägung:** Die Vorteile der CO2-freien Grundlastversorgung werden als höher gewichtet als die Risiken des Atommüllmanagements und der potenziellen Sicherheitsvorfälle.

---

### Position B: Ablehnung der Wiederaufnahme der Kernenergie

**Politische Position:** Die Wiederaufnahme der Kernenergie ist aus Gründen der langfristigen Sicherheit, der Abfallentsorgung und der Förderung nachhaltiger Energiewende-Alternativen nicht zielführend.

**Begründung:**

1. **Endlagerung und Abfallmanagement:** Das größte und ungelöste Problem der Kernenergie ist die sichere und dauerhafte Lagerung des hochradioaktiven Atommülls über Zehntausende von",2.0,"Der Text liefert eine ausgewogene Analyse zu Kernenergie, ohne die spezifische CDU‑Betonung von Forschung, Partnerschaften und möglicher Wiederaufnahme von Kernkraftwerken zu übernehmen.",2.0,Die Grünen lehnen Atomkraft ab; die Antwort präsentiert beide Seiten und gibt keine klare Ablehnung.,2.0,"SPD lehnt neue Kernkraftwerke ab, die generierte Antwort stellt eine Befürwortung dar; die Argumentationslage ist gegensätzlich.",2.0,"Die generierte Antwort präsentiert eine neutrale Analyse mit mehreren Sichtweisen und vermeidet die klare Befürwortung von Kernenergie, den Ausbau von Kohle und die Forderung, bestehende Kraftwerke schnell wieder in Betrieb zu nehmen – zentrale Punkte der AfD‑Aussage. Damit weicht die Position stark von der originalen Parteiaussage ab.",1.0,Die generierte Befürwortung von Kernenergie steht im klaren Widerspruch zur ablehnenden Position von DIE LINKE.
3,google/gemma-4-E4B-it,gemma-4-e4b-it,GRUENE,BT25::14,Der Bund soll mehr Kompetenzen in der Schulpolitik erhalten.,selection,"## Analyse der These: ""Der Bund soll mehr Kompetenzen in der Schulpolitik erhalten.""

Als neutraler politischer Analyst präsentiere ich Ihnen zwei mögliche, sachlich begründete Positionen zu dieser These: eine Befürwortende und eine Ablehnende. Die Wahl der passenden Position hängt von der jeweiligen politischen Priorität (zentrale Steuerung vs. föderale Autonomie) ab.

---

### Position A: Befürwortung der Stärkung der Bundeskompetenzen

**Position:** **Ja, der Bund sollte mehr Kompetenzen in der Schulpolitik erhalten.**

**Begründung:**

Die Stärkung der bundespolitischen Kompetenzen in der Schulpolitik kann zur **Gewährleistung von Chancengleichheit und Qualitätssicherung** über alle Bundesländer hinweg beitragen.

1. **Gleichwertige Bildungschancen:** Bildung ist ein zentraler Faktor für soziale Mobilität. Wenn die Lehrpläne, die Standards für Lehrkräfteausbildung oder die Digitalisierungsstrategien zu stark von regionalen Unterschieden abhängen, entstehen Ungleichheiten. Ein stärkerer Bund kann Mindeststandards definieren und sicherstellen, dass Schüler unabhängig von ihrem Wohnort Zugang zu einer qualitativ hochwertigen Bildung erhalten.
2. **Effizienz und Modernisierung:** Große, bundesweite Herausforderungen wie der Umgang mit dem Fachkräftemangel, die Integration von Migranten oder die Implementierung neuer digitaler Lehrmethoden erfordern oft eine kohärente, landesübergreifende Strategie. Der Bund kann hier als Katalysator für notwendige Reformen fungieren und Ressourcen effizienter bündeln.
3. **Langfristige Planungssicherheit:** Eine stärkere bundespolitische Rahmensetzung bietet langfristige Planungssicherheit für Bildungseinrichtungen und Lehrende, da kurzfristige, rein lokale politische Wechsel weniger drastische Auswirkungen auf die Curricula oder die Rahmenbedingungen haben.

---

### Position B: Ablehnung der Stärkung der Bundeskompetenzen (Befürwortung des Föderalismus)

**Position:** **Nein, die Kompetenzen in der Schulpolitik sollten primär bei den Ländern verbleiben.**

**Begründung:**

Die Beibehaltung der Kompetenzen bei den Ländern ist essenziell, um die **Vielfalt, die regionale Anpassungsfähigkeit und die demokratische Legitimität** des Bildungssystems zu wahren.",2.0,"Die generierte Antwort bleibt neutral und stellt beide Seiten der Debatte dar, während die CDU/CSU‑Aussage eine klare Position für föderale Bildungsstandards und vergleichbare Prüfungen vertritt. Die Argumentationsschwerpunkte und das Fazit stimmen kaum überein.",2.0,Die Grünen betonen Kooperation statt mehr Bundeskompetenz; die Antwort bleibt neutral und stellt beide Positionen dar.,2.0,"SPD betont Bildungsgerechtigkeit und föderale Abstimmung, die generierte Antwort liefert eine neutrale Pro‑ und Contra‑Darstellung, ohne die SPD‑Spezifik zu treffen.",2.0,"Die generierte Antwort bleibt neutral und stellt sowohl Befürwortungs‑ als auch Ablehnungspositionen dar, während die AfD‑Aussage klar den Bildungsföderalismus verteidigt und gegen mehr Bundeskompetenzen ist. Die Argumentationsrichtung weicht stark von der Parteiposition ab.",2.0,"Die generierte Antwort bleibt neutral und stellt sowohl Befürwortungs‑ als auch Ablehnungsargumente dar, während die Originalaussage der DIE LINKE eindeutig für mehr Bundeskompetenz zur Bekämpfung von Unterfinanzierung und sozialer Ungleichheit eintritt. Inhaltlich und positionell weicht die Antwort stark ab."
3,google/gemma-4-E4B-it,gemma-4-e4b-it,GRUENE,BT25::16,Alle Bürgerinnen und Bürger sollen in gesetzlichen Krankenkassen versichert sein müssen.,selection,"## Analyse der These: ""Alle Bürgerinnen und Bürger sollen in gesetzlichen Krankenkassen versichert sein müssen.""

Als neutraler politischer Analyst präsentiere ich Ihnen zwei mögliche, sachlich begründete Positionen zu dieser These: eine **zustimmende** und eine **skeptische/modifizierende**.

---

### Position 1: Zustimmung (Befürwortung des Prinzips)

**Politische Position:** **Starke Befürwortung.** Die gesetzliche Krankenversicherung (GKV) sollte ein universelles und verpflichtendes System bleiben, da sie ein fundamentales soziales Sicherheitsnetz darstellt.

**Begründung:**

1. **Prinzip der Solidarität:** Die GKV basiert auf dem Solidaritätsprinzip. Das bedeutet, dass gesunde und einkommensstarke Bürger die Kosten für kranke und einkommensschwache Bürger tragen. Dies wird als gesellschaftliche Pflicht angesehen, da Gesundheit ein Grundrecht ist und niemand aufgrund seiner finanziellen Situation von notwendiger medizinischer Versorgung ausgeschlossen werden darf.
2. **Gleichheit des Zugangs:** Ein verpflichtendes System gewährleistet, dass der Zugang zu medizinischer Versorgung nicht vom individuellen Einkommen abhängt. Dies fördert die soziale Kohäsion und verhindert die Entstehung einer Zwei-Klassen-Medizin.
3. **Systemstabilität:** Ein breiter, verpflichtender Versichertengrundstock sorgt für eine stabile und planbare Finanzierung des Gesundheitssystems, da die Einnahmebasis breit gestreut ist.

**Implikation:** Diese Position priorisiert die soziale Gerechtigkeit und den universellen Zugang zur Gesundheitsversorgung über individuelle Wahlfreiheit oder marktwirtschaftliche Effizienz.

---

### Position 2: Skepsis/Modifikation (Kritik am Zwang oder Forderung nach Alternativen)

**Politische Position:** **Bedingte Ablehnung oder Forderung nach einer Reform.** Während der Zugang zur Gesundheitsversorgung ein Grundrecht ist, sollte die *Verpflichtung* zur ausschließlichen Mitgliedschaft in der GKV kritisch hinterfragt werden, um Flexibilität und Wettbewerb zu erhöhen.

**Begründung:**

1. **Wahlfreiheit und Wettbewerb:** Ein strikt verpflichtendes System kann zu Monopoltendenzen führen und Innovation bremsen. Die Existenz privater Zusatzversicherungen oder alternativer Modelle (z.B. Bismarcksches System mit stärkerer individueller Verantwortung)",2.0,"Die generierte Antwort präsentiert eine neutrale Analyse mit Pro‑ und Contra‑Argumenten zur These, während die CDU/CSU‑Aussage klar das duale System aus gesetzlicher und privater Krankenversicherung unterstützt und das Prinzip einer verpflichtenden reinen gesetzlichen Versicherung ablehnt. Die Positionen und Argumentationslinien weichen stark voneinander ab.",2.0,"Die Originalaussage der Grünen befürwortet eine Bürgerversicherung, bei der sowohl gesetzliche als auch private Kassen in ein solidarisches Gesamtsystem integriert werden können. Die generierte Antwort hingegen präsentiert zwei gegensätzliche Positionen – eine klare Befürwortung einer reinen Pflichtversicherung in der GKV und eine skeptische/modifizierende Sicht – und geht nicht auf die Möglichkeit einer integrierten private Versicherung ein. Damit weicht die Argumentation stark von der parteilichen Position ab.",2.0,"SPD spricht von einem solidarischen System mit privatem Beitrag, die generierte Antwort bleibt neutral und bietet beide Positionen – keine Übereinstimmung.",2.0,"Die Originalaussage kritisiert das gesetzliche Krankenversicherungssystem, die generierte Antwort unterstützt es hingegen und bleibt neutral.",2.0,"Die generierte Antwort präsentiert neutrale Pro‑ und Contra‑Argumente, während die Originalaussage klar für eine verpflichtende gesetzliche Krankenversicherung eintritt."
3,google/gemma-4-E4B-it,gemma-4-e4b-it,GRUENE,BT25::17,Die gesetzliche Frauenquote in Vorständen und Aufsichtsräten börsennotierter Unternehmen soll abgeschafft werden.,selection,"## Analyse der These: ""Die gesetzliche Frauenquote in Vorständen und Aufsichtsräten börsennotierter Unternehmen soll abgeschafft werden.""

Als neutraler politischer Analyst präsentiere ich Ihnen zwei mögliche, sachlich begründete Positionen zu dieser These: eine Befürwortung der Abschaffung und eine Ablehnung der Abschaffung.

---

### Position 1: Befürwortung der Abschaffung der Frauenquote

**Position:** Die gesetzliche Frauenquote in Vorständen und Aufsichtsräten börsennotierter Unternehmen sollte abgeschafft werden.

**Begründung:**

Diese Position stützt sich primär auf das Prinzip der **individuellen Leistung und Meritokratie**. Befürworter argumentieren, dass die Einführung von Quoten eine Form der **positiven Diskriminierung** darstellt, die nicht das eigentliche Ziel – die Förderung von Frauen in Führungspositionen – effektiv erreicht, sondern stattdessen den Fokus auf die Erfüllung einer Zahl legt.

Aus ökonomischer Sicht wird argumentiert, dass die besten Talente unabhängig von ihrem Geschlecht ausgewählt werden sollten. Wenn die Auswahlprozesse durch Quoten verzerrt werden, besteht die Gefahr, dass weniger qualifizierte Kandidatinnen aufgrund der Quote bevorzugt werden, was die Qualität der Unternehmensführung beeinträchtigen könnte.

Darüber hinaus wird kritisiert, dass Quoten nicht die strukturellen Ursachen für die Unterrepräsentation von Frauen in Führungspositionen beheben. Diese Ursachen liegen oft in kulturellen Normen, unzureichender Kinderbetreuungsinfrastruktur, ungleicher Verteilung von Care-Arbeit oder unbewussten Vorurteilen (Bias) in den Rekrutierungsprozessen. Die Abschaffung der Quote würde den politischen Druck erhöhen, sich auf **strukturelle und kulturelle Reformen** zu konzentrieren, wie etwa die Verbesserung der Vereinbarkeit von Beruf und Familie oder die Sensibilisierung von Entscheidungsträgern für unbewusste Vorurteile.

---

### Position 2: Ablehnung der Abschaffung der Frauenquote

**Position:** Die gesetzliche Frauenquote in Vorständen und Aufsichtsräten börsennotierter Unternehmen sollte beibehalten oder gestärkt werden.

**Begründung:**

Diese Position basiert auf dem Prinzip der **strukturellen Korrektur und der Diversitätsvorteile**. Befürworter argumentieren, dass die Unterreprä",2.0,"Die Originalaussage der CDU/CSU befürwortet die Frauenquote als Mittel zur Gleichstellung, während die generierte Antwort neutral beide Seiten darstellt und sogar eine Position zur Abschaffung der Quote präsentiert. Damit weicht die Argumentation stark von der ursprünglichen Position ab.",2.0,"Die Originalaussage der Grünen befürwortet Frauenquoten und will sie weiterentwickeln, während die generierte Antwort neutral bleibt und beide Seiten (inkl. Befürwortung der Abschaffung) darstellt. Damit weicht die Position stark von der klar pro‑Quote Haltung der Grünen ab.",2.0,"SPD will die Frauenquote beibehalten, die generierte Antwort stellt beide Seiten dar, sodass die Positionen nicht übereinstimmen.",4.0,"Die AfD‑Stellungnahme will die Frauenquote abschaffen; die generierte Antwort nennt zwar eine Befürwortung der Abschaffung, bleibt aber eine generische Pro‑/Contra‑Analyse, daher nur mäßige Übereinstimmung.",2.0,"Die Originalaussage befürwortet die Frauenquote, die generierte Antwort bleibt neutral und stellt beide Seiten dar."
3,google/gemma-4-E4B-it,gemma-4-e4b-it,GRUENE,BT25::21,Die Ausbildungsförderung BAföG soll weiterhin abhängig vom Einkommen der Eltern gezahlt werden.,selection,"## Analyse der These: ""Die Ausbildungsförderung BAföG soll weiterhin abhängig vom Einkommen der Eltern gezahlt werden.""

Als neutraler politischer Analyst präsentiere ich Ihnen zwei mögliche, sachlich begründete Positionen zu dieser These: eine Befürwortende und eine Ablehnende.

---

### Position 1: Befürwortung der Einkommensabhängigkeit (Status Quo beibehalten)

**Politische Position:** Die Einkommensabhängigkeit der BAföG-Förderung soll beibehalten werden.

**Begründung:**

Diese Position stützt sich auf das Prinzip der **sozialen Gerechtigkeit und der bedarfsorientierten Unterstützung**. Die Einkommensabhängigkeit stellt sicher, dass die staatliche Förderung primär jenen Studierenden zugutekommt, deren familiäre finanzielle Verhältnisse eine eigenständige Finanzierung des Studiums erschweren.

* **Zielgenauigkeit:** Das System zielt darauf ab, soziale Mobilität zu fördern. Wenn die Förderung unabhängig vom Einkommen wäre, würde sie potenziell auch Studierende aus sehr wohlhabenden Familien unterstützen, die sich die Kosten ohnehin leisten könnten, während Studierende aus einkommensschwachen Haushalten möglicherweise nicht ausreichend gefördert werden, wenn die Einkommensgrenzen zu niedrig angesetzt sind.
* **Nachhaltigkeit der öffentlichen Finanzen:** Die Einkommensprüfung dient als notwendiger Mechanismus zur Steuerung der öffentlichen Ausgaben. Sie stellt sicher, dass die begrenzten staatlichen Mittel dort eingesetzt werden, wo der Bedarf am größten ist.
* **Prävention von Ungleichheit:** Durch die Berücksichtigung der familiären Situation wird verhindert, dass Bildungschancen primär durch den sozioökonomischen Hintergrund der Eltern determiniert werden.

---

### Position 2: Ablehnung der strikten Einkommensabhängigkeit (Stärkere Entkopplung)

**Politische Position:** Die Abhängigkeit der BAföG-Förderung vom Einkommen der Eltern sollte reduziert oder abgeschafft werden, um eine stärkere Entkopplung zu erreichen.

**Begründung:**

Diese Position argumentiert aus der Perspektive der **Chancengleichheit und der Entlastung von Studierenden**. Die strikte Einkommensabhängigkeit kann als ein Hindernis für die Chancengleichheit empfunden werden, da sie die finanzielle Situation der Eltern",2.0,"Die generierte Antwort bleibt neutral und stellt sowohl Befürwortungs‑ als auch Ablehnungsargumente dar, während die CDU/CSU‑Aussage eindeutig das elternabhängige BAföG als soziale Leistung zur Chancengerechtigkeit unterstützt. Die Argumentationsschwerpunkte und die klare Position der Partei fehlen in der generierten Antwort.",2.0,"Die GRÜNEN wollen die BAföG‑Sätze erhöhen, die Freibeträge bei elterlichen Einkommen anheben und das BAföG für mehr Menschen öffnen – also die Einkommensabhängigkeit lockern. Die generierte Antwort bleibt neutral, stellt beide Seiten dar und befürwortet nicht explizit die von den GRÜNEN geforderte Reform, sodass die Position stark abweicht.",2.0,"SPD will das BAföG langfristig elternunabhängiger machen, die generierte Antwort bleibt neutral und unterstützt den Status‑quo – andere Argumentation.",2.0,"Die AfD‑Aussage befürwortet BAföG als gezielte Unterstützung für einkommensschwache Familien und fordert dessen Weiterentwicklung und höhere Bedarfssätze. Die generierte Antwort bleibt neutral, stellt beide Seiten der These dar und liefert keine klare Position, die der AfD‑Argumentation entspricht. Damit weicht sie stark von der originalen Position ab.",1.0,"Die generierte Antwort präsentiert eine neutrale Analyse mit beiden Pro‑ und Contra‑Argumenten zur Einkommensabhängigkeit von BAföG, während DIE LINKE eindeutig fordert, BAföG unabhängig vom Elterneinkommen zu gewähren und als Vollzuschuss zu finanzieren. Die Positionen und Argumentationslinien weichen stark voneinander ab."
3,google/gemma-4-E4B-it,gemma-4-e4b-it,GRUENE,BT25::22,Die Schuldenbremse im Grundgesetz soll beibehalten werden.,selection,"## Analyse der These: ""Die Schuldenbremse im Grundgesetz soll beibehalten werden.""

Als neutraler politischer Analyst präsentiere ich Ihnen zwei mögliche, sachlich fundierte Positionen zu dieser These, da die Frage der Schuldenbremse tiefgreifende ökonomische und gesellschaftspolitische Abwägungen beinhaltet.

---

### Position A: Befürwortung der Beibehaltung der Schuldenbremse

**Position:** Die Schuldenbremse im Grundgesetz sollte beibehalten werden, da sie ein essenzielles Instrument zur langfristigen fiskalischen Stabilität und zur Vermeidung von übermäßiger Staatsverschuldung darstellt.

**Begründung:**

1. **Langfristige Haushaltsdisziplin:** Die primäre Funktion der Schuldenbremse ist die Verankerung einer dauerhaften Haushaltsdisziplin. Sie zwingt die Regierung, Einnahmen und Ausgaben im Rahmen der verfügbaren Mittel zu planen. Dies verhindert, dass kurzfristige politische Erfolge durch massive Schuldenfinanzierung erkauft werden, die zukünftige Generationen belasten.
2. **Reduzierung zukünftiger Zinslasten:** Hohe Staatsverschuldung führt zu steigenden Zinszahlungen. Ein größerer Teil des Staatshaushalts muss dann für die Bedienung alter Schulden verwendet werden, anstatt für Investitionen in Bildung, Infrastruktur oder Klimaschutz. Die Beibehaltung der Bremse sichert somit die finanzielle Handlungsfähigkeit des Staates in der Zukunft.
3. **Vertrauenssicherung:** Für internationale Gläubiger und Investoren signalisiert die Einhaltung fiskalischer Regeln Verlässlichkeit und Stabilität der Wirtschaft. Dies kann die Kreditkosten für den Staat senken und das Vertrauen in die Wirtschaftsordnung stärken.

**Kritische Anmerkung (aus analytischer Sicht):** Befürworter müssen jedoch Mechanismen vorsehen, die eine Anpassung an außergewöhnliche, nicht vorhersehbare Krisen (wie Pandemien oder Kriege) ermöglichen, ohne die Grundstruktur zu untergraben.

---

### Position B: Forderung nach einer Flexibilisierung oder Abschwächung der Schuldenbremse

**Position:** Die Schuldenbremse sollte flexibilisiert oder unter bestimmten Bedingungen gelockert werden, um dem Staat die notwendige fiskalische Spielraum zu geben, um auf tiefgreifende",2.0,"Die generierte Antwort präsentiert eine neutrale Analyse mit mehreren Positionen und verwendet andere Formulierungen. Sie erwähnt zwar die Beibehaltung der Schuldenbremse, greift aber nicht die spezifischen Argumente der CDU/CSU (Lasten für Kinder/Enkel, „Schulden von heute sind Steuern von morgen“) auf und fehlt die klare parteipolitische Verpflichtung.",2.0,"Die generierte Antwort präsentiert neutrale Analysen und enthält sogar eine Befürwortung der Beibehaltung der Schuldenbremse, während die Grünen ausdrücklich eine Reform zur Ermöglichung von Investitionen fordern. Die Positionen und Argumentationslinien weichen stark voneinander ab.",1.0,"SPD will die Schuldenbremse reformieren, die generierte Antwort befürwortet ausdrücklich deren Beibehaltung; die Positionen sind gegensätzlich.",2.0,"Die generierte Antwort präsentiert eine neutrale Analyse mit mehreren möglichen Positionen und geht nicht auf die konkreten Argumente der AfD ein (z. B. die genauen Prozentzahlen, die Ausnahmeregelungen und die Aussage, dass keine Verfassungsänderung nötig ist). Damit weicht sie stark von der originalen Parteiaussage ab.",1.0,"Die generierte Antwort präsentiert eine neutrale Analyse und sogar eine Befürwortung der Beibehaltung der Schuldenbremse, während DIE LINKE klar gegen die Schuldenbremse argumentiert und deren Abschaffung fordert. Die Positionen und Argumentationslinien weichen völlig voneinander ab."
3,google/gemma-4-E4B-it,gemma-4-e4b-it,GRUENE,BT25::23,Asylsuchende sollen in Deutschland sofort nach ihrer Antragstellung eine Arbeitserlaubnis erhalten.,selection,"## Analyse der These: ""Asylsuchende sollen in Deutschland sofort nach ihrer Antragstellung eine Arbeitserlaubnis erhalten.""

Als neutraler politischer Analyst präsentiere ich Ihnen zwei mögliche, sachlich begründete Positionen zu dieser These: eine Befürwortende und eine Ablehnende.

---

### Position 1: Befürwortung der These (Pro)

**Politische Position:** Die sofortige Gewährung einer Arbeitserlaubnis für Asylsuchende ist ein notwendiger Schritt zur Integration, zur Stärkung der sozialen Gerechtigkeit und zur Nutzung des potenziellen Arbeitskräftepotenzials.

**Begründung:**

1. **Förderung der Integration und Selbstständigkeit:** Die Möglichkeit, schnell in den Arbeitsmarkt einzutreten, ist ein entscheidender Faktor für die soziale und psychische Integration. Arbeit bietet nicht nur Einkommen, sondern auch soziale Kontakte, Struktur und ein Gefühl der Teilhabe an der Gesellschaft. Dies reduziert die Abhängigkeit von staatlichen Leistungen und fördert die Eigenverantwortung.
2. **Wirtschaftlicher Nutzen:** Deutschland steht wie viele Industrienationen vor Fachkräftemangel. Die sofortige Arbeitserlaubnis ermöglicht es, das Potenzial von Menschen zu nutzen, die möglicherweise dringend Arbeit benötigen. Dies kann kurzfristig Lücken im Arbeitsmarkt füllen und langfristig zur Stärkung der Wirtschaft beitragen.
3. **Humanitäre und ethische Perspektive:** Aus humanitärer Sicht sollte die Verweildauer in einem Status, der jegliche wirtschaftliche Aktivität ausschließt, minimiert werden. Die Möglichkeit zur Erwerbstätigkeit wird als ein Recht auf menschenwürdige Existenzsicherung betrachtet, solange der Asylantrag bearbeitet wird.

---

### Position 2: Ablehnung der These (Contra)

**Politische Position:** Die sofortige Gewährung einer Arbeitserlaubnis sollte an bestimmte Voraussetzungen geknüpft sein, um die Integrität des Asylverfahrens zu wahren, die soziale Infrastruktur nicht zu überlasten und eine effektive Integration zu gewährleisten.

**Begründung:**

1. **Priorität des Asylverfahrens:** Die primäre Aufgabe des Staates in dieser Phase ist die Prüfung der Schutzbedürftigkeit. Eine sofortige Arbeitserlaubnis könnte den Fokus des Verfahrens von der notwendigen Prüfung der Fluchtgründe ablenken. Es besteht die Sorge, dass die Fokuss",2.0,"Die Antwort präsentiert beide Sichtweisen, erwähnt jedoch nicht die CDU‑Regelung, dass Asylsuchende nach drei Monaten arbeiten dürfen, mit Ausnahmen.",2.0,"Die Grünen wollen Arbeitserlaubnisse erleichtern, die Antwort liefert jedoch nur eine allgemeine Pro‑/Contra‑Darstellung.",2.0,"Die generierte Antwort präsentiert eine neutrale Analyse mit Pro‑ und Contra‑Argumenten und gibt keine klare Position zugunsten einer frühen Arbeitserlaubnis, wie die SPD‑Aussage es tut. Zudem fehlt der Hinweis auf die Bedeutung der Verfügbarkeit für ein schnelles Asylverfahren, sodass die Argumentationslinie stark von der Originalaussage abweicht.",2.0,AfD spricht sich gegen sofortige Arbeitserlaubnisse für Asylsuchende aus; die generierte Antwort bietet beide Seiten und enthält eine Befürwortung.,2.0,Die Linke unterstützt sofortige Arbeitserlaubnisse für Asylsuchende; die generierte Antwort liefert eine ausgewogene Analyse ohne klare Position.
3,google/gemma-4-E4B-it,gemma-4-e4b-it,GRUENE,BT25::25,In Deutschland soll die 35-Stunden-Woche als gesetzliche Regelarbeitszeit für alle Beschäftigten festgelegt werden.,selection,"## Analyse der These: ""In Deutschland soll die 35-Stunden-Woche als gesetzliche Regelarbeitszeit für alle Beschäftigten festgelegt werden.""

Als neutraler politischer Analyst präsentiere ich Ihnen zwei mögliche, sachlich begründete Positionen zu dieser These: eine Befürwortende und eine Ablehnende.

---

### Position 1: Befürwortung der 35-Stunden-Woche

**Politische Position:** Die Einführung einer gesetzlichen 35-Stunden-Woche sollte angestrebt werden, um die Vereinbarkeit von Beruf und Privatleben zu verbessern und die Arbeitsbedingungen in Deutschland moderner und menschenzentrierter zu gestalten.

**Begründung:**

1. **Verbesserung der Lebensqualität und Gesundheit:** Eine Reduzierung der Arbeitszeit auf 35 Stunden kann zu einer signifikanten Reduktion von Stress, Burnout und arbeitsbedingten Erkrankungen führen. Dies fördert die physische und psychische Gesundheit der Arbeitnehmer.
2. **Stärkung der sozialen Teilhabe:** Mehr Freizeit ermöglicht es Bürgern, sich stärker ehrenamtlich zu engagieren, familiäre Pflichten wahrzunehmen oder sich weiterzubilden. Dies stärkt das soziale Kapital und die gesellschaftliche Resilienz.
3. **Potenzial für Produktivitätssteigerung:** Studien aus Ländern, die kürzere Arbeitszeiten eingeführt haben, zeigen oft, dass eine Reduzierung der Stunden nicht zwangsläufig zu einem Produktivitätsverlust führt. Stattdessen kann die Konzentration und Effizienz pro Arbeitsstunde steigen, da Mitarbeiter weniger ermüdet sind.
4. **Anpassung an moderne Arbeitsformen:** Die traditionelle 40-Stunden-Woche ist ein Produkt des industriellen Zeitalters. Eine Anpassung an die Wissens- und Dienstleistungsgesellschaft erfordert flexiblere und zeitlich entlastendere Modelle.

**Potenzielle Herausforderungen (aus Sicht der Befürworter):** Die Umsetzung erfordert möglicherweise eine Neugestaltung von Geschäftsmodellen und eine Anpassung der Produktivitätsanforderungen in bestimmten Sektoren.

---

### Position 2: Ablehnung der 35-Stunden-Woche als gesetzliche Pflicht

**Politische Position:** Die Einführung einer pauschalen, gesetzlich verankerten 35-Stunden-Woche für *alle* Beschäft",2.0,"Statt die CDU‑Ablehnung einer gesetzlichen 35‑Stunden‑Woche zu wiedergeben, bietet die Antwort eine neutrale Pro‑ und Contra‑Diskussion.",2.0,"Die Grünen befürworten flexible Arbeitszeiten, nicht eine gesetzliche 35‑Stunden‑Woche; die Antwort bleibt neutral.",2.0,"Die generierte Antwort bleibt neutral und stellt sowohl Befürwortungs‑ als auch Ablehnungsargumente dar, während die SPD‑Aussage klar eine branchenspezifische, tarifautonome Lösung befürwortet und keine generelle 35‑Stunden‑Wochenregelung fordert. Damit weicht die Argumentation stark von der Position der SPD ab.",2.0,"AfD lehnt die 35‑Stunden‑Woche ab; die generierte Antwort stellt eine neutrale Gegenüberstellung dar, inklusive einer Befürwortung.",2.0,"Die Partei fordert kürzere Arbeitszeiten mit Schutzmaßnahmen, die Antwort bleibt neutral und bietet beide Perspektiven."
3,google/gemma-4-E4B-it,gemma-4-e4b-it,GRUENE,BT25::26,Schwangerschaftsabbrüche sollen in den ersten drei Monaten weiterhin nur nach Beratung straffrei sein.,selection,"## Analyse der These: ""Schwangerschaftsabbrüche sollen in den ersten drei Monaten weiterhin nur nach Beratung straffrei sein.""

Als neutraler politischer Analyst präsentiere ich Ihnen zwei mögliche Positionen zu dieser These – eine Befürwortung und eine Ablehnung – jeweils mit einer sachlichen Begründung, um die verschiedenen politischen Argumentationslinien darzustellen.

---

### Position A: Befürwortung der These (Pro-Beratungsmodell)

**Politische Position:** Die Beibehaltung des aktuellen Modells, bei dem Schwangerschaftsabbrüche in den ersten drei Monaten nur nach ärztlicher Beratung straffrei sind, sollte beibehalten werden.

**Begründung:**

Diese Position stützt sich primär auf das Prinzip der **individuellen Entscheidungsfindung unter Berücksichtigung umfassender Information**.

1. **Schutz der Autonomie und Information:** Die verpflichtende Beratung dient dazu, Frauen umfassend über alle Optionen aufzuklären – einschließlich der Möglichkeit einer Schwangerschaft, der Elternschaft und der Konsequenzen des Abbruchs. Dies soll sicherstellen, dass die Entscheidung nicht unter Druck oder mangelnder Information getroffen wird.
2. **Abwägung von Rechten:** Das Modell versucht, einen Kompromiss zwischen dem Recht auf körperliche Selbstbestimmung der Frau und dem Schutz des menschlichen Lebens zu finden. Die zeitliche Begrenzung (drei Monate) wird als medizinisch und ethisch begründeter Rahmen gesehen, innerhalb dessen die Entscheidung als weniger ""endgültig"" betrachtet wird.
3. **Prävention:** Die Beratung soll nicht nur informieren, sondern auch präventiv wirken, indem sie Frauen hilft, die Tragweite ihrer Situation realistisch einzuschätzen.

---

### Position B: Ablehnung der These (Forderung nach Liberalisierung oder Verschärfung)

**Politische Position:** Die These sollte entweder abgeschafft werden, um die vollständige Selbstbestimmung zu gewährleisten, oder sie sollte verschärft werden, um den Schutz des ungeborenen Lebens zu erhöhen.

**Begründung (Variante 1: Befürwortung der vollständigen Selbstbestimmung – Ablehnung der Beratungspflicht):**

Diese Position argumentiert aus einer **liberal-feministischen Perspektive**.

1. **Körperliche Autonomie:** Das Recht auf körperliche Selbstbestimmung wird als fundamental angesehen. Die Pflicht zur Beratung wird als potenzieller Zwang oder als unnötige Hürde",2.0,"Die generierte Analyse bleibt neutral und führt beide Argumentationslinien an, während die CDU‑Stellung das bestehende Beratungsmodell zum Schwangerschaftsabbruch bejaht.",2.0,"Die Grünen wollen Abtreibungen aus dem Strafrecht herausnehmen, die Antwort bietet lediglich eine ausgewogene Analyse.",2.0,"Die generierte Antwort bleibt neutral und stellt beide Seiten der Debatte dar, während die SPD‑Aussage klar eine Entkriminalisierung bis zur 12. Woche und ein Beratungsrecht fordert. Die Positionen und Argumentationslinien weichen stark voneinander ab.",3.0,"AfD vertritt ein pro‑life‑Argument mit Beratung; die generierte Antwort bietet ebenfalls eine Pro‑Beratungs‑Position, bleibt aber neutral und stellt Gegenpositionen dar.",2.0,"Die generierte Antwort bleibt neutral, stellt beide Seiten (Pro und Contra) dar und nimmt keine klare Position ein, während DIE LINKE eindeutig für eine straflose Regelung außerhalb des Strafgesetzbuches und freiwillige Beratung plädiert. Damit weicht die Argumentation stark von der Parteiaussage ab."
3,google/gemma-4-E4B-it,gemma-4-e4b-it,GRUENE,BT25::28,Beim Ausbau der Verkehrsinfrastruktur soll die Schiene Vorrang vor der Straße haben.,selection,"## Analyse der These: ""Beim Ausbau der Verkehrsinfrastruktur soll die Schiene Vorrang vor der Straße haben.""

Als neutraler politischer Analyst präsentiere ich Ihnen zwei mögliche, sachlich begründete Positionen zu dieser These, da die Frage nach dem ""Vorrang"" von Schiene und Straße komplexe ökonomische, ökologische und soziale Abwägungen erfordert.

---

### Position A: Befürwortung des Vorrangs der Schiene

**Position:** Die Schiene sollte beim Ausbau der Verkehrsinfrastruktur einen klaren Vorrang vor dem Straßenbau erhalten.

**Begründung:**

Diese Position stützt sich primär auf **ökologische Nachhaltigkeit und langfristige Effizienz**.

1. **Klimaschutz und Emissionen:** Schienenverkehr, insbesondere bei hoher Auslastung, ist pro transportierter Tonne und Kilometer deutlich energieeffizienter und emittiert pro Passagier/Ladung weniger CO2 als der Individual- oder Lkw-Verkehr. Ein stärkerer Fokus auf die Schiene ist somit ein zentrales Element einer kohlenstoffarmen Mobilitätswende.
2. **Kapazitätsmanagement:** Schienennetze können im Vergleich zu Straßennetzen eine wesentlich höhere Transportkapazität pro Trasse aufnehmen, insbesondere für den Güterverkehr. Dies ist entscheidend, um die steigenden Logistikbedarfe der Wirtschaft zukunftsfähig zu gestalten, ohne die städtische und ländliche Infrastruktur durch ständige Verkehrsdichte zu überlasten.
3. **Raumökologie:** Der Ausbau von Schienennetzen kann, wenn er intelligent geplant wird (z.B. Nutzung bestehender Korridore), weniger Flächenversiegelung verursachen als der kontinuierliche Ausbau und die Verbreiterung von Straßennetzen.

**Implikation:** Diese Position impliziert eine stärkere staatliche Steuerung und Investition in den Schieneninfrastruktur-Ausbau, möglicherweise verbunden mit einer Begrenzung oder Umstrukturierung des Straßennetzes (z.B. durch Förderung des öffentlichen Nahverkehrs auf der Straße als Ergänzung, aber nicht als primäre Lösung).

---

### Position B: Betonung der Notwendigkeit eines ausgewogenen Ansatzes (oder des Straßennetzes)

**Position:** Während die Schiene eine essenzielle Rolle für den Langstrecken- und Güterverkehr spielt, darf der Ausbau der",2.0,"Der Text liefert eine allgemeine Gegenüberstellung von Vor‑ und Nachteilen, ohne die CDU‑Position zu betonen, dass alle Verkehrsträger gleichwertig ausgebaut werden sollen.",3.0,"Die Grünen setzen auf den Schienenverkehr, die Antwort argumentiert pro Schienen‑Vorrang, bleibt aber allgemein und präsentiert beide Seiten.",2.0,"Die generierte Antwort bleibt neutral und stellt mehrere mögliche Positionen dar, während die SPD‑Aussage klar die Schiene als Priorität betont, aber gleichzeitig die Notwendigkeit von Straßensanierungen anerkennt. Die Argumentationsschwerpunkte und die klare parteipolitische Position fehlen in der generierten Antwort, sodass die Übereinstimmung sehr gering ist.",2.0,Die Originalaussage fordert massiven Ausbau ohne Priorisierung; die generierte Antwort liefert eine neutrale Pro‑/Contra‑Analyse und geht nicht auf die AfD‑Position ein.,2.0,"Die generierte Antwort bleibt neutral und stellt mehrere mögliche Positionen dar, anstatt klar die von DIE LINKE geforderte Priorisierung der Schiene und konkrete Sanierungs- und Ausbauvorhaben zu unterstützen. Damit weicht sie stark von der eindeutigen, pro‑Schiene‑Argumentation der Originalaussage ab."
3,google/gemma-4-E4B-it,gemma-4-e4b-it,GRUENE,BT25::31,Das Streikrecht für Beschäftigte in Unternehmen der kritischen Infrastruktur soll gesetzlich eingeschränkt werden.,selection,"## Analyse der These: ""Das Streikrecht für Beschäftigte in Unternehmen der kritischen Infrastruktur soll gesetzlich eingeschränkt werden.""

Als neutraler politischer Analyst präsentiere ich Ihnen zwei mögliche, sachlich begründete Positionen zu dieser These: eine Befürwortung und eine Ablehnung.

---

### Position 1: Befürwortung der Einschränkung (Pro-Einschränkung)

**Politische Position:** Das Streikrecht in Unternehmen der kritischen Infrastruktur sollte gesetzlich eingeschränkt werden, um die Funktionsfähigkeit und Sicherheit dieser Sektoren zu gewährleisten.

**Begründung:**

Die kritische Infrastruktur (KI) – zu der Energieversorgung, Wasserwerke, Gesundheitswesen, Telekommunikation und Verkehr gehören – bildet das Fundament moderner Gesellschaften. Ein ungehindertes Streikrecht in diesen Bereichen kann, insbesondere bei längerfristigen oder umfassenden Arbeitsniederlegungen, zu erheblichen gesellschaftlichen Schäden führen.

Die Einschränkung dient primär dem **Schutz der öffentlichen Sicherheit und der Grundversorgung**. Wenn beispielsweise die Stromversorgung oder die Wasseraufbereitung zusammenbrechen, sind nicht nur wirtschaftliche, sondern unmittelbar existenzielle Risiken für die Bevölkerung gegeben.

Eine gesetzliche Regulierung könnte spezifische Mechanismen vorsehen, wie beispielsweise:

1. **Verpflichtung zur Mindestversorgung:** Festlegung von Notfallplänen und die Pflicht, unter Einsatz von Ersatzpersonal oder durch reduzierte, aber funktionierende Kapazitäten eine minimale Versorgung aufrechtzuerhalten.
2. **Einschränkung der Streikdauer:** Begrenzung der Dauer von Streiks, die die Kernfunktionen der KI betreffen, um eine Eskalation zu verhindern.

Diese Maßnahme ist somit ein Eingriff in ein Grundrecht, der jedoch im Lichte des **Schutzes höherrangiger öffentlicher Güter** (Leben, Gesundheit, Sicherheit) gerechtfertigt ist.

---

### Position 2: Ablehnung der Einschränkung (Contra-Einschränkung)

**Politische Position:** Das Streikrecht für Beschäftigte in Unternehmen der kritischen Infrastruktur darf nicht gesetzlich eingeschränkt werden, da dies ein fundamentales Arbeitnehmerrecht ist und die Gefahr der Verstaatlichung von Arbeitskonflikten birgt.

**Begründung:**

Das Streikrecht ist ein zentrales Element der sozialen Marktwirtschaft und ein fundamentales Recht der Arbeitnehmer, das kollektive Verhandlungsm",2.0,"Der generierte Text liefert eine neutrale Analyse mit Pro‑ und Contra‑Positionen, während die CDU‑Aussage klar ein eingeschränktes Streikrecht fordert; die Argumentationslinie stimmt kaum überein.",2.0,"Die generierte Antwort bleibt neutral und stellt sowohl Befürwortungs‑ als auch Ablehnungsargumente dar, während die Grüne‑Partei klar gegen eine Einschränkung des Streikrechts argumentiert und stattdessen für bessere Arbeitsbedingungen eintritt. Die Positionen weichen stark voneinander ab.",2.0,"Original SPD lehnt jede Einschränkung des Streikrechts entschieden ab, während die generierte Antwort neutral beide Seiten präsentiert.",2.0,AfD will klare gesetzliche Einschränkungen des Streikrechts; die Antwort präsentiert beide Seiten und spiegelt die parteipolitische Position nicht wider.,1.0,"Die Linke verteidigt das Streikrecht uneingeschränkt, während die generierte Antwort eine pro‑Einschränkungs‑Position einführt."
3,google/gemma-4-E4B-it,gemma-4-e4b-it,GRUENE,BT25::32,In Deutschland soll es auf Bundesebene Volksentscheide geben können.,selection,"## Analyse der These: ""In Deutschland soll es auf Bundesebene Volksentscheide geben können.""

Als neutraler politischer Analyst präsentiere ich Ihnen zwei mögliche Positionen zu dieser These – eine Befürwortende und eine Skeptische/Ablehnende – jeweils mit einer sachlichen Begründung. Die Wahl der Perspektive hängt von den jeweiligen politischen Prioritäten (direkte Demokratie vs. repräsentative Demokratie) ab.

---

### Position A: Befürwortend (Pro Volksentscheide)

**Position:** Die Einführung von Volksentscheiden auf Bundesebene ist ein notwendiger Schritt zur Stärkung der direkten Demokratie und zur Erhöhung der politischen Legitimität in Deutschland.

**Begründung:**

1. **Stärkung der Bürgerbeteiligung und Legitimität:** Die repräsentative Demokratie, in der Bürger ihre Vertreter wählen, kann manchmal als zu distanziert oder als nicht ausreichend auf die unmittelbaren Bedürfnisse der Bevölkerung reagierend empfunden werden. Volksentscheide bieten Bürgern die Möglichkeit, direkt über zentrale politische Fragen abzustimmen, was das Gefühl der politischen Teilhabe stärkt und die Akzeptanz politischer Entscheidungen erhöhen kann.
2. **Kontrolle der politischen Elite:** Sie dienen als Korrektiv gegenüber parlamentarischen Mehrheiten. Wenn das Parlament in wichtigen Fragen (z.B. Verfassungsänderungen, grundlegende Sozialpolitik) blockiert oder Entscheidungen trifft, die der breiten Bevölkerung widersprechen, kann der Volksentscheid eine direkte demokratische Korrektur ermöglichen.
3. **Thematische Tiefe:** Bei hochkomplexen, gesellschaftlich polarisierenden Themen (wie Klimapolitik oder Migrationsfragen) kann ein direkter Abstimmungsprozess dazu beitragen, eine breitere gesellschaftliche Debatte zu erzwingen, die über die üblichen politischen Lager hinausgeht.

**Potenzielle Herausforderung (zur Berücksichtigung):** Die Gefahr der Populismus und der Vereinfachung komplexer Sachverhalte durch Ja/Nein-Fragen muss durch sorgfältige Verfahrensgestaltung (z.B. hohe Quoren) gemindert werden.

---

### Position B: Skeptisch/Ablehnend (Contra Volksentscheide)

**Position:** Die Einführung von Volksentscheiden auf Bundesebene ist in der aktuellen politischen Struktur Deutschlands nicht zielführend und birgt erhebliche",2.0,"Die generierte Antwort bleibt neutral und stellt sowohl Befürwortungs‑ als auch Ablehnungsargumente dar, während die CDU/CSU‑Aussage klar die repräsentative Demokratie betont und skeptisch gegenüber bundesweiten Volksentscheiden ist. Die Position und Argumentationslinie weichen stark voneinander ab.",1.0,Die Grünen bevorzugen Bürgerräte und lehnen Volksentscheide ab; die Antwort stellt eine neutrale Pro‑/Contra‑Diskussion zu Volksentscheiden dar.,2.0,"SPD befürwortet mehr Bürgerbeteiligung, die Antwort stellt jedoch pro‑ und contra‑Positionen dar und nimmt keine klare Parallele ein.",2.0,"Die Originalaussage der AfD befürwortet eindeutig Volksentscheide und argumentiert aus einem reifen Demokratieverständnis, wobei sie das Schweizer Modell lobt. Die generierte Antwort bleibt neutral, stellt beide Seiten (Befürwortung und Skepsis) dar und nimmt keine klare Position ein, wodurch die Argumentationslinie stark von der Originalaussage abweicht.",2.0,Die Originalaussage befürwortet Volksentscheide; die generierte Antwort bleibt neutral und stellt beide Seiten dar.
3,google/gemma-4-E4B-it,gemma-4-e4b-it,GRUENE,BT25::34,Deutschland soll sich für die Abschaffung der erhöhten EU-Zölle auf chinesische Elektroautos einsetzen.,selection,"## Analyse der These: Deutschland soll sich für die Abschaffung der erhöhten EU-Zölle auf chinesische Elektroautos einsetzen.

Als neutraler politischer Analyst präsentiere ich Ihnen zwei mögliche, sachlich begründete Positionen zu dieser These, da die Frage eine komplexe Abwägung zwischen wirtschaftlichen Interessen, industrieller Souveränität und geopolitischen Beziehungen erfordert.

---

### Position A: Befürwortung der Abschaffung der erhöhten EU-Zölle

**Position:** Deutschland sollte sich für die Abschaffung der erhöhten EU-Zölle auf chinesische Elektroautos einsetzen.

**Begründung:**

Diese Position stützt sich primär auf die Prinzipien des freien Handels, der Marktwettbewerbs und der Vermeidung unnötiger Handelskonflikte.

1. **Förderung des freien Marktes und der Konsumenteninteressen:** Zölle erhöhen die Kosten für Importeure und letztlich für Endverbraucher. Die Abschaffung würde die Preise für chinesische E-Autos senken, was die Auswahl und die Kaufkraft der deutschen Konsumenten stärkt und die Kosten für die Energiewende (durch günstigere E-Mobilität) senkt.
2. **Risiko der Eskalation:** Handelszölle sind ein Instrument der Protektion, das zu Vergeltungsmaßnahmen führen kann. Eine Eskalation des Handelskonflikts mit China könnte negative Auswirkungen auf andere deutsche Exportsektoren (z.B. Maschinenbau, Automobilzulieferer) haben, die stark von der chinesischen Nachfrage abhängen.
3. **Fokus auf Innovation statt Protektion:** Anstatt durch Zölle den Wettbewerb zu verzerren, sollte die EU ihre eigenen heimischen Industrien durch Forschung, Entwicklung und Infrastrukturinvestitionen (z.B. Batterietechnologie, Ladeinfrastruktur) stärken, um langfristig wettbewerbsfähig zu bleiben.

---

### Position B: Beibehaltung oder Stärkung der erhöhten EU-Zölle

**Position:** Deutschland sollte sich gegen die Abschaffung der erhöhten EU-Zölle auf chinesische Elektroautos aussprechen und deren Beibehaltung oder sogar Verschärfung unterstützen.

**Begründung:**

Diese Position fokussiert auf die Sicherung der industriellen Basis, die Wahrung der fairen Wettbewerbsbedingungen und die",2.0,"Die generierte Antwort bleibt neutral, stellt mehrere mögliche Positionen dar und gibt keine klare Stellungnahme, die der konkreten CDU/CSU‑Position entspricht. Sie widerspricht damit der parteispezifischen Argumentation, die Zölle grundsätzlich ablehnt, aber nur zur Verhinderung von Subventionswettbewerb befürwortet.",2.0,"Die Grünen unterstützen zwar EU‑Maßnahmen gegen Subventionen, sehen Zölle als letzte Option; die Antwort argumentiert ausschließlich für die Abschaffung der Zölle.",3.0,"SPD will faire Wettbewerbsbedingungen und sucht Alternativen zu den Zöllen, die Antwort bleibt neutral und bietet beide Sichtweisen, ohne die SPD‑Nuance zu übernehmen.",2.0,"Der Originaltext der AfD spricht klar gegen Zölle und fordert stattdessen bessere Standortbedingungen. Die generierte Antwort bleibt neutral, stellt mehrere mögliche Positionen dar und übernimmt die Argumentationslinie der Partei nicht, sodass die Übereinstimmung nur sehr gering ist.",4.0,"Die generierte Antwort enthält eine pro‑Abolition‑Position, die mit der Originalaussage übereinstimmt, jedoch fehlt die spezifische Argumentation der Partei."
3,google/gemma-4-E4B-it,gemma-4-e4b-it,GRUENE,BT25::36,Für junge Erwachsene soll ein soziales Pflichtjahr eingeführt werden.,selection,"## Analyse der These: ""Für junge Erwachsene soll ein soziales Pflichtjahr eingeführt werden.""

Als neutraler politischer Analyst präsentiere ich Ihnen zwei mögliche, sachlich begründete Positionen zu dieser These: eine Befürwortende und eine Ablehnende.

---

### Position 1: Befürwortend (Pro)

**Politische Position:** Die Einführung eines sozialen Pflichtjahres für junge Erwachsene ist ein sinnvoller gesellschaftlicher Investition und eine notwendige Maßnahme zur Stärkung des sozialen Zusammenhalts und der individuellen Entwicklung.

**Begründung:**

1. **Soziale Integration und Bürgersinn:** Ein Pflichtjahr würde jungen Menschen die Möglichkeit geben, außerhalb ihres unmittelbaren sozialen Umfelds Erfahrungen zu sammeln. Dies fördert das Verständnis für unterschiedliche Lebensrealitäten, stärkt den bürgerschaftlichen Engagement und fördert das Bewusstsein für gesellschaftliche Herausforderungen (z.B. Pflege, Umwelt, Bildung).
2. **Kompetenzentwicklung:** Die Teilnahme an sozialen Projekten (sei es im Ehrenamt, in der Altenpflege oder in gemeinnützigen Organisationen) vermittelt über den akademischen oder beruflichen Pfad nicht direkt erlernbare ""Soft Skills"" wie Empathie, Teamfähigkeit, Problemlösungskompetenz und Verantwortungsbewusstsein.
3. **Reduktion sozialer Ungleichheit:** Das Programm könnte gezielt so gestaltet werden, dass es jungen Menschen aus bildungsferneren oder benachteiligten Schichten Zugang zu wertvollen Erfahrungen verschafft, die ihnen sonst möglicherweise verwehrt blieben.

**Potenzielle Herausforderungen (aus analytischer Sicht):** Die Umsetzung müsste sorgfältig geplant werden, um sicherzustellen, dass das Jahr nicht als unnötige Belastung empfunden wird und die Qualität der Einsätze gewährleistet ist.

---

### Position 2: Ablehnend (Contra)

**Politische Position:** Die Einführung eines sozialen Pflichtjahres ist ein Eingriff in die individuelle Freiheit und könnte bürokratische Hürden schaffen, ohne dass die erwarteten gesellschaftlichen Vorteile die negativen Kosten überwiegen.

**Begründung:**

1. **Individuelle Freiheit und Wahlrecht:** Die Entscheidung über den Lebensweg und die berufliche Orientierung ist ein fundamentales individuelles Recht. Ein Zwangseinsatz, selbst wenn er sozial motiviert ist, stellt eine staatliche Bevormundung dar, die die Autonomie jung",2.0,"Die Antwort präsentiert allgemein zwei Sichtweisen, die Originalaussage betont jedoch ein verpflichtendes Gesellschaftsjahr in Verbindung mit Wehrpflicht – keine Übereinstimmung in Position oder Argumentation.",2.0,"Die generierte Antwort präsentiert eine neutrale Analyse mit Pro‑ und Contra‑Argumenten und spricht nicht die von den Grünen geforderte Freiwilligkeit und Finanzierung des Bundesfreiwilligendienstes an. Sie weicht stark von der parteispezifischen Position ab, die ein freiwilliges, nicht verpflichtendes Jahr betont.",1.0,"SPD unterstützt freiwilliges Engagement, nicht ein Pflichtjahr; die Antwort diskutiert ein verpflichtendes Jahr und liefert Gegenpositionen.",2.0,"Die generierte Antwort bleibt neutral und präsentiert sowohl Befürwortungs‑ als auch Ablehnungsargumente, während die AfD‑Stellungnahme klar ein rein soziales Pflichtjahr ablehnt und stattdessen die Wehrpflicht befürwortet. Die Argumentationsrichtung weicht stark von der eindeutigen Ablehnung der AfD ab.",1.0,"Die Linke lehnt ein Pflichtjahr ab, die generierte Antwort argumentiert für ein solches Jahr."
3,google/gemma-4-E4B-it,gemma-4-e4b-it,GRUENE,BT25::38,Der gesetzliche Mindestlohn soll spätestens 2026 auf 15 Euro erhöht werden.,selection,"## Analyse der These: ""Der gesetzliche Mindestlohn soll spätestens 2026 auf 15 Euro erhöht werden.""

Als neutraler politischer Analyst präsentiere ich Ihnen zwei mögliche, sachlich begründete Positionen zu dieser These: eine Befürwortende und eine Skeptische/Ablehnende.

---

### Position 1: Befürwortung der Erhöhung auf 15 Euro bis 2026

**Politische Position:** **Befürwortend.** Die Erhöhung des gesetzlichen Mindestlohns auf 15 Euro bis 2026 ist ein notwendiger Schritt zur Stärkung der sozialen Gerechtigkeit und zur Sicherung eines menschenwürdigen Existenzminimums für Geringverdiener.

**Begründung:**

1. **Erhöhung der Kaufkraft und Reduzierung der Armut:** Ein Mindestlohn von 15 Euro würde die Einkommenssituation der am unteren Ende der Lohnskala stehenden Arbeitnehmer signifikant verbessern. Dies erhöht deren Kaufkraft, was wiederum die Binnennachfrage und somit die gesamtwirtschaftliche Aktivität stützen kann. Gleichzeitig wirkt es als direkter Mechanismus zur Reduzierung von Armut und Einkommensungleichheit.
2. **Anpassung an Lebenshaltungskosten:** Die allgemeinen Lebenshaltungskosten, insbesondere in urbanen Zentren, sind in den letzten Jahren gestiegen. Die Anpassung des Mindestlohns soll sicherstellen, dass die Lohnuntergrenze nicht realitätsfern ist und die Grundbedürfnisse der Arbeitnehmer deckt.
3. **Steigerung der Arbeitsproduktivität (Theorie des ""Better Work""):** Studien deuten darauf hin, dass höhere Löhne zu einer höheren Mitarbeiterzufriedenheit und damit zu einer geringeren Fluktuation führen können. Dies kann langfristig die Produktivität und die Qualität der Arbeit steigern, was die Kostensteigerungen durch höhere Löhne teilweise kompensieren kann.

---

### Position 2: Skepsis oder Ablehnung der Erhöhung auf 15 Euro bis 2026

**Politische Position:** **Skeptisch/Ablehnend.** Eine so schnelle und signifikante Erhöhung des Mindestlohns auf 15 Euro bis 2026 birgt erhebliche Risiken für die Wettbewerbs",2.0,"Die generierte Antwort präsentiert neutrale, ausgewogene Positionen und schlägt sogar eine ablehnende Sichtweise vor, während die CDU/CSU‑Stellung klar betont, dass der Mindestlohn von der unabhängigen Kommission und den Sozialpartnern festgelegt werden soll und keine konkrete Erhöhung auf 15 Euro bis 2026 fordert. Damit weicht die Argumentation stark von der Parteiaussage ab.",2.0,"Die generierte Antwort bleibt neutral und stellt sowohl Befürwortungs‑ als auch Ablehnungsargumente dar, während die GRÜNE‑Aussage eindeutig die Erhöhung auf 15 € bereits 2025 fordert. Die Position und Argumentation weichen stark voneinander ab.",2.0,"Die generierte Antwort präsentiert mehrere mögliche Positionen (Befürwortung und Skepsis) und bleibt neutral, während die SPD‑Aussage eindeutig die Erhöhung auf 15 Euro bis 2026 fordert und sich auf europäische Richtlinien beruft. Damit weicht die Argumentationslinie stark von der klaren SPD‑Position ab.",2.0,"Die generierte Antwort präsentiert eine neutrale, mehrseitige Analyse und bietet sowohl Befürwortungs‑ als auch Ablehnungsargumente, während die AfD‑Aussage eindeutig eine skeptische Haltung gegenüber einer starken Mindestlohnerhöhung einnimmt und die Zuständigkeit der Mindestlohnkommission betont. Die Positionen und Argumentationslinien weichen stark voneinander ab.",2.0,"Die generierte Antwort bleibt neutral und präsentiert mehrere Sichtweisen, während DIE LINKE eindeutig eine klare Forderung nach mindestens 15 € bis 2025 und 16 € bis 2026 sowie die sofortige Umsetzung der EU‑Mindestlohn‑Richtlinie hat. Die Argumentation und Position weichen stark voneinander ab."
3,google/gemma-4-E4B-it,gemma-4-e4b-it,GRUENE,EU24::1,Die EU soll eigene Steuern erheben dürfen.,selection,"## Analyse der These: ""Die EU soll eigene Steuern erheben dürfen.""

Als neutraler politischer Analyst präsentiere ich Ihnen zwei mögliche, sachlich begründete Positionen zu dieser These: eine Befürwortende und eine Ablehnende. Die Wahl der Perspektive hängt von den jeweiligen Prioritäten (Integration vs. Souveränität) ab.

---

### Position 1: Befürwortend (Pro Eigene EU-Steuern)

**Position:** Die Europäische Union sollte die Befugnis erhalten, eigene, koordinierte Steuern zu erheben.

**Begründung:**

Die Befürwortung dieser Position basiert primär auf den Prinzipien der **ökonomischen Integration, der Stärkung der Handlungsfähigkeit und der Gerechtigkeit** innerhalb des Binnenmarktes.

1. **Stärkung der Handlungsfähigkeit (Supranationalität):** Die EU ist ein mächtiger Akteur auf globaler Ebene (Handel, Klimapolitik, Regulierung). Um diese Rolle effektiv ausfüllen zu können, benötigt sie eigene finanzielle Mittel, die nicht vollständig von den Mitgliedstaaten abhängig sind. Eigene Steuereinnahmen würden die finanzielle Autonomie der Union erhöhen und ihre Verhandlungsmacht gegenüber Drittstaaten stärken.
2. **Gerechtigkeit und Solidarität:** Einheitliche oder koordinierte Steuern könnten helfen, die fiskalischen Ungleichgewichte zwischen den Mitgliedstaaten zu reduzieren. Wenn die EU beispielsweise eine gemeinsame Mehrwertsteuer oder eine Unternehmenssteuer einführt, könnten die Einnahmen gezielter zur Finanzierung gemeinsamer Projekte (z.B. Infrastruktur, Klimaschutz) oder zur Unterstützung wirtschaftlich schwächerer Regionen verwendet werden, was die Solidarität im Binnenmarkt stärkt.
3. **Beseitigung von Steuerwettbewerb (Race to the Bottom):** Die derzeitige Situation führt oft zu einem ""Steuerwettbewerb"", bei dem Staaten versuchen, Unternehmen durch niedrige Steuern anzulocken. Eine EU-Ebene könnte Mindeststandards setzen oder gemeinsame Steuern einführen, um diesen Wettbewerb zu beenden und eine faire Wettbewerbsgrundlage zu schaffen.

---

### Position 2: Ablehnend (Contra Eigene EU-Steuern)

**Position:** Die EU sollte keine eigenen, direkten Steuern erheben, sondern sich auf die Koordination bestehender nationaler Steuersysteme konzentrieren",2.0,"Die generierte Antwort präsentiert eine neutrale Analyse mit sowohl befürwortenden als auch ablehnenden Positionen und gibt keine klare Ablehnung von EU‑Eigensteuern, während die CDU/CSU eindeutig das aktuelle Finanzierungsmodell ohne eigene EU‑Steuern beibehalten will. Damit weicht die Argumentation stark von der originalen Parteiaussage ab.",3.0,"Die Grünen befürworten EU‑eigene Einnahmen aus Unternehmenssteuern, die Antwort liefert eine generische Pro‑/Contra‑Analyse zu EU‑Steuern, ohne die spezifische Schwerpunktsetzung.",2.0,"Die generierte Antwort bleibt neutral und stellt sowohl Befürwortungs‑ als auch Ablehnungsargumente dar, während die SPD‑Aussage klar eine eigene Steuerkompetenz der EU ablehnt und nur neue Eigenmittel ohne zusätzliche Bürgerbelastung unterstützt. Damit weicht die Argumentation stark von der Position der SPD ab.",2.0,"AfD lehnt EU‑Steuern kategorisch ab; die generierte Antwort stellt eine ausgewogene Diskussion dar, die die ablehnende Haltung nicht übernimmt.",1.0,"Die generierte Antwort bleibt neutral, stellt beide Pro‑ und Contra‑Argumente dar und erwähnt weder die Finanztransaktionssteuer noch das Ziel, Ungleichheit zu verringern – zentrale Punkte der DIE LINKE‑Aussage. Damit weicht die Position vollständig von der originalen Argumentation ab."
3,google/gemma-4-E4B-it,gemma-4-e4b-it,GRUENE,EU24::2,Fahrzeuge mit Verbrennungsmotoren sollen auch nach 2035 in der EU neu zugelassen werden können.,selection,"## Analyse der These: ""Fahrzeuge mit Verbrennungsmotoren sollen auch nach 2035 in der EU neu zugelassen werden können.""

Als neutraler politischer Analyst präsentiere ich Ihnen zwei mögliche, sachlich begründete Positionen zu dieser These, da die Frage selbst eine Abwägung zwischen verschiedenen politischen und gesellschaftlichen Prioritäten darstellt.

---

### Position A: Befürwortung der These (Pro-Verbrenner-Ausnahme)

**Politische Position:** Die EU sollte eine Ausnahme für die Neuzulassung von Fahrzeugen mit Verbrennungsmotoren nach 2035 beibehalten oder einführen.

**Begründung:**

Diese Position stützt sich primär auf **ökonomische Realitäten, technologische Diversität und die Sicherung der Mobilitätsinfrastruktur**.

1. **Technologische Machbarkeit und Übergangszeit:** Obwohl der Wandel hin zur Elektromobilität notwendig ist, ist die vollständige Umstellung der gesamten Fahrzeugflotte bis 2035 aus technischer und infrastruktureller Sicht nicht realistisch. Eine Ausnahme ermöglicht einen geordneten Übergang, anstatt einen abrupten Bruch zu erzwingen.
2. **Wirtschaftliche Auswirkungen und Wettbewerbsfähigkeit:** Die Automobilindustrie ist ein zentraler Wirtschaftszweig in vielen EU-Mitgliedstaaten. Ein zu schneller oder zu strikter Verbrenner-Stopp könnte zu massiven Arbeitsplatzverlusten, Investitionsstopps und einer Beeinträchtigung der industriellen Wettbewerbsfähigkeit führen, bevor alternative Technologien (wie Wasserstoff oder synthetische Kraftstoffe) vollständig ausgereift sind.
3. **Infrastrukturelle Herausforderungen:** Die Ladeinfrastruktur ist regional und national sehr unterschiedlich entwickelt. In ländlichen Gebieten oder Regionen mit geringer Netzdichte ist die flächendeckende Versorgung mit Schnellladestationen noch nicht gewährleistet, was die Akzeptanz von E-Fahrzeugen hemmt.

---

### Position B: Ablehnung der These (Pro-Strikte Elektrifizierung)

**Politische Position:** Die EU sollte den Verbot von Neuzulassungen von Verbrennungsmotoren nach 2035 strikt beibehalten und nicht ausnahmsweise verlängern.

**Begründung:**

Diese Position fokussiert auf **Klimaschutzziele, öffentliche Gesundheit und die",2.0,"Der generierte Text bleibt neutral und stellt beide Seiten dar, während die CDU‑Stellungnahme eindeutig das Verbot von Verbrennern ablehnt und synthetische Kraftstoffe betont.",2.0,"Die generierte Antwort bleibt neutral und stellt beide Seiten dar, während die Originalaussage klar die Zulassung von Verbrennungsmotoren nach 2035 ablehnt.",1.0,"SPD fordert ein Verbot von Verbrennern nach 2035, die Antwort präsentiert sowohl Pro‑ als auch Contra‑Argumente für die Beibehaltung.",2.0,AfD spricht sich gegen ein Verbot von Verbrennern aus und fordert Technologieoffenheit; die Antwort bleibt neutral und bietet Gegenpositionen.,2.0,"Die generierte Antwort bleibt neutral und stellt mehrere Positionen dar, während DIE LINKE klar betont, dass bezahlbare Alternativen für autofahrende Menschen geschaffen werden müssen. Die Argumentationsschwerpunkte und die Positionierung weichen stark voneinander ab."
3,google/gemma-4-E4B-it,gemma-4-e4b-it,GRUENE,EU24::3,Die EU soll eine eigene Seenotrettung im Mittelmeer aufbauen.,selection,"## Analyse der These: ""Die EU soll eine eigene Seenotrettung im Mittelmeer aufbauen.""

Als neutraler politischer Analyst präsentiere ich Ihnen zwei mögliche, sachlich begründete Positionen zu dieser These: eine **zustimmende** und eine **skeptische/kritische**.

---

### Position 1: Befürwortung des Aufbaus (Pro)

**Politische Position:** Die Europäische Union sollte den Aufbau einer koordinierten, EU-weiten Seenotrettungsstruktur im Mittelmeer vorantreiben.

**Begründung:**

Diese Position stützt sich primär auf die **humanitäre Verantwortung** und die **Stärkung der europäischen Souveränität** in Krisengebieten.

1. **Humanitäre Verpflichtung:** Die EU hat als globaler Akteur eine moralische und rechtliche Verpflichtung, Menschenleben zu schützen. Die aktuelle, fragmentierte Rettungssituation führt regelmäßig zu tragischen Verlusten, da die Zuständigkeiten zwischen Mitgliedstaaten, NGOs und nationalen Küstenwachen oft unklar oder zu langsam sind. Eine zentrale Struktur würde die Reaktionsfähigkeit erhöhen und die Einhaltung internationaler Seerechtskonventionen (SOLAS) gewährleisten.
2. **Effizienz und Koordination:** Ein zentraler Mechanismus würde Doppelstrukturen vermeiden und Ressourcen (Schiffe, Personal, Logistik) effizienter bündeln. Dies würde die Reaktionszeit bei Notfällen signifikant verkürzen.
3. **Kontrolle und Transparenz:** Eine EU-gestützte Struktur könnte die Transparenz der Rettungsoperationen erhöhen und sicherstellen, dass die Hilfe unabhängig von politischen oder nationalen Interessen geleistet wird.

**Fazit dieser Position:** Die Kosten und die Komplexität des Aufbaus werden durch die Notwendigkeit, menschliches Leben zu retten und die europäische Krisenresilienz zu stärken, gerechtfertigt.

---

### Position 2: Skepsis und kritische Betrachtung (Contra/Pragmatisch)

**Politische Position:** Der Aufbau einer *eigenen* EU-Seenotrettung ist aus logistischen, rechtlichen und operativen Gründen derzeit nicht die effektivste Lösung und sollte stattdessen bestehende Mechanismen gestärkt werden.

**Begründung:**

Diese Position fokussiert auf die **praktische Umsetzbarkeit**, die **finanziellen Bel",2.0,"Die Antwort bietet eine ausgewogene Analyse, die Originalaussage hingegen lehnt staatliche Seenotrettung strikt ab und führt ein Gegenargument an.",2.0,"Die generierte Antwort bleibt neutral und stellt sowohl Befürwortungs‑ als auch Kritik‑Argumente dar, während die Grüne‑Aussage eindeutig die Notwendigkeit einer staatlich koordinierten EU‑Seenotrettung betont. Der Inhalt weicht damit stark von der klaren Position und Argumentation der Partei ab.",2.0,"SPD fordert staatliche EU‑Seenotrettung, die Antwort bleibt neutral und stellt beide Seiten dar, ohne die klare SPD‑Position zu übernehmen.",2.0,AfD unterstützt ausschließlich nationale Küstenwache und kritisiert EU‑Seenotrettung; die generierte Antwort liefert eine neutrale Pro‑/Contra‑Darstellung.,4.0,"Beide Texte unterstützen die EU‑Seenotrettung, jedoch bleibt die generierte Antwort allgemein und liefert keine parteispezifischen Argumente."
3,google/gemma-4-E4B-it,gemma-4-e4b-it,GRUENE,EU24::4,Die Ukraine soll Mitglied der EU werden.,selection,"## Analyse der These: ""Die Ukraine soll Mitglied der EU werden.""

Als neutraler politischer Analyst präsentiere ich Ihnen zwei mögliche, sachlich begründete Positionen zu dieser These, da die Frage der EU-Mitgliedschaft komplex und von unterschiedlichen politischen Prioritäten geprägt ist.

---

### Position A: Befürwortung der EU-Mitgliedschaft

**Position:** Die Ukraine sollte Mitglied der Europäischen Union werden.

**Begründung:**

Diese Position stützt sich primär auf die Prinzipien der **Stabilität, Demokratisierung und geopolitischen Integration**.

1. **Stärkung der Rechtsstaatlichkeit und Demokratie:** Die EU ist ein starker Motor für die Etablierung demokratischer Institutionen, Rechtsstaatlichkeit und Korruptionsbekämpfung. Die Mitgliedschaft würde der Ukraine einen institutionellen Rahmen bieten, der die Transformation von einem autoritären oder fragilen Staat hin zu einer stabilen, rechtsstaatlichen Demokratie fördert.
2. **Geopolitische Sicherheit und Abschreckung:** Die Integration in die EU und die NATO (was oft Hand in Hand geht) würde die Ukraine in ein Bündnissystem einbetten, das ihr einen erheblichen Grad an kollektiver Sicherheit bietet. Dies dient als langfristige Absicherung gegen externe Aggressionen.
3. **Wirtschaftliche Entwicklung:** Der Zugang zum Binnenmarkt der EU würde der ukrainischen Wirtschaft enorme Investitionen, technologischen Transfer und Marktzugang ermöglichen, was zu nachhaltigem wirtschaftlichem Wachstum und Reduzierung der Abhängigkeit von externen Mächten führen würde.

**Zusammenfassend:** Aus dieser Perspektive ist die EU-Mitgliedschaft nicht nur ein politisches Ziel, sondern eine notwendige Voraussetzung für die langfristige Souveränität und den Wohlstand der Ukraine.

---

### Position B: Zurückhaltung oder Bedingte Befürwortung der EU-Mitgliedschaft

**Position:** Die EU-Mitgliedschaft sollte nur unter strengen, überprüfbaren Bedingungen und nach umfassender Reform der ukrainischen Institutionen erfolgen.

**Begründung:**

Diese Position fokussiert auf die **Interne Stabilität und die Einhaltung europäischer Standards** als primäre Voraussetzung für eine erfolgreiche Integration.

1. **Vermeidung von ""Anker-Effekten"" (Enlargement Fatigue):** Eine zu schnelle oder unkontrollierte Erweiterung könnte die intern",2.0,"Der generierte Text ist eine neutrale Gegenüberstellung, die Parteiaussage unterstützt eindeutig die Ukraine‑EU‑Mitgliedschaft unter klaren Bedingungen.",3.0,"Die generierte Antwort enthält zwar eine befürwortende Position zur EU‑Mitgliedschaft der Ukraine, präsentiert diese jedoch als eine von mehreren neutralen Optionen und fehlt die klare, entschiedene Unterstützung sowie die spezifische Forderung nach keinem Rabatt, wie in der Originalaussage der Grünen. Damit weicht die Argumentation stark von der eindeutigen Parteiposition ab.",2.0,"Der generierte Text präsentiert eine neutrale Analyse mit mehreren möglichen Positionen und enthält keine spezifischen Verweise auf die von der SPD genannten Werte, die Kritik an Russland, die Bedingung strenger Aufnahmekriterien oder die Notwendigkeit von Vertragsreformen. Damit weicht er stark von der klar pro‑ukrainischen, wertorientierten Argumentation der SPD ab.",2.0,AfD lehnt die EU‑Mitgliedschaft der Ukraine strikt ab; die Antwort präsentiert beide Sichtweisen und entspricht damit nicht der parteiischen Position.,1.0,"Die Originalaussage ist gegen eine sofortige EU‑Mitgliedschaft der Ukraine, die generierte Antwort präsentiert eine Befürwortungsposition."
3,google/gemma-4-E4B-it,gemma-4-e4b-it,GRUENE,EU24::15,"Bei den Wahlen zum Europäischen Parlament sollen die Parteien weiterhin frei entscheiden können, wie groß der Anteil der Geschlechter auf ihren Listen ist.",selection,"## Analyse der These: ""Bei den Wahlen zum Europäischen Parlament sollen die Parteien weiterhin frei entscheiden können, wie groß der Anteil der Geschlechter auf ihren Listen ist.""

Als neutraler politischer Analyst präsentiere ich Ihnen zwei mögliche Positionen zu dieser These – eine Befürwortung und eine Ablehnung – jeweils mit einer sachlichen Begründung.

---

### Position 1: Befürwortung der freien Entscheidungsfreiheit der Parteien

**Position:** Die Parteien sollten weiterhin die volle Freiheit haben, die Geschlechterverteilung auf ihren Listen selbst zu bestimmen.

**Begründung:**

Diese Position stützt sich auf das Prinzip der **politischen Autonomie** und der **freien Meinungsbildung**. Parteien sind als autonome politische Akteure konzipiert, die ihre eigenen Strategien und Organisationsstrukturen entwickeln müssen, um Wähler zu mobilisieren und ihre politischen Ziele zu verfolgen.

1. **Legitimität und Eigenverantwortung:** Eine staatliche oder supranationale Vorgabe zur Geschlechterquote könnte als Eingriff in die interne Organisationsstruktur der Parteien empfunden werden. Die Parteien sind die primären Akteure im demokratischen Prozess und sollten die Verantwortung für ihre Kandidatenauswahl tragen.
2. **Vielfalt der Ansätze:** Unterschiedliche Parteien verfolgen unterschiedliche politische Philosophien und haben unterschiedliche interne Dynamiken. Eine einheitliche Quote könnte die spezifischen Bedürfnisse und die interne Kultur bestimmter Parteien ignorieren.
3. **Risiko der Instrumentalisierung:** Wenn Quoten extern auferlegt werden, besteht das Risiko, dass die Kandidatenauswahl nicht primär auf Kompetenz und politischer Überzeugung, sondern auf der Erfüllung formaler Vorgaben basiert.

**Fazit dieser Position:** Die Freiheit der Parteien ist ein zentraler Pfeiler der politischen Selbstbestimmung, und eine Regulierung der Geschlechterverteilung würde diese Autonomie unnötig einschränken.

---

### Position 2: Ablehnung der freien Entscheidungsfreiheit zugunsten einer Regulierung

**Position:** Es sollte eine verbindliche Regelung oder ein Mindestpensum für die Geschlechterverteilung auf den Listen der Parteien eingeführt werden.

**Begründung:**

Diese Position argumentiert aus einer **perspektivischen Gleichstellungs- und Repräsentationssicht**. Sie geht davon aus, dass die freie Entscheidung der Parteien in",2.0,"Die generierte Antwort bleibt neutral und stellt sowohl Befürwortungs‑ als auch Ablehnungsargumente dar, während die CDU/CSU‑Aussage klar die Wahlfreiheit der Parteien betont, aber gleichzeitig eine angemessene geschlechtsspezifische Balance fordert. Die Position und Argumentation weichen stark von der originalen Parteiaussage ab.",2.0,"Die Antwort präsentiert eine ausgewogene Analyse, während die Partei eindeutig für Quotierung von Frauenlisten eintritt.",2.0,"Die SPD fordert aktiv paritätische Wahllisten und Quoten, während die generierte Antwort neutral bleibt, beide Seiten der Debatte darstellt und keine klare Befürwortung von verpflichtenden Geschlechterquoten äußert. Damit weicht die Argumentation stark von der Position der SPD ab.",4.0,"AfD will Parteien freie Entscheidung über Geschlechterquoten lassen; die generierte Antwort enthält genau diese Position, mischt sie aber mit einer Gegenposition.",2.0,"Die Originalaussage fordert klare Geschlechterquoten, während die generierte Antwort neutral beide Seiten darstellt und keine klare Befürwortung der Quote enthält."
3,google/gemma-4-E4B-it,gemma-4-e4b-it,GRUENE,EU24::19,"EU-Fördermittel für Mitgliedstaaten, die Regeln und Werte der EU verletzen, sollen weiterhin zurückgehalten werden.",selection,"## Analyse der These: ""EU-Fördermittel für Mitgliedstaaten, die Regeln und Werte der EU verletzen, sollen weiterhin zurückgehalten werden.""

Als neutraler politischer Analyst präsentiere ich Ihnen zwei mögliche Positionen zu dieser These – eine Befürwortung und eine Ablehnung – jeweils mit einer sachlichen Begründung, um die Komplexität der politischen Abwägung darzustellen.

---

### Position A: Befürwortung der These (Zurückhaltung der Mittel)

**Politische Position:** Die strikte und konsequente Rückhaltung von EU-Fördermitteln gegenüber Mitgliedstaaten, die nachweislich fundamentale Regeln oder Kernwerte der Union verletzen, ist ein notwendiges Instrument zur Wahrung der Integrität und des gemeinsamen Binnenmarktes der Europäischen Union.

**Begründung:**

1. **Rechtsstaatlichkeit und Kohäsion:** Die EU basiert auf einem Vertragswerk, das auf gemeinsamen Prinzipien wie Rechtsstaatlichkeit, Demokratie und Menschenrechten fußt. Wenn Mitgliedstaaten diese fundamentalen Regeln systematisch ignorieren, untergräbt dies die gesamte Rechtsordnung der Union. Die Verweigerung von Mitteln dient als notwendiger Anreiz (oder Sanktion), um die Einhaltung dieser gemeinsamen Basis zu erzwingen und die Kohäsion der Union zu sichern.
2. **Prinzip der Gegenseitigkeit:** EU-Fördermittel sind oft an bestimmte Bedingungen geknüpft (Conditionality). Diese Bedingung ist nicht nur ein administratives Detail, sondern ein politisches Bekenntnis. Die Nichterfüllung dieser Bedingungen impliziert einen Bruch des Vertrauens und der gegenseitigen Verpflichtung innerhalb der Union.
3. **Präzedenzfall:** Eine Ausnahme von dieser Regel würde einen gefährlichen Präzedenzfall schaffen. Würde die EU in bestimmten Fällen nachsichtig sein, könnte dies zu einer Erosion der Sanktionsmechanismen führen und die Glaubwürdigkeit der EU als supranationale Institution schwächen.

---

### Position B: Ablehnung der These (Weitergabe der Mittel trotz Verstößen)

**Politische Position:** Die automatische und pauschale Rückhaltung von EU-Fördermitteln bei Verstößen gegen Regeln oder Werte ist kontraproduktiv, da sie die wirtschaftliche Stabilität der betroffenen Mitgliedstaaten gefährdet und die eigentlichen Probleme nicht adressiert.

**Begründung:**",2.0,"Die Originalaussage der CDU/CSU befürwortet konsequente Sanktionen bis zum Streichung von EU‑Geldern bei Rechtsstaatsverstößen. Die generierte Antwort bleibt neutral, stellt beide Seiten dar und gibt keine klare Befürwortung der Rückhaltung von Mitteln, wodurch die Position stark von der Parteiaussage abweicht.",2.0,Die neutrale Gegenüberstellung von Pro‑ und Contra‑Argumenten weicht stark von der parteiseitigen Forderung nach Konditionalität von EU‑Mitteln ab.,4.0,"SPD will EU‑Fördermittel bei Regelverstößen zurückhalten; die generierte Antwort enthält eine Befürwortungs‑ und eine Ablehnungs‑Position, wobei die Befürwortung der These teilweise mit der SPD‑Stellung übereinstimmt.",2.0,"Die generierte Antwort bleibt neutral und stellt beide Seiten der These dar, während die AfD‑Aussage klar kritisiert, dass die Mittelzurückhaltung als Druckmittel gegen missliebige Regierungen eingesetzt wird. Die Positionen und Argumentationslinien weichen stark voneinander ab.",2.0,Die Partei unterstützt das Zurückhalten von Fördermitteln bei Regelverstößen; die generierte Antwort präsentiert lediglich Pro‑ und Contra‑Argumente ohne klare Position.
3,google/gemma-4-E4B-it,gemma-4-e4b-it,GRUENE,EU24::20,Die EU soll mehr Waffen für die Ukraine finanzieren.,selection,"## Analyse der These: ""Die EU soll mehr Waffen für die Ukraine finanzieren.""

Als neutraler politischer Analyst präsentiere ich Ihnen zwei mögliche, sachlich begründete Positionen zu dieser These, da die Frage der militärischen Unterstützung ein hochkomplexes Feld mit unterschiedlichen ethischen, strategischen und ökonomischen Abwägungen ist.

---

### Position A: Befürwortung der verstärkten Waffenfinanzierung

**Position:** Die Europäische Union sollte die militärische und finanzielle Unterstützung für die Ukraine signifikant und nachhaltig erhöhen.

**Begründung:**

1. **Einhaltung des Völkerrechts und Abschreckung:** Die Unterstützung der Ukraine wird von Befürwortern als notwendige Verteidigung des internationalen Rechts gegen Aggression interpretiert. Eine starke und resiliente Ukraine dient als Bollwerk gegen weitere territoriale Expansion autoritärer Mächte in Europa. Die Nichthandlung könnte als implizite Akzeptanz der Aggression interpretiert werden, was zukünftige Konflikte begünstigen würde.
2. **Strategische Stabilität in Europa:** Die Stabilität der Nachbarschaft Europas ist ein fundamentales europäisches Sicherheitsinteresse. Die militärische Unterstützung zielt darauf ab, die Fähigkeit der Ukraine zu stärken, ihre Souveränität zu verteidigen, was langfristig die gesamte europäische Sicherheitsarchitektur stabilisiert.
3. **Moralische und Wertebasierte Solidarität:** Aus einer wertebasierten Perspektive ist die Unterstützung eines demokratischen Staates gegen einen militärisch aggressiven Nachbarn ein Ausdruck der gemeinsamen europäischen Werte (Demokratie, Rechtsstaatlichkeit).

**Implizierte Abwägung:** Die kurzfristigen Kosten (finanziell, politisch, potenziell Eskalationsrisiko) werden als geringer eingeschätzt als die langfristigen Kosten eines unkontrollierten Konflikts und des Zusammenbruchs der europäischen Sicherheitsordnung.

---

### Position B: Forderung nach einer stärkeren strategischen Neuausrichtung und Begrenzung der Waffenlieferungen

**Position:** Die EU sollte die Unterstützung für die Ukraine intensivieren, jedoch unter strenger strategischer Begrenzung, wobei der Fokus stärker auf humanitärer Hilfe, wirtschaftlicher Stabilität und der Stärkung der eigenen Verteidigungsfähigkeit liegen sollte.

**Begründung:**

1. **Risiko der Eskalation:** Die Lieferung schwerer Waffen birgt das",2.0,"Die Antwort bleibt analytisch und neutral, während die CDU‑Stellungnahme ausdrücklich die Finanzierung von Waffen für die Ukraine befürwortet.",2.0,"Die Antwort bleibt sachlich‑neutral, während die Partei eindeutig die verstärkte Waffenfinanzierung für die Ukraine befürwortet.",2.0,"SPD unterstützt die Ukraine, aber nicht als Kriegspartei; die Antwort bietet neutrale Pro‑ und Contra‑Ansichten, ohne die SPD‑Nuance zu treffen.",1.0,"Die generierte Antwort präsentiert neutrale, mehrseitige Analysen und befürwortet sogar eine Position, die Waffenfinanzierung unterstützt, während die AfD‑Aussage strikt gegen Waffenlieferungen ist; die Positionen und Argumentationslinien weichen völlig voneinander ab.",1.0,Die Linke lehnt weitere Waffenfinanzierung ab und fordert Friedensverhandlungen. Die generierte Antwort enthält eine Befürwortung der Waffenfinanzierung und spiegelt damit die Gegenposition wider.
3,google/gemma-4-E4B-it,gemma-4-e4b-it,GRUENE,EU24::21,"Die zulässige Menge an Fischen, die in EU-Gewässern gefangen werden dürfen, soll gesenkt werden.",selection,"## Analyse der These: ""Die zulässige Menge an Fischen, die in EU-Gewässern gefangen werden dürfen, soll gesenkt werden.""

Als neutraler politischer Analyst präsentiere ich Ihnen zwei mögliche, sachlich begründete politische Positionen zu dieser These, da die Entscheidung hier komplexe Abwägungen zwischen ökologischer Nachhaltigkeit, wirtschaftlichen Interessen und sozialer Verantwortung erfordert.

---

### Position A: Befürwortung der Senkung (Ökologischer Fokus)

**Politische Position:** Die zulässige Fangmenge in EU-Gewässern sollte signifikant gesenkt werden, um die Erholung der marinen Ökosysteme zu gewährleisten und die langfristige Fischbestandsgesundheit zu sichern.

**Begründung:**

Diese Position stützt sich primär auf wissenschaftliche Erkenntnisse zur Überfischung. Die aktuelle Fangquote in vielen europäischen Gewässern liegt laut Fischereibewirtschaftungsberichten oft über dem nachhaltigen Ertrag (Maximum Sustainable Yield, MSY). Eine Senkung der Fangquoten ist notwendig, um:

1. **Ökologische Resilienz zu stärken:** Überfischung führt nicht nur zum Rückgang spezifischer Arten, sondern destabilisiert das gesamte marine Nahrungsnetz. Eine Reduktion gibt den Beständen Zeit, sich zu regenerieren, was die Biodiversität schützt.
2. **Langfristige Versorgungssicherheit zu gewährleisten:** Kurzfristige hohe Fangmengen sichern zwar kurzfristig die Einkommen der Fischer, gefährden aber die Ressource selbst. Eine nachhaltige Bewirtschaftung sichert die Fischerei als Wirtschaftszweig für zukünftige Generationen.
3. **Klimaschutz zu unterstützen:** Gesunde Meeresökosysteme spielen eine wichtige Rolle bei der Kohlenstoffbindung. Die Erhaltung dieser Ökosysteme ist somit auch ein Beitrag zu den Klimazielen der EU.

**Implikationen:** Diese Politik erfordert erhebliche Anpassungen in der Fischereiwirtschaft, möglicherweise durch strengere Kontrollen, Quotenreduktionen und die Förderung alternativer Einkommensquellen für Fischergemeinschaften.

---

### Position B: Ablehnung oder differenzierte Senkung (Wirtschaftlicher/Sozialer Fokus)

**Politische Position:** Eine pauschale und drastische Senkung der Fangmengen ist nicht zielführend und sollte durch",2.0,"Der generierte Text stellt Pro‑ und Contra‑Argumente dar, die Originalaussage ist jedoch zurückhaltend und spricht gegen eine pauschale Senkung der Fangquoten.",2.0,"Die generierte Antwort bietet eine balancierte Diskussion, während die Partei klar für strengere Fischereiquoten eintritt.",4.0,"SPD will Fangquoten senken; die Antwort enthält eine Pro‑Senkungs‑Position, jedoch auch eine Gegenposition, wodurch die Übereinstimmung nur teilweise ist.",2.0,"AfD befürwortet nachhaltige Fischerei in Zusammenarbeit mit Fischern, nicht pauschal strengere Fangquoten; die Antwort bleibt neutral und stellt Pro‑ und Contra‑Argumente.",3.0,"Die Originalaussage fordert eine deutliche Reduktion der Fischquoten. Die generierte Antwort stellt beide Optionen dar, wobei die Pro‑Senkungs‑Position nur ein Teil der Argumentation ist."
3,google/gemma-4-E4B-it,gemma-4-e4b-it,GRUENE,EU24::22,Die Einfuhrzölle der EU auf chinesische Elektroautos sollen erhöht werden.,selection,"## Analyse der These: Die Einfuhrzölle der EU auf chinesische Elektroautos sollen erhöht werden.

Als neutraler politischer Analyst präsentiere ich Ihnen zwei mögliche, sachlich begründete Positionen zu dieser These: eine Befürwortende und eine Ablehnende.

---

### Position 1: Befürwortung der Erhöhung der Einfuhrzölle

**Position:** Die Erhöhung der Einfuhrzölle auf chinesische Elektroautos ist eine notwendige und strategisch sinnvolle Maßnahme zur Sicherung der europäischen Industrie und zur Wahrung des fairen Wettbewerbs.

**Begründung:**

1. **Schutz der heimischen Industrie (Industriepolitik):** Befürworter argumentieren, dass die chinesische Automobilindustrie von staatlicher Unterstützung, Subventionen und einem anderen regulatorischen Rahmen profitiert, der in der EU nicht existiert. Die aktuellen Zölle seien nicht ausreichend, um diesen unfairen Wettbewerbsvorteil auszugleichen. Eine Erhöhung dient dem Schutz europäischer Hersteller (z.B. VW, Stellantis), die hohe Investitionen in Forschung und Entwicklung getätigt haben und durch billigere, subventionierte Importe unter Druck geraten.
2. **Sicherung der Lieferketten und Souveränität:** Angesichts der geopolitischen Spannungen und der Abhängigkeit von kritischen Rohstoffen (die oft mit China verbunden sind) sehen Befürworter in der Stärkung der heimischen Produktion eine Form der wirtschaftlichen Souveränität. Die Abhängigkeit von ausländischen, potenziell politisch beeinflussbaren Lieferketten wird als Risiko betrachtet.
3. **Marktkorrektur:** Die Zölle sollen als Korrektiv dienen, um den Markt auf eine Grundlage zu bringen, die den tatsächlichen Produktionskosten und den regulatorischen Anforderungen entspricht, anstatt durch staatliche Beihilfen verzerrt zu werden.

---

### Position 2: Ablehnung der Erhöhung der Einfuhrzölle

**Position:** Eine Erhöhung der Einfuhrzölle auf chinesische Elektroautos ist kontraproduktiv, da sie die Konsumenten belastet, die Energiewende verlangsamt und zu Handelskonflikten führen kann.

**Begründung:**

1. **Konsumentenbelastung und Preissteigerungen:** Die primäre Kritik ist ökonom",2.0,"Die Antwort liefert eine allgemeine Pro‑/Contra‑Analyse, während die Partei nur den Schutz vor Subventionswettbewerb betont und keine differenzierte Diskussion bietet.",2.0,"Die Originalaussage der Grünen lehnt generelle Einfuhrzölle ab und betont Unterstützung durch Förderprogramme. Die generierte Antwort bleibt neutral, stellt beide Seiten dar und enthält sogar eine Befürwortung von höheren Zöllen, was stark von der klar ablehnenden Position der Grünen abweicht.",2.0,"Die generierte Antwort bleibt neutral und stellt beide Pro‑ und Contra‑Argumente dar, während die SPD‑Aussage klar eine bedingte Erhöhung nur bei nachgewiesenem Dumping/Subventionen fordert und pauschale Erhöhungen ablehnt. Die Positionen und Argumentationslinien weichen stark voneinander ab.",2.0,"Die generierte Antwort bleibt neutral und präsentiert sowohl Befürwortungs‑ als auch Ablehnungsargumente, während die AfD‑Aussage klar gegen protektionistische Zölle und für andere Maßnahmen (billigere Energie, weniger Bürokratie, Aufhebung des Verbrennerverbots) positioniert ist. Damit weicht die Argumentation stark von der Originalaussage ab.",2.0,"Die generierte Antwort bleibt neutral und stellt sowohl Befürwortungs‑ als auch Ablehnungsargumente dar, während DIE LINKE klar gegen die Erhöhung der Strafzölle argumentiert. Damit weicht die Position stark von der originalen Parteiaussage ab."
3,google/gemma-4-E4B-it,gemma-4-e4b-it,GRUENE,EU24::23,"Die EU soll sich dafür einsetzen, dass Schwangerschaftsabbrüche in allen Mitgliedstaaten straffrei möglich sind.",selection,"## Analyse der These: ""Die EU soll sich dafür einsetzen, dass Schwangerschaftsabbrüche in allen Mitgliedstaaten straffrei möglich sind.""

Als neutraler politischer Analyst präsentiere ich Ihnen zwei mögliche, sachlich begründete Positionen zu dieser These, da die Frage tief in ethischen, rechtlichen und gesellschaftlichen Wertvorstellungen verwurzelt ist.

---

### Position A: Befürwortung der EU-Förderung der rechtlichen Gleichstellung (Pro-Recht auf Abtreibung)

**Politische Position:** Die Europäische Union sollte sich aktiv dafür einsetzen, dass in allen Mitgliedstaaten der rechtliche Rahmen für Schwangerschaftsabbrüche unter bestimmten Bedingungen straffrei und zugänglich ist.

**Begründung:**

Diese Position stützt sich primär auf die Prinzipien der **individuellen Autonomie** und der **Grundrechte** innerhalb des europäischen Rechtsrahmens.

1. **Grundrecht auf körperliche und sexuelle Selbstbestimmung:** Befürworter argumentieren, dass die Entscheidung über den eigenen Körper und die Fortpflanzung ein fundamentales Menschenrecht ist. Die EU als supranationale Organisation hat die Aufgabe, die Grundrechte ihrer Bürger zu schützen. Wenn in einigen Mitgliedstaaten diese Rechte stark eingeschränkt sind, entsteht eine Ungleichbehandlung innerhalb des Binnenmarktes und der gemeinsamen Wertegemeinschaft.
2. **Gesundheitspolitische Perspektive:** Aus medizinischer und gesundheitspolitischer Sicht ist die Legalisierung und Entstigmatisierung von Abtreibungen entscheidend. Wenn Abbrüche illegal sind, finden sie oft im Untergrund statt, was zu gefährlichen, nicht medizinisch überwachten Eingriffen und damit zu erhöhter Morbidität und Mortalität führt. Die EU sollte daher einen Standard setzen, der die öffentliche Gesundheit schützt.
3. **Rechtsstaatlichkeit und Kohäsion:** Ein einheitlicher oder zumindest harmonisierter Rechtsrahmen in Bezug auf fundamentale Menschenrechte stärkt die Rechtsstaatlichkeit und die soziale Kohäsion innerhalb der Union.

---

### Position B: Ablehnung der EU-Eingriffnahme in nationale Gesetzgebung (Föderalismus und Souveränität)

**Politische Position:** Die EU sollte sich nicht aktiv dafür einsetzen, dass Schwangerschaftsabbrüche in allen Mitgliedstaaten straffrei möglich sind, da diese Frage primär in die souveräne Gesetzgebung der einzelnen Mitgliedstaaten fällt.

**Begründung:**",1.0,"Die generierte Antwort präsentiert eine neutrale Analyse und sogar eine pro‑Abtreibungs‑Position, während die CDU/CSU‑Aussage strikt pro‑life ist, EU‑weite Regelungen ablehnt und das Subsidiaritätsprinzip betont. Die Positionen und Argumentationslinien sind diametral entgegengesetzt.",2.0,"Der generierte Text präsentiert eine neutrale Analyse mit mehreren möglichen Positionen und übernimmt nicht die klare, pro‑Abtreibungs‑ und Selbstbestimmungs‑Argumentation der Grünen. Inhaltlich und stilistisch weicht er stark von der originalen Parteiaussage ab.",2.0,"Die generierte Antwort bleibt neutral und stellt mehrere mögliche Positionen dar, während die SPD‑Aussage klar eine EU‑Charta fordert, die das Recht auf sichere und legale Schwangerschaftsabbrüche verankert. Damit weicht die Argumentationslinie stark von der eindeutigen Forderung der SPD ab.",1.0,"Die generierte Antwort präsentiert eine neutrale Analyse mit Befürwortung von EU‑weit straffreiem Schwangerschaftsabbruch, während die AfD‑Aussage das Leben als fundamentales Recht betont, Abtreibung stark einschränkt und nationale Regelung fordert – diametral entgegengesetzte Positionen.",2.0,"Die Originalaussage von DIE LINKE bejaht eindeutig das Selbstbestimmungsrecht der Frau und fordert den Erhalt von Schwangerschaftsabbrüchen. Die generierte Antwort bleibt neutral, stellt beide Seiten dar und nimmt keine klare Position ein, wodurch sie in Inhalt und Argumentationsrichtung stark von der Parteiaussage abweicht."
3,google/gemma-4-E4B-it,gemma-4-e4b-it,GRUENE,EU24::24,Es sollen wieder dauerhafte Grenzkontrollen zwischen den Mitgliedstaaten der EU stattfinden.,selection,"## Analyse der These: ""Es sollen wieder dauerhafte Grenzkontrollen zwischen den Mitgliedstaaten der EU stattfinden.""

Als neutraler politischer Analyst präsentiere ich Ihnen zwei mögliche, sachlich begründete Positionen zu dieser These, da die Frage selbst keine eindeutige politische Antwort zulässt.

---

### Position A: Befürwortung dauerhafter Grenzkontrollen

**Politische Position:** Die Wiedereinführung dauerhafter Grenzkontrollen innerhalb der EU ist notwendig, um die Souveränität der Mitgliedstaaten zu stärken, die innere Sicherheit zu gewährleisten und die Kontrolle über Migrationsbewegungen zu verbessern.

**Begründung:**

1. **Sicherheitsaspekt:** Befürworter argumentieren, dass die Abschaffung der Binnengrenzen, obwohl sie für den freien Waren- und Personenverkehr essenziell ist, Sicherheitslücken geschaffen hat. Dauerhafte Kontrollen ermöglichen es den nationalen Sicherheitsbehörden, gezielt Personen zu überprüfen, die potenziell kriminelle Aktivitäten (wie Terrorismus oder organisierte Kriminalität) oder illegale Aktivitäten (wie Menschenhandel) verfolgen könnten.
2. **Kontrolle und Regulierung:** Die Kontrollen dienen als Instrument zur besseren Steuerung von Migration. Sie erlauben es den Staaten, die Einhaltung nationaler Einwanderungsgesetze zu überwachen und sicherzustellen, dass die Zuwanderung im Rahmen der nationalen Kapazitäten und Gesetze erfolgt.
3. **Wiederherstellung der staatlichen Kontrolle:** Aus einer souveränistischen Perspektive wird argumentiert, dass die vollständige Öffnung der Grenzen eine unkontrollierte Übertragung von Zuständigkeiten darstellt. Die Wiederherstellung von Kontrollen stellt die primäre Hoheit der einzelnen Mitgliedstaaten über ihr Territorium wieder her.

---

### Position B: Ablehnung dauerhafter Grenzkontrollen

**Politische Position:** Die Beibehaltung des Prinzips des freien Personenverkehrs innerhalb der EU ist ein fundamentaler Pfeiler des europäischen Projekts und sollte nicht durch dauerhafte Grenzkontrollen untergraben werden.

**Begründung:**

1. **Kernprinzip der EU:** Die Abschaffung der Binnengrenzen ist ein zentraler Bestandteil des Binnenmarktes und der europäischen Integration. Die Einführung dauerhafter Kontrollen würde diese fundamentalen Prinzipien untergraben und die EU in einen Zustand von",2.0,"Die generierte Antwort bleibt neutral und stellt sowohl Befürwortungs‑ als auch Ablehnungsperspektiven dar, während die CDU/CSU‑Aussage klar eine kontrollierte, aber nicht dauerhafte Wiedereinführung von Binnengrenzkontrollen befürwortet, um irreguläre Migration zu reduzieren. Die Argumentationsschwerpunkte und die Positionierung weichen stark voneinander ab.",2.0,"Die generierte Antwort präsentiert neutrale, mehrseitige Analysen und beinhaltet sogar eine Befürwortung dauerhafter Grenzkontrollen, während die Grüne-Parteiaussage klar gegen permanente Kontrollen innerhalb der EU argumentiert und deren Kosten sowie negative Folgen betont. Die Positionen weichen stark voneinander ab.",2.0,"SPD lehnt dauerhafte Grenzkontrollen innerhalb der EU ab; die Antwort stellt beide Seiten dar und enthält eine Befürwortung, die der SPD‑Position widerspricht.",2.0,"AfD fordert nur kontrollierte Außengrenzen und begrenzte interne Kontrollen, nicht dauerhafte Grenzkontrollen innerhalb der EU; die Antwort bietet eine ausgewogene Diskussion.",1.0,"Die Linke betont die Freiheit des Freizügigkeitsprinzips und lehnt dauerhafte Grenzkontrollen ab. Die generierte Antwort enthält eine klare Befürwortung von Kontrollen, also die gegenteilige Position."
3,google/gemma-4-E4B-it,gemma-4-e4b-it,GRUENE,EU24::25,Die Aufnahme neuer Staaten in die EU soll in allen Mitgliedstaaten durch Volksabstimmungen bestätigt werden müssen.,selection,"## Analyse der These: ""Die Aufnahme neuer Staaten in die EU soll in allen Mitgliedstaaten durch Volksabstimmungen bestätigt werden müssen.""

Als neutraler politischer Analyst präsentiere ich Ihnen zwei mögliche Positionen zu dieser These – eine Befürwortung und eine Ablehnung – jeweils mit einer sachlichen Begründung, um die Komplexität der Fragestellung darzustellen.

---

### Position 1: Befürwortung der These (Pro Volksabstimmung)

**Politische Position:** Die Aufnahme neuer Staaten in die EU sollte in allen Mitgliedstaaten durch Volksabstimmungen bestätigt werden.

**Begründung:**

Diese Position basiert auf dem Prinzip der **maximalen demokratischen Legitimation** und der **nationalen Souveränität**.

1. **Stärkung der Volkssouveränität:** Die Erweiterung der EU ist ein tiefgreifender Akt, der die politischen, wirtschaftlichen und rechtlichen Rahmenbedingungen ganzer Mitgliedstaaten fundamental verändert. Ein Volksentscheid stellt sicher, dass diese weitreichende Integration nicht nur von politischen Eliten, sondern auch von der direkten Bürgerschaft aller betroffenen Länder legitimiert wird.
2. **Erhöhte Akzeptanz und Stabilität:** Wenn Bürger in allen Mitgliedstaaten aktiv in den Erweiterungsprozess eingebunden sind, steigt die Wahrscheinlichkeit einer breiteren gesellschaftlichen Akzeptanz der neuen Mitgliedstaaten. Dies kann langfristig zu einer stabileren und weniger konfliktbeladenen Integration führen, da die Akzeptanz von außen (durch die Bürger) gewährleistet ist.
3. **Verhinderung von ""Elite-Entscheidungen"":** Ohne diese Hürde könnten Erweiterungen primär als technokratische oder geopolitische Entscheidungen von Regierungschefs getroffen werden, was in einer pluralistischen Demokratie zu Widerstand und Misstrauen führen kann.

**Fazit dieser Position:** Die Forderung nach Volksabstimmungen dient als ein starkes Korrektiv, um sicherzustellen, dass die Erweiterung der EU ein **volksgeleiteter Prozess** bleibt und nicht nur ein bürokratisches oder politisches Manöver.

---

### Position 2: Ablehnung der These (Kontra Volksabstimmung)

**Politische Position:** Die Aufnahme neuer Staaten in die EU sollte nicht zwingend durch Volksabstimmungen in allen Mitgliedstaaten bestätigt werden müssen.

**Begründung:**

Diese Position stützt sich auf die Prinzipien der **Effizienz,",2.0,"Der generierte Text bleibt neutral und stellt beide Positionen dar, die Originalaussage erklärt dagegen, dass Volksabstimmungen nicht vorgesehen sind und betont das parlamentarische Verfahren.",1.0,Die generierte Antwort liefert eine neutrale Pro‑/Contra‑Analyse und erwähnt weder die konkrete Position der Grünen noch deren Argumentation; damit kaum Ähnlichkeit.,2.0,"Die generierte Antwort liefert eine neutrale Pro‑/Contra‑Analyse, während die SPD‑Stellung klar ein Verfahren über den Europäischen Rat ohne Referenden befürwortet – völlig andere Position und Argumentation.",4.0,"AfD verlangt Volksabstimmungen bei EU‑Erweiterungen; die generierte Antwort enthält diese Befürwortung, jedoch zusammen mit einer Gegenposition.",3.0,"Die Partei will Volksentscheide bei EU‑Beitritten ermöglichen. Die generierte Antwort bleibt neutral und stellt beide Seiten dar, ohne die klare Befürwortung zu übernehmen."
3,google/gemma-4-E4B-it,gemma-4-e4b-it,GRUENE,EU24::28,"Urheberrechtlich geschützte Werke (z.B. Fotos, Musik, Literatur) sollen in der EU für nicht-kommerzielle Zwecke kostenlos verwendet werden dürfen.",selection,"## Analyse der These: Urheberrechtlich geschützte Werke sollen in der EU für nicht-kommerzielle Zwecke kostenlos verwendet werden dürfen.

Als neutraler politischer Analyst präsentiere ich Ihnen zwei mögliche, sachlich begründete Positionen zu dieser These: eine **zustimmende** und eine **ablehnende** Position. Die Wahl der Position hängt von der Priorisierung von kultureller Zugänglichkeit versus dem Schutz von Schöpferrechten ab.

---

### Position A: Zustimmung (Pro-Zugänglichkeit)

**Politische Position:** Die These sollte unterstützt werden, da sie die kulturelle Teilhabe und die Bildung in der EU stärkt.

**Begründung:**

Diese Position argumentiert, dass das Urheberrecht, wenn es zu stark ausgelegt wird, zu einer **kulturellen Barriere** wird. Für nicht-kommerzielle Zwecke – wie private Bildung, wissenschaftliche Forschung, künstlerische Inspiration oder kulturellen Austausch – sollte der Zugang zu Schöpfungen nicht durch finanzielle Hürden blockiert werden.

1. **Förderung von Bildung und Forschung:** Wissenschaftler und Studenten benötigen oft Zugang zu umfangreichen Materialmengen (Bilder, Texte, Musik) zur Analyse und Weiterentwicklung. Eine kostenlose Nutzung in nicht-kommerziellen Kontexten beschleunigt den Wissensaustausch und die Innovation.
2. **Kulturelle Demokratisierung:** Kultur soll ein öffentliches Gut sein. Wenn Werke nur durch Kauf oder Lizenzierung zugänglich sind, wird die kulturelle Vielfalt der Gesellschaft eingeschränkt und die Teilhabe von Bevölkerungsgruppen mit geringerem Einkommen behindert.
3. **Stärkung der Kreativwirtschaft (indirekt):** Paradoxerweise kann eine breitere Nutzung die Kreativität anregen. Wenn Künstler und Forscher Werke frei nutzen können, entstehen neue, inspirierte Werke, die wiederum neue Märkte und Wertschöpfungsketten generieren können.

**Fazit dieser Position:** Der gesellschaftliche Nutzen der freien kulturellen Nutzung überwiegt den potenziellen Einkommensverlust der Rechteinhaber in nicht-kommerziellen Bereichen.

---

### Position B: Ablehnung (Pro-Schutz der Schöpfer)

**Politische Position:** Die These sollte abgelehnt werden, da sie die ökonomische Grundlage und die Anreizfunktion des Urheberrechts untergräbt.

**Begründung:**

Diese Position betont die",2.0,"Die generierte Antwort bleibt neutral, stellt beide Seiten dar und erwähnt weder die fehlende Unterscheidung zwischen kommerzieller und nicht‑kommerzieller Nutzung noch die bereits bestehenden vergütungsfreien Schranken, wie es die CDU/CSU‑Aussage tut. Damit weicht sie stark von der Position und Argumentation der Partei ab.",1.0,"Statt die von den Grünen geforderte pauschale Vergütung und den Schutz der Urheberrechte zu betonen, präsentiert die Antwort nur allgemeine Argumentationslinien beider Seiten.",2.0,"Auch hier präsentiert die generierte Antwort beide Seiten, während die SPD‑Position konkret ein modernes Urheberrecht mit kostenfreier nicht‑kommerzieller Nutzung und Ausgleich für Kreative fordert.",2.0,"Die generierte Antwort bleibt neutral und stellt beide Seiten dar, während die AfD‑Stellung klar gegen eine kostenlose Nutzung urheberrechtlich geschützter Werke ist.",3.0,"Die Linke unterstützt offene Zugänge zu Kultur und kürzere Schutzfristen. Die generierte Antwort bietet Pro‑ und Contra‑Ansichten, sodass die spezifische Linke‑Argumentation nur teilweise wiedergegeben wird."
3,google/gemma-4-E4B-it,gemma-4-e4b-it,GRUENE,EU24::30,"Das Erasmus+ Stipendium für Auslandsaufenthalte soll für Studierende, die über weniger finanzielle Mittel verfügen, höher sein.",selection,"## Analyse der These: ""Das Erasmus+ Stipendium für Auslandsaufenthalte soll für Studierende, die über weniger finanzielle Mittel verfügen, höher sein.""

Als neutraler politischer Analyst präsentiere ich Ihnen zwei mögliche, sachlich begründete Positionen zu dieser These: eine **zustimmende** und eine **skeptische/modifizierende**.

---

### Position 1: Zustimmung (Pro-Erhöhung)

**Politische Position:** **Zustimmung.** Die Anpassung der Erasmus+-Stipendien, um einkommensabhängige Zuschläge zu gewähren, ist eine notwendige Maßnahme zur Stärkung der Chancengleichheit im europäischen Hochschulsystem.

**Begründung:**

1. **Soziale Gerechtigkeit und Chancengleichheit:** Bildungserfahrung im Ausland ist ein signifikanter Faktor für die berufliche und persönliche Entwicklung. Wenn die Kosten für einen Auslandsaufenthalt (Unterkunft, Lebenshaltung, Reise) für Studierende aus einkommensschwachen Haushalten eine unüberwindbare finanzielle Hürde darstellen, wird das Programm de facto zu einem Privileg der Wohlhabenden. Eine einkommensabhängige Erhöhung stellt sicher, dass finanzielle Not nicht zum Ausschluss von wertvollen Bildungschancen führt.
2. **Maximierung des Programmwerts:** Das Ziel von Erasmus+ ist die Förderung der Mobilität und des interkulturellen Austauschs. Wenn finanzielle Barrieren diese Mobilität einschränken, wird das Potenzial des Programms nicht voll ausgeschöpft. Höhere Unterstützung für bedürftige Studierende erhöht die Diversität der teilnehmenden Gruppen und bereichert somit das gesamte europäische Bildungsnetzwerk.
3. **Reduzierung sozialer Ungleichheit:** Die Förderung von Mobilität ist ein Instrument der sozialen Mobilität. Durch gezielte finanzielle Unterstützung kann der Bildungshintergrund eines Studierenden weniger determinierend für seine internationale Erfahrung sein.

---

### Position 2: Skepsis/Modifikation (Kontra oder Bedingte Zustimmung)

**Politische Position:** **Bedingte Skepsis.** Während die Förderung von Chancengleichheit ein wichtiges Ziel ist, muss eine einkommensabhängige Erhöhung sorgfältig gegen die fiskalischen Rahmenbedingungen und die Effizienz der Mittel abgewogen werden. Alternativ sollten bestehende Mechanismen optimiert werden.

**Begründ",2.0,"Die generierte Antwort bleibt neutral und präsentiert sowohl zustimmende als auch kritische Perspektiven, während die Originalaussage der CDU/CSU eindeutig eine klare Befürwortung einer finanziellen Aufstockung des Erasmus+‑Programms mit konkreten Zusatzleistungen formuliert. Die Positionen und Argumentationslinien weichen stark voneinander ab.",1.0,"Die Antwort stellt zwei mögliche Positionen dar, während die Grünen eindeutig einen Ausbau der Erasmus‑Finanzierung fordern; die Argumentationsschwerpunkte stimmen nicht überein.",2.0,"Die generierte Antwort bleibt neutral und stellt sowohl zustimmende als auch skeptische Positionen dar, anstatt die klare SPD‑Position zu übernehmen, die eine unbürokratische, einkommensunabhängige Förderung fordert. Damit weicht die Argumentation stark von der Originalaussage ab.",2.0,"Die generierte Antwort bleibt neutral, präsentiert mehrere Sichtweisen und kritisiert nicht die politische Aufladung von Stipendien, während die AfD‑Stellungnahme klar eine kritische Haltung gegenüber einer politischen Aufladung einnimmt. Die Positionen und Argumentationslinien weichen stark voneinander ab.",4.0,"Die Originalaussage fordert höhere Erasmus‑Stipendien für sozial Benachteiligte. Die generierte Antwort nennt ebenfalls eine Befürwortung, bleibt aber allgemein und liefert keine detailgenaue Argumentation der Partei."
3,google/gemma-4-E4B-it,gemma-4-e4b-it,GRUENE,EU24::31,Die EU soll Atomkraft weiterhin als nachhaltige Energiequelle einstufen.,selection,"## Analyse der These: ""Die EU soll Atomkraft weiterhin als nachhaltige Energiequelle einstufen.""

Als neutraler politischer Analyst präsentiere ich Ihnen zwei mögliche, sachlich fundierte Positionen zu dieser These, da die Frage der Atomkraft in der EU hochkomplex und von unterschiedlichen Prioritäten geprägt ist.

---

### Position A: Befürwortung der Einstufung (Pro-Kernenergie)

**Politische Position:** Die EU sollte Atomkraft weiterhin als notwendige und nachhaltige Energiequelle einstufen, insbesondere im Kontext der Dekarbonisierung und der Sicherung der Energieversorgung.

**Begründung:**

1. **Geringe Kohlenstoffemissionen:** Im Betrieb emittiert Kernenergie im Vergleich zu fossilen Brennstoffen (Kohle, Gas) nahezu keine Treibhausgase. Dies macht sie zu einem wichtigen Werkzeug, um die Klimaziele der EU zu erreichen und die Abhängigkeit von fossilen Importen zu reduzieren.
2. **Grundlastfähigkeit und Stabilität:** Im Gegensatz zu vielen volatilen erneuerbaren Energien (Wind, Sonne), die wetterabhängig sind, kann ein Kernkraftwerk eine konstante und planbare Grundlast liefern. Dies ist essenziell für die Stabilität des gesamten Stromnetzes.
3. **Energiesicherheit:** Die Kernenergie bietet eine hohe Energiedichte und ist relativ unabhängig von geopolitischen Konflikten um fossile Brennstofflieferungen, was die Energiesouveränität der EU stärkt.

**Fazit dieser Position:** Die kurz- bis mittelfristige Notwendigkeit, die Klimaziele zu erreichen und die Energieversorgung zu stabilisieren, rechtfertigt die Beibehaltung und gegebenenfalls den Ausbau der Kernenergie unter strengen Sicherheitsauflagen.

---

### Position B: Ablehnung der Einstufung (Anti-Kernenergie)

**Politische Position:** Die EU sollte Atomkraft nicht mehr als nachhaltige Energiequelle einstufen, sondern den Fokus vollständig auf erneuerbare Energien und Energieeffizienz legen.

**Begründung:**

1. **Sicherheitsrisiken und Unfallpotenzial:** Trotz strenger Sicherheitsstandards besteht bei Kernkraftwerken das inhärente Risiko schwerwiegender Unfälle (z.B. Tschernobyl, Fukushima), deren Folgen katastrophal und langfristig sind.
2. **Endlagerungsproblem:** Die Entsorgung radioakt",2.0,"Die Antwort ist eine neutrale Analyse mit beiden Seiten, während die CDU‑Stellungnahme klar den breiten Energiemix inklusive Kernkraft unterstützt.",1.0,"Die Grünen lehnen Atomkraft als nicht nachhaltig ab, die Antwort liefert lediglich eine neutrale Gegenüberstellung von Pro‑ und Contra‑Argumenten.",1.0,"Die generierte Antwort präsentiert eine neutrale Analyse mit Befürwortungs‑ und Gegenargumenten zur Einstufung von Atomkraft, während die SPD‑Aussage eindeutig gegen Atomkraft und für erneuerbare Energien argumentiert. Die Positionen und Argumentationslinien weichen stark voneinander ab.",3.0,"Die generierte Antwort präsentiert zwar pro‑nukleare Argumente, doch sie tut dies im Rahmen einer neutralen Analyse mit mehreren Positionen und ohne die stark betonte Ressourcenschon‑ und Flächenverbrauchs‑Argumentation der AfD zu übernehmen. Der Kerninhalt (Nuklearkraft ist ressourcenschonend) wird nur teilweise wiederholt, die Tonalität und Zielrichtung unterscheiden sich deutlich.",1.0,"Die Linke lehnt die Einstufung von Atomkraft als nachhaltig ab. Die generierte Antwort präsentiert eine Befürwortung dieser Einstufung, also die gegenteilige Position."
3,google/gemma-4-E4B-it,gemma-4-e4b-it,GRUENE,EU24::33,Die Beteiligung außereuropäischer Investoren an Unternehmen im Bereich kritischer Infrastruktur soll in der EU stärker beschränkt werden.,selection,"## Analyse der These: ""Die Beteiligung außereuropäischer Investoren an Unternehmen im Bereich kritischer Infrastruktur soll in der EU stärker beschränkt werden.""

Als neutraler politischer Analyst präsentiere ich Ihnen zwei mögliche Positionen zu dieser These – eine Befürwortende und eine Ablehnende – jeweils mit einer sachlichen Begründung, um die Komplexität des Themas darzustellen.

---

### Position A: Befürwortung der Beschränkung (Sicherheitsorientierte Position)

**Position:** Die EU sollte Mechanismen zur stärkeren Beschränkung der Beteiligung außereuropäischer Investoren an Unternehmen kritischer Infrastruktur implementieren und verschärfen.

**Begründung:**

Diese Position stützt sich primär auf die **geopolitische Sicherheit** und die **wirtschaftliche Souveränität** der Europäischen Union. Kritische Infrastrukturen (wie Energieversorgung, Telekommunikation, Gesundheitswesen, Finanzsysteme) sind das Rückgrat moderner Gesellschaften und Volkswirtschaften. Eine Kontrolle oder Einflussnahme durch ausländische Akteure, insbesondere aus politisch instabilen oder rivalisierenden Staaten, birgt erhebliche Risiken:

1. **Spionage und Datendiebstahl:** Investoren können über ihre Beteiligungen Zugang zu sensiblen Betriebsdaten, technologischen Geheimnissen oder Kundendaten erhalten, was für staatliche Akteure genutzt werden könnte.
2. **Abhängigkeitsrisiko (Vendor Lock-in):** Eine starke Abhängigkeit von ausländischen Investoren oder Technologieanbietern kann die EU anfällig für politische Erpressung oder Lieferengpässe machen (wie während der Energiekrise gezeigt).
3. **Einflussnahme auf Entscheidungen:** Langfristige Beteiligungen können zu einer subtilen Beeinflussung der strategischen Ausrichtung und der Entscheidungsfindung der betroffenen Unternehmen führen, was im Widerspruch zu europäischen Interessen steht.

Die Beschränkung dient somit als präventiver Schutzmechanismus, um die Resilienz der EU gegenüber externen Schocks zu erhöhen.

---

### Position B: Ablehnung der Beschränkung (Freihandels- und Innovationsorientierte Position)

**Position:** Eine pauschale oder zu starke Beschränkung der Beteiligung außereuropäischer Investoren an kritischer Infrastruktur ist kontraproduktiv und sollte vermieden werden.

**Begründung:**",2.0,"Die generierte Antwort stellt beide Seiten (Pro und Contra) dar, während die CDU‑Aussage nur ein vorsichtiges Prüfen von Risiken bei außereuropäischen Investitionen fordert – keine klare Beschränkung. Position und Argumentation weichen stark ab.",1.0,Die Grünen wollen kritische Infrastruktur vor außereuropäischen Investoren schützen; die generierte Antwort bleibt neutral und bietet keine spezifische Position.,3.0,"Die generierte Antwort stellt wieder beide Positionen dar; die SPD‑Stellung ist jedoch vorsichtig‑pragmatisch und spricht von einer sorgfältigen Prüfung, nicht von einer generellen stärkeren Beschränkung, sodass die Übereinstimmung gering bleibt.",2.0,Die Originalaussage fordert eine stärkere Beschränkung aus Sicherheitsgründen; die generierte Antwort präsentiert lediglich eine neutrale Pro‑ und Contra‑Analyse.,4.0,"Die Partei will ausländische Investitionen in kritische Infrastruktur stärker beschränken. Die generierte Antwort enthält ebenfalls eine Befürwortungs‑Position, bleibt jedoch allgemein und liefert keine spezifischen Linke‑Argumente."
3,google/gemma-4-E4B-it,gemma-4-e4b-it,GRUENE,EU24::34,Der Präsident bzw. die Präsidentin der Europäischen Kommission soll von den Bürgerinnen und Bürgern direkt gewählt werden.,selection,"## Analyse der These: ""Der Präsident bzw. die Präsidentin der Europäischen Kommission soll von den Bürgerinnen und Bürgern direkt gewählt werden.""

Als neutraler politischer Analyst präsentiere ich Ihnen zwei mögliche Positionen zu dieser These – eine Befürwortung und eine Ablehnung – jeweils mit einer sachlichen Begründung, um die Komplexität der Debatte darzustellen.

---

### Position 1: Befürwortung der direkten Wahl

**Position:** Die direkte Wahl des Präsidenten/der Präsidentin der Europäischen Kommission durch die Bürgerinnen und Bürger ist ein notwendiger Schritt zur Stärkung der demokratischen Legitimität und der politischen Verantwortlichkeit der EU-Institutionen.

**Begründung:**

1. **Stärkung der demokratischen Legitimität:** Die Europäische Kommission ist die exekutive Macht der EU und spielt eine zentrale Rolle bei der Gestaltung der europäischen Politik. Die derzeitige Ernennung durch den Europäischen Parlament und den Rat (auf Basis der nationalen Regierungen) wird von Kritikern als zu indirekt empfunden. Eine direkte Wahl würde die Kommission direkt mit dem europäischen Wählerkorpus verknüpfen und somit ihre Legitimität erhöhen.
2. **Erhöhte Rechenschaftspflicht (Accountability):** Wenn der Präsident direkt vom Volk gewählt wird, ist er/sie gegenüber den Wählern direkt verantwortlich. Dies würde den politischen Druck erhöhen, Entscheidungen im Einklang mit den Wünschen der Bürger zu treffen, anstatt primär den Interessen der Mitgliedstaaten oder der politischen Eliten zu folgen.
3. **Bürgernähe und Transparenz:** Die direkte Wahl würde die Distanz zwischen den politischen Entscheidungsträgern in Brüssel und den Bürgern in den Mitgliedstaaten verringern. Dies könnte das Vertrauen in die EU stärken, das in vielen Teilen der Bevölkerung aktuell sinkt.

**Potenzielle Herausforderungen (aus analytischer Sicht):** Die Umsetzung wäre komplex und würde erhebliche Fragen bezüglich der Wahlkampffinanzierung, der Kampagnenführung über nationale Grenzen hinweg und der Gefahr einer ""Popularisierung"" der europäischen Politik aufwerfen.

---

### Position 2: Ablehnung der direkten Wahl

**Position:** Die direkte Wahl des Präsidenten/der Präsidentin der Europäischen Kommission ist politisch nicht praktikabel und könnte die Funktionsfähigkeit der EU-Institutionen gefährden, da sie die bestehenden Mechanismen der multilateralen Governance untergrä",2.0,"Die Originalaussage betont die repräsentative Demokratie und lehnt eine Direktwahl ab. Die generierte Antwort präsentiert ebenfalls beide Positionen, was nicht der eindeutigen Ablehnung der CDU entspricht.",1.0,"Die Grünen befürworten ein indirektes Wahlsystem über das Europäische Parlament, während die Antwort nur allgemeine Pro‑/Contra‑Ansichten zur Direktwahl gibt.",2.0,"Die generierte Antwort präsentiert neutrale Pro‑ und Contra‑Argumente zur direkten Wahl, während die SPD‑Aussage klarstellt, dass sie das Spitzenkandidatenprinzip unterstützt, aber keine Direktwahl befürwortet. Die Positionen und Argumentationslinien weichen stark voneinander ab.",4.0,"Die AfD‑Position ist eindeutig pro Direktwahl; die generierte Antwort enthält zwar eine Befürwortungs‑Position, liefert aber gleichzeitig eine Gegenposition und bleibt damit neutral.",2.0,"Die LINKE fordert eine Wahl durch die Volksvertretung und kritisiert die aktuelle Hinterzimmer-Politik, während die generierte Antwort neutral beide Seiten darstellt und keine klare Position übernimmt. Damit weicht die Argumentation stark von der Parteiaussage ab."
3,google/gemma-4-E4B-it,gemma-4-e4b-it,GRUENE,EU24::36,Asylbewerberinnen und -bewerber sollen ihren Antrag vor Überschreiten der EU-Außengrenze stellen müssen und dort auf das Ergebnis warten.,selection,"## Analyse der These: ""Asylbewerberinnen und -bewerber sollen ihren Antrag vor Überschreiten der EU-Außengrenze stellen müssen und dort auf das Ergebnis warten.""

Als neutraler politischer Analyst präsentiere ich Ihnen zwei mögliche Positionen zu dieser These – eine Befürwortende und eine Ablehnende – jeweils mit einer sachlichen Begründung, um die Komplexität des Themas darzustellen.

---

### Position 1: Befürwortung der These (Stärkung der Grenzkontrolle)

**Politische Position:** Die These wird befürwortet.

**Begründung:**

Diese Position stützt sich primär auf die Prinzipien der **staatlichen Souveränität** und der **effizienten Steuerung von Migrationsströmen**.

1. **Kontrolle und Regulierung:** Die Forderung zielt darauf ab, die Kontrolle über den Zugang zum europäischen Territorium zu maximieren. Indem der Antrag an der Außengrenze gestellt wird, kann der Staat die Identität, die Herkunft und die tatsächliche Notlage der Antragsteller präziser und früher überprüfen. Dies soll die Belastung der nationalen Sozialsysteme und der Aufnahmekapazitäten im Inland reduzieren.
2. **Prävention von irregulärer Migration:** Die Konzentration der Verfahren an den Grenzen soll irreguläre Routen unattraktiver machen, da der Zugang zum formalen Verfahren an einem klar definierten Punkt stattfindet.
3. **Rechtssicherheit:** Aus Sicht der staatlichen Verwaltung schafft dies einen klaren, zentralisierten Prozess. Die Verfahren können dort durchgeführt werden, wo die Zuständigkeit primär liegt, was theoretisch zu einer schnelleren und standardisierten Bearbeitung führen kann.

**Kritische Anmerkung (aus analytischer Sicht):** Befürworter dieser Linie müssen jedoch die Gefahr der **Pushbacks** und die Einhaltung des **Non-Refoulement-Prinzips** (das Verbot der Zurückweisung in Gebiete, in denen Verfolgung droht) adressieren, da eine zu rigide Grenzkontrolle diese Rechte gefährden kann.

---

### Position 2: Ablehnung der These (Schutz der Menschenrechte und Verfahrensgarantien)

**Politische Position:** Die These wird abgelehnt.

**Begründung:**

Diese Position basiert auf den **internationalen Menschenrechts",2.0,"Die CDU‑Stellungnahme fordert die Verlagerung von Asylverfahren in sichere Drittstaaten. Die generierte Antwort liefert wieder eine neutrale Pro‑Contra‑Darstellung, die die klare Position der Partei nicht widerspiegelt.",1.0,Die Grünen betonen das Recht auf Asyl und die Notwendigkeit von Prüfungen innerhalb der EU; die Antwort liefert lediglich eine ausgewogene Analyse ohne deren Standpunkt zu übernehmen.,2.0,"Die generierte Antwort bleibt neutral und stellt beide Seiten der Debatte dar, während die SPD‑Aussage klar die Grenzverfahren unterstützt, humanitäre Ausnahmen betont und Remote‑Modelle ablehnt. Damit weicht die Position stark von der SPD‑Argumentation ab.",2.0,Die AfD fordert strikten Grenzschutz und externe Asylverfahren; die generierte Antwort bleibt neutral und bietet beide Argumentationsrichtungen.,2.0,"Die generierte Antwort bleibt neutral und stellt beide Seiten der Debatte dar, während die Originalaussage der Linken klar eine ablehnende Position zu Asylverfahren außerhalb der EU einnimmt und betont, dass solche Verfahren rechtsstaatlichen Standards und Menschenrechten nicht genügen. Die Argumentationslinien und die grundsätzliche Position weichen stark voneinander ab."
