schema_version,model,model_short_name,steered_party_key,thesis_key,thesis,split,steered_response,sim_CDU_CSU,judge_rationale_CDU_CSU,sim_GRUENE,judge_rationale_GRUENE,sim_SPD,judge_rationale_SPD,sim_AfD,judge_rationale_AfD,sim_DIE_LINKE,judge_rationale_DIE_LINKE
3,google/gemma-4-E4B-it,gemma-4-e4b-it,CDU_CSU,BT21::3,Bei Bundestagswahlen sollen auch Jugendliche ab 16 Jahren wählen dürfen.,selection,"## Analyse der These: ""Bei Bundestagswahlen sollen auch Jugendliche ab 16 Jahren wählen dürfen.""

Als neutraler politischer Analyst präsentiere ich Ihnen zwei mögliche, sachlich begründete Positionen zu dieser These: eine Befürwortende und eine Skeptische/Ablehnende.

---

### Position 1: Befürwortend (Pro)

**Politische Position:** Die Einführung des Wahlrechts für alle Bürger ab 16 Jahren sollte geprüft und umgesetzt werden.

**Begründung:**

Diese Position stützt sich auf die Prinzipien der **demokratischen Teilhabe** und der **politischen Reife**.

1. **Frühe Einbindung und politische Sozialisation:** Das Wahlalter von 16 Jahren würde junge Menschen früher in den politischen Prozess einbinden. Dies fördert die politische Bildung und die politische Sozialisation. Wer früh wählt, entwickelt ein tieferes Verständnis für politische Zusammenhänge und ist tendenziell langfristig stärker in demokratische Prozesse eingebunden.
2. **Relevanz der Themen:** Jugendliche sind direkt von politischen Entscheidungen betroffen, insbesondere in Bereichen wie Bildung, Klimaschutz, Digitalisierung und Arbeitsmarkt. Die Einschränkung des Wahlrechts bedeutet, dass deren spezifische Interessen in der Entscheidungsfindung des Bundestages nicht vollständig abgebildet werden.
3. **Internationaler Trend:** Mehrere Länder (z.B. Österreich, Malta) haben bereits ein Wahlalter von 16 Jahren eingeführt. Dies zeigt, dass die praktische Umsetzung möglich ist und die Vorteile in diesen Systemen beobachtet werden.

**Fazit dieser Position:** Die Erweiterung des Wahlrechts ist ein Schritt hin zu einer inklusiveren und zukunftsorientierteren Demokratie, die die Perspektiven aller Bevölkerungsgruppen berücksichtigt.

---

### Position 2: Skeptisch/Ablehnend (Contra)

**Politische Position:** Das Wahlalter sollte vorerst beibehalten werden, da die volle politische Urteilsfähigkeit und die notwendige politische Erfahrung erst mit dem 18. Lebensjahr erreicht werden.

**Begründung:**

Diese Position fokussiert auf die **Komplexität politischer Entscheidungen** und die **Entwicklungspsychologie**.

1. **Politische Reife und Informationskompetenz:** Kritiker argumentieren, dass die politische Urteilsfähigkeit, die für die Wahl eines komplexen Regierungsprogramms notwendig ist, erst mit der Volljähr",2.0,"Die generierte Antwort präsentiert neutrale Pro‑ und Contra‑Positionen, während die CDU klar das Wahlalter bei 18 verankert und keine Befürwortung für 16‑Jährige äußert.",2.0,"Die generierte Antwort bleibt neutral und stellt Pro‑ und Contra‑Argumente dar, während die Grünen eindeutig das Wahlrecht ab 16 befürworten.",2.0,"Die SPD befürwortet das Wahlalter ab 16, die generierte Antwort bleibt neutral und präsentiert beide Seiten, ohne die klare SPD‑Position zu übernehmen.",1.0,Die generierte Antwort liefert eine neutrale Pro‑/Contra‑Analyse und spiegelt die ablehnende Position der AfD zum Wahlalter von 16 nicht wider.,2.0,"Die generierte Antwort bleibt neutral und stellt Pro‑ und Contra‑Argumente dar, während DIE LINKE eindeutig die Ausweitung des Wahlrechts für 16‑Jährige befürwortet."
3,google/gemma-4-E4B-it,gemma-4-e4b-it,CDU_CSU,BT21::4,Die Förderung von Windenergie soll beendet werden.,selection,"## Analyse der These: ""Die Förderung von Windenergie soll beendet werden.""

Als neutraler politischer Analyst präsentiere ich Ihnen zwei mögliche, sachlich begründete politische Positionen zu dieser These: eine **zustimmende** und eine **ablehnende** Position. Die Wahl der tatsächlichen politischen Haltung hängt von den jeweiligen Prioritäten (ökologische Nachhaltigkeit vs. wirtschaftliche/energetische Sicherheit) ab.

---

### Position 1: Zustimmung zur These (Förderung soll beendet werden)

**Politische Position:** Die staatliche Förderung von Windenergie sollte schrittweise beendet werden, um den Markt zu liberalisieren und die Abhängigkeit von staatlichen Subventionen zu reduzieren.

**Begründung:**

Diese Position stützt sich primär auf ökonomische und marktbasierte Argumente. Befürworter argumentieren, dass die Energiewende durch staatliche Subventionen künstlich verzerrt wird. Sobald die Technologie ausgereift ist und die Kosten wettbewerbsfähig sind (was bei vielen erneuerbaren Energien der Fall ist), sollte der Markt selbst die Preise und die Ausbaugeschwindigkeit bestimmen.

**Kernargumente:**

1. **Marktmechanismen:** Staatliche Förderungen können zu Ineffizienzen führen und Investitionen in weniger effiziente Projekte lenken. Ein freier Markt würde Innovationen belohnen, die die Kosten senken.
2. **Kosten-Nutzen-Analyse:** Die Kosten für den Netzausbau und die Speicherung von Windenergie sind signifikant. Wenn die Förderung beendet wird, muss die Wirtschaft die tatsächlichen Systemkosten tragen, was zu einer realistischeren Preisgestaltung führt.
3. **Technologische Diversifizierung:** Die Beendigung der Fokussierung auf Windenergie könnte Investitionen in andere, potenziell effizientere oder stabilere Energiequellen (z.B. Kernenergie, Wasserstoff, Geothermie) lenken, um die gesamte Energiemix-Stabilität zu gewährleisten.

---

### Position 2: Ablehnung der These (Förderung soll fortgesetzt werden)

**Politische Position:** Die staatliche Förderung von Windenergie muss beibehalten und gegebenenfalls verstärkt werden, um die Klimaziele zu erreichen und die Energiewende zu beschleunigen.

**Begründung:**

Diese Position basiert auf ökologischen Notwendigkeiten und der Notwendigkeit",2.0,"Die Originalaussage befürwortet den naturverträglichen Ausbau von Windenergie; die generierte Antwort bleibt neutral und stellt beide Seiten dar, was kaum der Parteiposition entspricht.",2.0,"Die Antwort liefert eine ausgewogene Analyse, die nicht die klare grüne Position zur Fortführung von Förderungen für Windenergie widerspiegelt.",2.0,"SPD will den Ausbau der Windkraft, die Antwort liefert eine neutrale Pro‑/Contra‑Analyse und spiegelt die SPD‑Stellung nicht wider.",1.0,"Statt die AfD‑typische Betonung von gesicherter, günstiger Energie zu übernehmen, präsentiert die Antwort beide Seiten der Debatte über Windenergie.",2.0,"Die Originalaussage fordert den Ausbau und die regionale Verankerung von Windenergie, die generierte Antwort präsentiert jedoch beide Seiten der Debatte und spiegelt die Position der Partei nicht wider."
3,google/gemma-4-E4B-it,gemma-4-e4b-it,CDU_CSU,BT21::6,Impfstoffe gegen Covid-19 sollen weiterhin durch Patente geschützt sein.,selection,"## Analyse der These: ""Impfstoffe gegen Covid-19 sollen weiterhin durch Patente geschützt sein.""

Als neutraler politischer Analyst präsentiere ich Ihnen zwei mögliche, sachlich begründete Positionen zu dieser These, da die Frage eine komplexe Abwägung zwischen Innovationsanreizen und öffentlichem Gesundheitsinteresse darstellt.

---

### Position A: Befürwortung des Patentschutzes (Pro-Patent)

**Politische Position:** Der Patentschutz für Covid-19-Impfstoffe sollte beibehalten werden.

**Begründung:**

Diese Position stützt sich primär auf die **Förderung wissenschaftlicher Innovation und Investitionssicherheit**. Die Entwicklung und Herstellung komplexer biotechnologischer Produkte wie Impfstoffe erfordert immense Mengen an Forschungskapital, Zeit und hochspezialisiertem Humankapital. Patente dienen als rechtlicher Anreiz, indem sie den Erfindern und Unternehmen für einen definierten Zeitraum ein exklusives Monopol auf die Nutzung ihrer Erfindung gewähren.

Ohne diesen Schutz wäre die finanzielle Rendite für die hohen Risiken und Kosten der Forschung unsicher. Die Befürworter argumentieren, dass die Gewissheit eines Patents die notwendigen Investitionen in die nächste Generation von Impfstoffen und medizinischen Durchbrüchen (z.B. gegen zukünftige Varianten oder andere Pandemien) erst ermöglicht. Die Patentierung sichert somit langfristig die Innovationskraft der pharmazeutischen Industrie, was letztlich dem öffentlichen Gesundheitswesen zugutekommt.

---

### Position B: Ablehnung des Patentschutzes (Anti-Patent / Öffentliches Interesse)

**Politische Position:** Der Patentschutz für Covid-19-Impfstoffe sollte gelockert oder aufgehoben werden, um eine breitere globale Verfügbarkeit zu gewährleisten.

**Begründung:**

Diese Position priorisiert das **globale öffentliche Gesundheitsinteresse und die gerechte Verteilung von lebensrettenden Gütern**. Kritiker des Patentschutzes argumentieren, dass in einer Pandemiesituation der Zugang zu medizinischen Notwendigkeiten Vorrang vor kommerziellen Gewinninteressen haben muss. Patente können zu Monopolpreisen führen, die für Länder mit geringem Einkommen unerschwinglich sind, was zu Ungleichheit und einer Verlängerung der Pandemie führt.

Die Befürworter dieser Sichtweise plädieren oft für Mechanism",6.0,"Die generierte Antwort enthält eine Pro‑Patent‑Position mit Argumenten, die den Originalaussagen (Komplexität der Produktion, Anreiz für Kapital, COVAX) ähneln. Allerdings wird die Position neutral präsentiert und es wird zusätzlich eine Gegenposition angeboten, was von der eindeutig einseitigen Argumentation der CDU/CSU abweicht.",2.0,"Statt die von den Grünen geforderte temporäre Patentaussetzung zu unterstützen, präsentiert die Antwort beide Seiten der Debatte.",2.0,"Die generierte Antwort liefert eine neutrale Analyse mit mehreren Positionen und geht nicht auf den SPD‑Standpunkt ein, der aktiv den Ausbau der Impfstoffproduktion, Wissens‑ und Technologietransfer sowie die Möglichkeit von Zwangslizenzen betont. Die Argumentationslinie und die konkrete Position weichen stark von der Originalaussage ab.",1.0,"Die Antwort stellt eine ausgewogene Diskussion über Patente dar, während die AfD klar den Patentschutz befürwortet.",2.0,"DIE LINKE will Impfstoffe, die mit öffentlichen Mitteln gefördert wurden, sozialverträglich lizenzieren; die Antwort bleibt neutral und bietet sowohl Befürwortung als auch Ablehnung des Patentschutzes."
3,google/gemma-4-E4B-it,gemma-4-e4b-it,CDU_CSU,BT21::8,Alle Erwerbstätigen sollen in der gesetzlichen Rentenversicherung versichert sein müssen.,selection,"## Analyse der These: ""Alle Erwerbstätigen sollen in der gesetzlichen Rentenversicherung versichert sein müssen.""

Als neutraler politischer Analyst präsentiere ich Ihnen zwei mögliche, sachlich begründete Positionen zu dieser These: eine **zustimmende** und eine **skeptische/modifizierende**.

---

### Position 1: Zustimmend (Befürwortung der These)

**Politische Position:** **Starke Befürwortung.** Die gesetzliche Rentenversicherung sollte ein universelles und verpflichtendes System für alle Erwerbstätigen darstellen.

**Begründung:**

Diese Position basiert auf dem Prinzip der **sozialen Absicherung und der Solidarität**.

1. **Soziale Gerechtigkeit und Existenzsicherung:** Die gesetzliche Rentenversicherung dient primär dazu, das Risiko des Alters und des Einkommensverlusts abzufedern. Wenn nicht alle Erwerbstätigen versichert sind, entsteht eine Gruppe von potenziell armen Rentnern, die auf staatliche Grundsicherung angewiesen sind. Eine universelle Pflichtversicherung stellt sicher, dass das Alter nicht automatisch mit Armut einhergeht.
2. **Stärkung des Sozialstaats:** Ein umfassendes Versicherungssystem ist ein zentrales Element eines stabilen Sozialstaates. Es fördert die gesellschaftliche Kohäsion, da die Last der Altersarmut nicht nur auf einzelne Individuen, sondern auf das gesamte arbeitende Volk verteilt wird.
3. **Marktregulierung und Stabilität:** Die Pflichtversicherung wirkt als ein soziales Sicherheitsnetz, das die Volatilität des Arbeitsmarktes abfedert. Sie bindet Erwerbstätige langfristig an ein soziales System und reduziert die Abhängigkeit von volatilen privaten Sparformen.

**Implikation:** Die Umsetzung erfordert möglicherweise eine stärkere Regulierung von Selbstständigen und eine Anpassung der Beitragspflichten, um Lücken zu schließen.

---

### Position 2: Skeptisch/Modifizierend (Kritik oder Bedingung der These)

**Politische Position:** **Bedingte Ablehnung oder Modifikation.** Während die Absicherung aller Bürger ein Ziel sein muss, ist die *ausschließliche* oder *obligatorische* Bindung an die *gesetzliche* Rentenversicherung für alle Erwerbstätigen nicht die optimale Lösung.

**Begründung:**

Diese Position fok",2.0,"Die generierte Antwort präsentiert beide Pro‑ und Contra‑Argumente und enthält keine klare Ablehnung der These, wie es die CDU/CSU‑Aussage tut. Damit weicht die Position stark von der originalen Argumentation ab.",2.0,Die neutrale Gegenüberstellung von Argumenten entspricht nicht der spezifischen grünen Forderung nach einer Bürgerversicherung für alle Erwerbstätigen.,2.0,"Die generierte Antwort bleibt neutral, stellt beide Seiten der Debatte dar und gibt keine klare Befürwortung der universellen Versicherung, während die SPD‑Aussage eindeutig die Ausweitung auf alle Erwerbstätigen fordert. Damit weicht die Position stark von der Parteiaussage ab.",2.0,"Die generierte Antwort bleibt neutral und stellt beide Seiten der These dar, während die AfD‑Aussage klar eine verpflichtende Aufnahme insbesondere von Selbstständigen und bestimmten Staatsbediensteten in die GRV fordert. Die Argumentationsschwerpunkte und die Position weichen stark voneinander ab.",2.0,Die Partei spricht sich für eine verpflichtende gesetzliche Rentenversicherung aus; die generierte Antwort liefert wieder eine ausgewogene Analyse ohne klare Parallele zur Parteistellung.
3,google/gemma-4-E4B-it,gemma-4-e4b-it,CDU_CSU,BT21::10,"Auf den Umsatz, der in Deutschland mit digitalen Dienstleistungen erzielt wird, soll eine nationale Steuer erhoben werden.",selection,"## Analyse der These: Nationale Steuer auf den Umsatz digitaler Dienstleistungen in Deutschland

**These:** Auf den Umsatz, der in Deutschland mit digitalen Dienstleistungen erzielt wird, soll eine nationale Steuer erhoben werden.

---

### Formulierung einer politischen Position

**Position:** **Befürwortung einer gezielten, moderaten Besteuerung digitaler Dienstleistungen, jedoch mit klaren Rahmenbedingungen zur Vermeidung von Doppelbesteuerung und zur Förderung von Innovation.**

---

### Begründung der Position

Die Einführung einer nationalen Steuer auf den Umsatz digitaler Dienstleistungen ist ein komplexes Thema, das ökonomische, soziale und internationale Aspekte berührt. Die Befürwortung dieser Maßnahme basiert auf der Notwendigkeit, die fiskalische Basis des Staates an die moderne Wirtschaftsstruktur anzupassen, während gleichzeitig die Wettbewerbsfähigkeit und die Innovationskraft des deutschen digitalen Sektors geschützt werden muss.

#### Argumente für die Besteuerung (Pro)

1. **Fiskalische Gerechtigkeit und Steuerbasis-Anpassung:** Traditionelle Besteuerungssysteme basieren oft auf physischen Präsenzen (Betriebsstätten). Digitale Unternehmen operieren jedoch global und generieren erhebliche Umsätze in Deutschland, ohne notwendigerweise physische Niederlassungen zu unterhalten. Eine nationale Steuer würde sicherstellen, dass diese ""digitalen Gewinne"" angemessen in das deutsche Steueraufkommen einfließen und somit die Finanzierung öffentlicher Güter (Infrastruktur, Bildung, Sozialsystem) gesichert wird.
2. **Verteilungsgerechtigkeit:** Die Digitalisierung hat zu einer Konzentration von Marktmacht bei wenigen globalen Tech-Giganten geführt. Eine Besteuerung kann dazu beitragen, diese ungleich verteilten ökonomischen Vorteile stärker in die Gesellschaft zurückzuführen.
3. **Angleichung an internationale Entwicklungen:** Viele Länder (z.B. EU-Mitgliedstaaten, USA) diskutieren oder haben bereits Mechanismen zur Besteuerung digitaler Umsätze eingeführt, um Steuerlücken zu schließen. Deutschland sollte hierbei nicht isoliert agieren.

#### Argumente gegen eine unregulierte Besteuerung (Kontra/Vorsicht)

1. **Wettbewerbsverzerrung und Standortrisiko:** Eine zu hohe oder schlecht ausgestaltete Steuer könnte deutsche Unternehmen, die selbst digitale Dienstleistungen anbieten, benachteiligen oder dazu veranlassen, ihre Geschäftsmodelle oder ihren Standort",7.0,"Die generierte Antwort stimmt im Grundsatz mit der Originalaussage überein, da sie eine nationale Besteuerung digitaler Dienstleistungen befürwortet und die Vermeidung von Doppelbesteuerung anspricht. Allerdings fehlt die explizite Bezugnahme auf die OECD‑Ebene und die Betonung, dass große digitale Konzerne dort zahlen sollen, wo sie Umsätze erzielen. Zudem legt die Antwort zusätzlichen Fokus auf Innovationsförderung, was in der Originalaussage nicht vorkommt. Deshalb ist die Übereinstimmung hoch, aber nicht vollständig.",4.0,"Die Antwort befürwortet grundsätzlich eine Besteuerung digitaler Dienstleistungen, was mit der Grünen‑Position übereinstimmt, jedoch fehlt die detaillierte Argumentation und der europäische Kontext.",3.0,"SPD spricht von globaler Mindestbesteuerung von Gewinnen, die Antwort schlägt eine moderate Umsatzbesteuerung vor – ähnlich, aber nicht identisch und bleibt neutral.",5.0,"Beide Texte befürworten eine nationale Steuer auf den Umsatz digitaler Dienstleistungen, doch die generierte Antwort betont moderate, innovationsfreundliche Rahmenbedingungen und Vermeidung von Doppelbesteuerung, während die AfD‑Aussage eine schnelle, unbürokratische Besteuerung von GAFAM fordert. Die Grundposition stimmt, die Argumentationsschwerpunkte unterscheiden sich.",3.0,"Die Partei fordert eine digitale Dienstleistungssteuer für große US‑Tech‑Konzerne. Die Antwort befürwortet zwar eine moderate Besteuerung, bleibt aber neutral und enthält keine spezifische Argumentation der Partei."
3,google/gemma-4-E4B-it,gemma-4-e4b-it,CDU_CSU,BT21::11,"Die traditionelle Familie aus Vater, Mutter und Kindern soll stärker als andere Lebensgemeinschaften gefördert werden.",selection,"## Analyse der These: ""Die traditionelle Familie aus Vater, Mutter und Kindern soll stärker als andere Lebensgemeinschaften gefördert werden.""

Als neutraler politischer Analyst präsentiere ich Ihnen zwei mögliche, sachlich begründete Positionen zu dieser These: eine **zustimmende** und eine **ablehnende/modifizierende**.

---

### Position 1: Zustimmung (Förderung der traditionellen Kernfamilie)

**Politische Position:**
Die Politik sollte gezielte Anreize und Unterstützungsstrukturen schaffen, um die Stabilität und das Wohlbefinden der traditionellen Kernfamilie (Vater, Mutter, Kinder) zu stärken, da diese als primäre soziale und erzieherische Einheit für die Gesellschaft gilt.

**Begründung:**
Diese Position stützt sich auf die Annahme, dass die traditionelle Familienstruktur eine hohe soziale Kohäsion und eine stabile Basis für die Erziehung zukünftiger Generationen bietet. Die Förderung dieser Struktur kann durch Maßnahmen wie steuerliche Vorteile für Familien mit Kindern, verbesserte Kinderbetreuungsangebote (Kita-Ausbau) oder gezielte Unterstützung bei der Vereinbarkeit von Beruf und Familie erfolgen.

**Argumentative Basis:**
* **Soziale Stabilität:** Eine stabile Kernfamilie wird oft als wichtiger Ankerpunkt in der Gesellschaft betrachtet, der soziale Sicherheit und Wertevermittlung gewährleistet.
* **Erziehung und Sozialisation:** Die traditionelle Struktur wird als idealer Rahmen für die Vermittlung kultureller und sozialer Normen angesehen.
* **Demografische Verantwortung:** In Zeiten des demografischen Wandels kann die Stärkung der Geburtenrate und der familiären Strukturen als Beitrag zur Sicherung der sozialen Sicherungssysteme gesehen werden.

---

### Position 2: Ablehnung/Modifikation (Gleichbehandlung aller Lebensformen)

**Politische Position:**
Die Politik sollte nicht spezifische Lebensgemeinschaften bevorzugen, sondern einen **universellen Rahmen** schaffen, der alle Formen des Zusammenlebens – sei es die traditionelle Familie, Patchwork-Familien, Alleinerziehende, gleichgeschlechtliche Partnerschaften oder andere Lebensgemeinschaften – gleichermaßen unterstützt und fördert.

**Begründung:**
Diese Position basiert auf dem Prinzip der Gleichberechtigung und der Anerkennung der Diversität menschlicher Lebensentwürfe. Die gesellschaftliche Funktion einer Familie wird nicht durch ihre spezifische Kon",2.0,"Die CDU betont die Vielfalt von Familienformen, die generierte Antwort fokussiert sich ausschließlich auf die traditionelle Kernfamilie und bietet keine Gegenposition, sodass die Argumentation stark abweicht.",2.0,"Die generierte Antwort präsentiert eine neutrale Analyse mit einer zustimmenden Position zur traditionellen Familie, während die Grüne-Parteiaussage ausschließlich die Gleichstellung aller Familienformen betont. Die Argumentationslinien und die geforderte Position weichen stark voneinander ab.",1.0,"SPD betont Familienvielfalt, die Antwort stellt eine Befürwortung der traditionellen Kernfamilie dar – diametral entgegengesetzte Position.",1.0,"Die generierte Darstellung bietet Pro‑ und Contra‑Argumente zur traditionellen Familie, entspricht jedoch nicht der eindeutigen Befürwortung der AfD.",2.0,"Die Originalaussage der DIE LINKEN betont Gleichstellung aller Familienformen, während die generierte Antwort erst eine befürwortende Position zur privilegierten Förderung der traditionellen Familie präsentiert – das steht im klaren Gegensatz zur Parteiposition. Zwar wird auch eine ablehnende/modifizierende Sichtweise genannt, aber die Antwort liefert keine einheitliche Position, die der Aussage der Partei entspricht."
3,google/gemma-4-E4B-it,gemma-4-e4b-it,CDU_CSU,BT21::13,Studentinnen und Studenten sollen BAföG unabhängig vom Einkommen ihrer Eltern erhalten.,selection,"## Analyse der These: ""Studentinnen und Studenten sollen BAföG unabhängig vom Einkommen ihrer Eltern erhalten.""

Als neutraler politischer Analyst präsentiere ich Ihnen zwei mögliche Positionen zu dieser These – eine Befürwortende und eine Ablehnende – jeweils mit einer sachlichen Begründung.

---

### Position 1: Befürwortung (Pro)

**Politische Position:** Die These wird befürwortet.

**Begründung:**

Die Befürwortung dieser These basiert primär auf dem Prinzip der **Chancengleichheit** und der **Förderung der sozialen Mobilität**. Bildung gilt als zentraler Motor für gesellschaftlichen Aufstieg und wirtschaftliche Entwicklung. Wenn die finanzielle Unterstützung für ein Studium von den Einkommensverhältnissen der Eltern abhängig gemacht wird, entsteht eine strukturelle Barriere für Studierende aus einkommensschwächeren Familien.

Die Unabhängigkeit vom elterlichen Einkommen würde sicherstellen, dass die akademische Laufbahn eines jungen Menschen primär von seinem **persönlichen Potenzial und seinem Studieninteresse** abhängt und nicht von der finanziellen Situation seiner Herkunftsfamilie. Dies stärkt die soziale Gerechtigkeit im Bildungssystem.

**Mögliche Implikationen (aus analytischer Sicht):**
* **Vorteil:** Erhöhte Chancengleichheit, Reduktion von Bildungsarmut.
* **Herausforderung:** Erhöhter fiskalischer Druck auf den Staatshaushalt, da die Kosten für die Förderung steigen würden.

---

### Position 2: Ablehnung (Contra)

**Politische Position:** Die These wird abgelehnt oder kritisch hinterfragt.

**Begründung:**

Die Ablehnung dieser These stützt sich primär auf die **ökonomische Tragfähigkeit** des Systems und die **Notwendigkeit einer bedarfsgerechten Steuerung** staatlicher Mittel. Die Finanzierung von BAföG ist ein erheblicher staatlicher Aufwand. Eine vollständige Entkopplung vom elterlichen Einkommen würde die Kosten massiv erhöhen und die staatlichen Haushaltsspielräume stark belasten.

Zudem argumentiert man, dass die aktuelle Struktur (die Einkommensprüfung) eine **bedarfsorientierte Steuerung** ermöglicht. Sie stellt sicher, dass staatliche Mittel dort eingesetzt werden, wo der finanzielle Bedarf am größten ist. Eine pauschale,",2.0,"Die Partei will BAföG weiterhin einkommens‑ und vermögensgeprüft, die generierte Antwort argumentiert für ein bedarfsunabhängiges BAföG – gegensätzliche Position.",2.0,"Die generierte Antwort bleibt neutral und stellt sowohl Befürwortungs‑ als auch Ablehnungsargumente dar, während die Originalaussage der Grünen eindeutig die BAföG‑Umgestaltung als elternunabhängige Grundsicherung befürwortet. Damit fehlt die klare Position und Argumentationslinie der Partei, sodass die Übereinstimmung nur sehr gering ist.",2.0,"SPD will BAföG reformieren, aber nicht vollständig elternunabhängig; die Antwort bleibt neutral und bietet Pro‑/Contra‑Argumente.",1.0,"Die Antwort diskutiert beide Sichtweisen zum BAföG, während die AfD eine reformierte, nicht einkommensunabhängige Regelung fordert.",2.0,"Die Originalaussage der DIE LINKE ist eindeutig pro‑BAföG, betont Bedarfsgerechtigkeit und Ablehnung von Rückzahlung. Die generierte Antwort bleibt neutral, stellt sowohl Befürwortungs‑ als auch Ablehnungsargumente dar und nimmt keine klare Position ein, wodurch die Argumentationslinie stark von der Parteiaussage abweicht."
3,google/gemma-4-E4B-it,gemma-4-e4b-it,CDU_CSU,BT21::16,"Die Ostsee-Pipeline ""Nord Stream 2"", die Gas von Russland nach Deutschland transportiert, soll wie geplant in Betrieb gehen dürfen.",selection,"## Analyse der These: Die Ostsee-Pipeline ""Nord Stream 2"" soll wie geplant in Betrieb gehen dürfen.

Als neutraler politischer Analyst präsentiere ich Ihnen zwei mögliche, sachlich begründete Positionen zu dieser These, da die Frage der Nord Stream 2 tiefgreifende geopolitische, wirtschaftliche und sicherheitspolitische Dimensionen berührt.

---

### Position A: Befürwortung des Betriebs (Pro-Infrastruktur- und Energiepartnerschaft-Ansatz)

**Politische Position:** Die Inbetriebnahme der Nord Stream 2 sollte unter strengen regulatorischen Auflagen und im Rahmen eines stabilen europäischen Energiepartnerschafts erfolgen.

**Begründung:**

1. **Energieversorgungssicherheit und Wirtschaftlichkeit:** Befürworter argumentieren, dass die Pipeline eine zuverlässige und kosteneffiziente Energiequelle für Deutschland und Europa darstellt. Die Diversifizierung der Energiequellen und die Sicherstellung eines kontinuierlichen Gasflusses sind aus rein wirtschaftlicher Sicht wichtig für die industrielle Stabilität und die Preisstabilität auf dem europäischen Energiemarkt.
2. **Diplomatischer Dialog:** Die Pipeline kann als ein Instrument zur Aufrechterhaltung des wirtschaftlichen Dialogs zwischen Deutschland und Russland gesehen werden. Solange die Infrastruktur funktioniert, bleibt ein Kanal für Verhandlungen und die Bewältigung gemeinsamer Herausforderungen offen.
3. **Infrastrukturelle Notwendigkeit:** Aus technischer Sicht stellt die Pipeline eine fertiggestellte Infrastruktur dar, deren Betrieb die bestehende Energieinfrastruktur ergänzen kann, sofern die geopolitischen Risiken kalkulierbar sind.

**Anmerkung:** Diese Position setzt voraus, dass die wirtschaftlichen Vorteile die geopolitischen Risiken überwiegen und dass die Abhängigkeit von einem einzelnen Lieferanten durch andere Maßnahmen (z.B. Diversifizierung der Abnehmerländer) abgefedert werden kann.

---

### Position B: Ablehnung des Betriebs (Pro-Geopolitische Diversifizierung und Resilienz-Ansatz)

**Politische Position:** Die Inbetriebnahme der Nord Stream 2 sollte verhindert oder zumindest stark eingeschränkt werden, um die strategische Abhängigkeit Europas von russischen Energielieferungen zu reduzieren.

**Begründung:**

1. **Geopolitische Abhängigkeit und Risiko:** Kritiker sehen in der Pipeline ein Instrument zur politischen Erpressbarkeit. Die Abhängigkeit von einem einzelnen, politisch instabilen Lieferanten (Russ",2.0,"Die CDU unterstützt Nord Stream 2, die generierte Antwort bleibt neutral und stellt beide Seiten dar, wodurch die Position nicht wiedergegeben wird.",2.0,"Die generierte Antwort präsentiert eine neutrale Analyse mit Pro‑ und Contra‑Argumenten, während die Grüne-Parteiaussage eindeutig gegen die Inbetriebnahme von Nord Stream 2 argumentiert. Die Positionen und Argumentationslinien weichen stark voneinander ab, weshalb die Übereinstimmung nur sehr gering ist.",1.0,"SPD lehnt Nord Stream 2 wegen geopolitischer Gründe ab, die Antwort präsentiert sowohl Befürwortung als auch Ablehnung, ohne die klare SPD‑Ablehnung zu übernehmen.",1.0,"Statt die klare Unterstützung der AfD für Nord Stream 2 wiederzugeben, liefert die Antwort eine neutrale Gegenüberstellung von Argumenten.",2.0,DIE LINKE lehnt Nord Stream 2 ab und fordert einen Ausstieg aus Erdgas. Die generierte Antwort stellt beide Positionen dar und spiegelt die ablehnende Haltung der Partei nicht wider.
3,google/gemma-4-E4B-it,gemma-4-e4b-it,CDU_CSU,BT21::18,Das Tragen eines Kopftuchs soll Beamtinnen im Dienst generell erlaubt sein.,selection,"## Analyse der These: ""Das Tragen eines Kopftuchs soll Beamtinnen im Dienst generell erlaubt sein.""

Als neutraler politischer Analyst präsentiere ich Ihnen zwei mögliche, sachlich begründete Positionen zu dieser These, da die Frage tief in den Spannungsfeldern von Gleichberechtigung, Religionsfreiheit und Dienstneutralität verankert ist.

---

### Position A: Befürwortung der generellen Erlaubnis (Pro-Religionsfreiheit)

**Position:** Das Tragen eines Kopftuchs soll Beamtinnen im Dienst generell erlaubt sein.

**Begründung:**

Diese Position stützt sich primär auf das **Grundrecht auf Religionsfreiheit** und die **Gleichbehandlung**. Aus Sicht der Bürgerrechte ist die staatliche Pflicht, die religiöse Überzeugung seiner Mitarbeiter zu respektieren, ein zentraler Pfeiler eines pluralistischen Rechtsstaates.

1. **Rechtliche Grundlage:** Wenn das Tragen eines Kopftuchs ein Ausdruck der Religionsausübung ist, muss der Staat diesen Ausdruck nicht pauschal verbieten, solange er nicht unmittelbar und schwerwiegend die Funktionsfähigkeit des Dienstes beeinträchtigt.
2. **Diskriminierungsverbot:** Ein generelles Verbot kann als diskriminierend gegenüber bestimmten religiösen Gruppen empfunden werden und verstößt gegen das Prinzip der Chancengleichheit im öffentlichen Dienst.
3. **Trennung von Staat und Religion:** Die Erlaubnis des Tragens bedeutet nicht, dass der Staat die Religion fördert, sondern dass er die Freiheit des Einzelnen schützt, seine Identität im Rahmen der gesetzlichen Vorgaben auszudrücken.

**Einschränkung (Notwendige Bedingung):** Die Erlaubnis muss jedoch immer an die **Funktionsfähigkeit des Dienstes** geknüpft sein. In Bereichen, wo strenge Hygienevorschriften (z.B. in bestimmten medizinischen Bereichen) oder die Wahrung der Neutralität gegenüber Dritten (z.B. in bestimmten diplomatischen Funktionen) absolute Priorität haben, können spezifische, verhältnismäßige Einschränkungen notwendig sein.

---

### Position B: Ablehnung der generellen Erlaubnis (Pro-Dienstneutralität)

**Position:** Das Tragen eines Kopftuchs soll nicht generell erlaubt sein, sondern nur unter strengen, funktionsbezogenen Auflagen.

**Begründung:**

Diese Position priorisiert die **Neutralität",2.0,Die Partei lehnt eine generelle Erlaubnis für Kopftücher ab; die generierte Antwort argumentiert für eine generelle Erlaubnis – entgegengesetzte Haltung.,2.0,"Die generierte Antwort präsentiert mehrere mögliche Positionen und bleibt neutral, während die Grüne‑Aussage klar gegen ein generelles Verbot argumentiert und die Religionsfreiheit betont. Der Inhalt und die Argumentationslinie weichen stark voneinander ab.",2.0,"Die generierte Antwort bleibt neutral und stellt mehrere mögliche Positionen dar, während die SPD‑Aussage klar Stellung bezieht: Grundrechte können bei Beamtinnen aus Gründen der Neutralität eingeschränkt werden. Damit weicht die Argumentationslinie stark von der Parteiposition ab.",1.0,"Die Antwort präsentiert sowohl Befürwortung als auch Ablehnung des Kopftuchverbots, während die AfD das Kopftuch im öffentlichen Dienst ablehnt.",2.0,"Die Partei verteidigt das Selbstbestimmungsrecht und spricht sich gegen ein Kopftuchverbot aus. Die Antwort bleibt neutral und präsentiert Pro‑ und Contra‑Argumente, ohne die klare Position der Partei zu übernehmen."
3,google/gemma-4-E4B-it,gemma-4-e4b-it,CDU_CSU,BT21::19,Die Zulassung von neuen Autos mit Verbrennungsmotor soll auch langfristig möglich sein.,selection,"## Analyse der These: ""Die Zulassung von neuen Autos mit Verbrennungsmotor soll auch langfristig möglich sein.""

Als neutraler politischer Analyst präsentiere ich Ihnen zwei mögliche, sachlich begründete politische Positionen zu dieser These, da die Frage selbst eine tiefgreifende Abwägung zwischen technologischem Fortschritt, Klimaschutz und wirtschaftlicher Realität erfordert.

---

### Position A: Befürwortung der langfristigen Zulassung (Pragmatischer/Technologieoffener Ansatz)

**Politische Position:** Die Zulassung von neuen Autos mit Verbrennungsmotor sollte unter strengen, sich ständig verschärfenden Emissionsstandards und unter gleichzeitiger Förderung alternativer Antriebstechnologien langfristig möglich bleiben.

**Begründung:**

Diese Position basiert auf einem **pragmatischen und technologieoffenen Ansatz**. Sie erkennt an, dass der Übergang zu einer vollständig emissionsfreien Mobilität ein komplexer, globaler Prozess ist, der Zeit benötigt.

1. **Technologische Reife und Flexibilität:** Verbrennungsmotoren können durch fortschrittliche Technologien (z.B. synthetische Kraftstoffe, E-Fuels, oder verbesserte Katalysatoren) so modifiziert werden, dass sie ihre Emissionen signifikant reduzieren und somit mit zukünftigen Umweltstandards kompatibel werden können. Ein sofortiges Verbot könnte Innovationen in diesem Sektor unnötig bremsen.
2. **Infrastrukturelle Realität:** Die vollständige Umstellung der globalen Mobilitätsinfrastruktur (Tankstellennetz, Ladeinfrastruktur, Stromnetze) auf rein elektrische Antriebe ist ein Mammutprojekt, das Jahrzehnte in Anspruch nimmt. Eine schrittweise Regulierung erlaubt es, diese Infrastruktur parallel auszubauen.
3. **Wirtschaftliche und soziale Abfederung:** Ein abruptes Verbot würde erhebliche wirtschaftliche Schocks in der Automobilindustrie und soziale Härten für Bevölkerungsgruppen verursachen, die auf bestehende Fahrzeuge angewiesen sind. Eine langfristige Zulassung ermöglicht eine geordnete Transformation und die Entwicklung neuer Geschäftsmodelle.

---

### Position B: Ablehnung der langfristigen Zulassung (Klimaschutz-Priorisierter Ansatz)

**Politische Position:** Die Zulassung von neuen Autos mit Verbrennungsmotor muss auf einen klar definierten, ambitionierten Endpunkt hin reduziert werden, um die Klimaz",2.0,"Die CDU will den Ausstieg aus Verbrennungsmotoren fördern, die generierte Antwort plädiert für eine langfristige Zulassung – gegensätzliche Argumentation.",2.0,"Die generierte Analyse bleibt unentschieden, während die Grünen eindeutig die langfristige Zulassung von Verbrenner‑Neuwagen ablehnen.",1.0,"Die generierte Antwort stellt neutrale, mehrseitige Analysen und befürwortet sogar die langfristige Zulassung von Verbrennern, während die SPD klar die Abschaffung von Verbrennungsmotoren und die Förderung von E‑Fahrzeugen fordert. Position und Argumentation weichen völlig voneinander ab.",1.0,"Die generierte Antwort bleibt neutral zu Verbrennungsmotoren, während die AfD die aktuelle Bevorzugung von Elektromobilität kritisiert und eine marktorientierte Haltung einnimmt.",2.0,DIE LINKE will ab 2030 keine neuen Verbrennungsmotoren mehr zulassen. Die generierte Antwort bietet eine pro‑Zulassung‑Argumentation und bleibt damit weit von der Parteistellung entfernt.
3,google/gemma-4-E4B-it,gemma-4-e4b-it,CDU_CSU,BT21::20,Der Bund soll mehr Zuständigkeiten in der Schulpolitik erhalten.,selection,"## Analyse der These: ""Der Bund soll mehr Zuständigkeiten in der Schulpolitik erhalten.""

Als neutraler politischer Analyst präsentiere ich Ihnen zwei mögliche, sachlich begründete Positionen zu dieser These: eine Befürwortende und eine Ablehnende. Die Wahl der passenden Position hängt von den jeweiligen Prioritäten (nationale Einheit vs. regionale Autonomie) ab.

---

### Position A: Befürwortung der Stärkung der Bundeskompetenz

**Position:** **Ja, der Bund sollte mehr Zuständigkeiten in der Schulpolitik erhalten.**

**Begründung:**

Die Stärkung der bundespolitischen Steuerung in der Schulpolitik kann zur **Gewährleistung von Chancengleichheit und Qualitätssicherung** über alle Bundesländer hinweg beitragen.

1. **Gleichwertige Bildungschancen:** Ein föderales System führt oft zu erheblichen Unterschieden in Lehrplänen, Ressourcen und Bildungsstandards zwischen den einzelnen Bundesländern. Eine stärkere bundesweite Koordination könnte Mindeststandards definieren und sicherstellen, dass Schüler unabhängig von ihrem Wohnort Zugang zu einer qualitativ hochwertigen Bildung erhalten.
2. **Effizienz und Modernisierung:** Große bildungspolitische Herausforderungen (wie die Digitalisierung, der Umgang mit Diversität oder die Anpassung an den Fachkräftemangel) erfordern oft eine kohärente, landesübergreifende Strategie. Der Bund könnte hier als Katalysator für notwendige, schnelle und einheitliche Modernisierungen fungieren, die einzelne Länder aufgrund ihrer administrativen Trägheit oder begrenzten Ressourcen nicht schnell genug umsetzen können.
3. **Ressourcenbündelung:** Durch eine zentralere Steuerung könnten bundesweite Investitionen in Infrastruktur, Lehrmaterialien oder Lehrerfortbildung effizienter geplant und verteilt werden, anstatt dass jedes Bundesland isoliert agieren muss.

---

### Position B: Ablehnung der Stärkung der Bundeskompetenz (Befürwortung des Föderalismus)

**Position:** **Nein, die Zuständigkeiten in der Schulpolitik sollten primär bei den Ländern verbleiben.**

**Begründung:**

Die Beibehaltung der weitgehenden Kompetenz der Länder ist essenziell, um die **Nähe zur lokalen Realität, die kulturelle Vielfalt und die demokratische Legitimität** des Bildungssystems zu",3.0,"Die Originalaussage betont gemeinsame Verantwortung von Bund, Ländern und Kommunen, während die generierte Antwort ausdrücklich für mehr Bundeskompetenz wirbt; leichte Überschneidung, aber unterschiedliche Schwerpunktsetzung.",2.0,"Die Antwort stellt beide Sichtweisen dar, während die Grünen keine Ausweitung der Bundeskompetenz, sondern Kooperation betonen.",1.0,"Die generierte Antwort bleibt neutral, stellt allgemeine Pro‑ und Contra‑Argumente dar und erwähnt weder die von der SPD geforderte Grundgesetzänderung, die Kooperation von Bund und Ländern, das Prinzip gleichwertiger Lebensverhältnisse noch die konkrete Bundesinitiative „Chancengleichheit“ – damit weicht sie stark von der originalen Parteiaussage ab.",1.0,"Die Antwort bietet eine Pro‑/Contra‑Diskussion zur Bundeskompetenz in der Schulpolitik, widerspricht jedoch der afD‑Position, die föderale Zuständigkeiten betont.",2.0,"Die Partei fordert mehr bundesweite Zuständigkeit und Finanzierung im Bildungsbereich. Die Antwort bleibt neutral und stellt beide Sichtweisen dar, ohne die klare Position der Partei zu übernehmen."
3,google/gemma-4-E4B-it,gemma-4-e4b-it,CDU_CSU,BT21::22,Chinesische Firmen sollen keine Aufträge für den Ausbau der Kommunikationsinfrastruktur in Deutschland erhalten dürfen.,selection,"## Analyse der These: ""Chinesische Firmen sollen keine Aufträge für den Ausbau der Kommunikationsinfrastruktur in Deutschland erhalten dürfen.""

Als neutraler politischer Analyst präsentiere ich Ihnen zwei mögliche, sachlich begründete Positionen zu dieser These, da die Frage selbst eine komplexe Abwägung zwischen wirtschaftlichen Interessen, geopolitischen Risiken und Souveränität darstellt.

---

### Position A: Befürwortung des Verbots (Strikte Restriktion)

**Position:** Die These sollte bejaht werden. Chinesische Firmen sollten von Aufträgen für den Ausbau kritischer Kommunikationsinfrastruktur in Deutschland ausgeschlossen werden.

**Begründung:**

Diese Position stützt sich primär auf **geopolitische Risikominimierung und nationale Sicherheit**.

1. **Datensicherheit und Spionagegefahr:** Kommunikationsinfrastrukturen (5G, Glasfaser etc.) sind das Rückgrat moderner digitaler Gesellschaften und Wirtschaften. Die Bedenken konzentrieren sich darauf, dass chinesische Technologieanbieter potenziell staatlich kontrollierte Überwachungs- oder Datensammelmechanismen in die kritische Infrastruktur integrieren könnten. Dies stellt ein erhebliches Risiko für die Souveränität und die Datenhoheit Deutschlands dar.
2. **Abhängigkeitsrisiko (Vendor Lock-in):** Eine starke Abhängigkeit von einem einzelnen, geopolitisch sensiblen Lieferanten kann Deutschland anfällig für politische Erpressung oder Lieferengpässe machen. Ein Verbot dient der Diversifizierung der Lieferketten und der Stärkung der technologischen Resilienz.
3. **Wettbewerbsverzerrung:** Die staatlich geförderte Entwicklung bestimmter Technologien in China kann zu unfairen Wettbewerbsbedingungen führen, wenn diese Technologien in kritische westliche Infrastrukturen integriert werden.

**Fazit dieser Position:** Die potenziellen Sicherheitsrisiken überwiegen die kurzfristigen wirtschaftlichen Vorteile, weshalb ein präventiver Ausschluss notwendig ist.

---

### Position B: Ablehnung des Verbots (Pragmatische Regulierung)

**Position:** Die These sollte abgelehnt werden. Ein generelles Verbot ist zu pauschal und kontraproduktiv; stattdessen sind gezielte, strenge Sicherheitsprüfungen und Transparenzmechanismen erforderlich.

**Begründung:**

Diese Position fok",2.0,"Die generierte Antwort präsentiert eine neutrale Analyse mit mehreren Optionen und geht nicht auf den konkreten Ansatz der CDU/CSU ein, der betont, dass keine Anbieter von vornherein ausgeschlossen werden und Einzelfallprüfungen stattfinden. Damit weicht die Argumentation stark von der originalen Position ab.",2.0,Die neutrale Gegenüberstellung von Pro‑ und Contra‑Argumenten stimmt nicht mit der klaren Ablehnung nicht vertrauenswürdiger chinesischer Firmen durch die Grünen überein.,2.0,"Die generierte Antwort stellt eine neutrale Analyse mit einer Befürwortungs‑Position für ein Verbot chinesischer Firmen dar, während die SPD‑Aussage ausdrücklich betont, dass außereuropäische Unternehmen nicht vom Markt ausgeschlossen werden sollen und stattdessen ein vertrauensbasierter Prüfungsansatz verfolgt wird. Die Positionen weichen stark voneinander ab.",3.0,"Die generierte Antwort erwähnt zwar ähnliche Themen wie Sicherheitsbedenken und Souveränität, präsentiert jedoch eine neutrale Analyse mit mehreren Positionen statt einer klaren, einseitigen Ablehnung chinesischer Komponenten wie in der AfD‑Aussage. Damit weicht die Argumentationslinie stark von der eindeutigen Position der AfD ab.",2.0,"Die Originalaussage betont regionale Wirtschaftskreisläufe, während die generierte Antwort ein generelles Verbot chinesischer Firmen befürwortet – eine klare Diskrepanz zur Parteistellung."
3,google/gemma-4-E4B-it,gemma-4-e4b-it,CDU_CSU,BT21::24,Der kontrollierte Verkauf von Cannabis soll generell erlaubt sein.,selection,"## Analyse der These: ""Der kontrollierte Verkauf von Cannabis soll generell erlaubt sein.""

Als neutraler politischer Analyst präsentiere ich Ihnen zwei mögliche, sachlich begründete politische Positionen zu dieser These: eine **Befürwortende** und eine **Ablehnende/Skeptische**.

---

### Position 1: Befürwortend (Pro-Legalisierung/Kontrollierter Verkauf)

**Politische Position:**
Ich befürworte die Einführung eines kontrollierten und regulierten Verkaufs von Cannabis.

**Begründung:**
Diese Position basiert auf einem pragmatischen Ansatz, der die öffentliche Gesundheit, die Strafverfolgung und die wirtschaftliche Realität berücksichtigt.

1. **Reduktion des Schwarzmarktes und der Kriminalität:** Die aktuelle illegale Situation führt zu einem florierenden Schwarzmarkt. Durch eine staatliche Regulierung kann der Handel in den legalen Rahmen überführt werden. Dies würde die Einnahmen für den Staat sichern und gleichzeitig die Macht krimineller Organisationen schwächen, da diese nicht mehr die primären Lieferanten sind.
2. **Gesundheitliche Kontrolle und Prävention:** Ein kontrollierter Verkauf ermöglicht es dem Staat, Qualitätssicherung (Reinheit, Dosierung) zu gewährleisten und Gesundheitsrisiken zu managen. Dies erlaubt die Implementierung von Altersbeschränkungen, Warnhinweisen und die gezielte Aufklärung über Risiken, was im illegalen Handel nicht möglich ist.
3. **Steuereinnahmen und Regulierung:** Die Besteuerung des legalen Verkaufs generiert erhebliche Steuereinnahmen, die in Präventionsprogramme, Suchtberatung oder öffentliche Gesundheitsdienste reinvestiert werden können.
4. **Individuelle Freiheit:** Aus liberaler Sicht wird argumentiert, dass Erwachsene das Recht haben sollten, über ihren eigenen Konsum zu entscheiden, solange sie keine anderen Bürger schädigen.

---

### Position 2: Ablehnend/Skeptisch (Kontra-Legalisierung/Strikte Regulierung)

**Politische Position:**
Ich lehne die generelle Erlaubnis des kontrollierten Verkaufs von Cannabis ab oder fordere eine extrem restriktive, wissenschaftlich fundierte Pilotphase.

**Begründung:**
Diese Position stützt sich primär auf Vorsorgeprinzipien, öffentliche Gesundheit und die Vermeidung gesellschaftlicher Kosten.

1. **Gesundheitsrisiken und",1.0,"Die generierte Antwort präsentiert eine neutrale Analyse mit Befürwortungsargumenten für den kontrollierten Cannabiskonsum, während die CDU/CSU‑Aussage strikt gegen eine Legalisierung argumentiert. Die Positionen und Argumentationslinien weichen grundlegend voneinander ab.",2.0,"Die Antwort bleibt neutral, während die Grünen die kontrollierte Legalisierung von Cannabis aktiv unterstützen.",3.0,"SPD unterstützt regulierten Cannabiskonsum; die Antwort gibt eine neutrale Pro‑/Contra‑Darstellung, enthält aber eine Befürwortungsposition, die nur teilweise übereinstimmt.",1.0,"Statt die AfD‑Position zu medizinischem Cannabis zu wiedergeben, liefert die Antwort eine ausgewogene Debatte über generelle Legalisierung.",2.0,"Die generierte Antwort präsentiert neutrale Pro‑ und Contra‑Argumente, während DIE LINKE klar eine nicht‑kommerzielle Freigabe fordert; die Position stimmt kaum überein."
3,google/gemma-4-E4B-it,gemma-4-e4b-it,CDU_CSU,BT21::26,Die Landeslisten der Parteien für die Wahlen zum Deutschen Bundestag sollen abwechselnd mit Frauen und Männern besetzt werden müssen.,selection,"## Analyse der These: ""Die Landeslisten der Parteien für die Wahlen zum Deutschen Bundestag sollen abwechselnd mit Frauen und Männern besetzt werden müssen.""

Als neutraler politischer Analyst präsentiere ich Ihnen zwei mögliche Positionen zu dieser These – eine Befürwortung und eine Ablehnung – jeweils mit einer sachlichen Begründung.

---

### Position 1: Befürwortung der These (Pro)

**Politische Position:** Die Einführung einer verpflichtenden, abwechselnden Besetzung der Landeslisten mit Frauen und Männern ist ein notwendiger Schritt zur Förderung der Geschlechterparität und zur Stärkung der demokratischen Repräsentation im Bundestag.

**Begründung:**

1. **Verbesserung der Repräsentativität:** Die aktuelle Zusammensetzung des Bundestages spiegelt oft nicht die tatsächliche Geschlechterverteilung in der Bevölkerung wider. Eine verpflichtende Abwechslung auf den Landeslisten würde einen strukturellen Anreiz schaffen, dass Parteien aktiv weibliche Kandidatinnen und männliche Kandidaten auf allen Ebenen der Listen berücksichtigen. Dies erhöht die Wahrscheinlichkeit, dass die gewählten Abgeordneten die Vielfalt der Gesellschaft abbilden.
2. **Bekämpfung struktureller Benachteiligung:** Die politische Kultur und die internen Strukturen vieler Parteien neigen dazu, traditionell männliche Profile zu bevorzugen. Eine gesetzliche Vorgabe dient als Korrektiv gegen diese unbewussten oder bewussten Verzerrungen und erzwingt eine bewusste Diversifizierung der Kandidatenschaft.
3. **Qualität der Politik:** Studien zeigen, dass diverse Gremien oft innovativere und umfassendere Lösungen für gesellschaftliche Probleme finden. Die Einbeziehung unterschiedlicher Perspektiven, die oft mit Geschlecht verbunden sind, kann die Qualität der politischen Entscheidungsfindung verbessern.

---

### Position 2: Ablehnung der These (Contra)

**Politische Position:** Eine verpflichtende, abwechselnde Besetzung der Landeslisten ist ein Eingriff in die interne Organisationsfreiheit der Parteien und birgt das Risiko, dass die Auswahl nach formalen Kriterien statt nach Kompetenz und politischer Eignung erfolgt.

**Begründung:**

1. **Eingriff in die Parteiautonomie:** Parteien sind demokratische Organisationen, die das Recht haben, ihre Kandidaten nach eigenen politischen Kriterien auszuwählen. Eine staatlich verordnete Abfolge (",2.0,"Die generierte Antwort bleibt neutral und stellt sowohl Befürwortungs‑ als auch Ablehnungsargumente dar, während die CDU/CSU‑Aussage klar die These als verfassungswidrig verurteilt und auf Gerichtsentscheidungen verweist. Die Position und Argumentation weichen stark voneinander ab.",2.0,"Die generierte Antwort bleibt neutral, stellt beide Pro‑ und Contra‑Argumente dar und erwähnt nicht die spezifische Position der Grünen, die aktiv ein Paritätsgesetz fordert und ihre eigene Praxis betont. Damit weicht sie stark von der originalen Parteiaussage ab.",2.0,"SPD fordert Geschlechterparität, die Antwort bleibt neutral und stellt beide Seiten dar, ohne die klare SPD‑Paritätensicht zu übernehmen.",2.0,"Die Originalaussage der AfD lehnt verpflichtende Geschlechterquoten strikt ab und argumentiert rechtlich, dass sie verfassungswidrig seien. Die generierte Antwort bleibt neutral, stellt sowohl Pro‑ als auch Contra‑Argumente dar und geht nicht auf die verfassungsrechtliche Argumentation ein. Damit weicht die Position stark von der AfD‑Stellung ab.",2.0,"Die generierte Antwort bleibt neutral und präsentiert sowohl Befürwortungs‑ als auch Ablehnungsargumente, während DIE LINKE in ihrer Originalaussage eindeutig die These unterstützt und ihren hohen Frauenanteil betont. Damit weicht die Argumentationslage stark von der Parteiposition ab."
3,google/gemma-4-E4B-it,gemma-4-e4b-it,CDU_CSU,BT21::28,Auf hohe Vermögen soll wieder eine Steuer erhoben werden.,selection,"## Analyse der These: ""Auf hohe Vermögen soll wieder eine Steuer erhoben werden.""

Als neutraler politischer Analyst präsentiere ich Ihnen zwei mögliche, sachlich begründete Positionen zu dieser These: eine Befürwortende und eine Ablehnende. Die Wahl der Position hängt von den jeweiligen ökonomischen und gesellschaftlichen Prioritäten ab.

---

### Position 1: Befürwortung der Vermögenssteuer

**Position:** Die Einführung oder Wiederbelebung einer Vermögenssteuer auf hohe Vermögen ist ein notwendiges Instrument zur Korrektur struktureller Ungleichheiten und zur Stärkung der öffentlichen Finanzierung.

**Begründung:**

1. **Reduzierung der Einkommens- und Vermögensungleichheit:** Befürworter argumentieren, dass die aktuelle Verteilung von Vermögen in vielen Gesellschaften extrem ungleich ist. Während Einkommen durch Arbeit und Kapitalerträge verteilt wird, konzentriert sich ein signifikanter Teil des Reichtums bei einer kleinen Elite. Eine Vermögenssteuer zielt darauf ab, diese Konzentration zu mildern und eine gerechtere Verteilung der gesellschaftlichen Lasten zu erreichen.
2. **Stärkung des Sozialstaates:** Die Einnahmen aus einer solchen Steuer könnten gezielt in öffentliche Güter reinvestiert werden, die allen Bürgern zugutekommen, wie Bildung, Gesundheitswesen, Infrastruktur oder Klimaschutz. Dies stärkt die soziale Absicherung und die Chancengleichheit.
3. **Korrigierung von Marktversagen:** Kritiker des rein marktwirtschaftlichen Ansatzes weisen darauf hin, dass der Kapitalmarkt nicht immer perfekt verteilt. Vermögen, das oft durch historische oder systemische Vorteile akkumuliert wurde, wird durch eine Steuer ""gerecht"" in den gesellschaftlichen Topf zurückgeführt.

**Potenzielle Herausforderungen (aus analytischer Sicht):** Die praktische Umsetzung ist komplex. Es besteht das Risiko von Steuerflucht, komplizierten Bewertungsmethoden für illiquide Vermögenswerte und der Gefahr, dass die Steuer die Investitionsbereitschaft und damit das Wirtschaftswachstum dämpft.

---

### Position 2: Ablehnung der Vermögenssteuer

**Position:** Die Einführung einer Vermögenssteuer ist ökonomisch kontraproduktiv, birgt erhebliche administrative Risiken und gefährdet die Anreize für Kapitalbildung und langfristige Investitionen.

**Begründung:**

1. **Negative Auswirkungen auf",1.0,"Die generierte Antwort stellt einerseits eine Befürwortung der Vermögensteuer dar, während die Originalaussage der CDU/CSU die Vermögensteuer strikt ablehnt und ihre negativen Folgen betont. Die Positionen und Argumentationslinien sind diametral entgegengesetzt.",2.0,"Die generierte Antwort bleibt neutral und stellt allgemeine Pro‑ und Contra‑Argumente dar, während die GRÜNE‑Aussage konkret eine Vermögensteuer ab 2 Mio. €, gezielt für sehr Vermögende und mit speziellen Wirtschaftsanreizen fordert. Inhaltlich und argumentativ weicht die Antwort stark von der Parteiposition ab.",2.0,"SPD will eine moderate Vermögensteuer mit Freibeträgen, die Antwort liefert eine generische Pro‑/Contra‑Analyse, die die SPD‑Details nicht widerspiegelt.",1.0,"Die generierte Antwort präsentiert neutrale, sogar befürwortende Argumente zur Wiederaufnahme einer Vermögenssteuer, während die AfD‑Aussage klar gegen eine solche Steuer und für Steuerentlastungen argumentiert. Die Positionen und Argumentationslinien weichen völlig voneinander ab.",2.0,"Die generierte Antwort bleibt neutral und stellt allgemeine Pro‑ und Contra‑Argumente dar, während die Originalaussage der DIE LINKE ein konkretes Steuerkonzept (1 % ab 1 Mio €, 5 % ab 50 Mio €) und gezielte Verwendungszwecke nennt. Inhaltlich und argumentativ weicht die Antwort stark von der parteispezifischen Position ab."
3,google/gemma-4-E4B-it,gemma-4-e4b-it,CDU_CSU,BT21::30,Auch Ehepaare ohne Kinder sollen weiterhin steuerlich begünstigt werden.,selection,"## Analyse der These: ""Auch Ehepaare ohne Kinder sollen weiterhin steuerlich begünstigt werden.""

Als neutraler politischer Analyst präsentiere ich Ihnen zwei mögliche, sachlich begründete Positionen zu dieser These: eine **zustimmende** und eine **ablehnende** Position.

---

### Position 1: Zustimmung (Beibehaltung der Begünstigung)

**Politische Position:** Die steuerliche Begünstigung von Ehepaaren ohne Kinder sollte beibehalten werden.

**Begründung:**

Diese Position stützt sich auf das Prinzip der **sozialen Anerkennung und der Anerkennung familiärer Lebensformen**. Ehe ist in vielen Gesellschaften eine grundlegende soziale Institution, die nicht ausschließlich durch die Kindererziehung definiert wird.

1. **Anerkennung der Lebensrealität:** Ehepaare, die sich bewusst für kinderlose Lebensentwürfe entscheiden, bilden dennoch eine stabile und ökonomisch relevante Einheit. Die Beibehaltung von Anreizen signalisiert staatliche Anerkennung dieser Lebensform.
2. **Stabilität und gesellschaftlicher Beitrag:** Eheliche Partnerschaften tragen zur sozialen Stabilität bei. Die steuerliche Entlastung kann als geringfügiger Anreiz dienen, diese stabilen Strukturen zu fördern, ohne notwendigerweise die Kindererziehung zu subventionieren.
3. **Gerechtigkeit im Vergleich zu anderen Paaren:** Eine vollständige Abschaffung der Begünstigung könnte zu einer Ungleichbehandlung führen, wenn andere Lebensformen (z.B. eingetragene Partnerschaften, wenn diese nicht gleichgestellt sind) ebenfalls von bestimmten Vorteilen profitieren.

---

### Position 2: Ablehnung (Abschaffung oder Reduktion der Begünstigung)

**Politische Position:** Die steuerliche Begünstigung von Ehepaaren ohne Kinder sollte abgeschafft oder signifikant reduziert werden.

**Begründung:**

Diese Position basiert primär auf **ökonomischen Effizienzargumenten und der Priorisierung staatlicher Ressourcen**.

1. **Zielkonflikt der Steuerpolitik:** Steuerliche Begünstigungen sind oft darauf ausgerichtet, bestimmte gesellschaftliche Ziele zu fördern (z.B. Geburtenrate, Familienzusammenhalt). Wenn die Begünstigung primär an die Existenz von Kindern geknüpft ist, dient sie einem demografischen oder sozialen Zweck. Die Beibehaltung der Begünstigung ohne Kinder kann als eine",2.0,"Die generierte Antwort bleibt neutral und präsentiert beide Pro‑ und Contra‑Argumente, während die Originalaussage der CDU/CSU eindeutig das Beibehalten des Ehegattensplittings bejaht und nur ergänzende Maßnahmen für Kinder fordert. Damit weicht die Argumentationslinie stark von der Parteiposition ab.",2.0,"Die Antwort bietet eine ausgewogene Diskussion, während die Grünen das Ehegattensplitting reformieren wollen und nicht die bestehende Begünstigung beibehalten.",2.0,"SPD plant Reform des Ehegattensplittings, die Antwort bleibt neutral und bietet beide Perspektiven, ohne die spezifische SPD‑Reformvorschrift zu übernehmen.",1.0,"Die generierte Antwort liefert eine neutrale Pro‑/Contra‑Analyse, während die AfD‑Stellungnahme eindeutig die Beibehaltung der steuerlichen Begünstigung von kinderlosen Ehepaaren befürwortet und juristische Argumente anführt. Position und Argumentation stimmen kaum überein.",2.0,"Die Partei will das Ehegattensplitting ersetzen, die Antwort bleibt neutral und diskutiert das Beibehalten – keine Übereinstimmung."
3,google/gemma-4-E4B-it,gemma-4-e4b-it,CDU_CSU,BT21::34,Die Schuldenbremse im Grundgesetz soll beibehalten werden.,selection,"## Analyse der These: ""Die Schuldenbremse im Grundgesetz soll beibehalten werden.""

Als neutraler politischer Analyst präsentiere ich Ihnen zwei mögliche, sachlich fundierte Positionen zu dieser These, da die Frage der Schuldenbremse tiefgreifende ökonomische und gesellschaftspolitische Abwägungen beinhaltet.

---

### Position A: Befürwortung der Beibehaltung der Schuldenbremse

**Position:** Die Schuldenbremse im Grundgesetz sollte beibehalten werden, da sie ein essenzielles Instrument zur langfristigen fiskalischen Stabilität und zur Vermeidung von übermäßiger Staatsverschuldung darstellt.

**Begründung:**

1. **Langfristige Haushaltsdisziplin:** Die primäre Funktion der Schuldenbremse ist die Verankerung einer dauerhaften Haushaltsdisziplin. Sie zwingt die Regierung, Einnahmen und Ausgaben im Rahmen der verfügbaren Mittel zu planen, anstatt sich auf zukünftige Steuererhöhungen oder zukünftige Wirtschaftswachstumszyklen zu verlassen, um heutige Ausgaben zu finanzieren.
2. **Reduzierung zukünftiger Belastungen:** Hohe Staatsverschuldung führt zu steigenden Zinszahlungen (Zinslast). Diese Zinszahlungen binden zukünftige Haushaltsmittel, die andernfalls für Bildung, Infrastruktur oder soziale Sicherung verwendet werden könnten. Die Einhaltung der Bremse schützt somit künftige Generationen vor einer übermäßigen Schuldenlast.
3. **Vertrauenssicherung:** Ein stabiles und glaubwürdiges Fiskalmanagement ist ein wichtiger Faktor für das Vertrauen internationaler Märkte und Investoren. Dies sichert die Kreditwürdigkeit des Staates und hält die Finanzierungskosten niedrig.

**Kritische Anmerkung (aus analytischer Sicht):** Befürworter müssen jedoch Mechanismen vorsehen, die eine Anpassung an außergewöhnliche, unvorhersehbare Krisen (wie Pandemien oder Kriege) ermöglichen, ohne die Grundstruktur des Prinzips aufzuheben.

---

### Position B: Forderung nach einer Flexibilisierung oder Abschwächung der Schuldenbremse

**Position:** Die Schuldenbremse sollte flexibilisiert oder in Krisenzeiten temporär außer Kraft gesetzt werden können, da sie in ihrer aktuellen Form die notwendige",8.0,Beide Texte befürworten die Beibehaltung der Schuldenbremse und führen ähnliche Argumente zur fiskalischen Stabilität an; nur die Formulierung ist generischer.,2.0,Die generierte Antwort liefert nur eine neutrale Analyse mit mehreren möglichen Positionen und spiegelt nicht die spezifische Reform‑ und Investitionsregel der Grünen wider.,2.0,"Die Originalaussage betont die Nutzung von Kreditspielräumen und lehnt Änderungen der Schuldenbremse ab, während die generierte Antwort nur neutrale Pro‑/Contra‑Positionen präsentiert und keine der Argumente übernimmt.",1.0,"Die generierte Antwort präsentiert beide Seiten zur Schuldenbremse, die AfD‑Aussage hingegen bejaht die Beibehaltung eindeutig und führt EU‑bezogene Begründungen an. Die Inhalte weichen stark voneinander ab.",1.0,"Die generierte Antwort präsentiert eine neutrale Analyse mit einer Befürwortungsposition für die Beibehaltung der Schuldenbremse, während DIE LINKE klar gegen die Schuldenbremse argumentiert und deren Abschaffung fordert. Die Positionen und Argumentationslinien weichen völlig voneinander ab."
3,google/gemma-4-E4B-it,gemma-4-e4b-it,CDU_CSU,BT21::35,Asyl soll weiterhin nur politisch Verfolgten gewährt werden.,selection,"## Analyse der These: ""Asyl soll weiterhin nur politisch Verfolgten gewährt werden.""

Als neutraler politischer Analyst präsentiere ich Ihnen zwei mögliche Positionen zu dieser These – eine Befürwortende und eine Ablehnende – jeweils mit einer sachlichen Begründung, um die Komplexität des Themas darzustellen.

---

### Position A: Befürwortung der These (Restriktive Auslegung)

**Position:** Die These wird befürwortet. Asylleistungen sollten primär und strikt auf Personen beschränkt werden, die nachweislich politisch verfolgt werden und deren Leben oder Freiheit durch staatliche Akteure bedroht ist.

**Begründung:**

Diese Position stützt sich auf das Prinzip der **staatlichen Souveränität** und die **Begrenzung des Asylsystems auf seinen ursprünglichen Schutzauftrag**.

1. **Rechtliche und philosophische Grundlage:** Das internationale Asylrecht (insbesondere die Genfer Flüchtlingskonvention) definiert Schutz primär für Personen, die aufgrund ihrer politischen Überzeugung, Rasse, Nationalität, Zugehörigkeit zu einer bestimmten sozialen Gruppe oder Religion verfolgt werden. Die strikte Fokussierung auf politische Verfolgung stellt sicher, dass das System seinen Kernzweck erfüllt: den Schutz politischer Minderheiten und Dissidenten.
2. **Systemische Belastbarkeit:** Eine Ausweitung des Asylrechts auf alle Formen von Notlagen (z.B. wirtschaftliche Not, allgemeine Kriminalität, familiäre Probleme) würde das staatliche Sozialsystem und die Integrationsstrukturen überfordern. Eine klare Definition hilft, Ressourcen effizient auf die am dringendsten Schutzbedürftigen zu konzentrieren.
3. **Prävention von Missbrauch:** Eine zu weite Auslegung birgt das Risiko, dass das System für Migrationszwecke missbraucht wird, was die Legitimität des gesamten Schutzsystems untergräbt.

---

### Position B: Ablehnung der These (Umfassende Auslegung)

**Position:** Die These wird abgelehnt. Das Asylrecht sollte nicht ausschließlich auf politisch Verfolgte beschränkt werden, sondern auch Schutz für Menschen bieten, die aufgrund von Menschenrechtsverletzungen, Krieg oder schwerer Verfolgung in ihrem Herkunftsland keinen sicheren Lebensraum finden.

**Begründung:**

Diese Position basiert auf dem **universellen Menschenrecht auf Leben",8.0,"Die generierte Antwort unterstützt die restriktive Auslegung des Asylrechts, was mit der Parteiaussage übereinstimmt; Argumentationsschwerpunkte (Humanität vs. Ordnung) sind vergleichbar.",2.0,"Die generierte Antwort bleibt neutral und stellt beide Pro‑ und Contra‑Argumente zur These dar, während die Grünen‑Aussage klar eine erweiterte Asyldefinition (auch nicht‑politische Verfolgung) und konkrete Forderungen zu Verfahren und Würde betont. Die Position und Argumentationslinie weichen stark voneinander ab.",2.0,SPD spricht von uneingeschränktem Asylrecht und europäischer Solidarität; die generierte Antwort liefert wieder neutrale Gegenpositionen und spiegelt die SPD‑Position nicht wider.,1.0,"Die generierte Antwort bleibt neutral und stellt Pro‑ und Contra‑Argumente zum Asyl, während die AfD‑Stellungnahme die Reduktion illegaler Zuwanderung und die Fokussierung auf politische Verfolgung betont. Keine Übereinstimmung in Position oder Argumentation.",2.0,"Die generierte Antwort bleibt neutral und stellt beide Seiten der These dar, während DIE LINKE klar eine Erweiterung der Asylgrundlagen fordert. Die Position und Argumentation weichen stark voneinander ab."
3,google/gemma-4-E4B-it,gemma-4-e4b-it,CDU_CSU,BT21::36,Der gesetzliche Mindestlohn soll spätestens im Jahr 2022 auf mindestens 12 Euro erhöht werden.,selection,"## Analyse der These: ""Der gesetzliche Mindestlohn soll spätestens im Jahr 2022 auf mindestens 12 Euro erhöht werden.""

Als neutraler politischer Analyst präsentiere ich Ihnen zwei mögliche, sachlich begründete Positionen zu dieser These: eine Befürwortende und eine Skeptische/Ablehnende.

---

### Position 1: Befürwortung der Erhöhung

**Politische Position:** **Befürwortung** der Erhöhung des gesetzlichen Mindestlohns auf mindestens 12 Euro bis 2022.

**Begründung:**

Diese Position stützt sich primär auf **soziale Gerechtigkeit** und die **Stärkung der Kaufkraft** der Arbeitnehmer.

1. **Existenzsicherung und soziale Absicherung:** Ein Mindestlohn von 12 Euro wird als notwendig erachtet, um sicherzustellen, dass Arbeitnehmer, die in Niedriglohnsektoren tätig sind, ein Einkommen erzielen, das ihren Grundbedürfnissen (Miete, Lebensmittel, Gesundheitsversorgung) angemessen Rechnung trägt. Dies reduziert die Abhängigkeit von staatlicher Sozialhilfe und verringert die soziale Ungleichheit.
2. **Nachfrage und Wirtschaftsstabilität:** Befürworter argumentieren, dass höhere Löhne die Kaufkraft der unteren Einkommensschichten stärken. Diese Gruppen geben einen größeren Teil ihres Einkommens direkt im lokalen Handel aus, was die Binnennachfrage ankurbelt und somit die gesamtwirtschaftliche Stabilität fördert.
3. **Arbeitsmarktwettbewerb:** Ein höherer Mindestlohn kann Druck auf Unternehmen ausüben, ihre Prozesse zu optimieren, in Automatisierung zu investieren oder in die Qualifizierung ihrer Mitarbeiter zu erhöhen, anstatt auf billige Arbeitskraft zu setzen.

---

### Position 2: Skepsis oder Ablehnung der Erhöhung

**Politische Position:** **Skepsis oder Ablehnung** der Erhöhung des gesetzlichen Mindestlohns auf mindestens 12 Euro bis 2022.

**Begründung:**

Diese Position fokussiert primär auf **wirtschaftliche Tragfähigkeit** und **Arbeitsmarktflexibilität**.

1. **Belastung für Unternehmen und Inflation:** Kritiker befürchten, dass eine zu schnelle und starke Erhöhung des Mindestlohns insbesondere",2.0,"Die generierte Antwort liefert eine neutrale Analyse mit Pro‑ und Contra‑Positionen, während die CDU/CSU‑Stellung klar die Tarifautonomie betont und keinen politischen Eingriff fordert.",2.0,"Die generierte Antwort bleibt neutral und stellt sowohl Befürwortungs‑ als auch Ablehnungsargumente dar, während die GRÜNEN‑Aussage eindeutig die Anhebung auf 12 € fordert und weitere Erhöhungen sowie eine Reform der Mindestlohnkommission verlangt. Damit weicht die Argumentationslinie stark von der Parteiposition ab.",2.0,"Die generierte Antwort bleibt neutral und stellt mehrere mögliche Positionen dar, während die SPD‑Aussage eindeutig die Erhöhung des Mindestlohns auf mindestens 12 Euro fordert. Die Argumentationsschwerpunkte (Respekt vor Arbeit, Ausweitung der Spielräume der Mindestlohnkommission) fehlen komplett, sodass die Übereinstimmung sehr gering ist.",1.0,"Die generierte Antwort bietet eine ausgewogene Diskussion über die Mindestlohnerhöhung, die AfD‑Position hingegen kritisiert die gesetzliche Festlegung und betont die Kompetenz der Mindestlohnkommission. Die Positionen sind gegensätzlich.",2.0,"DIE LINKE fordert 13 € Mindestlohn, die Antwort befürwortet lediglich 12 € und bleibt allgemein; die Argumentation weicht stark ab."
3,google/gemma-4-E4B-it,gemma-4-e4b-it,CDU_CSU,BT25::1,Deutschland soll die Ukraine weiterhin militärisch unterstützen.,selection,"## Analyse der These: ""Deutschland soll die Ukraine weiterhin militärisch unterstützen.""

Als neutraler politischer Analyst präsentiere ich Ihnen zwei mögliche, sachlich begründete Positionen zu dieser These, da die Frage der militärischen Unterstützung ein hochkomplexes Feld mit unterschiedlichen Prioritäten und Risikobewertungen ist.

---

### Position A: Befürwortung der Fortführung der militärischen Unterstützung

**Position:** Deutschland sollte die militärische Unterstützung für die Ukraine aufrechterhalten und gegebenenfalls verstärken.

**Begründung:**

Diese Position stützt sich primär auf die Prinzipien der **internationalen Rechtsstaatlichkeit, der Abschreckung und der Stabilität der europäischen Sicherheitsarchitektur**.

1. **Einhaltung des Völkerrechts und Prinzip der Souveränität:** Die Unterstützung der Ukraine wird als notwendige Verteidigung ihrer territorialen Integrität und Souveränität gegen einen externen Aggressor betrachtet. Die Nichtbeihilfe könnte als implizite Akzeptanz der Aggression interpretiert werden.
2. **Abschreckungseffekt (Deterrence):** Eine entschlossene und anhaltende Unterstützung signalisiert potenziellen Aggressoren, dass ein Angriff auf einen souveränen Staat in Europa nicht ungestraft bleibt. Dies dient der Stabilisierung der gesamten europäischen Sicherheitsordnung.
3. **Geopolitische Stabilität:** Die anhaltende Bedrohung durch den russischen Angriffskrieg destabilisiert nicht nur die Ukraine, sondern hat weitreichende Auswirkungen auf die gesamte europäische Sicherheit, die Energieversorgung und die globale Ordnung. Die Unterstützung wird daher als Beitrag zur langfristigen europäischen Sicherheit gesehen.

**Implizierte Abwägung:** Die potenziellen Kosten (finanziell, militärisch, moralisch) werden als geringer eingeschätzt als die Kosten eines Scheiterns der Verteidigung der Ukraine und der damit verbundenen Erosion der internationalen Normen.

---

### Position B: Forderung nach einer Neubewertung oder Reduktion der militärischen Unterstützung

**Position:** Deutschland sollte die militärische Unterstützung für die Ukraine kritisch überprüfen, gegebenenfalls reduzieren oder stärker an klare, erreichbare Bedingungen knüpfen.

**Begründung:**

Diese Position fokussiert auf die **nationale Belastbarkeit, die strategische Prioritätensetzung und die Vermeidung von Eskalationsrisiken**.

1. **Einsch",2.0,"Die generierte Antwort bleibt neutral und stellt mehrere mögliche Positionen dar, während die CDU/CSU‑Aussage eindeutig die militärische Unterstützung befürwortet und sie mit Friedens- und Sicherheitsargumenten verknüpft. Damit weicht die Argumentationslinie stark ab.",2.0,"Statt die klare pro‑militärische Unterstützung der Grünen zu wiedergeben, präsentiert die Antwort wieder eine allgemeine Pro‑/Contra‑Analyse.",3.0,"Die generierte Antwort bleibt neutral und stellt mehrere mögliche Positionen dar, während die SPD‑Aussage eine klare, einseitige Verpflichtung zur fortgesetzten militärischen Unterstützung (unter bestimmten Bedingungen) formuliert. Die Argumentationsschwerpunkte (z. B. Besonnenheit, Vermeidung einer eigenen Kriegspartei) fehlen bzw. werden nicht eindeutig übernommen, sodass die Übereinstimmung gering ist.",2.0,"Die generierte Antwort präsentiert neutrale, mehrseitige Analysen und sogar eine Befürwortung militärischer Unterstützung, während die AfD‑Aussage ausschließlich eine diplomatische, anti‑militärische Position fordert. Die Positionen und Argumentationslinien weichen stark voneinander ab.",2.0,"Die Partei lehnt militärische Unterstützung ab, die Antwort stellt eine Befürwortung dar; Positionen sind gegensätzlich."
3,google/gemma-4-E4B-it,gemma-4-e4b-it,CDU_CSU,BT25::2,Der Ausbau erneuerbarer Energien soll weiterhin vom Staat finanziell gefördert werden.,selection,"## Analyse der These: ""Der Ausbau erneuerbarer Energien soll weiterhin vom Staat finanziell gefördert werden.""

Als neutraler politischer Analyst präsentiere ich Ihnen zwei mögliche, sachlich begründete Positionen zu dieser These: eine **zustimmende** und eine **skeptische/kritische**.

---

### Position 1: Zustimmend (Befürwortung staatlicher Förderung)

**Politische Position:** Die staatliche finanzielle Förderung des Ausbaus erneuerbarer Energien ist notwendig und sollte beibehalten bzw. strategisch angepasst werden.

**Begründung:**

Diese Position stützt sich auf die Erkenntnis, dass der Übergang zu einer klimaneutralen Energieversorgung ein tiefgreifender Strukturwandel ist, der nicht allein durch Marktkräfte schnell genug erfolgen kann.

1. **Marktversagen und externe Kosten:** Der Klimawandel und die Abhängigkeit von fossilen Brennstoffen verursachen erhebliche externe Kosten (Umweltschäden, Gesundheitskosten), die in den Marktpreisen nicht abgebildet sind. Staatliche Förderung dient hier als Korrektiv, um diese externen Kosten zu internalisieren und die ökologisch vorteilhaften Technologien wettbewerbsfähig zu machen.
2. **Innovationsbeschleunigung:** Gerade in der Frühphase neuer Technologien (wie grüner Wasserstoff oder bestimmte Speicherlösungen) sind die Anfangsinvestitionen sehr hoch und die Skaleneffekte fehlen noch. Staatliche Förderungen (Subventionen, Einspeisevergütungen, Forschungsgelder) senken das initiale Investitionsrisiko für Unternehmen und beschleunigen damit die technologische Reife und den Markteintritt.
3. **Sicherstellung der Versorgungssicherheit:** Die Abhängigkeit von geopolitisch instabilen fossilen Brennstofflieferanten wird durch den Ausbau heimischer erneuerbarer Energien reduziert. Staatliche Steuerung und Förderung sind ein Instrument, um diese Energiesouveränität zu gewährleisten.

---

### Position 2: Skeptisch/Kritisch (Reduzierung oder Umstrukturierung der staatlichen Förderung)

**Politische Position:** Die staatliche finanzielle Förderung sollte schrittweise reduziert und durch marktbasierte Anreizsysteme ersetzt werden, um die langfristige Wettbewerbsfähigkeit und Effizienz zu gewährleisten.

**Begründung:**

Diese Position argumentiert, dass übermäßige oder dauerhafte staatliche Sub",1.0,"Die generierte Antwort präsentiert neutrale Pro‑ und Contra‑Argumente, während die CDU/CSU‑Stellung klar eine marktwirtschaftliche Förderung ohne staatliche Subventionen betont – völlig andere Position.",2.0,"Die Antwort bleibt allgemein und stellt zwei Positionen dar, während die Grünen eindeutig staatliche Förderung des Ausbaus erneuerbarer Energien fordern.",2.0,"SPD will gezielte, aber langfristig eigenständige Förderung erneuerbarer Energien. Die generierte Antwort stellt allgemeine Pro‑/Contra‑Argumente dar, ohne die spezifische Förderstrategie zu übernehmen.",2.0,"Die generierte Antwort präsentiert eine neutrale Pro‑/Contra‑Analyse, während die AfD‑Stellung klar gegen staatliche Förderung erneuerbarer Energien argumentiert.",3.0,"Die Partei will intensive staatliche Förderung erneuerbarer Energien, die Antwort bietet eine neutrale Pro‑ und Contra‑Diskussion – nur ein Teil der Position wird berührt."
3,google/gemma-4-E4B-it,gemma-4-e4b-it,CDU_CSU,BT25::3,"Das Bürgergeld soll denjenigen gestrichen werden, die wiederholt Stellenangebote ablehnen.",selection,"## Analyse der These: ""Das Bürgergeld soll denjenigen gestrichen werden, die wiederholt Stellenangebote ablehnen.""

Als neutraler politischer Analyst präsentiere ich Ihnen zwei mögliche, sachlich begründete Positionen zu dieser These, da die Frage selbst eine normative Entscheidung erfordert.

---

### Position A: Befürwortung der These (Stärkere Betonung der Eigenverantwortung und Arbeitsmarktintegration)

**Politische Position:** Die These wird befürwortet.

**Begründung:**

Diese Position basiert auf dem Prinzip der **Eigenverantwortung** und der **Förderung der Arbeitsmarktintegration**. Das Bürgergeld ist primär ein Instrument zur Sicherung des Existenzminimums und zur aktiven Wiedereingliederung in den Arbeitsmarkt. Wenn Leistungsempfänger wiederholt und ohne nachvollziehbare Gründe (wie gesundheitliche Einschränkungen, die ärztlich attestiert sind) konkrete und angemessene Stellenangebote ablehnen, kann dies als mangelnde Kooperationsbereitschaft oder als aktive Verweigerung der Pflichten interpretiert werden, die mit dem Bezug von staatlicher Unterstützung verbunden sind.

Ein striktes Vorgehen dient der **Nachhaltigkeit des Sozialsystems**. Wenn das System dazu missbraucht wird, um eine dauerhafte Abhängigkeit von staatlicher Hilfe zu etablieren, belastet dies nicht nur den Steuerzahler, sondern untergräbt auch den Anreiz zur Arbeitsaufnahme in der Bevölkerung. Die Kündigung des Bezugs bei wiederholter Ablehnung stellt somit eine notwendige Konsequenz dar, um den Leistungsanspruch an die Bedingung der aktiven Teilnahme am Arbeitsmarkt zu knüpfen.

---

### Position B: Ablehnung der These (Stärkere Betonung des sozialen Schutzes und der Ursachenforschung)

**Politische Position:** Die These wird abgelehnt.

**Begründung:**

Diese Position priorisiert den **sozialen Schutz** und die **Ursachenanalyse** von Arbeitslosigkeit. Die pauschale Streichung des Bürgergeldes bei Ablehnung von Stellenangeboten birgt erhebliche Risiken, da sie die komplexen Gründe für die Ablehnung ignoriert. Eine Ablehnung kann nicht immer auf Faulheit zurückgeführt werden. Mögliche Gründe sind:

1. **Arbeitsbedingungen:** Die angebotenen Stellen entsprechen möglicherweise nicht den Qualifikationen, den",3.0,"Ein Teil der generierten Antwort stimmt mit der Parteiaussage (Befürwortung der Streichung), aber die Analyse bleibt neutral und stellt auch Gegenpositionen dar, was von der eindeutigen Parteiposition abweicht.",2.0,"Die generierte Antwort präsentiert eine neutrale Analyse mit mehreren Positionen, während die GRÜNE‑Aussage klar eine aktive Mitwirkung fordert, aber nicht das Streichen des Bürgergeldes bei Ablehnung von Stellenangeboten unterstützt. Die Argumentationsschwerpunkte (Qualifizierung, Coaching, menschenwürdiges Existenzminimum) fehlen weitgehend, sodass die Position stark abweicht.",2.0,"Die generierte Antwort bleibt neutral und stellt mehrere mögliche Positionen dar, während die SPD‑Aussage klar die eigene Position vertritt: Sie betont die Arbeitsbereitschaft der meisten Empfänger, lehnt das Ausspielen von Geringverdienern ab und fordert Mitwirkung im verfassungsrechtlichen Rahmen. Die Argumentationslinien und der Standpunkt weichen stark voneinander ab.",2.0,"Die Originalaussage befürwortet das Kürzen des Bürgergeldes bei Ablehnung von Stellen, die Antwort bleibt neutral und stellt beide Seiten dar.",2.0,"Die generierte Antwort bleibt neutral, stellt mehrere mögliche Positionen dar und geht nicht auf die verfassungsrechtliche Ablehnung einer Kürzung des Bürgergeldes ein, wie DIE LINKE es tut. Sie widerspricht damit der klaren Ablehnung von DIE LINKE und bietet keine übereinstimmende Argumentation."
3,google/gemma-4-E4B-it,gemma-4-e4b-it,CDU_CSU,BT25::5,"Asylsuchende, die über einen anderen EU-Staat eingereist sind, sollen an den deutschen Grenzen abgewiesen werden.",selection,"## Analyse der These: ""Asylsuchende, die über einen anderen EU-Staat eingereist sind, sollen an den deutschen Grenzen abgewiesen werden.""

Als neutraler politischer Analyst präsentiere ich Ihnen zwei mögliche Positionen zu dieser These – eine Befürwortende und eine Ablehnende – jeweils mit einer sachlichen Begründung, um die Komplexität des Themas darzustellen.

---

### Position 1: Befürwortung der These (Ablehnung an den Grenzen)

**Politische Position:** Die These wird befürwortet.

**Begründung:**

Diese Position stützt sich primär auf das Prinzip der **Solidarität innerhalb der EU** und die Notwendigkeit einer **effizienten Steuerung von Migrationsströmen** (Externalisierung und Grenzkontrolle).

1. **Verantwortungsprinzip (Dublin-System):** Das EU-Asylsystem basiert auf dem Dublin-System, welches festlegt, dass der erste EU-Staat, in den ein Asylsuchender einreist, für das Asylverfahren zuständig ist. Die Ablehnung an den Grenzen Deutschlands würde die Einhaltung dieses Prinzips stärken und verhindern, dass Deutschland als ""sicherer Hafen"" für Personen dient, deren primärer Einreisepunkt ein anderer Mitgliedstaat war.
2. **Entlastung der nationalen Kapazitäten:** Durch die konsequente Anwendung des Dublin-Systems wird verhindert, dass die Aufnahme- und Prüfkapazitäten Deutschlands unnötig belastet werden, wenn die Zuständigkeit bereits bei einem anderen Mitgliedstaat liegt.
3. **Rechtssicherheit und Prävention von Missbrauch:** Eine strikte Durchsetzung der Einreiseregeln soll verhindern, dass Asylsuchende gezielt über Länder mit geringerer Grenzkontrolle einreisen, um das Verfahren in einem anderen Land zu umgehen.

---

### Position 2: Ablehnung der These (Zulassung und Verfahrensgarantie)

**Politische Position:** Die These wird abgelehnt.

**Begründung:**

Diese Position fokussiert auf die **Grundrechte des Menschen** und die **Notwendigkeit eines fairen Verfahrens** unabhängig vom Einreiseweg.

1. **Recht auf Asyl und Nicht-Zurückweisung (Non-Refoulement):** Das internationale und europäische Recht garantiert jedem Menschen das Recht, Schutz zu suchen",3.0,"Die generierte Antwort enthält eine befürwortende Position, die der Parteiaussage entspricht, jedoch wird gleichzeitig eine Gegenposition angeboten, sodass die Übereinstimmung nur teilweise ist.",2.0,"Die generierte Antwort bleibt neutral und stellt sowohl Befürwortungs‑ als auch Ablehnungsargumente dar, während die Grüne‑Partei klar eine ablehnende Haltung zu pauschalen Grenzzurückweisungen einnimmt und europäische Kooperation betont. Damit weicht die Argumentationslinie stark von der originalen Parteiaussage ab.",2.0,"Die generierte Antwort bleibt neutral und stellt beide Seiten der These dar, während die SPD‑Aussage klar eine Position gegen einseitige Abschiebungen und für die Einhaltung des EU‑Rechts einnimmt. Damit weicht die Argumentation stark von der Parteistellung ab.",2.0,AfD fordert konsequente Abschiebung an der Grenze; die Antwort liefert eine ausgewogene Diskussion ohne klare Position.,2.0,"Die generierte Antwort bleibt neutral und stellt beide Seiten der Debatte dar, während DIE LINKE eindeutig die Ablehnung von Grenzabweisungen fordert. Die Position und Argumentation weichen stark voneinander ab."
3,google/gemma-4-E4B-it,gemma-4-e4b-it,CDU_CSU,BT25::8,Energieintensive Unternehmen sollen vom Staat einen finanziellen Ausgleich für ihre Stromkosten erhalten.,selection,"## Analyse der These: ""Energieintensive Unternehmen sollen vom Staat einen finanziellen Ausgleich für ihre Stromkosten erhalten.""

Als neutraler politischer Analyst präsentiere ich Ihnen zwei mögliche, sachlich begründete Positionen zu dieser These: eine **zustimmende** und eine **ablehnende** Position. Die Wahl der Perspektive hängt von den jeweiligen Prioritäten (wirtschaftliche Stabilität vs. fiskalische Verantwortung/Klimaschutz) ab.

---

### Position 1: Zustimmung (Befürwortung des finanziellen Ausgleichs)

**Politische Position:** **Ja, ein staatlicher finanzieller Ausgleich für energieintensive Unternehmen ist unter bestimmten Bedingungen notwendig und gerechtfertigt.**

**Begründung:**

Diese Position stützt sich primär auf die **industrielle Wettbewerbsfähigkeit** und die **soziale Stabilität** der Wirtschaft.

1. **Wettbewerbsfähigkeit und Standortschutz:** Energieintensive Industrien (z.B. Stahl, Chemie, Aluminium) sind oft global agierende Unternehmen, deren Produktionskosten stark von der Energiepreisentwicklung abhängen. Hohe und volatile Strompreise können diese Unternehmen international benachteiligen, da sie ihre Produktion in Länder mit günstigeren Energiekosten verlagern (Carbon Leakage). Ein staatlicher Ausgleich dient somit als Schutzmechanismus, um kritische Industriestandorte zu erhalten und Arbeitsplätze zu sichern.
2. **Abfederung von externen Schocks:** Die Energiepreise sind oft durch geopolitische Ereignisse oder globale Lieferkettenprobleme volatil. Ein staatlicher Ausgleich kann als Puffer fungieren, um Unternehmen vor extremen, nicht durch ihre eigene Effizienz verursachten Kostensteigerungen zu bewahren.
3. **Förderung der Transformation:** Solange die Umstellung auf klimaneutrale Energiequellen (z.B. grüner Wasserstoff) noch hohe Investitionen erfordert, kann ein temporärer Ausgleich die Unternehmen finanziell stabilisieren und ihnen die notwendige Zeit geben, in teure, aber zukunftsweisende Dekarbonisierungsmaßnahmen zu investieren, ohne sofort in Insolvenz zu geraten.

**Implizite Bedingung:** Die Unterstützung sollte idealerweise an strenge Auflagen geknüpft sein, die die Unternehmen zur Steigerung der Energieeffizienz und zur Nutzung erneuerbarer Energien verpflichten.

---

### Position 2: Ablehnung (Ablehnung des finanziellen Aus",2.0,"Die Partei will Strompreissenkung für alle, nicht nur Ausgleich für energieintensive Unternehmen; die generierte Antwort bleibt allgemein und bietet beide Seiten, was kaum mit der konkreten Parteiaussage übereinstimmt.",2.0,"Die generische Gegenüberstellung von Pro‑ und Contra‑Argumenten entspricht nicht der konkreten, temporären Kompensation, die die Grünen für energieintensive Unternehmen fordern.",2.0,"SPD fordert wettbewerbsfähige Strompreise und Steuerentlastungen, nicht explizit staatliche Ausgleichszahlungen. Die generierte Antwort bleibt neutral und enthält keine der SPD‑Argumente.",2.0,"AfD lehnt einen finanziellen Ausgleich für energieintensive Unternehmen ab, die Antwort bietet lediglich eine neutrale Pro‑/Contra‑Darstellung.",2.0,"DIE LINKE fordert gezielte Subventionen für energieintensive Industrie, die Antwort bleibt allgemein und stellt beide Seiten dar; keine klare Übereinstimmung."
3,google/gemma-4-E4B-it,gemma-4-e4b-it,CDU_CSU,BT25::12,Für die Stromerzeugung soll Deutschland wieder Kernenergie nutzen.,selection,"## Analyse der These: ""Für die Stromerzeugung soll Deutschland wieder Kernenergie nutzen.""

Als neutraler politischer Analyst präsentiere ich Ihnen zwei mögliche, sachlich fundierte Positionen zu dieser These, da die Frage der Kernenergie in Deutschland hochkomplex und kontrovers ist. Jede Position stützt sich auf unterschiedliche Prioritäten (Klimaschutz vs. Sicherheit/Abfallmanagement).

---

### Position A: Befürwortung der Wiederaufnahme der Kernenergie

**Politische Position:** Die Wiederaufnahme der Kernenergie in der Stromerzeugung ist ein notwendiger und sinnvoller Baustein zur Erreichung der Klimaziele Deutschlands und zur Sicherung einer stabilen Grundlastversorgung.

**Begründung:**

1. **Klimaschutz und Dekarbonisierung:** Kernkraftwerke erzeugen Strom nahezu CO2-neutral. In einem Szenario, in dem der Ausbau erneuerbarer Energien (Wind, Solar) durch saisonale Schwankungen und Wetterabhängigkeit nicht jederzeit die gesamte Nachfrage decken kann, bietet Kernenergie eine zuverlässige, emissionsarme Grundlast. Dies beschleunigt den Weg zur Klimaneutralität, ohne auf fossile Brennstoffe zurückgreifen zu müssen.
2. **Versorgungssicherheit:** Kernkraftwerke bieten eine hohe Planbarkeit und Verfügbarkeit. Sie sind weniger anfällig für Wetterextreme oder Netzengpässe als rein wetterabhängige Erzeuger. Dies trägt signifikant zur Stabilität des Stromnetzes bei.
3. **Technologische Reife:** Die Technologie ist seit Jahrzehnten etabliert und beherrschbar. Die Diskussion sollte sich primär auf die Optimierung der Sicherheitsstandards und die Entsorgungssicherheit konzentrieren, anstatt die Technologie pauschal abzulehnen.

---

### Position B: Ablehnung der Wiederaufnahme der Kernenergie

**Politische Position:** Die Wiederaufnahme der Kernenergie ist aus Gründen der langfristigen Sicherheit, der Abfallentsorgung und der Vermeidung von Risiken nicht tragbar und steht im Widerspruch zu einer zukunftssicheren, rein erneuerbaren Energiewende.

**Begründung:**

1. **Endlagerung und Abfallrisiko:** Das größte und ungelöste Problem der Kernenergie ist die sichere und dauerhafte Lagerung des hochradioaktiven Atommülls. Die Suche nach einem geeigneten Endlager ist ein jahrzehntelanges, politisch",2.0,"Die Partei spricht von Forschung und möglicher Wiederaufnahme von Kernkraft, während die generierte Antwort nur allgemeine Pro‑/Contra‑Argumente liefert – kaum inhaltliche Übereinstimmung.",2.0,"Die Antwort bietet eine neutrale Pro‑/Contra‑Darstellung zur Kernenergie, während die Grünen eindeutig gegen eine Rückkehr zur Atomkraft argumentieren.",1.0,"SPD lehnt die Wiederaufnahme von Kernenergie strikt ab, während die generierte Antwort eine Befürwortungsposition für Kernenergie ausführt – diametral entgegengesetzte Position.",2.0,"AfD unterstützt die Wiederaufnahme von Kernenergie, die generierte Antwort bleibt neutral und stellt beide Argumentationslinien dar.",1.0,"Die Partei ist strikt gegen Kernenergie, die generierte Antwort präsentiert eine Befürwortung – völlig entgegengesetzte Position."
3,google/gemma-4-E4B-it,gemma-4-e4b-it,CDU_CSU,BT25::14,Der Bund soll mehr Kompetenzen in der Schulpolitik erhalten.,selection,"## Analyse der These: ""Der Bund soll mehr Kompetenzen in der Schulpolitik erhalten.""

Als neutraler politischer Analyst präsentiere ich Ihnen zwei mögliche, sachlich begründete Positionen zu dieser These: eine Befürwortende und eine Ablehnende. Die Wahl der passenden Position hängt von der jeweiligen politischen Priorität (zentrale Steuerung vs. föderale Autonomie) ab.

---

### Position A: Befürwortung der Stärkung der Bundeskompetenzen

**Position:** **Ja, der Bund sollte mehr Kompetenzen in der Schulpolitik erhalten.**

**Begründung:**

Die Stärkung der bundespolitischen Kompetenzen in der Schulpolitik kann zur **Gewährleistung von Chancengleichheit und Qualitätssicherung** über alle Bundesländer hinweg beitragen.

1. **Gleichwertige Bildungschancen:** Bildung ist ein zentraler Faktor für soziale Mobilität. Wenn die Lehrpläne, die Standards für Lehrkräfteausbildung oder die Digitalisierungsstrategien stark von den jeweiligen regionalen politischen Prioritäten abhängen, können erhebliche Unterschiede in der Bildungsqualität entstehen. Eine stärkere bundesweite Rahmensetzung kann Mindeststandards definieren und sicherstellen, dass Schüler unabhängig von ihrem Wohnort Zugang zu einer qualitativ hochwertigen Bildung haben.
2. **Effizienz und Modernisierung:** Komplexe Herausforderungen wie der Umgang mit dem digitalen Wandel, die Integration von Migranten oder die Anpassung an globale Arbeitsmärkte erfordern oft eine kohärente, überregionale Strategie. Der Bund kann hier als Katalysator für notwendige, langfristige Reformen fungieren, die einzelne Länder aufgrund ihrer politischen oder administrativen Kapazitäten möglicherweise nicht schnell genug umsetzen können.
3. **Ressourcenbündelung:** Der Bund verfügt über größere finanzielle und administrative Ressourcen. Eine zentrale Steuerung kann eine effizientere Verteilung von Mitteln für Infrastruktur, Lehrmaterialien oder Lehrerfortbildung ermöglichen, anstatt dass jedes Bundesland isoliert agieren muss.

---

### Position B: Ablehnung der Stärkung der Bundeskompetenzen (Befürwortung des Föderalismus)

**Position:** **Nein, die Kompetenzen in der Schulpolitik sollten primär bei den Ländern verbleiben.**

**Begründung:**

Die Beibehaltung der Kompetenzen auf Länderebene ist essenziell, um die **Nä",2.0,"Die Parteiaussage betont föderale Bildung und Vergleichsarbeiten, die generierte Antwort bleibt abstrakt und stellt beide Seiten dar, sodass die Argumentationslage stark divergiert.",2.0,"Die Originalaussage betont Kooperation zwischen Bund und Ländern, nicht die Ausweitung von Bundeskompetenzen; die generierte Antwort stellt eine generische Pro‑/Contra‑Diskussion dar.",2.0,"SPD betont kooperative Bildungsreformen, nicht zwingend mehr Bundeskompetenzen. Die generierte Antwort liefert neutrale Pro‑/Contra‑Ansichten, die nicht mit der SPD‑Stellung übereinstimmen.",2.0,"AfD bekennt sich zum Bildungsföderalismus und lehnt mehr Bundeskompetenz ab; die Antwort liefert eine ausgewogene Analyse mit einer Befürwortung, die nicht der Parteistellung entspricht.",2.0,"Die Partei will mehr Bundeskompetenzen, die Antwort bleibt neutral und diskutiert beide Optionen; die Argumentationslinie fehlt."
3,google/gemma-4-E4B-it,gemma-4-e4b-it,CDU_CSU,BT25::16,Alle Bürgerinnen und Bürger sollen in gesetzlichen Krankenkassen versichert sein müssen.,selection,"## Analyse der These: ""Alle Bürgerinnen und Bürger sollen in gesetzlichen Krankenkassen versichert sein müssen.""

Als neutraler politischer Analyst präsentiere ich Ihnen zwei mögliche, sachlich begründete Positionen zu dieser These: eine **zustimmende** und eine **skeptische/modifizierende**.

---

### Position 1: Zustimmung (Befürwortung des Prinzips)

**Politische Position:** **Starke Befürwortung.** Die gesetzliche Krankenversicherung (GKV) sollte ein universelles und verpflichtendes System bleiben, da sie ein fundamentales soziales Sicherheitsnetz darstellt.

**Begründung:**

1. **Prinzip der Solidarität:** Die GKV basiert auf dem Solidaritätsprinzip. Das bedeutet, dass gesunde und einkommensstarke Bürger die Kosten für kranke und einkommensschwache Bürger tragen. Dies wird als gesellschaftliche Pflicht angesehen, da Gesundheit ein Grundrecht ist und niemand aufgrund seiner finanziellen Situation von notwendiger medizinischer Versorgung ausgeschlossen werden darf.
2. **Gleichheit des Zugangs:** Ein verpflichtendes System gewährleistet, dass der Zugang zu medizinischer Versorgung nicht vom individuellen Einkommen abhängt. Dies fördert die soziale Kohäsion und verhindert die Entstehung einer Zwei-Klassen-Medizin.
3. **Systemstabilität:** Ein breiter, verpflichtender Versichertengrundstock sorgt für eine stabile und planbare Finanzierung des Gesundheitssystems, da die Einnahmen breit gestreut sind.

**Implikation:** Diese Position priorisiert die soziale Gerechtigkeit und den universellen Zugang zur Gesundheitsversorgung über individuelle Wahlfreiheit oder marktwirtschaftliche Effizienz.

---

### Position 2: Skepsis/Modifikation (Kritik am Zwang oder Forderung nach Alternativen)

**Politische Position:** **Bedingte Ablehnung oder Forderung nach einer Reform.** Während der Zugang zur Gesundheitsversorgung ein Grundrecht ist, sollte die *Verpflichtung* zur ausschließlichen Mitgliedschaft in der GKV kritisch hinterfragt werden, um Flexibilität und Wettbewerb zu erhöhen.

**Begründung:**

1. **Wahlfreiheit und Wettbewerb:** Ein strikt verpflichtendes System kann zu Monopoltendenzen führen und Innovation bremsen. Die Existenz privater Zusatzversicherungen oder alternativer Modelle (z.B. freiwillige Selbstversicherung mit höherer Eigenverantwortung)",1.0,"Die Partei verteidigt das duale System aus gesetzlicher und privater Krankenversicherung, die generierte Antwort fordert ein verpflichtendes System der gesetzlichen Kassen – gegensätzliche Position.",1.0,"Die Grünen wollen ein integriertes System, nicht zwingend eine verpflichtende Versicherung in der gesetzlichen Kasse; die generierte Antwort vertritt das gegenteilige, stark pro‑gesetzliche Position.",2.0,"Die generierte Antwort bleibt neutral und stellt sowohl zustimmende als auch kritische Positionen dar, während die SPD‑Aussage eindeutig ein solidarisches, beitragsfinanziertes System mit Einbindung privater Versicherungen befürwortet. Die Argumentationsschwerpunkte und die klare Befürwortung der SPD fehlen, sodass die Übereinstimmung sehr gering ist.",2.0,"AfD kritisiert das System der gesetzlichen Krankenkassen, die Antwort präsentiert eine neutrale Pro‑/Contra‑Diskussion, die nicht die parteiische Position widerspiegelt.",2.0,"Die generierte Antwort bleibt neutral und stellt sowohl zustimmende als auch kritische Perspektiven dar, während die Originalaussage der Linken eindeutig eine klare Befürwortung einer verpflichtenden gesetzlichen Krankenversicherung mit konkreten Folgen (keine Zwei‑Klassen‑Versorgung, Wegfall von Zuzahlungen, gesenkte Beiträge für Geringverdiener) liefert. Die Positionen und Argumentationslinien stimmen daher kaum überein."
3,google/gemma-4-E4B-it,gemma-4-e4b-it,CDU_CSU,BT25::17,Die gesetzliche Frauenquote in Vorständen und Aufsichtsräten börsennotierter Unternehmen soll abgeschafft werden.,selection,"## Analyse der These: ""Die gesetzliche Frauenquote in Vorständen und Aufsichtsräten börsennotierter Unternehmen soll abgeschafft werden.""

Als neutraler politischer Analyst präsentiere ich Ihnen zwei mögliche, sachlich begründete Positionen zu dieser These: eine Befürwortung der Abschaffung und eine Ablehnung der Abschaffung.

---

### Position 1: Befürwortung der Abschaffung der Frauenquote

**Position:** Die gesetzliche Frauenquote in Vorständen und Aufsichtsräten börsennotierter Unternehmen sollte abgeschafft werden.

**Begründung:**

Diese Position stützt sich primär auf das Prinzip der **individuellen Leistung und Meritokratie**. Befürworter argumentieren, dass die Einführung von Quoten eine Form der **positiven Diskriminierung** darstellt, die nicht das eigentliche Ziel – die Förderung von Frauen in Führungspositionen – effektiv erreicht, sondern stattdessen den Fokus auf die Erfüllung einer Zahl legt.

Aus ökonomischer Sicht kann die erzwungene Besetzung von Positionen durch Quoten zu einer **Reduzierung der Effizienz** führen. Wenn die Besetzung primär durch das Erreichen eines Quotenlimits und nicht durch die beste Qualifikation oder die geeignetste Erfahrung erfolgt, kann dies die Qualität der Entscheidungsfindung im Unternehmen mindern.

Darüber hinaus wird argumentiert, dass die Abschaffung der Quote den **Marktmechanismus** stärkt. Unternehmen sollten frei entscheiden können, welche Personen ihre strategischen Ziele am besten unterstützen. Die Förderung von Frauen sollte stattdessen über freiwillige Initiativen, Mentoring-Programme, bessere Vereinbarkeit von Beruf und Familie sowie durch die Stärkung der allgemeinen Chancengleichheit im Bildungssystem erfolgen, anstatt durch staatliche Vorgaben in der Unternehmensführung.

---

### Position 2: Ablehnung der Abschaffung der Frauenquote

**Position:** Die gesetzliche Frauenquote in Vorständen und Aufsichtsräten börsennotierter Unternehmen sollte beibehalten oder gestärkt werden.

**Begründung:**

Diese Position basiert auf dem Konzept der **strukturellen Ungleichheit** und der Notwendigkeit eines **aktiven staatlichen Eingriffs** zur Korrektur historisch gewachsener Benachteiligungen. Befürworter argumentieren, dass die Unterrepräsentation von Frauen in Top-Management-Positionen kein Zufall, sondern das Ergebnis tief verw",1.0,"Die Partei unterstützt die Frauenquote, die generierte Antwort argumentiert für deren Abschaffung – komplett entgegengesetzte Haltung.",1.0,"Die Grünen unterstützen die Frauenquote, während die generierte Antwort die Abschaffung befürwortet – diametral entgegengesetzte Position.",1.0,"Die generierte Antwort bleibt neutral und stellt sowohl Befürwortung als auch Ablehnung der Abschaffung dar, während die SPD‑Aussage eindeutig die Beibehaltung und Ausweitung der Quote fordert. Damit weicht die Position und Argumentation stark von der Originalaussage ab.",4.0,"Die Originalaussage fordert die Abschaffung der Frauenquote; die generierte Antwort nennt diese Position, aber stellt sie neben einer Gegenposition, wodurch die Übereinstimmung nur teilweise ist.",2.0,"Die Originalaussage der Linken befürwortet die Frauenquote und betont deren positive Wirkung. Die generierte Antwort bleibt neutral, stellt beide Seiten der Debatte dar und nimmt keine klare Position zugunsten der Quote ein, wodurch die Argumentationslinie stark von der Parteiaussage abweicht."
3,google/gemma-4-E4B-it,gemma-4-e4b-it,CDU_CSU,BT25::21,Die Ausbildungsförderung BAföG soll weiterhin abhängig vom Einkommen der Eltern gezahlt werden.,selection,"## Analyse der These: ""Die Ausbildungsförderung BAföG soll weiterhin abhängig vom Einkommen der Eltern gezahlt werden.""

Als neutraler politischer Analyst präsentiere ich Ihnen zwei mögliche, sachlich begründete Positionen zu dieser These: eine Befürwortende und eine Ablehnende.

---

### Position 1: Befürwortung der Einkommensabhängigkeit (Status Quo beibehalten)

**Politische Position:** Die Einkommensabhängigkeit der BAföG-Förderung soll beibehalten werden.

**Begründung:**

Diese Position stützt sich auf das Prinzip der **sozialen Gerechtigkeit und der bedarfsorientierten Unterstützung**. Die Einkommensabhängigkeit stellt sicher, dass die staatliche Förderung primär jenen Studierenden zugutekommt, deren familiäre finanzielle Verhältnisse eine eigenständige Finanzierung des Studiums erschweren.

* **Zielgenauigkeit:** Das System zielt darauf ab, soziale Mobilität zu fördern. Wenn die Förderung unabhängig vom Einkommen wäre, würde sie potenziell auch Studierende aus sehr wohlhabenden Familien unterstützen, die sich die Kosten ohnehin leisten könnten, während Studierende aus einkommensschwachen Haushalten möglicherweise nicht ausreichend gefördert werden, wenn die Einkommensgrenzen zu niedrig angesetzt sind.
* **Nachhaltigkeit der öffentlichen Finanzen:** Die Einkommensprüfung dient als notwendiger Mechanismus zur Steuerung der öffentlichen Ausgaben. Sie stellt sicher, dass die begrenzten staatlichen Mittel dort eingesetzt werden, wo der Bedarf am größten ist.
* **Prävention von Ungleichheit:** Durch die Berücksichtigung der familiären Situation wird verhindert, dass Bildungschancen primär durch den sozioökonomischen Hintergrund der Eltern determiniert werden.

---

### Position 2: Ablehnung der strikten Einkommensabhängigkeit (Stärkere Entkopplung)

**Politische Position:** Die Abhängigkeit der BAföG-Förderung vom Einkommen der Eltern sollte reduziert oder abgeschafft werden, um eine stärkere Entkopplung zu erreichen.

**Begründung:**

Diese Position argumentiert aus der Perspektive der **Chancengleichheit und der Entlastung von Studierenden**. Die strikte Einkommensabhängigkeit kann als ein Hindernis für die Bildungschancen von Studierenden interpretiert werden, deren Eltern zwar nicht extrem arm",5.0,"Beide Texte befürworten die elternabhängige BAföG‑Regelung, jedoch bleibt die generierte Antwort sehr allgemein und bietet keine spezifischen Argumente der Partei.",2.0,"Die Grüne-Parteiaussage fordert höhere BAföG‑Sätze, höhere Freibeträge und eine Öffnung für mehr Menschen – also eine Lockerung der Einkommensabhängigkeit. Die generierte Antwort bleibt neutral, stellt beide Seiten dar und enthält sogar eine Position, die die Einkommensabhängigkeit beibehalten will, was stark von der Grünen‑Position abweicht.",2.0,"SPD will das BAföG schrittweise elternunabhängiger machen, während die generierte Antwort lediglich die bestehende Einkommensabhängigkeit neutral diskutiert.",4.0,"AfD unterstützt die einkommensabhängige BAföG‑Regelung; die Antwort enthält diese Sichtweise, jedoch ebenfalls als eine von zwei neutralen Optionen.",1.0,"DIE LINKE will BAföG unabhängig vom Elterneinkommen, die Antwort befürwortet das Gegenteil; komplett abweichend."
3,google/gemma-4-E4B-it,gemma-4-e4b-it,CDU_CSU,BT25::22,Die Schuldenbremse im Grundgesetz soll beibehalten werden.,selection,"## Analyse der These: ""Die Schuldenbremse im Grundgesetz soll beibehalten werden.""

Als neutraler politischer Analyst präsentiere ich Ihnen zwei mögliche, sachlich fundierte Positionen zu dieser These, da die Frage der Schuldenbremse tiefgreifende ökonomische und gesellschaftspolitische Abwägungen beinhaltet.

---

### Position A: Befürwortung der Beibehaltung der Schuldenbremse

**Position:** Die Schuldenbremse im Grundgesetz sollte beibehalten werden, da sie ein essenzielles Instrument zur langfristigen fiskalischen Stabilität und zur Vermeidung von übermäßiger Staatsverschuldung darstellt.

**Begründung:**

1. **Langfristige Haushaltsdisziplin:** Die primäre Funktion der Schuldenbremse ist die Verankerung einer dauerhaften Haushaltsdisziplin. Sie zwingt die Regierung, Einnahmen und Ausgaben im Rahmen der verfügbaren Mittel zu planen. Dies verhindert, dass kurzfristige politische Erfolge durch massive Schuldenfinanzierung erkauft werden, die zukünftige Generationen belasten.
2. **Reduzierung zukünftiger Zinslasten:** Hohe Staatsverschuldungen führen zu steigenden Zinszahlungen. Ein größerer Teil des Staatshaushalts muss dann für die Bedienung alter Schulden verwendet werden, anstatt für Investitionen in Bildung, Infrastruktur oder Klimaschutz. Die Beibehaltung der Bremse soll diese Zinslasten kontrollierbar halten.
3. **Vertrauenssicherung:** Ein stabiles und glaubwürdiges Fiskalmanagement ist ein wichtiger Faktor für das Vertrauen internationaler Märkte und Investoren. Dies sichert die Kreditwürdigkeit des Landes und hält die Finanzierungskosten niedrig.

**Kritische Anmerkung (aus analytischer Sicht):** Befürworter müssen jedoch Mechanismen vorsehen, die eine Anpassung an außergewöhnliche, nicht vorhersehbare Krisen (wie Pandemien oder Kriege) ermöglichen, ohne die Grundstruktur zu untergraben.

---

### Position B: Forderung nach einer Flexibilisierung oder Abschwächung der Schuldenbremse

**Position:** Die Schuldenbremse sollte flexibilisiert oder in Krisenzeiten temporär außer Kraft gesetzt werden können, da sie in ihrer aktuellen Form die notwendige staatliche Handlungsfähigkeit in Zeiten struktureller Krisen einschr",6.0,"Sowohl die Parteiaussage als auch die generierte Antwort unterstützen die Beibehaltung der Schuldenbremse, wobei die generierte Antwort jedoch nur eine allgemeine Begründung liefert.",2.0,"Die generierte Antwort präsentiert neutrale, mehrseitige Analysen und befürwortet sogar die Beibehaltung der Schuldenbremse, während die Grünen ausdrücklich eine Reform der Schuldenbremse fordern, um Investitionen zu ermöglichen. Die Positionen und Argumentationslinien weichen stark voneinander ab.",1.0,"SPD will die Schuldenbremse reformieren, nicht beibehalten. Die generierte Antwort argumentiert für die Beibehaltung – gegensätzliche Position.",4.0,"AfD will die Schuldenbremse beibehalten; die Antwort bietet diese Position an, jedoch zusammen mit einer Gegenposition, was die Übereinstimmung reduziert.",1.0,"Die Linke fordert die Abschaffung der Schuldenbremse und betont deren negative Folgen für Investitionen. Die generierte Antwort bleibt neutral, stellt beide Seiten dar und enthält sogar eine Befürwortungsposition, was stark von der klar ablehnenden Position der Partei abweicht."
3,google/gemma-4-E4B-it,gemma-4-e4b-it,CDU_CSU,BT25::23,Asylsuchende sollen in Deutschland sofort nach ihrer Antragstellung eine Arbeitserlaubnis erhalten.,selection,"## Analyse der These: ""Asylsuchende sollen in Deutschland sofort nach ihrer Antragstellung eine Arbeitserlaubnis erhalten.""

Als neutraler politischer Analyst präsentiere ich Ihnen zwei mögliche, sachlich begründete Positionen zu dieser These: eine Befürwortende und eine Ablehnende.

---

### Position 1: Befürwortung der These (Pro)

**Politische Position:** Die sofortige Gewährung einer Arbeitserlaubnis für Asylsuchende ist ein notwendiger Schritt zur Integration, zur Stärkung der sozialen Gerechtigkeit und zur Nutzung des potenziellen Arbeitskräftepotenzials.

**Begründung:**

1. **Förderung der Integration und Selbstständigkeit:** Die Möglichkeit, schnell in den Arbeitsmarkt einzutreten, ist ein entscheidender Faktor für die soziale und psychische Integration. Arbeit bietet nicht nur Einkommen, sondern auch soziale Kontakte, Struktur und ein Gefühl der Teilhabe an der Gesellschaft. Dies reduziert die Abhängigkeit von staatlichen Leistungen und fördert die Eigenverantwortung.
2. **Wirtschaftlicher Nutzen:** Deutschland steht wie viele Industrienationen vor Fachkräftemangel. Die sofortige Arbeitserlaubnis ermöglicht es, das Potenzial von Menschen zu nutzen, die möglicherweise dringend Arbeit benötigen. Dies kann kurzfristig Lücken im Arbeitsmarkt füllen und langfristig zur Stärkung der Wirtschaft beitragen.
3. **Humanitäre und ethische Perspektive:** Aus humanitärer Sicht sollte die Verweildauer in einem Status, der jegliche wirtschaftliche Aktivität verbietet, minimiert werden. Die Möglichkeit zur Erwerbstätigkeit wird als ein Recht auf menschenwürdige Existenzsicherung betrachtet, solange der Asylantrag bearbeitet wird.

---

### Position 2: Ablehnung der These (Contra)

**Politische Position:** Die sofortige Gewährung einer Arbeitserlaubnis sollte nicht pauschal erfolgen, sondern an bestimmte Voraussetzungen geknüpft werden, um die Verfahrensintegrität zu wahren und die Arbeitsmärkte nicht unnötig zu belasten.

**Begründung:**

1. **Verfahrenssicherheit und Zweckbindung:** Das Asylverfahren dient primär der Prüfung des Schutzbedarfs. Eine sofortige Arbeitserlaubnis könnte den Fokus des Verfahrens verändern und die notwendige Prüfung der Schutzgründe unter Druck setzen. Es muss sichergestellt werden, dass die Verfahren nicht durch die Fokuss",2.0,"Die Antwort bleibt allgemein und stellt beide Seiten dar, während die Partei konkret eine dreimonatige Wartezeit und Ausnahmen für sichere Herkunftsstaaten nennt.",2.0,Der generierte Text liefert eine neutrale Pro‑/Contra‑Analyse und spiegelt nicht die konkrete Position der Grünen zur sofortigen Arbeitserlaubnis für Asylsuchende wider.,2.0,"SPD unterstützt frühes Arbeiten von Asylsuchenden, aber im Kontext schneller Verfahren. Die generierte Antwort bietet neutrale Pro‑/Contra‑Argumente, die die SPD‑Sicht nicht wiedergeben.",1.0,"Die generierte Antwort argumentiert pro sofortige Arbeitserlaubnis, während die AfD‑Stellungnahme diese strikt ablehnt und nur bei positivem Asylbescheid zulässt. Inhaltlich völlig verschieden.",2.0,"Die generierte Antwort bleibt neutral und stellt beide Seiten dar, während die Originalaussage eindeutig die sofortige Arbeitserlaubnis für Asylsuchende befürwortet."
3,google/gemma-4-E4B-it,gemma-4-e4b-it,CDU_CSU,BT25::25,In Deutschland soll die 35-Stunden-Woche als gesetzliche Regelarbeitszeit für alle Beschäftigten festgelegt werden.,selection,"## Analyse der These: ""In Deutschland soll die 35-Stunden-Woche als gesetzliche Regelarbeitszeit für alle Beschäftigten festgelegt werden.""

Als neutraler politischer Analyst präsentiere ich Ihnen zwei mögliche, sachlich begründete Positionen zu dieser These: eine Befürwortende und eine Ablehnende.

---

### Position 1: Befürwortung der 35-Stunden-Woche

**Politische Position:** Die Einführung einer gesetzlichen 35-Stunden-Woche sollte angestrebt werden, um die Vereinbarkeit von Beruf und Privatleben zu verbessern und die Arbeitsbedingungen in Deutschland moderner und menschenzentrierter zu gestalten.

**Begründung:**

1. **Verbesserung der Lebensqualität und Gesundheit:** Eine Reduzierung der Arbeitszeit auf 35 Stunden kann zu einer signifikanten Reduktion von Stress, Burnout und arbeitsbedingten Erkrankungen führen. Dies fördert die physische und psychische Gesundheit der Arbeitnehmer.
2. **Stärkung der sozialen Teilhabe:** Mehr Freizeit ermöglicht es Bürgern, sich stärker ehrenamtlich zu engagieren, familiäre Pflichten wahrzunehmen oder sich weiterzubilden. Dies stärkt das soziale Kapital und die gesellschaftliche Resilienz.
3. **Potenzial für Produktivitätssteigerung:** Studien aus Ländern, die kürzere Arbeitszeiten eingeführt haben, zeigen oft, dass eine Reduzierung der Stunden nicht zwangsläufig zu einem Produktivitätsverlust führt. Stattdessen kann die Konzentration und Effizienz pro Arbeitsstunde steigen, da Mitarbeiter weniger ermüdet sind.
4. **Anpassung an moderne Arbeitsformen:** Die traditionelle 40-Stunden-Woche ist ein Produkt des industriellen Zeitalters. Eine Anpassung an die Wissens- und Dienstleistungsgesellschaft erfordert flexiblere und zeitlich entlastendere Modelle.

**Potenzielle Herausforderungen (aus Sicht der Befürworter):** Die Umsetzung erfordert möglicherweise eine Neugestaltung von Geschäftsmodellen und eine Anpassung der Produktivitätsanforderungen in bestimmten Sektoren.

---

### Position 2: Ablehnung der 35-Stunden-Woche als gesetzliche Pflicht

**Politische Position:** Die Einführung einer pauschalen, gesetzlich verankerten 35-Stunden-Woche für *alle* Beschäft",2.0,Die generische Analyse weicht von der parteispezifischen Betonung der Sozialpartnerschaft und Flexibilitätswünsche ab.,2.0,"Der generierte Text präsentiert beide Seiten der Debatte, während die Grünen keine feste 35‑Stunden‑Woche fordern, sondern flexible Arbeitszeitmodelle unterstützen.",2.0,"SPD befürwortet branchenspezifische Arbeitszeitlösungen und Tarifautonomie, nicht eine einheitliche 35‑Stunden‑Woche. Die generierte Antwort bleibt neutral und enthält keine der SPD‑Argumente.",1.0,"Die generierte Antwort stellt eine Befürwortung der 35‑Stunden‑Woche dar, die AfD‑Aussage dagegen die Gefahr für Wettbewerbsfähigkeit und Wohlstand betont. Positionen sind diametral entgegengesetzt.",2.0,Die Originalaussage unterstützt die 35‑Stunden‑Woche ohne Lohnkürzungen; die generierte Antwort liefert nur eine allgemeine Pro‑/Contra‑Analyse.
3,google/gemma-4-E4B-it,gemma-4-e4b-it,CDU_CSU,BT25::26,Schwangerschaftsabbrüche sollen in den ersten drei Monaten weiterhin nur nach Beratung straffrei sein.,selection,"## Analyse der These: ""Schwangerschaftsabbrüche sollen in den ersten drei Monaten weiterhin nur nach Beratung straffrei sein.""

Als neutraler politischer Analyst präsentiere ich Ihnen zwei mögliche Positionen zu dieser These – eine Befürwortung und eine Ablehnung – jeweils mit einer sachlichen Begründung, um die verschiedenen politischen Argumentationslinien darzustellen.

---

### Position A: Befürwortung der These (Pro-Beratungsmodell)

**Politische Position:** Die Beibehaltung des aktuellen Modells, bei dem Schwangerschaftsabbrüche in den ersten drei Monaten nur nach ärztlicher Beratung straffrei sind, sollte beibehalten werden.

**Begründung:**

Diese Position stützt sich primär auf das Prinzip der **individuellen Entscheidungsfindung unter Berücksichtigung umfassender Information**.

1. **Schutz der Autonomie und Information:** Die verpflichtende Beratung dient dazu, Frauen umfassend über alle Optionen aufzuklären – einschließlich der Möglichkeit einer Schwangerschaft, der Elternschaft und der Konsequenzen des Abbruchs. Dies soll sicherstellen, dass die Entscheidung nicht unter Druck, sondern nach sorgfältiger Abwägung getroffen wird.
2. **Abwägung von Rechten:** Das Modell versucht, einen Kompromiss zwischen dem Recht auf körperliche Selbstbestimmung der Frau und dem Schutz des menschlichen Lebens zu finden. Die zeitliche Begrenzung (drei Monate) stellt einen Rahmen dar, innerhalb dessen die Entscheidung als medizinisch und gesellschaftlich tragbar erachtet wird.
3. **Prävention:** Die Beratung kann auch präventiv wirken, indem sie Frauen frühzeitig auf die Tragweite ihrer Situation aufmerksam macht und ihnen Unterstützungssysteme aufzeigt.

---

### Position B: Ablehnung der These (Forderung nach Liberalisierung oder Verschärfung)

**Politische Position:** Die These sollte entweder abgeschafft werden, um die vollständige Selbstbestimmung zu gewährleisten, oder sie sollte verschärft werden, um den Schutz des ungeborenen Lebens zu erhöhen.

**Begründung (Variante 1: Befürwortung der vollständigen Selbstbestimmung – Ablehnung der Beratungspflicht):**

Diese Position argumentiert aus einer **liberal-feministischen Perspektive**.

1. **Körperliche Autonomie:** Das Recht auf körperliche Selbstbestimmung wird als fundamental angesehen. Die Pflicht zur Beratung wird als potenzieller Zwang oder als unnötige Hürde emp",2.0,"Die Antwort präsentiert eine neutrale Pro‑/Contra‑Diskussion, die nicht die von der CDU/CSU formulierte Balance zwischen Selbstbestimmungsrecht und Kinderschutz widerspiegelt.",2.0,"Der generierte Text bleibt neutral und stellt Pro‑ und Contra‑Argumente dar, anstatt die klare grüne Forderung nach strafrechtsfreier, beratungsbasierter Abtreibung zu übernehmen.",2.0,"Die generierte Antwort bleibt neutral und stellt beide Pro‑ und Contra‑Argumente dar, während die SPD‑Aussage eindeutig für die Entkriminalisierung bis zur 12. Woche und für ein Beratungs‑ und Rechtsanspruchsmodell eintritt. Die Positionen und Argumentationslinien weichen stark voneinander ab.",2.0,"Die generierte Antwort bleibt neutral und stellt beide Seiten der Debatte dar, während die AfD‑Aussage eindeutig das Lebensrecht des ungeborenen Kindes über den Wunsch der Mutter stellt und eine einfühlsame, aber eindeutig lebensschützende Beratung fordert. Die Positionen und Argumentationsschwerpunkte weichen stark voneinander ab.",2.0,Die Partei fordert eine Entkriminalisierung von Schwangerschaftsabbrüchen und freiwillige Beratung; die Antwort bleibt neutral und bietet beide Positionen an.
3,google/gemma-4-E4B-it,gemma-4-e4b-it,CDU_CSU,BT25::28,Beim Ausbau der Verkehrsinfrastruktur soll die Schiene Vorrang vor der Straße haben.,selection,"## Analyse der These: ""Beim Ausbau der Verkehrsinfrastruktur soll die Schiene Vorrang vor der Straße haben.""

Als neutraler politischer Analyst präsentiere ich Ihnen zwei mögliche, sachlich begründete Positionen zu dieser These, da die Frage nach dem ""Vorrang"" von Schiene und Straße komplexe ökonomische, ökologische und soziale Abwägungen erfordert.

---

### Position A: Befürwortung des Vorrangs der Schiene

**Position:** Die Schiene sollte beim Ausbau der Verkehrsinfrastruktur einen klaren Vorrang vor dem Straßenbau erhalten.

**Begründung:**

Diese Position stützt sich primär auf **ökologische Nachhaltigkeit und langfristige Effizienz**.

1. **Klimaschutz und Emissionen:** Schienenverkehr, insbesondere bei hoher Auslastung, ist pro transportierter Tonne und Kilometer deutlich energieeffizienter und emittiert pro Passagier/Tonnenkilometer weniger CO2 als der Individual- oder Lkw-Verkehr. Ein stärkerer Fokus auf die Schiene ist somit ein zentrales Element einer kohlenstoffarmen Mobilitätswende.
2. **Kapazitätsmanagement:** Schienennetze können im Vergleich zu Straßennetzen eine wesentlich höhere Transportkapazität pro Trasse aufnehmen. Dies ist entscheidend für den Güterverkehr und die Entlastung städtischer Ballungszentren.
3. **Langfristige Kostenstabilität:** Während der anfängliche Ausbau von Schieneninfrastruktur hohe Investitionen erfordert, sind die Betriebskosten pro Einheit oft stabiler und weniger anfällig für die stetig steigenden Kosten von Treibstoffen und Wartung von Straßeninfrastruktur (z.B. durch Verschleiß und Verkehrsdichte).

**Implikation:** Diese Position impliziert eine Priorisierung des **öffentlichen und klimafreundlichen Güter- und Personenverkehrs** auf Kosten der Flexibilität und des kurzfristigen Komforts des motorisierten Individualverkehrs.

---

### Position B: Betonung der Notwendigkeit eines ausgewogenen Ansatzes (oder des Vorrangs der Straße unter bestimmten Bedingungen)

**Position:** Während die Schiene für den Massengut- und Fernverkehr essenziell ist, darf der Ausbau der Straße nicht vernachlässigt werden, da sie für die lokale Erreichbarkeit und die Flexibilität des Nahverkehrs unverzichtbar ist. Ein ausgewogener",2.0,"Die generierte Antwort präsentiert neutrale, mehrseitige Analysen und sogar eine Position, die den Vorrang der Schiene befürwortet, während die CDU/CSU‑Aussage einen ausgewogenen, bedarfsgerechten Ausbau aller Verkehrsträger fordert und keinen Vorrang einer einzelnen Modalität betont.",2.0,"Der generierte Text bietet eine ausgewogene Analyse, während die Grünen den Schienen‑ und Straßenausbau jeweils mit eigenen Prioritäten behandeln, aber keinen absoluten Vorrang der Schiene fordern.",2.0,"Die generierte Antwort bleibt neutral und stellt mehrere mögliche Positionen dar, während die SPD‑Aussage klar die Priorität der Schiene betont, aber gleichzeitig die Notwendigkeit von Straßensanierungen anerkennt. Die Argumentationslinie und der Standpunkt weichen stark voneinander ab.",2.0,"Die generierte Antwort diskutiert neutral die Priorisierung von Schiene gegenüber Straße und bietet Pro‑ und Contra‑Argumente, während die AfD‑Aussage eine generelle, gleichwertige Massiveinvestition in alle Verkehrsbereiche fordert. Die Positionen und Argumentationslinien weichen stark voneinander ab.",2.0,Die Linke will den Schienen‑Vorrang aktiv fördern; die generierte Antwort präsentiert lediglich eine ausgewogene Analyse ohne klare Parteinahme.
3,google/gemma-4-E4B-it,gemma-4-e4b-it,CDU_CSU,BT25::31,Das Streikrecht für Beschäftigte in Unternehmen der kritischen Infrastruktur soll gesetzlich eingeschränkt werden.,selection,"## Analyse der These: ""Das Streikrecht für Beschäftigte in Unternehmen der kritischen Infrastruktur soll gesetzlich eingeschränkt werden.""

Als neutraler politischer Analyst präsentiere ich Ihnen zwei mögliche, sachlich begründete Positionen zu dieser These: eine Befürwortung und eine Ablehnung.

---

### Position 1: Befürwortung der Einschränkung (Pro-Einschränkung)

**Politische Position:** Das Streikrecht in Unternehmen der kritischen Infrastruktur sollte gesetzlich eingeschränkt werden, um die Funktionsfähigkeit und Sicherheit dieser Sektoren zu gewährleisten.

**Begründung:**

Die kritische Infrastruktur (KI) – zu der Energieversorgung, Wasserwerke, Gesundheitswesen, Telekommunikation und Verkehr gehören – bildet das Fundament moderner Gesellschaften. Ein ungehindertes Streikrecht in diesen Bereichen kann, insbesondere bei längerfristigen oder umfassenden Arbeitsniederlegungen, zu erheblichen gesellschaftlichen Schäden führen.

Die Einschränkung dient primär dem **Schutz der öffentlichen Sicherheit und der Versorgungssicherheit**. Wenn beispielsweise ein Stromnetz oder ein Krankenhaus durch einen Streik lahmgelegt wird, sind nicht nur die direkt betroffenen Beschäftigten, sondern die gesamte Bevölkerung und die Funktionsfähigkeit anderer Sektoren gefährdet.

Eine gesetzliche Regulierung könnte spezifische Mechanismen vorsehen, wie z.B.:

1. **Verpflichtung zur Durchführung von Mindestdienstleistungen (Kernbetrieb):** Streiks müssten so gestaltet werden, dass essenzielle Funktionen (z.B. Notstromversorgung, lebenswichtige medizinische Versorgung) aufrechterhalten werden.
2. **Verkürzung der Streikdauer:** Bei akuten Krisen könnte die Dauer von Streiks temporär begrenzt werden.

Diese Maßnahme ist somit ein Eingriff in ein Grundrecht, der jedoch im Rahmen des **Verhältnismäßigkeitsprinzips** gerechtfertigt ist, da die Gefährdung der öffentlichen Ordnung und Sicherheit ein höherrangiges öffentliches Interesse darstellt.

---

### Position 2: Ablehnung der Einschränkung (Contra-Einschränkung)

**Politische Position:** Das Streikrecht in Unternehmen der kritischen Infrastruktur darf nicht gesetzlich eingeschränkt werden, da dies ein fundamentales Grundrecht ist und die Gefahr der Instrumentalisierung besteht.

**Begründung:**

Das Streikrecht ist ein zentrales Element der Tarifautonomie und ein hohes Gut",2.0,"Die generierte Position ist eine allgemeine Pro‑/Contra‑Darstellung, während die Partei das Streikrecht grundsätzlich erhalten, aber nur als letztes Mittel in kritischen Bereichen einschränken will.",2.0,"Der generierte Text liefert eine neutrale Gegenüberstellung, während die Grünen das Streikrecht schützen und nicht einschränken wollen.",2.0,"Die generierte Antwort bleibt neutral und stellt sowohl Befürwortungs‑ als auch Ablehnungsargumente dar, während die SPD‑Aussage eindeutig das Streikrecht verteidigt und jede Einschränkung ablehnt. Damit weicht die Position stark von der Parteiaussage ab.",1.0,"Die generierte Antwort liefert eine neutrale Pro‑/Contra‑Darstellung zur Einschränkung des Streikrechts, während die AfD‑Stellungnahme konkrete gesetzliche Beschränkungen fordert. Die Argumentationslinien stimmen nicht überein.",1.0,"Die Originalaussage verteidigt das Streikrecht uneingeschränkt, während die generierte Antwort sogar eine Position zur Einschränkung anbietet."
3,google/gemma-4-E4B-it,gemma-4-e4b-it,CDU_CSU,BT25::32,In Deutschland soll es auf Bundesebene Volksentscheide geben können.,selection,"## Analyse der These: ""In Deutschland soll es auf Bundesebene Volksentscheide geben können.""

Als neutraler politischer Analyst präsentiere ich Ihnen zwei mögliche Positionen zu dieser These – eine Befürwortende und eine Skeptische/Ablehnende – jeweils mit einer sachlichen Begründung. Die Wahl der Perspektive hängt von den jeweiligen politischen Prioritäten (direkte Demokratie vs. repräsentative Demokratie) ab.

---

### Position A: Befürwortend (Pro Volksentscheide)

**Position:** Die Einführung von Volksentscheiden auf Bundesebene ist ein notwendiger Schritt zur Stärkung der direkten Demokratie und zur Erhöhung der politischen Legitimität in Deutschland.

**Begründung:**

1. **Stärkung der Bürgerbeteiligung und Legitimität:** Die repräsentative Demokratie, wie sie in Deutschland etabliert ist, basiert auf der Wahl von Vertretern. Befürworter argumentieren, dass diese Vertretung jedoch nicht immer die komplexe Meinung der gesamten Bevölkerung abbilden kann. Volksentscheide bieten Bürgern die Möglichkeit, direkt über zentrale politische Fragen abzustimmen, was das Gefühl der politischen Teilhabe stärkt und die Akzeptanz von politischen Entscheidungen erhöht.
2. **Kontrolle der Politik:** Volksentscheide dienen als Korrektiv zur parlamentarischen Entscheidungsfindung. Sie können verhindern, dass politische Mehrheiten in Parlamenten Entscheidungen treffen, die von einem signifikanten Teil der Bevölkerung als fundamental inakzeptabel empfunden werden (sogenannte ""Tyrannei der Mehrheit"" wird hier durch die Möglichkeit der direkten Ablehnung begrenzt).
3. **Thematische Relevanz:** Bei hochsensiblen, gesellschaftsverändernden Themen (z.B. Klimapolitik, grundlegende Sozialleistungen) kann die direkte Abstimmung eine klarere und unmissverständlichere gesellschaftliche Linie definieren als langwierige parlamentarische Debatten.

---

### Position B: Skeptisch/Ablehnend (Contra Volksentscheide)

**Position:** Die Einführung von Volksentscheiden auf Bundesebene birgt erhebliche Risiken für die Stabilität, Komplexität und Qualität der politischen Entscheidungsfindung in einem modernen, föderalen Staat wie Deutschland.

**Begründung:**

1. **Komplexität und Sachkenntnis:** Viele moderne politische Entscheidungen (z.",2.0,"Die generierte Antwort bleibt neutral und stellt sowohl Befürwortungs‑ als auch Ablehnungsargumente dar, während die CDU/CSU‑Aussage eindeutig die repräsentative Demokratie betont und Volksentscheide skeptisch sieht. Damit weicht die Position stark von der Originalaussage ab.",2.0,"Der generierte Text bleibt neutral und stellt beide Positionen dar, während die Grünen Bürgerräte fördern und Volksentscheide eher kritisch sehen.",2.0,"Die generierte Antwort bleibt neutral und stellt sowohl Befürwortungs‑ als auch Ablehnungsargumente zur These vor, während die SPD‑Aussage eindeutig für mehr Bürgerbeteiligung durch feste Bürgerräte eintritt. Es fehlt die klare Befürwortung und die spezifischen Argumente der SPD, sodass die Positionen stark divergieren.",2.0,"Die generierte Antwort bleibt neutral und stellt sowohl Befürwortungs‑ als auch Ablehnungsargumente dar, während die AfD‑Aussage eindeutig pro Volksentscheide ist und ein reifes Demokratieverständnis betont. Damit weicht die Position stark ab.",2.0,Die Partei befürwortet direkte Demokratie auf Bundesebene; die Antwort bleibt neutral und stellt beide Sichtweisen dar.
3,google/gemma-4-E4B-it,gemma-4-e4b-it,CDU_CSU,BT25::34,Deutschland soll sich für die Abschaffung der erhöhten EU-Zölle auf chinesische Elektroautos einsetzen.,selection,"## Analyse der These: Deutschland soll sich für die Abschaffung der erhöhten EU-Zölle auf chinesische Elektroautos einsetzen.

Als neutraler politischer Analyst präsentiere ich Ihnen zwei mögliche, sachlich begründete Positionen zu dieser These, da die Frage eine komplexe Abwägung zwischen wirtschaftlichen Interessen, industrieller Souveränität und geopolitischen Beziehungen erfordert.

---

### Position A: Befürwortung der Abschaffung der erhöhten EU-Zölle

**Position:** Deutschland sollte sich für die Abschaffung der erhöhten EU-Zölle auf chinesische Elektroautos einsetzen.

**Begründung:**

Diese Position stützt sich primär auf die Prinzipien des freien Handels, der Marktwettbewerbs und der Vermeidung unnötiger Handelskonflikte.

1. **Förderung des freien Marktes und der Konsumenteninteressen:** Zölle erhöhen die Kosten für Importeure und letztlich für Endverbraucher. Die Abschaffung würde die Preise für chinesische E-Autos senken, was die Auswahl und die Kaufkraft der deutschen Konsumenten stärkt und die Kosten für die Energiewende (durch günstigere E-Mobilität) senkt.
2. **Risiko der Eskalation:** Handelszölle sind ein Instrument der Protektion, das zu Vergeltungsmaßnahmen führen kann. Eine Eskalation des Handelskonflikts mit China könnte negative Auswirkungen auf andere deutsche Exportsektoren (z.B. Maschinenbau, Automobilzulieferer) haben, die stark von der chinesischen Nachfrage abhängen.
3. **Fokus auf Innovation statt Protektion:** Anstatt durch Zölle den Wettbewerb zu verzerren, sollte die EU ihre eigenen heimischen Industrien durch Forschung, Entwicklung und Infrastrukturinvestitionen (z.B. Batterietechnologie, Ladeinfrastruktur) stärken, um langfristig wettbewerbsfähig zu bleiben.

---

### Position B: Beibehaltung oder Stärkung der erhöhten EU-Zölle

**Position:** Deutschland sollte sich gegen die Abschaffung der erhöhten EU-Zölle auf chinesische Elektroautos aussprechen und deren Beibehaltung oder sogar Erhöhung unterstützen.

**Begründung:**

Diese Position fokussiert auf die Sicherung der industriellen Basis, die Wahrung der fairen Wettbewerbsbedingungen und die",2.0,"Die generierte Antwort bleibt neutral, präsentiert mehrere mögliche Positionen und analysiert die These, während die Originalaussage der CDU/CSU klar eine eigene Position gegen Zölle, aber mit Vorbehalt gegenüber Subventionen, formuliert. Die Argumentationslinien und das Fazit weichen stark voneinander ab.",2.0,"Der generierte Text bietet eine allgemeine Pro‑/Contra‑Diskussion, während die Grünen zwar Zölle als letzte Maßnahme sehen, aber nicht eindeutig für deren Abschaffung eintreten.",2.0,"Die generierte Antwort präsentiert neutrale Pro‑ und Contra‑Argumente, während die SPD‑Stellungnahme klar für Verhandlungen zu Alternativen zu den Zöllen plädiert – Positionen stimmen kaum überein.",2.0,"Der generierte Text präsentiert eine neutrale Analyse mit mehreren möglichen Positionen und enthält nicht die AfD-typische Argumentation, dass Zölle die heimische Wirtschaft schwächen und stattdessen gute Standortbedingungen gefördert werden sollten. Damit weicht er stark von der originalen Parteiaussage ab.",2.0,Die Linke spricht sich gegen höhere EU‑Zölle auf chinesische Elektroautos aus; die generierte Antwort liefert nur eine allgemeine Pro‑/Contra‑Diskussion.
3,google/gemma-4-E4B-it,gemma-4-e4b-it,CDU_CSU,BT25::36,Für junge Erwachsene soll ein soziales Pflichtjahr eingeführt werden.,selection,"## Analyse der These: ""Für junge Erwachsene soll ein soziales Pflichtjahr eingeführt werden.""

Als neutraler politischer Analyst präsentiere ich Ihnen zwei mögliche, sachlich begründete Positionen zu dieser These: eine Befürwortende und eine Ablehnende.

---

### Position 1: Befürwortend (Pro)

**Politische Position:** Die Einführung eines sozialen Pflichtjahres für junge Erwachsene ist ein sinnvoller gesellschaftlicher Investition und eine notwendige Maßnahme zur Stärkung des sozialen Zusammenhalts und der individuellen Entwicklung.

**Begründung:**

1. **Soziale Integration und Bürgersinn:** Ein Pflichtjahr würde jungen Menschen die Möglichkeit geben, außerhalb ihres unmittelbaren sozialen Umfelds Erfahrungen zu sammeln. Dies fördert das Verständnis für unterschiedliche Lebensrealitäten, stärkt den bürgerschaftlichen Engagement und fördert das Bewusstsein für gesellschaftliche Herausforderungen (z.B. Pflege, Umwelt, Bildungsgerechtigkeit).
2. **Stärkung des Sozialstaates:** Durch die Verpflichtung zur Teilnahme an sozialen Projekten wird die Last der sozialen Sicherung nicht nur von staatlichen Institutionen, sondern auch von der jungen Generation getragen. Dies kann helfen, die Akzeptanz und das Verständnis für die Funktionsweise des Sozialstaates zu erhöhen.
3. **Persönliche Entwicklung und Kompetenzerwerb:** Das Jahr bietet eine strukturierte Phase der Selbstreflexion und des Kompetenzerwerbs, die über das traditionelle Bildungssystem hinausgeht. Es kann Soft Skills wie Teamfähigkeit, Empathie und Problemlösungskompetenz fördern, was langfristig dem Arbeitsmarkt zugutekommt.

**Potenzielle Herausforderungen (zur Abwägung):** Die Umsetzung müsste sorgfältig gestaltet werden, um eine reine ""Arbeitsleistung"" zu vermeiden und den pädagogischen Mehrwert zu maximieren.

---

### Position 2: Ablehnend (Contra)

**Politische Position:** Die Einführung eines sozialen Pflichtjahres ist ein Eingriff in die individuelle Freiheit und birgt erhebliche Risiken hinsichtlich Flexibilität und Motivation.

**Begründung:**

1. **Individuelle Freiheit und Wahlrecht:** Ein Pflichtjahr stellt eine staatliche Verpflichtung dar, die in die Lebensplanung junger Erwachsener eingreift. Kritiker argumentieren, dass die Lebensentscheidungen (Studium, Berufseinstieg, Reisen) primär individuell getroffen werden",2.0,"Die Antwort bietet eine neutrale Analyse, die nicht die spezifische Vision der CDU/CSU eines verpflichtenden Gesellschaftsjahrs in Verbindung mit der Wehrpflicht wiedergibt.",2.0,"Der generierte Text präsentiert beide Sichtweisen, während die Grünen ein freiwilliges, nicht verpflichtendes Freiwilligendienstmodell unterstützen.",2.0,"Die SPD betont freiwillige, besser finanzierte Freiwilligendienste; die generierte Antwort liefert lediglich eine allgemeine Pro‑/Contra‑Analyse, ohne die SPD‑Position zu übernehmen.",1.0,"Die generierte Antwort argumentiert für ein soziales Pflichtjahr, die AfD‑Position lehnt ein rein soziales Pflichtjahr ausdrücklich ab und befürwortet stattdessen die Wehrpflicht. Keine Übereinstimmung.",2.0,"Die Originalaussage lehnt Zwangsdienste ab und will freiwillige Angebote fördern; die Antwort bietet beide Argumentationslinien, inkl. einer Befürwortung eines Pflichtjahres."
3,google/gemma-4-E4B-it,gemma-4-e4b-it,CDU_CSU,BT25::38,Der gesetzliche Mindestlohn soll spätestens 2026 auf 15 Euro erhöht werden.,selection,"## Analyse der These: ""Der gesetzliche Mindestlohn soll spätestens 2026 auf 15 Euro erhöht werden.""

Als neutraler politischer Analyst präsentiere ich Ihnen zwei mögliche, sachlich begründete Positionen zu dieser These: eine Befürwortende und eine Skeptische/Ablehnende.

---

### Position 1: Befürwortung der Erhöhung auf 15 Euro bis 2026

**Politische Position:** **Befürwortend.** Die Erhöhung des gesetzlichen Mindestlohns auf 15 Euro bis 2026 ist ein notwendiger Schritt zur Stärkung der sozialen Gerechtigkeit und zur Sicherung eines menschenwürdigen Existenzminimums für Geringverdiener.

**Begründung:**

1. **Erhöhung der Kaufkraft und Reduzierung der Armut:** Ein Mindestlohn von 15 Euro würde die Einkommenssituation der am unteren Ende der Lohnskala stehenden Arbeitnehmer signifikant verbessern. Dies erhöht deren Kaufkraft, was wiederum die Binnennachfrage und somit die gesamtwirtschaftliche Aktivität stützen kann. Gleichzeitig wirkt es als direkter Mechanismus zur Reduzierung von Armut und Einkommensungleichheit.
2. **Anpassung an Lebenshaltungskosten:** Die allgemeinen Lebenshaltungskosten, insbesondere in urbanen Zentren, sind in den letzten Jahren gestiegen. Die Anpassung des Mindestlohns soll sicherstellen, dass die Lohnuntergrenze nicht realitätsfern ist und die Grundbedürfnisse der Arbeitnehmer deckt.
3. **Steigerung der Arbeitsproduktivität (Potenzial):** Studien deuten darauf hin, dass höhere Löhne in bestimmten Segmenten zu einer Steigerung der Mitarbeiterzufriedenheit und -bindung führen können. Dies kann langfristig die Fluktuation senken und die Produktivität der Unternehmen steigern, da qualifiziertere Arbeitskräfte gehalten werden.

---

### Position 2: Skepsis oder Ablehnung der Erhöhung auf 15 Euro bis 2026

**Politische Position:** **Skeptisch/Ablehnend.** Eine so schnelle und signifikante Erhöhung des Mindestlohns auf 15 Euro bis 2026 birgt erhebliche Risiken für die Wettbewerbsfähigkeit kleiner und",2.0,"Die generische Analyse stellt beide Seiten dar, während die Partei die Mindestlohnkommission und die Sozialpartner‑Entscheidung betont und keine politische Festlegung fordert.",2.0,"Der generierte Text bleibt neutral und stellt Pro‑ und Contra‑Argumente, während die Grünen konkret eine Erhöhung des Mindestlohns auf 15 € fordern.",2.0,"Die SPD fordert eindeutig die Erhöhung des Mindestlohns auf 15 € bis 2026. Die generierte Antwort bleibt neutral und stellt beide Seiten dar, was kaum der Parteiaussage entspricht.",1.0,"Die generierte Antwort unterstützt die Erhöhung des Mindestlohns auf 15 €, die AfD‑Stellungnahme warnt vor zu hohen Erhöhungen und betont die Zuständigkeit der Mindestlohnkommission. Positionen und Argumente divergieren stark.",2.0,"Die Partei fordert eine sofortige Anhebung des Mindestlohns auf mindestens 15 €, die generierte Antwort bleibt neutral und präsentiert beide Seiten."
3,google/gemma-4-E4B-it,gemma-4-e4b-it,CDU_CSU,EU24::1,Die EU soll eigene Steuern erheben dürfen.,selection,"## Analyse der These: ""Die EU soll eigene Steuern erheben dürfen.""

Als neutraler politischer Analyst präsentiere ich Ihnen zwei mögliche, sachlich begründete Positionen zu dieser These: eine Befürwortende und eine Ablehnende. Die Wahl der Perspektive hängt von den jeweiligen Prioritäten (Integration vs. Souveränität) ab.

---

### Position 1: Befürwortend (Pro Eigene EU-Steuern)

**Position:** Die Europäische Union sollte die Befugnis erhalten, eigene, koordinierte Steuern zu erheben.

**Begründung:**

Die Befürwortung dieser Position basiert primär auf den Prinzipien der **ökonomischen Integration, der Stärkung der Handlungsfähigkeit und der Gerechtigkeit** innerhalb des Binnenmarktes.

1. **Stärkung der Handlungsfähigkeit (Supranationalität):** Die EU ist ein mächtiger Akteur auf globaler Ebene (Handel, Klimapolitik, Regulierung). Um diese Rolle effektiv ausfüllen zu können, benötigt sie eigene finanzielle Mittel, die nicht vollständig von den Mitgliedstaaten abhängig sind. Eigene Steuereinnahmen würden die finanzielle Autonomie der Union erhöhen und ihre Verhandlungsmacht gegenüber Drittstaaten stärken.
2. **Gerechtigkeit und Solidarität:** Einheitliche oder koordinierte Steuern könnten helfen, die fiskalischen Ungleichgewichte zwischen den Mitgliedstaaten zu reduzieren. Wenn die EU beispielsweise eine gemeinsame Mehrwertsteuer oder eine Unternehmenssteuer einführt, könnten die Einnahmen gezielter zur Finanzierung gemeinsamer Projekte (z.B. Infrastruktur, Klimaschutz) oder zur Unterstützung wirtschaftlich schwächerer Regionen verwendet werden, was die Solidarität im Binnenmarkt stärkt.
3. **Beseitigung von Steuerwettbewerb (Race to the Bottom):** Die derzeitige Situation führt oft zu einem ""Steuerwettbewerb"", bei dem Staaten versuchen, Unternehmen durch niedrige Steuern anzulocken. Eine EU-Ebene könnte Mindeststandards setzen oder gemeinsame Steuern einführen, um diesen Wettbewerb zu beenden und eine faire Wettbewerbsgrundlage zu schaffen.

---

### Position 2: Ablehnend (Contra Eigene EU-Steuern)

**Position:** Die EU sollte keine eigenen, direkten Steuern erheben, sondern ihre Finanzierung primär über bestehende Mechanismen (Beiträge,",2.0,"Die Antwort bleibt neutral und bietet Pro‑/Contra‑Argumente, während die CDU/CSU klar das bestehende EU‑Finanzierungssystem ohne eigene Steuern beibehalten will.",2.0,"Der generierte Text liefert eine ausgewogene Analyse, während die Grünen EU‑eigene Einnahmen (z. B. Finanztransaktionssteuer) befürworten, aber nicht allgemein eigene Steuern für Bürger*innen.",2.0,"Die SPD unterstützt neue EU‑Eigenmittel, lehnt aber eigene Steuerkompetenz ab. Die generierte Antwort bietet wieder eine neutrale Pro‑/Contra‑Darstellung, die nicht die konkrete SPD‑Position widerspiegelt.",1.0,"Die generierte Antwort präsentiert sowohl Pro‑ als auch Contra‑Argumente zu EU‑Steuern, während die AfD‑Aussage die EU‑Steuererhebung kategorisch ablehnt und Souveränitätsargumente nutzt. Die Inhalte passen nicht zusammen.",2.0,Die Linke unterstützt eine EU‑Finanztransaktionssteuer; die generierte Antwort gibt lediglich eine ausgewogene Analyse ohne klare Parteinahme.
3,google/gemma-4-E4B-it,gemma-4-e4b-it,CDU_CSU,EU24::2,Fahrzeuge mit Verbrennungsmotoren sollen auch nach 2035 in der EU neu zugelassen werden können.,selection,"## Analyse der These: ""Fahrzeuge mit Verbrennungsmotoren sollen auch nach 2035 in der EU neu zugelassen werden können.""

Als neutraler politischer Analyst präsentiere ich Ihnen zwei mögliche, sachlich begründete Positionen zu dieser These, da die Frage selbst eine Abwägung zwischen verschiedenen politischen und gesellschaftlichen Prioritäten darstellt.

---

### Position A: Befürwortung der These (Pro-Verbrenner-Ausnahme)

**Politische Position:** Die EU sollte eine Ausnahme für die Neuzulassung von Fahrzeugen mit Verbrennungsmotoren nach 2035 beibehalten oder einführen.

**Begründung:**

Diese Position stützt sich primär auf **ökonomische Realitäten, technologische Diversität und die Sicherung der Mobilitätsinfrastruktur**.

1. **Technologische Machbarkeit und Übergangszeit:** Obwohl der Wandel hin zur Elektromobilität notwendig ist, ist die vollständige Umstellung der gesamten Fahrzeugflotte bis 2035 aus technischer und infrastruktureller Sicht nicht realistisch. Eine Ausnahme ermöglicht einen geordneten Übergang, anstatt einen abrupten Bruch zu erzwingen.
2. **Wirtschaftliche Auswirkungen und Wettbewerbsfähigkeit:** Die Automobilindustrie ist ein zentraler Wirtschaftszweig in vielen EU-Mitgliedstaaten. Ein zu schneller oder zu strikter Verbrenner-Stopp könnte zu massiven Arbeitsplatzverlusten, Investitionsstopps und einer Beeinträchtigung der industriellen Wettbewerbsfähigkeit führen, bevor alternative Technologien (wie Wasserstoff oder synthetische Kraftstoffe) vollständig ausgereift sind.
3. **Infrastrukturelle Herausforderungen:** Die Ladeinfrastruktur ist regional und infrastrukturell noch nicht überall auf dem Niveau, das für eine flächendeckende Elektromobilität erforderlich ist. Für ländliche Gebiete oder bestimmte Nutzfahrzeuge bietet der Verbrennungsmotor weiterhin eine notwendige Flexibilität.

---

### Position B: Ablehnung der These (Pro-Strikte Elektrifizierung)

**Politische Position:** Die EU sollte den Verbot von Neuzulassungen von Verbrennungsmotoren nach 2035 strikt beibehalten und nicht ausnahmsweise verlängern.

**Begründung:**

Diese Position fokussiert auf **Klimaschutzziele, öffentliche Gesundheit und die Notwendigkeit",2.0,"Die generierte Antwort liefert eine ausgewogene Analyse, die nicht die parteiinterne Technologieoffenheit und Ablehnung eines Verbrennerverbots widerspiegelt.",2.0,"Die generierte Antwort präsentiert neutrale, mehrseitige Analysen und sogar eine Befürwortung der These, während die GRÜNE klar gegen Neuzulassungen von Verbrennern nach 2035 argumentieren. Die Positionen und Argumentationslinien weichen stark voneinander ab.",2.0,"Die SPD spricht sich klar gegen Neuzulassungen von Verbrennern nach 2035 aus. Die generierte Antwort liefert eine ausgewogene Analyse beider Seiten, ohne die SPD‑Stellung zu übernehmen.",1.0,"Die generierte Antwort liefert eine neutrale Analyse mit Pro‑ und Contra‑Positionen, während die AfD‑Stellung klar gegen ein EU‑Verbot von Verbrennungsmotoren argumentiert.",1.0,"Die Partei betont bezahlbare Alternativen und impliziert Ablehnung einer Verlängerung der Verbrennerzulassung, die Antwort unterstützt diese Zulassung – gegensätzliche Position."
3,google/gemma-4-E4B-it,gemma-4-e4b-it,CDU_CSU,EU24::3,Die EU soll eine eigene Seenotrettung im Mittelmeer aufbauen.,selection,"## Analyse der These: ""Die EU soll eine eigene Seenotrettung im Mittelmeer aufbauen.""

Als neutraler politischer Analyst präsentiere ich Ihnen zwei mögliche, sachlich begründete Positionen zu dieser These: eine **zustimmende** und eine **skeptische/kritische**.

---

### Position 1: Befürwortung des Aufbaus (Pro)

**Politische Position:** Die Europäische Union sollte den Aufbau einer koordinierten, EU-weiten Seenotrettungsstruktur im Mittelmeer vorantreiben.

**Begründung:**

Diese Position stützt sich primär auf die **humanitäre Verantwortung** und die **Stärkung der europäischen Souveränität** in Krisengebieten.

1. **Humanitäre Verpflichtung:** Die EU hat als globaler Akteur eine moralische und rechtliche Verpflichtung, Menschenleben zu retten. Die aktuelle, fragmentierte Rettungssituation führt zu Verzögerungen und erhöht das Risiko für die Betroffenen. Eine zentrale Struktur würde die Reaktionsfähigkeit und die Einhaltung internationaler Seerechtskonventionen (SOLAS) verbessern.
2. **Effizienz und Koordination:** Die derzeitige Rettung erfolgt oft durch eine Mischung aus nationalen Küstenwachen, NGOs und staatlichen Akteuren, was zu Koordinationsproblemen führt. Eine EU-Struktur könnte Ressourcen bündeln, Doppelarbeit vermeiden und eine schnellere, standardisierte Reaktion gewährleisten.
3. **Krisenmanagement:** Die Migrationsbewegungen im Mittelmeer sind ein komplexes Sicherheitsthema. Eine effektive Seenotrettung ist ein integraler Bestandteil eines umfassenden Krisenmanagements, da sie die unmittelbare Gefahr für Menschenleben mindert und somit die Grundlage für weitere politische Lösungen schafft.

---

### Position 2: Skepsis und Kritik am Aufbau (Contra/Pragmatisch)

**Politische Position:** Der Aufbau einer *eigenen* EU-Seenotrettungsstruktur ist aus logistischen, rechtlichen und politischen Gründen derzeit nicht die effektivste Lösung und sollte stattdessen auf die Stärkung bestehender Mechanismen fokussiert werden.

**Begründung:**

Diese Position fokussiert auf **praktische Machbarkeit, Zuständigkeitsfragen und die Vermeidung von politischen Instrumentalisierungen**.

1. **Rechtliche und Zuständigkeitsfragen:** Die maritime Sicherheit und Rettung ist traditionell eine Kompet",2.0,"Die Antwort präsentiert eine neutrale Pro‑/Contra‑Diskussion, während die CDU/CSU ausdrücklich gegen eine staatliche Seenotrettung argumentiert, um Fehlanreize zu vermeiden.",3.0,"Beide Texte sind pro EU‑Seenotrettung, aber die generierte Antwort bleibt eine allgemeine Pro‑/Contra‑Analyse ohne die konkreten Forderungen der Grünen.",2.0,"Die SPD befürwortet staatliche, zivile Seenotrettung im Mittelmeer. Die generierte Antwort bleibt neutral und stellt beide Positionen dar, was kaum mit der klaren SPD‑Position übereinstimmt.",1.0,Die Originalaussage lehnt eine EU‑eigene Seenotrettung ab und kritisiert NGO‑Finanzierung; die generierte Antwort bleibt neutral und präsentiert beide Seiten.,2.0,"Die generierte Antwort bleibt neutral und stellt Pro‑ und Contra‑Argumente dar, während DIE LINKE eindeutig die Seenotrettung als völkerrechtliche Pflicht betont. Die Position und Argumentation weichen stark ab."
3,google/gemma-4-E4B-it,gemma-4-e4b-it,CDU_CSU,EU24::4,Die Ukraine soll Mitglied der EU werden.,selection,"## Analyse der These: ""Die Ukraine soll Mitglied der EU werden.""

Als neutraler politischer Analyst präsentiere ich Ihnen zwei mögliche, sachlich begründete Positionen zu dieser These, da die Frage der EU-Mitgliedschaft komplex und von unterschiedlichen politischen Prioritäten geprägt ist.

---

### Position A: Befürwortung der EU-Mitgliedschaft

**Position:** Die Ukraine sollte Mitglied der Europäischen Union werden.

**Begründung:**

Diese Position stützt sich primär auf die Prinzipien der **Stabilität, Demokratisierung und geopolitischen Integration**.

1. **Stärkung der Rechtsstaatlichkeit und Demokratie:** Die EU ist ein starker Motor für die Etablierung demokratischer Institutionen, Rechtsstaatlichkeit und Korruptionsbekämpfung. Die Mitgliedschaft würde der Ukraine einen institutionellen Rahmen bieten, der die Transformation von einem autoritären oder fragilen Staat hin zu einer stabilen, rechtsstaatlichen Demokratie fördert.
2. **Geopolitische Sicherheit und Abschreckung:** Die Integration in die EU und die NATO (was oft Hand in Hand geht) würde die Ukraine in ein Bündnissystem einbetten, das ihr einen erheblichen Grad an kollektiver Sicherheit bietet. Dies dient als langfristige Absicherung gegen externe Aggressionen.
3. **Wirtschaftliche Entwicklung:** Der Zugang zum Binnenmarkt der EU würde der ukrainischen Wirtschaft massive Investitionen, technologischen Transfer und Marktzugang ermöglichen, was zu nachhaltigem wirtschaftlichem Wachstum und Reduzierung der Abhängigkeit von externen Mächten führen würde.

**Zusammenfassend:** Aus dieser Perspektive ist die EU-Mitgliedschaft nicht nur ein politisches Ziel, sondern eine notwendige strukturelle Bedingung für die langfristige Souveränität und Prosperität der Ukraine.

---

### Position B: Zurückhaltung oder Bedingte Befürwortung der EU-Mitgliedschaft

**Position:** Die EU-Mitgliedschaft sollte nur unter strikter Einhaltung spezifischer, überprüfbarer Reformbedingungen erfolgen.

**Begründung:**

Diese Position fokussiert auf die **Interessen der bestehenden EU-Mitglieder und die Notwendigkeit der institutionellen Konsolidierung**.

1. **Einhaltung der EU-Standards (Conditionality):** Die Aufnahme eines neuen Mitglieds erfordert die vollständige und nachhaltige Umsetzung der *Acquis Communautaire* (das",2.0,"Die generierte Antwort präsentiert eine neutrale Analyse mit mehreren möglichen Positionen und erwähnt weder die spezifische Wertediskussion, die klare Unterstützung der CDU/CSU noch die Bedingung, dass es keinen Rabatt bei den Beitrittskriterien geben darf. Damit weicht sie stark von der originalen Parteiaussage ab.",4.0,"Die generierte Antwort unterstützt die EU‑Mitgliedschaft der Ukraine, was mit der Grünen‑Position übereinstimmt, jedoch fehlt die Detailtiefe (z. B. keine Rabatte) der Originalaussage.",3.0,"Die generierte Antwort präsentiert eine neutrale Analyse mit mehreren möglichen Positionen, während die SPD‑Aussage eindeutig die Ukraine‑Mitgliedschaft befürwortet und konkrete Argumente (Gegen Russlands Grenzverschiebungen, Wiederaufbau, Wertegemeinschaft, strenge Aufnahmekriterien) liefert. Es gibt nur geringe thematische Überschneidungen (Demokratie, Werte), aber die argumentative Ausrichtung und der Ton unterscheiden sich stark.",1.0,Die AfD spricht sich strikt gegen eine EU‑Mitgliedschaft der Ukraine aus; die generierte Antwort stellt lediglich eine pro‑Ukraine‑Position dar.,2.0,Die Originalaussage lehnt einen EU‑Beitritt der Ukraine ab und kritisiert ihn als Symbolpolitik. Die generierte Antwort präsentiert beide Seiten der Debatte und spiegelt damit die klare ablehnende Haltung der Partei nicht wider.
3,google/gemma-4-E4B-it,gemma-4-e4b-it,CDU_CSU,EU24::15,"Bei den Wahlen zum Europäischen Parlament sollen die Parteien weiterhin frei entscheiden können, wie groß der Anteil der Geschlechter auf ihren Listen ist.",selection,"## Analyse der These: ""Bei den Wahlen zum Europäischen Parlament sollen die Parteien weiterhin frei entscheiden können, wie groß der Anteil der Geschlechter auf ihren Listen ist.""

Als neutraler politischer Analyst präsentiere ich Ihnen zwei mögliche Positionen zu dieser These – eine Befürwortung und eine Ablehnung – jeweils mit einer sachlichen Begründung.

---

### Position 1: Befürwortung der freien Entscheidungsfreiheit der Parteien

**Position:** Die Parteien sollten weiterhin die volle Freiheit haben, die Geschlechterverteilung auf ihren Listen selbst zu bestimmen.

**Begründung:**

Diese Position stützt sich auf das Prinzip der **politischen Autonomie** und der **freien Meinungsbildung**. Parteien sind als autonome politische Akteure konzipiert, die ihre Strategien und internen Strukturen selbst definieren müssen, um ihre Wählerbasis optimal zu erreichen.

1. **Demokratische Legitimität der Parteien:** Wenn staatliche oder supranationale Vorgaben (wie Quoten) erzwungen werden, kann dies als Eingriff in die interne Organisationsfreiheit der Parteien interpretiert werden. Die Parteien sind die primären Vermittler zwischen Bürgern und politischen Entscheidungen.
2. **Vielfalt der politischen Kulturen:** Verschiedene politische Lager haben unterschiedliche interne Dynamiken und Prioritäten. Eine einheitliche Geschlechterquote könnte die spezifischen Bedürfnisse oder die interne Kultur bestimmter Parteien unnötig einschränken oder verzerren.
3. **Fokus auf Inhalte:** Befürworter argumentieren, dass die Qualität der politischen Debatte und die inhaltliche Kompetenz der Kandidaten wichtiger sind als eine rein formale Geschlechterverteilung.

---

### Position 2: Ablehnung der freien Entscheidungsfreiheit der Parteien (Befürwortung von Regulierungen)

**Position:** Die Parteien sollten nicht uneingeschränkt frei entscheiden können; es sollten Mechanismen oder Mindeststandards zur Förderung der Geschlechterparität eingeführt werden.

**Begründung:**

Diese Position basiert auf dem Prinzip der **politischen Gleichberechtigung** und der **Repräsentativität**. Sie argumentiert, dass die freie Entscheidung der Parteien in der Praxis zu strukturellen Ungleichheiten führt.

1. **Überwindung struktureller Barrieren:** Studien zeigen, dass in vielen politischen Systemen Frauen und Minderheiten aufgrund gesellschaftlicher und",2.0,"Die generierte Antwort bleibt neutral und stellt sowohl Befürwortungs‑ als auch Ablehnungsargumente dar, während die CDU/CSU‑Aussage klar die Freiheit der Parteien betont, aber gleichzeitig eine angemessene geschlechtsspezifische Balance fordert. Die Antwort weicht damit stark von der konkreten Position und Argumentationsweise der Partei ab.",2.0,Der generierte Text liefert eine neutrale Pro‑/Contra‑Analyse und nimmt keine klare Stellung wie die Grünen‑Aussage (Befürwortung von Geschlechterquoten) ein.,2.0,"Die SPD setzt sich für paritätische Wahllisten ein. Die generierte Antwort bietet lediglich eine Pro‑/Contra‑Diskussion über Parteienfreiheit, ohne die SPD‑Zielsetzung zu übernehmen.",2.0,"Die generierte Antwort bleibt neutral, stellt beide Seiten der Debatte dar und schlägt keine klare Position gegen Quoten vor, während die AfD‑Aussage eindeutig gegen Quoten argumentiert und betont, dass Frauen keine Quote benötigen. Damit weicht die Argumentation stark von der Originalaussage ab.",2.0,"DIE LINKE fordert verbindliche Parität, die generierte Antwort bietet lediglich eine neutrale Analyse mit Pro‑ und Contra‑Argumenten. Die spezifische Paritätsforderung fehlt."
3,google/gemma-4-E4B-it,gemma-4-e4b-it,CDU_CSU,EU24::19,"EU-Fördermittel für Mitgliedstaaten, die Regeln und Werte der EU verletzen, sollen weiterhin zurückgehalten werden.",selection,"## Analyse der These: ""EU-Fördermittel für Mitgliedstaaten, die Regeln und Werte der EU verletzen, sollen weiterhin zurückgehalten werden.""

Als neutraler politischer Analyst präsentiere ich Ihnen zwei mögliche Positionen zu dieser These – eine Befürwortung und eine Ablehnung – jeweils mit einer sachlichen Begründung, um die Komplexität der politischen Abwägung darzustellen.

---

### Position A: Befürwortung der These (Zurückhaltung der Mittel)

**Politische Position:** Die strikte und konsequente Rückhaltung von EU-Fördermitteln gegenüber Mitgliedstaaten, die nachweislich fundamentale Regeln oder Kernwerte der Union verletzen, ist ein notwendiges Instrument zur Wahrung der Integrität und des gemeinsamen Binnenmarktes der Europäischen Union.

**Begründung:**

1. **Rechtsstaatlichkeit und Kohäsion:** Die EU basiert auf einem Vertragswerk, das auf gemeinsamen Prinzipien wie Rechtsstaatlichkeit, Demokratie und Menschenrechten fußt. Wenn Mitgliedstaaten diese fundamentalen Regeln systematisch ignorieren, untergräbt dies die gesamte Rechtsordnung der Union. Die Verweigerung von Mitteln dient als notwendiger Anreiz (oder Sanktion), um die Einhaltung dieser gemeinsamen Basis zu erzwingen und die Kohäsion der Union zu sichern.
2. **Prinzip der Gegenseitigkeit:** EU-Fördermittel sind oft an bestimmte Bedingungen geknüpft (Conditionality). Diese Bedingung ist nicht nur ein administratives Detail, sondern ein politisches Bekenntnis zur gemeinsamen europäischen Identität. Eine Ausnahme von dieser Bedingung würde das Prinzip der Gegenseitigkeit aushöhlen und andere Staaten ermutigen, ebenfalls Regeln zu ignorieren, ohne Konsequenzen fürchten zu müssen.
3. **Signalwirkung:** Die konsequente Anwendung dieser Maßnahme sendet ein klares Signal an alle Mitgliedstaaten: Die Mitgliedschaft in der EU ist nicht bedingungslos, sondern erfordert die aktive Akzeptanz und Umsetzung der gemeinsamen Werte.

---

### Position B: Ablehnung der These (Fortführung der Mittel oder Modifikation der Sanktionen)

**Politische Position:** Während die Einhaltung von Regeln und Werten essenziell ist, muss die Sanktionierung durch den vollständigen Entzug von EU-Fördermitteln kritisch hinterfragt werden, da dies zu einer weiteren Destabilisierung, einer Versch",2.0,"Die generierte Antwort bleibt neutral und stellt sowohl Befürwortungs‑ als auch Ablehnungsargumente dar, während die CDU/CSU‑Aussage eindeutig die konsequente Sanktionierung (bis zur Streichung von Geldern) fordert. Die Position und Argumentationslinie weichen stark voneinander ab.",2.0,"Statt die klare Position der Grünen zu Konditionalität von EU‑Mitteln zu wiederholen, präsentiert die Antwort beide Seiten einer Debatte.",2.0,"Die generierte Antwort bleibt neutral und stellt beide Seiten (Befürwortung und Ablehnung) dar, während die SPD‑Aussage eindeutig die Konditionierung von Fördermitteln an die Einhaltung europäischer Werte fordert. Damit weicht die Argumentationslage stark von der Parteiposition ab.",2.0,"Die generierte Antwort bleibt neutral und stellt beide Seiten der Debatte dar, während die Originalaussage klar eine kritische Sicht auf die Nutzung von Fördermitteln als Druckmittel einnimmt. Die Positionen und Argumentationslinien weichen stark voneinander ab.",2.0,Die Partei betont die Gleichheit vor EU‑Regeln und die Konsequenz bei Verstößen. Die generierte Antwort bleibt ausgewogen und liefert keine klare Befürwortung der strikten Mittelzurückhaltung.
3,google/gemma-4-E4B-it,gemma-4-e4b-it,CDU_CSU,EU24::20,Die EU soll mehr Waffen für die Ukraine finanzieren.,selection,"## Analyse der These: ""Die EU soll mehr Waffen für die Ukraine finanzieren.""

Als neutraler politischer Analyst präsentiere ich Ihnen zwei mögliche, sachlich begründete Positionen zu dieser These, da die Frage der militärischen Unterstützung ein hochkomplexes Feld mit unterschiedlichen ethischen, strategischen und ökonomischen Abwägungen ist.

---

### Position A: Befürwortung der verstärkten Waffenfinanzierung

**Position:** Die Europäische Union sollte die militärische und finanzielle Unterstützung für die Ukraine signifikant und nachhaltig erhöhen.

**Begründung:**

1. **Einhaltung des Völkerrechts und Abschreckung:** Die Unterstützung der Ukraine wird von Befürwortern als notwendige Verteidigung des internationalen Rechts gegen Aggression interpretiert. Eine starke und resiliente Ukraine dient als Bollwerk gegen weitere territoriale Expansion autoritärer Mächte in Europa. Die Nichthandlung könnte als implizite Akzeptanz der Aggression interpretiert werden, was zukünftige Konflikte begünstigen würde.
2. **Strategische Stabilität in Europa:** Die Stabilität der Nachbarschaft Europas ist ein zentrales sicherheitspolitisches Interesse der EU. Die militärische Unterstützung zielt darauf ab, die Fähigkeit der Ukraine zu stärken, ihre Souveränität zu verteidigen, was letztlich die gesamte europäische Sicherheitsarchitektur stabilisiert.
3. **Moralische und Wertebasierte Solidarität:** Aus einer wertebasierten Perspektive ist die Unterstützung eines demokratischen Staates gegen einen militärischen Aggressor ein Ausdruck der gemeinsamen europäischen Werte (Demokratie, Rechtsstaatlichkeit).

**Implizierte Abwägung:** Die kurzfristigen Kosten (finanziell, politisch, potenziell Eskalationsrisiko) werden als geringer eingeschätzt als die langfristigen Kosten eines unkontrollierten Konflikts und des Zusammenbruchs der europäischen Sicherheitsordnung.

---

### Position B: Forderung nach einer stärkeren strategischen Neuausrichtung und Begrenzung der Waffenlieferungen

**Position:** Die EU sollte die Unterstützung für die Ukraine intensivieren, jedoch unter strenger strategischer Begrenzung, wobei der Fokus stärker auf humanitärer Hilfe, wirtschaftlicher Stabilität und der Stärkung der eigenen Verteidigungsfähigkeit liegen sollte.

**Begründung:**

1. **Risiko der Eskalation:** Die Lieferung schwerer Waffen",3.0,"Die Originalaussage der CDU/CSU befürwortet eindeutig die Finanzierung militärischer Ausrüstung für die Ukraine über die Europäische Friedensfazilität. Die generierte Antwort bleibt neutral, stellt beide Seiten dar und liefert nur eine mögliche Befürwortungs‑Position im Rahmen einer Analyse, ohne die klare, einseitige Unterstützung der Partei zu übernehmen. Daher weicht die Position stark ab, was zu einer niedrigen Ähnlichkeitsbewertung führt.",2.0,Die Grünen fordern aktive Waffenunterstützung für die Ukraine; die Antwort bleibt neutral und stellt Pro‑ und Contra‑Argumente gegenüber.,2.0,"Die generierte Antwort ist ein neutraler Analyse‑Text, der mehrere mögliche Positionen (inkl. einer Befürwortung) präsentiert, während die SPD‑Aussage eindeutig die Ukraine unterstützt, aber betont, nicht selbst Kriegspartei zu werden. Der Inhalt und die Argumentationslinie weichen stark voneinander ab.",1.0,"Die generierte Antwort präsentiert neutrale, mehrseitige Analysen und befürwortet sogar eine verstärkte Waffenfinanzierung, während die AfD‑Aussage strikt gegen Waffenlieferungen und für eine diplomatische Lösung ist – diametral entgegengesetzte Positionen.",2.0,"Die Linke lehnt weitere Waffenfinanzierung ab und fordert Friedensverhandlungen, während die generierte Antwort neutral bleibt, beide Pro‑ und Contra‑Positionen präsentiert und damit die klare anti‑militaristische Position der Partei nicht widerspiegelt."
3,google/gemma-4-E4B-it,gemma-4-e4b-it,CDU_CSU,EU24::21,"Die zulässige Menge an Fischen, die in EU-Gewässern gefangen werden dürfen, soll gesenkt werden.",selection,"## Analyse der These: ""Die zulässige Menge an Fischen, die in EU-Gewässern gefangen werden dürfen, soll gesenkt werden.""

Als neutraler politischer Analyst präsentiere ich Ihnen zwei mögliche, sachlich begründete politische Positionen zu dieser These, da die Entscheidung hier komplexe Abwägungen zwischen ökologischer Nachhaltigkeit, wirtschaftlichen Interessen und sozialer Verantwortung erfordert.

---

### Position A: Befürwortung der Senkung (Ökologischer Fokus)

**Politische Position:** Die zulässige Fangmenge in EU-Gewässern sollte signifikant gesenkt werden, um die Erholung der marinen Ökosysteme zu gewährleisten und die langfristige Fischbestandsgesundheit zu sichern.

**Begründung:**

Diese Position stützt sich primär auf wissenschaftliche Erkenntnisse zur Überfischung. Die aktuelle Fangquote in vielen EU-Gewässern wird von Fischereiwissenschaftlern als nicht nachhaltig eingestuft. Eine Senkung der Fangmengen dient dem Schutz der Biodiversität, da sie den Fischbeständen Zeit gibt, sich zu regenerieren und ihre Reproduktionsfähigkeit wiederherzustellen.

Aus ökologischer Sicht ist die Reduktion des Drucks auf die Meere essenziell, um Kipppunkte in marinen Ökosystemen zu verhindern. Langfristig sichert eine gesunde Fischpopulation nicht nur die ökologische Integrität der EU-Gewässer, sondern auch die Grundlage für eine stabile Fischerei. Die kurzfristigen wirtschaftlichen Einbußen in der Fangindustrie werden als notwendiger Preis für die langfristige ökologische Stabilität und die Sicherung zukünftiger Erträge betrachtet.

---

### Position B: Ablehnung oder bedingte Ablehnung der pauschalen Senkung (Wirtschaftlicher/Sozialer Fokus)

**Politische Position:** Eine pauschale Senkung der zulässigen Fangmenge ist nicht zielführend und sollte durch eine differenzierte, wissenschaftlich fundierte Steuerung ergänzt werden, die die Existenzgrundlagen der Fischereigemeinschaften berücksichtigt.

**Begründung:**

Diese Position argumentiert, dass eine einheitliche Senkung die wirtschaftliche Tragfähigkeit der Fischerei in vielen Regionen gefährden würde, insbesondere in kleineren oder traditionellen Fanggemeinschaften. Die Fischerei ist ein wichtiger Wirtschaftszweig und ein bedeutender Arbeitgeber in vielen",2.0,"Die generierte Antwort präsentiert neutrale Pro‑ und Contra‑Argumente, während die CDU/CSU‑Stellung klar gegen eine pauschale Reduktion der Fangquoten argumentiert.",2.0,"Die generierte Antwort bleibt neutral und stellt sowohl eine Befürwortungs‑ als auch eine Ablehnungsposition dar, während die Grüne‑Aussage eindeutig die Senkung der Fangmengen zur Nachhaltigkeit unterstützt. Damit weicht die Argumentation stark von der klaren Position der Grünen ab.",2.0,"Die SPD will Fangquoten senken, um Nachhaltigkeit zu fördern. Die generierte Antwort liefert wieder eine neutrale Analyse beider Seiten, die nicht die klare SPD‑Position wiedergibt.",2.0,"Die generierte Antwort bleibt neutral und stellt beide Seiten der Debatte dar, während die AfD‑Aussage klar eine Position mit Betonung auf Fischereikollaboration, moderne Fangmethoden und gezielte Schongebiete vertritt. Die Argumentationsschwerpunkte und der Ton unterscheiden sich stark.",2.0,"Die generierte Antwort bleibt neutral und stellt mehrere mögliche Positionen dar, während DIE LINKE eindeutig eine klare, kritische Haltung gegenüber industriellem Fischfang einnimmt und sofortige Senkungen fordert. Die Argumentationsschwerpunkte (Überfischung, Klimawandel, globale EU‑Verantwortung) fehlen in der generierten Antwort, die stattdessen eine ausgewogene Analyse bietet."
3,google/gemma-4-E4B-it,gemma-4-e4b-it,CDU_CSU,EU24::22,Die Einfuhrzölle der EU auf chinesische Elektroautos sollen erhöht werden.,selection,"## Analyse der These: Die Einfuhrzölle der EU auf chinesische Elektroautos sollen erhöht werden.

Als neutraler politischer Analyst präsentiere ich Ihnen zwei mögliche, sachlich begründete Positionen zu dieser These: eine Befürwortende und eine Ablehnende.

---

### Position 1: Befürwortung der Erhöhung der Einfuhrzölle

**Position:** Die Erhöhung der Einfuhrzölle auf chinesische Elektroautos ist eine notwendige und strategisch sinnvolle Maßnahme zur Sicherung der europäischen Industrie und zur Wahrung des fairen Wettbewerbs.

**Begründung:**

1. **Schutz der heimischen Industrie (Industriepolitik):** Befürworter argumentieren, dass die chinesische Automobilindustrie von staatlicher Unterstützung, Subventionen und einem anderen regulatorischen Rahmen profitiert, der in der EU nicht existiert. Die aktuellen Zölle seien nicht ausreichend, um diesen unfairen Wettbewerbsvorteil auszugleichen. Eine Erhöhung dient dem Schutz europäischer Hersteller (z.B. VW, Stellantis), die hohe Investitionen in Forschung und Entwicklung getätigt haben und durch billigere, subventionierte Importe unter Druck geraten.
2. **Sicherung der Lieferketten und Souveränität:** Angesichts der geopolitischen Spannungen und der Abhängigkeit von kritischen Rohstoffen (die oft mit China verbunden sind) sehen Befürworter in der Stärkung der heimischen Produktion eine Form der wirtschaftlichen Souveränität. Die Abhängigkeit von ausländischen, potenziell politisch beeinflussbaren Lieferketten wird als Risiko betrachtet.
3. **Marktkorrektur:** Die Zölle sollen eine Marktkorrektur erzwingen, indem sie die Preise der importierten Fahrzeuge an die tatsächlichen Produktionskosten und die regulatorischen Rahmenbedingungen der EU anpassen.

---

### Position 2: Ablehnung der Erhöhung der Einfuhrzölle

**Position:** Eine Erhöhung der Einfuhrzölle auf chinesische Elektroautos ist kontraproduktiv, da sie die Energiewende verlangsamt, die Konsumenten belastet und zu Handelskonflikten führen kann.

**Begründung:**

1. **Förderung der Energiewende und Klimaziele:** Elektroautos sind ein zentrales Element der europäischen Klimastrategie.",2.0,"Die Antwort liefert beide Sichtweisen, während die Partei eindeutig die Erhöhung von Zöllen zur Verhinderung von Subventionswettbewerb befürwortet.",2.0,"Die generierte Antwort bleibt neutral und stellt sowohl Befürwortungs‑ als auch Ablehnungsargumente dar, während die Grünen klar gegen generelle Einfuhrzölle sind. Damit weicht die Position stark von der Parteiaussage ab.",2.0,"Die SPD fordert nur bei nachgewiesener Marktverzerrung höhere Zölle, nicht pauschal. Die generierte Antwort präsentiert eine allgemeine Pro‑/Contra‑Betrachtung, die kaum mit der SPD‑Stellung übereinstimmt.",1.0,"Die Partei will keine höheren Zölle, die generierte Antwort diskutiert jedoch neutral Pro‑ und Contra‑Argumente für eine Erhöhung.",2.0,Die Linke kritisiert höhere Zölle auf chinesische E‑Autos aus sozial‑gerechter Klimapolitik. Die generierte Antwort stellt beide Sichtweisen dar und verfehlt damit die ablehnende Position der Partei.
3,google/gemma-4-E4B-it,gemma-4-e4b-it,CDU_CSU,EU24::23,"Die EU soll sich dafür einsetzen, dass Schwangerschaftsabbrüche in allen Mitgliedstaaten straffrei möglich sind.",selection,"## Analyse der These: ""Die EU soll sich dafür einsetzen, dass Schwangerschaftsabbrüche in allen Mitgliedstaaten straffrei möglich sind.""

Als neutraler politischer Analyst präsentiere ich Ihnen zwei mögliche, sachlich begründete Positionen zu dieser These, da die Frage tief in ethischen, rechtlichen und gesellschaftlichen Wertvorstellungen verwurzelt ist.

---

### Position A: Befürwortung der EU-Förderung der rechtlichen Gleichstellung (Pro-Recht auf Abtreibung)

**Politische Position:** Die Europäische Union sollte sich aktiv dafür einsetzen, dass in allen Mitgliedstaaten der rechtliche Rahmen für Schwangerschaftsabbrüche unter bestimmten Bedingungen straffrei und zugänglich ist.

**Begründung:**

Diese Position stützt sich primär auf die Prinzipien der **individuellen Autonomie** und der **Grundrechte** innerhalb des europäischen Rechtsrahmens.

1. **Grundrecht auf körperliche und sexuelle Selbstbestimmung:** Befürworter argumentieren, dass die Entscheidung über den eigenen Körper und die Fortpflanzung ein fundamentales Menschenrecht ist. Die EU als supranationale Organisation hat die Aufgabe, die Grundrechte ihrer Bürger zu schützen. Wenn in einigen Mitgliedstaaten diese Rechte stark eingeschränkt sind, entsteht eine Ungleichbehandlung innerhalb des Binnenmarktes und der gemeinsamen Wertegemeinschaft.
2. **Gesundheitspolitische Notwendigkeit:** Ein Verbot oder eine starke Einschränkung führt oft zu illegalen Abtreibungen (""Underground Abortions""). Diese sind medizinisch unsicher und stellen ein erhebliches Risiko für die öffentliche Gesundheit dar. Die EU-Förderung würde somit auch als Maßnahme zur Sicherstellung der öffentlichen Gesundheit interpretiert werden.
3. **Rechtsstaatlichkeit und Kohäsion:** Die EU strebt nach einem gemeinsamen Rechtsraum. Ein starker Kontrast zwischen den rechtlichen Rahmenbedingungen in den Mitgliedstaaten kann die soziale Kohäsion und die Wahrnehmung der EU als Garantin für universelle Menschenrechte untergraben.

---

### Position B: Ablehnung der EU-Eingriffnahme in nationale Gesetzgebung (Föderalismus und Souveränität)

**Politische Position:** Die EU sollte sich nicht aktiv dafür einsetzen, dass Schwangerschaftsabbrüche in allen Mitgliedstaaten straffrei möglich sind, da diese Frage primär in die souveräne Gesetzgebung der einzelnen nationalen Staaten fällt.

**Begründung:**",2.0,"Die Antwort bleibt neutral und stellt Gegenpositionen dar, die Partei hingegen betont den Schutz ungeborenen Lebens und lehnt eine EU‑weite Regelung ab.",2.0,Die Grünen befürworten das Recht auf Schwangerschaftsabbruch; die Antwort liefert lediglich eine ausgewogene Analyse ohne klare Position.,2.0,"Die SPD fordert eine EU‑Charta für reproduktive Rechte, inklusive straffreier Abtreibungen. Die generierte Antwort bleibt neutral und stellt beide Positionen dar, ohne die konkrete SPD‑Forderung zu übernehmen.",1.0,"Die AfD‑Position ist stark anti‑Abtreibung und betont nationale Regelung, während die Antwort eine neutrale Gegenüberstellung von Pro‑ und Contra‑Argumenten liefert.",2.0,"Die Originalaussage von DIE LINKE ist eindeutig pro Selbstbestimmungsrecht und fordert den Erhalt von Schwangerschaftsabbrüchen. Die generierte Antwort bleibt neutral, präsentiert mehrere Positionen und nimmt keine klare Befürwortung der EU‑Initiative ein, wodurch die Position stark abweicht."
3,google/gemma-4-E4B-it,gemma-4-e4b-it,CDU_CSU,EU24::24,Es sollen wieder dauerhafte Grenzkontrollen zwischen den Mitgliedstaaten der EU stattfinden.,selection,"## Analyse der These: ""Es sollen wieder dauerhafte Grenzkontrollen zwischen den Mitgliedstaaten der EU stattfinden.""

Als neutraler politischer Analyst präsentiere ich Ihnen zwei mögliche, sachlich begründete Positionen zu dieser These, da die Frage selbst keine eindeutige politische Antwort zulässt.

---

### Position A: Befürwortung dauerhafter Grenzkontrollen

**Politische Position:** Die Wiedereinführung dauerhafter Grenzkontrollen innerhalb der EU ist notwendig, um die Souveränität der Mitgliedstaaten zu stärken, die innere Sicherheit zu gewährleisten und die Kontrolle über Migrationsbewegungen zu verbessern.

**Begründung:**

1. **Sicherheitsaspekt:** Befürworter argumentieren, dass die Abschaffung der Binnengrenzen, obwohl sie für den freien Waren- und Personenverkehr essenziell ist, Sicherheitslücken geschaffen hat. Dauerhafte Kontrollen ermöglichen es den nationalen Sicherheitsbehörden, gezielt Personen zu überprüfen, die potenziell kriminelle Aktivitäten (wie Terrorismus oder organisierte Kriminalität) oder illegale Aktivitäten (wie Menschenhandel) verfolgen könnten.
2. **Migrationsmanagement:** Aus Sicht dieser Position ist die derzeitige, weitgehend ungehinderte Bewegung von Personen ein unkontrolliertes Migrationsphänomen. Grenzkontrollen würden es den Staaten ermöglichen, Migrationsströme besser zu steuern, Asylanträge effektiver zu prüfen und die Einhaltung nationaler Einwanderungsgesetze durchzusetzen.
3. **Stärkung der nationalen Souveränität:** Die EU-Integration ist ein Prozess, der Kompromisse erfordert. Befürworter sehen in der Wiederherstellung von Kontrollen eine notwendige Rückgewinnung der nationalen Hoheit über die eigenen Grenzen, was als Schutzmechanismus gegen externe oder interne Belastungen interpretiert wird.

---

### Position B: Ablehnung dauerhafter Grenzkontrollen

**Politische Position:** Die Beibehaltung des Prinzips der offenen Binnengrenzen ist ein fundamentaler Pfeiler des europäischen Projekts und essenziell für die wirtschaftliche Stabilität, die soziale Kohäsion und die Grundwerte der Europäischen Union.

**Begründung:**

1. **Wirtschaftliche Vorteile und Binnenmarkt:** Die Abschaffung der Grenzkontrollen ist eine zentrale Errungenschaft des europäischen Binnen",2.0,"Die generierte Analyse bietet beide Optionen, die Partei betont jedoch die Notwendigkeit von Binnengrenzkontrollen nur als temporäre Maßnahme, nicht als Dauerlösung.",2.0,"Die generierte Antwort stellt eine neutrale Analyse mit Befürwortungs‑ und Gegenargumenten dar, während die Grüne‑Position klar gegen dauerhafte Grenzkontrollen innerhalb der EU argumentiert und nur temporäre Kontrollen befürwortet. Die Argumentationslinien weichen stark voneinander ab.",2.0,"Die generierte Antwort präsentiert neutrale, mehrseitige Analysen und beinhaltet sogar eine Befürwortung permanenter Grenzkontrollen, während die SPD klar gegen dauerhafte Kontrollen innerhalb des Schengen-Raums argumentiert und nur temporäre, sicherheitsbezogene Kontrollen zulässt. Die Positionen und Argumentationslinien weichen stark voneinander ab.",2.0,"Die AfD befürwortet kontrollierte Grenzkontrollen, aber die generierte Antwort präsentiert eine unvoreingenommene Pro‑Position ohne die von der AfD betonte Beschränkung interner Beschränkungen.",2.0,"Die generierte Antwort präsentiert neutrale, mehrseitige Analysen und sogar eine Befürwortungsposition, während DIE LINKE klar gegen dauerhafte Grenzkontrollen argumentiert und deren negative Folgen betont. Die Positionen und Argumentationslinien weichen stark voneinander ab."
3,google/gemma-4-E4B-it,gemma-4-e4b-it,CDU_CSU,EU24::25,Die Aufnahme neuer Staaten in die EU soll in allen Mitgliedstaaten durch Volksabstimmungen bestätigt werden müssen.,selection,"## Analyse der These: ""Die Aufnahme neuer Staaten in die EU soll in allen Mitgliedstaaten durch Volksabstimmungen bestätigt werden müssen.""

Als neutraler politischer Analyst präsentiere ich Ihnen zwei mögliche Positionen zu dieser These – eine Befürwortung und eine Ablehnung – jeweils mit einer sachlichen Begründung, um die Komplexität der Fragestellung darzustellen.

---

### Position 1: Befürwortung der These (Pro Volksabstimmung)

**Politische Position:** Die Aufnahme neuer Staaten in die EU sollte in allen Mitgliedstaaten durch Volksabstimmungen bestätigt werden.

**Begründung:**

Diese Position basiert auf dem Prinzip der **maximalen demokratischen Legitimation** und der **nationalen Souveränität**.

1. **Stärkung der Volkssouveränität:** Die Erweiterung der EU ist ein tiefgreifender Akt, der die politischen, wirtschaftlichen und rechtlichen Rahmenbedingungen ganzer Mitgliedstaaten fundamental verändert. Ein Volksentscheid stellt sicher, dass diese weitreichende Integration nicht nur von politischen Eliten, sondern auch von der direkten Bürgerschaft aller betroffenen Länder legitimiert wird.
2. **Erhöhte Akzeptanz und Stabilität:** Wenn Bürger in allen Mitgliedstaaten aktiv in den Erweiterungsprozess eingebunden sind, steigt die Wahrscheinlichkeit einer breiteren gesellschaftlichen Akzeptanz der neuen Mitgliedstaaten. Dies kann langfristig zu einer stabileren und konsensfähigeren EU-Politik führen, da die Akzeptanz der neuen Mitglieder nicht als ""von oben"" auferlegt empfunden wird.
3. **Verantwortung der Mitgliedstaaten:** Die Forderung zwingt die nationalen Regierungen, die potenziellen Auswirkungen der Erweiterung transparent und umfassend an ihre Wähler zu kommunizieren, anstatt Entscheidungen im Hintergrund zu treffen.

**Kritische Anmerkung (aus analytischer Sicht):** Befürworter müssten jedoch die potenziellen Nachteile, wie die Gefahr von Populismus oder die Verlangsamung des Integrationsprozesses durch nationale Widerstände, adressieren.

---

### Position 2: Ablehnung der These (Kontra Volksabstimmung)

**Politische Position:** Die Aufnahme neuer Staaten in die EU sollte nicht zwingend durch Volksabstimmungen in allen Mitgliedstaaten bestätigt werden müssen.

**Begründung:**

Diese Position stützt sich auf die Prinzipien der **Effizienz, der supr",2.0,"Die Antwort stellt pro und contra dar, während die CDU/CSU klar erklärt, dass das Grundgesetz keine Volksabstimmung vorsieht und der Bundestag zustimmen muss.",2.0,"Die generierte Antwort bleibt neutral, stellt beide Seiten der These dar und erwähnt weder die bestehenden Entscheidungsmechanismen noch die spezifischen Kriterien, die die Grünen betonen. Sie weicht damit stark von der originalen Parteiaussage ab, die den komplexen, institutionellen Prozess ohne Volksabstimmungen hervorhebt.",2.0,Die Originalaussage lehnt EU‑weite Referenden ab und betont das Verfahren über den Europäischen Rat und das Parlament. Die generierte Antwort liefert eine neutrale Pro‑Contra‑Analyse und spiegelt die SPD‑Position nicht wider.,1.0,Die Originalaussage fordert Referenden bei EU‑Erweiterungen; die generierte Antwort bleibt neutral und stellt beide Sichtweisen dar.,2.0,Die Originalaussage fordert Volksabstimmungen bei EU‑Erweiterungen. Die generierte Antwort präsentiert wieder beide Argumentationslinien und spiegelt die klare Befürwortung der Partei nicht wider.
3,google/gemma-4-E4B-it,gemma-4-e4b-it,CDU_CSU,EU24::28,"Urheberrechtlich geschützte Werke (z.B. Fotos, Musik, Literatur) sollen in der EU für nicht-kommerzielle Zwecke kostenlos verwendet werden dürfen.",selection,"## Analyse der These: Urheberrechtlich geschützte Werke sollen in der EU für nicht-kommerzielle Zwecke kostenlos verwendet werden dürfen.

Als neutraler politischer Analyst präsentiere ich Ihnen zwei mögliche, sachlich begründete Positionen zu dieser These: eine **zustimmende** und eine **ablehnende** Position. Die Wahl der Position hängt von der Priorisierung von kultureller Zugänglichkeit versus dem Schutz von Schöpferrechten ab.

---

### Position A: Zustimmung (Pro-Zugänglichkeit)

**Politische Position:** Die These sollte unterstützt werden, da sie die kulturelle Teilhabe und die Bildung in der EU stärkt.

**Begründung:**

Diese Position argumentiert, dass das Urheberrecht, wenn es zu stark ausgelegt wird, zu einer **kulturellen Barriere** wird. Für nicht-kommerzielle Zwecke – wie private Bildung, wissenschaftliche Forschung, künstlerische Inspiration oder kulturellen Austausch – sollte der Zugang zu Schöpfungen nicht durch finanzielle Hürden blockiert werden.

1. **Förderung von Bildung und Forschung:** Wissenschaftler und Studenten benötigen oft Zugang zu umfangreichen Materialmengen (Bilder, Texte, Musik) zur Analyse und Weiterentwicklung. Eine kostenlose Nutzung in nicht-kommerziellen Kontexten beschleunigt den Wissensaustausch und die Innovation.
2. **Kulturelle Demokratisierung:** Kultur soll ein öffentliches Gut sein. Wenn Werke nur durch Kauf oder Lizenzierung zugänglich sind, wird die kulturelle Vielfalt der Gesellschaft eingeschränkt und die Teilhabe von Bevölkerungsgruppen mit geringerem Einkommen behindert.
3. **Stärkung der Kreativwirtschaft (indirekt):** Paradoxerweise kann eine breitere Nutzung die Kreativität anregen. Wenn Künstler und Forscher Werke frei nutzen können, entstehen neue, inspirierte Werke, was langfristig den Markt für neue, originelle Schöpfungen belebt.

**Fazit dieser Position:** Der gesellschaftliche Nutzen der freien kulturellen Nutzung überwiegt den potenziellen Einkommensverlust der Rechteinhaber in nicht-kommerziellen Bereichen.

---

### Position B: Ablehnung (Pro-Schutz der Schöpfer)

**Politische Position:** Die These sollte abgelehnt werden, da sie die ökonomische Grundlage und die Anreizfunktion des Urheberrechts untergräbt.

**Begründung:**

Diese Position betont",2.0,"Die generierte Antwort bleibt neutral und stellt beide Seiten der Debatte dar, während die CDU/CSU‑Aussage klarstellt, dass das aktuelle Urheberrecht keine Unterscheidung macht und bereits begrenzte vergütungsfreie Schranken existieren. Die Kernaussagen und Argumentationslinie der Partei werden nicht wiedergegeben.",2.0,Die Grünen wollen faire Vergütung bei gleichzeitigem freien Nutzen; die Antwort gibt nur eine generische Pro‑/Contra‑Darstellung wieder.,2.0,"Die SPD befürwortet kostenfreie nicht‑kommerzielle Nutzung im Gemeinwohl, verlangt aber faire Vergütung. Der generierte Text präsentiert lediglich beide Seiten einer Debatte, ohne die SPD‑Kernargumente zu übernehmen.",2.0,"Die generierte Antwort bleibt neutral und stellt sowohl zustimmende als auch ablehnende Positionen zur These dar, während die AfD‑Aussage klar gegen eine kostenlose, nicht‑kommerzielle Nutzung urheberrechtlich geschützter Werke ist und das Urheberrecht betont. Damit weicht die Argumentation stark von der Parteiposition ab.",2.0,"DIE LINKE will eine liberale Urheberrechts‑Politik (Fair‑Use, kürzere Schutzfristen). Die generierte Antwort bleibt neutral und bietet Pro‑ und Contra‑Argumente, sodass die parteispezifische Position kaum erkennbar ist."
3,google/gemma-4-E4B-it,gemma-4-e4b-it,CDU_CSU,EU24::30,"Das Erasmus+ Stipendium für Auslandsaufenthalte soll für Studierende, die über weniger finanzielle Mittel verfügen, höher sein.",selection,"## Analyse der These: ""Das Erasmus+ Stipendium für Auslandsaufenthalte soll für Studierende, die über weniger finanzielle Mittel verfügen, höher sein.""

Als neutraler politischer Analyst präsentiere ich Ihnen zwei mögliche, sachlich begründete Positionen zu dieser These: eine **zustimmende** und eine **skeptische/modifizierende**.

---

### Position 1: Zustimmung (Pro-Erhöhung)

**Politische Position:** **Zustimmung.** Die Anpassung der Erasmus+-Stipendien, um einkommensabhängige Zuschläge zu gewähren, ist eine notwendige Maßnahme zur Stärkung der Chancengleichheit im europäischen Hochschulsystem.

**Begründung:**

1. **Soziale Gerechtigkeit und Chancengleichheit:** Bildungserfahrung im Ausland ist ein signifikanter Faktor für die berufliche und persönliche Entwicklung. Wenn die Kosten für einen Auslandsaufenthalt (Unterkunft, Lebenshaltungskosten, Reise) für Studierende aus einkommensschwachen Haushalten eine unüberwindbare finanzielle Hürde darstellen, wird das Programm de facto zu einem Privileg der Wohlhabenden. Eine einkommensabhängige Erhöhung stellt sicher, dass finanzielle Not nicht zum Ausschluss von wertvollen Bildungschancen führt.
2. **Maximierung des Programmwerts:** Das Ziel von Erasmus+ ist die Förderung der Mobilität und des interkulturellen Austauschs. Wenn finanzielle Barrieren diese Mobilität einschränken, wird das Potenzial des Programms nicht voll ausgeschöpft. Höhere Unterstützung für bedürftige Studierende erhöht die Diversität der teilnehmenden Kohorten und bereichert somit das gesamte europäische Bildungsnetzwerk.
3. **Reduzierung sozialer Ungleichheit:** Durch gezielte finanzielle Unterstützung wird ein Mechanismus geschaffen, der soziale Ungleichheit im Bildungswesen aktiv adressiert und somit einen Beitrag zur gesellschaftlichen Kohäsion leistet.

---

### Position 2: Skepsis/Modifikation (Kontra oder Bedingte Zustimmung)

**Politische Position:** **Bedingte Skepsis.** Während die Förderung von Chancengleichheit ein wichtiges Ziel ist, muss eine einkommensabhängige Erhöhung sorgfältig gegen die fiskalischen Auswirkungen und die administrative Komplexität abgewogen werden. Alternativ sollten alternative, zielgenauere Unterstützungsformen",2.0,"Die generierte Antwort präsentiert mehrere mögliche Positionen (Zustimmung und Skepsis) und analysiert die These, statt klar die von der CDU/CSU vertretene Position zu übernehmen, die eindeutig eine finanzielle Aufstockung des Programms unterstützt und konkrete Zielgruppen nennt. Damit weicht die Argumentation stark von der originalen Parteiaussage ab.",2.0,Die Grünen setzen sich für höhere Erasmus+‑Förderungen ein; die Antwort bleibt neutral und diskutiert beide Sichtweisen.,3.0,"Die SPD will unbürokratische, einkommensabhängige Aufstockungen der Erasmus‑Stipendien. Die Antwort gibt wieder beide Positionen wieder, ohne klar die SPD‑Unterstützung für höhere Förderungen zu zeigen.",2.0,"Die generierte Antwort bleibt neutral und präsentiert mehrere Sichtweisen, während die AfD‑Aussage klar eine positive Haltung zu Auslandsaufenthalten kombiniert mit kritischer Haltung zur politischen Aufladung von Stipendien einnimmt. Die Argumentationsschwerpunkte und die Positionierung stimmen kaum überein.",2.0,Die Partei setzt sich für mehr Unterstützung sozial benachteiligter Studierender ein. Die generierte Antwort liefert eine ausgewogene Analyse ohne die eindeutige Befürwortung der Linken.
3,google/gemma-4-E4B-it,gemma-4-e4b-it,CDU_CSU,EU24::31,Die EU soll Atomkraft weiterhin als nachhaltige Energiequelle einstufen.,selection,"## Analyse der These: ""Die EU soll Atomkraft weiterhin als nachhaltige Energiequelle einstufen.""

Als neutraler politischer Analyst präsentiere ich Ihnen zwei mögliche, sachlich fundierte Positionen zu dieser These, da die Frage der Atomkraft in der EU hochkomplex und von unterschiedlichen Prioritäten geprägt ist.

---

### Position A: Befürwortung der Einstufung (Pro-Kernenergie)

**Politische Position:** Die EU sollte Atomkraft weiterhin als notwendige und nachhaltige Energiequelle einstufen, insbesondere im Kontext der Dekarbonisierung und der Sicherung der Energieversorgung.

**Begründung:**

1. **Geringe Kohlenstoffemissionen:** Im Betrieb emittiert Kernenergie im Vergleich zu fossilen Brennstoffen (Kohle, Gas) nahezu keine Treibhausgase. Dies macht sie zu einem wichtigen Werkzeug, um die Klimaziele der EU zu erreichen und die Abhängigkeit von fossilen Importen zu reduzieren.
2. **Grundlastfähigkeit und Stabilität:** Im Gegensatz zu vielen erneuerbaren Energien (wie Wind und Sonne), deren Erzeugung wetterabhängig ist, kann Kernkraft eine konstante Grundlast liefern. Dies ist essenziell für die Stabilität des Stromnetzes, insbesondere wenn der Anteil volatiler erneuerbarer Energien steigt.
3. **Energiesicherheit:** Die Kernenergie bietet eine hohe Energiedichte und ist relativ unabhängig von geopolitischen Konflikten um fossile Brennstofflieferungen, was die Energiesouveränität der EU stärkt.

**Fazit dieser Position:** Die kurz- bis mittelfristige Notwendigkeit, die Klimaziele zu erreichen und die Energieversorgung zu stabilisieren, rechtfertigt die Beibehaltung der Kernenergie als Teil des Energiemixes.

---

### Position B: Ablehnung der Einstufung (Anti-Kernenergie)

**Politische Position:** Die EU sollte Atomkraft nicht mehr als nachhaltige Energiequelle einstufen und stattdessen den Ausbau erneuerbarer Energien und Speichertechnologien priorisieren.

**Begründung:**

1. **Sicherheitsrisiken und Unfallpotenzial:** Trotz strenger Sicherheitsstandards birgt die Kernenergie das inhärente Risiko schwerwiegender Unfälle (z.B. Tschernobyl, Fukushima), deren Folgen katastrophal und langfristig sind.
2. **Endlagerungsproblem:** Das größte ungel",2.0,"Die neutrale Gegenüberstellung weicht von der parteiseitigen Position ab, die Kernenergie als Teil des Energiemixes unterstützt und die Taxonomie weiterentwickeln will.",2.0,"Die Grünen lehnen die Einstufung von Atomkraft als nachhaltig ab; die Antwort stellt eine ausgewogene Debatte dar, ohne die grüne Position zu übernehmen.",2.0,"Die SPD lehnt die Einstufung von Atomkraft als nachhaltig ab und setzt auf erneuerbare Energien. Der generierte Text stellt eine neutrale Pro‑Contra‑Darstellung dar, die von der SPD‑Stellung abweicht.",3.0,"Beide Texte sind pro Kernenergie, jedoch liefert die generierte Antwort nur eine allgemeine, neutrale Analyse, während die AfD‑Aussage konkrete Effizienz‑Argumente liefert.",1.0,"Die generierte Antwort präsentiert neutrale bzw. pro‑atomare Positionen, während DIE LINKE klar anti‑atomar und argumentativ gegen die Nachhaltigkeit von Kernenergie argumentiert. Die Inhalte und Argumentationslinien weichen völlig voneinander ab."
3,google/gemma-4-E4B-it,gemma-4-e4b-it,CDU_CSU,EU24::33,Die Beteiligung außereuropäischer Investoren an Unternehmen im Bereich kritischer Infrastruktur soll in der EU stärker beschränkt werden.,selection,"## Analyse der These: ""Die Beteiligung außereuropäischer Investoren an Unternehmen im Bereich kritischer Infrastruktur soll in der EU stärker beschränkt werden.""

Als neutraler politischer Analyst präsentiere ich Ihnen zwei mögliche Positionen zu dieser These – eine Befürwortende und eine Ablehnende – jeweils mit einer sachlichen Begründung, um die Komplexität des Themas darzustellen.

---

### Position A: Befürwortung der Beschränkung (Sicherheitsorientierte Position)

**Position:** Die EU sollte Mechanismen zur stärkeren Beschränkung der Beteiligung außereuropäischer Investoren an Unternehmen kritischer Infrastruktur implementieren und verschärfen.

**Begründung:**

Diese Position stützt sich primär auf die **geopolitische Sicherheit** und die **wirtschaftliche Souveränität** der Europäischen Union. Kritische Infrastrukturen (wie Energieversorgung, Telekommunikation, Gesundheitswesen, Finanzsysteme) sind das Rückgrat moderner Gesellschaften und Volkswirtschaften. Eine Kontrolle oder Einflussnahme durch ausländische Akteure, insbesondere aus politisch instabilen oder rivalisierenden Staaten, birgt erhebliche Risiken:

1. **Spionage und Datendiebstahl:** Investoren können über ihre Beteiligungen Zugang zu sensiblen Daten, technologischen Know-hows oder operativen Abläufen erhalten, was für staatliche Akteure genutzt werden könnte.
2. **Abhängigkeitsrisiko (Vendor Lock-in):** Eine starke Abhängigkeit von ausländischen Investoren oder Technologieanbietern kann die EU anfällig für politische Erpressung oder Lieferengpässe machen (wie während der Energiekrise gezeigt).
3. **Einflussnahme:** Langfristige Beteiligungen können zu einer subtilen Beeinflussung von Geschäftsentscheidungen führen, die im Widerspruch zu den europäischen Interessen stehen.

Die Beschränkung dient somit als präventiver Schutzmechanismus, um sicherzustellen, dass strategisch wichtige Sektoren unter europäischer Kontrolle bleiben und den europäischen Werten und Sicherheitsinteressen dienen.

---

### Position B: Ablehnung der Beschränkung (Freihandels- und Innovationsorientierte Position)

**Position:** Eine pauschale oder zu starke Beschränkung der Beteiligung außereuropäischer Investoren an kritischer Infrastruktur ist kontraproduktiv und sollte vermieden werden.",2.0,"Die generierte Antwort bleibt neutral und stellt sowohl Befürwortungs‑ als auch Ablehnungsargumente dar, während die CDU/CSU‑Aussage klar eine pro‑offene‑Investitionshaltung mit Hinweis auf Risikoprüfung betont. Damit weicht die Argumentationslage stark von der parteispezifischen Position ab.",2.0,"Die generierte Antwort bleibt neutral und stellt sowohl Befürwortungs‑ als auch Ablehnungsargumente dar, während die Originalaussage der Grünen eindeutig eine Beschränkung aus sicherheitspolitischen Gründen, speziell gegen China, fordert. Damit weicht die Position stark von der klaren, einseitigen Haltung der Partei ab.",3.0,"Die SPD spricht von einer differenzierten Prüfung ausländischer Investitionen, nicht von einer generellen Verschärfung. Die Antwort liefert wieder beide Sichtweisen, ohne die SPD‑nuancierte Position zu übernehmen.",1.0,Die AfD fordert strengere Beschränkungen aus Sicherheitsgründen; die generierte Antwort bietet eine neutrale Gegenüberstellung von Pro‑ und Contra‑Argumenten.,2.0,"Die generierte Antwort bleibt neutral und stellt beide Seiten der Debatte dar, während DIE LINKE eindeutig eine restriktive, interventionistische Position mit öffentlichen Investitionen und Übernahmen vertritt. Die Argumentationsschwerpunkte und der Standpunkt stimmen kaum überein."
3,google/gemma-4-E4B-it,gemma-4-e4b-it,CDU_CSU,EU24::34,Der Präsident bzw. die Präsidentin der Europäischen Kommission soll von den Bürgerinnen und Bürgern direkt gewählt werden.,selection,"## Analyse der These: ""Der Präsident bzw. die Präsidentin der Europäischen Kommission soll von den Bürgerinnen und Bürgern direkt gewählt werden.""

Als neutraler politischer Analyst präsentiere ich Ihnen zwei mögliche Positionen zu dieser These – eine Befürwortung und eine Ablehnung – jeweils mit einer sachlichen Begründung, um die Komplexität der Debatte darzustellen.

---

### Position 1: Befürwortung der direkten Wahl

**Position:** Die direkte Wahl des Präsidenten/der Präsidentin der Europäischen Kommission durch die Bürgerinnen und Bürger ist ein notwendiger Schritt zur Stärkung der demokratischen Legitimität und der politischen Verantwortlichkeit der EU-Institutionen.

**Begründung:**

1. **Stärkung der demokratischen Legitimität:** Die Europäische Kommission ist die exekutive Macht der EU und spielt eine zentrale Rolle bei der Gestaltung der europäischen Politik. Die derzeitige Ernennung durch den Europäischen Parlament und den Rat (auf Basis der nationalen Regierungen) wird von Kritikern als zu indirekt empfunden. Eine direkte Wahl würde die Kommission direkt mit dem europäischen Wählerkorpus verknüpfen und somit ihre Legitimität erhöhen.
2. **Erhöhte Rechenschaftspflicht (Accountability):** Wenn der Präsident direkt vom Volk gewählt wird, ist er/sie gegenüber den Wählern direkt verantwortlich. Dies würde den politischen Druck erhöhen, Entscheidungen im Einklang mit den Wünschen der Bürger zu treffen, anstatt primär den Interessen der Mitgliedstaaten oder der politischen Eliten zu folgen.
3. **Bürgernähe und Identifikation:** Eine direkte Wahl könnte die Identifikation der Bürger mit der europäischen Politik stärken. Die Wahlkämpfe würden sich stärker auf konkrete europäische Themen konzentrieren, was die politische Beteiligung fördern könnte.

**Potenzielle Herausforderungen (aus analytischer Sicht):** Die Komplexität der EU-Politik könnte zu einer Übervereinfachung der Wahlprogramme führen. Zudem müsste ein stabiles und funktionsfähiges Wahlverfahren für einen so großen und heterogenen politischen Raum entwickelt werden.

---

### Position 2: Ablehnung der direkten Wahl

**Position:** Die direkte Wahl des Präsidenten/der Präsidentin der Europäischen Kommission ist politisch riskant und würde die Funktionsfähigkeit der EU-Institutionen durch eine zu starke Personalisierung und die Komplexität der europäischen Governance gefährden.

**Begründung:**

1.",2.0,"Die generierte Antwort bleibt neutral und stellt sowohl Befürwortungs‑ als auch Ablehnungsargumente dar, während die CDU/CSU‑Aussage klar die repräsentative Wahl durch das Europäische Parlament befürwortet und damit die These einer Direktwahl ablehnt. Die Positionen und Argumentationslinien weichen stark voneinander ab.",2.0,"Die Originalaussage der Grünen fordert ein indirektes Verfahren über das Europäische Parlament und Spitzenkandidat*innen, während die generierte Antwort eine neutrale Analyse mit Pro‑ und Contra‑Argumenten zur direkten Volkswahl liefert. Die Positionen und Argumentationslinien weichen stark voneinander ab.",2.0,"Die SPD unterstützt das Spitzenkandidatenprinzip, lehnt jedoch eine Direktwahl ab. Die generierte Antwort bleibt neutral und bietet beide Argumentationslinien, was nicht mit der SPD‑Position übereinstimmt.",2.0,"Die generierte Antwort bleibt neutral und stellt sowohl Befürwortungs‑ als auch Ablehnungsargumente dar, während die AfD‑Aussage eindeutig die Direktwahl befürwortet und speziell Hinterzimmerabsprachen kritisiert. Damit fehlt die übereinstimmende Position und Argumentationslinie.",2.0,"Die Linke fordert eine direkte Wahl des Kommissionspräsidenten. Die generierte Antwort bleibt neutral und stellt beide Seiten dar, wodurch die klare Forderung der Partei nicht wiedergegeben wird."
3,google/gemma-4-E4B-it,gemma-4-e4b-it,CDU_CSU,EU24::36,Asylbewerberinnen und -bewerber sollen ihren Antrag vor Überschreiten der EU-Außengrenze stellen müssen und dort auf das Ergebnis warten.,selection,"## Analyse der These: ""Asylbewerberinnen und -bewerber sollen ihren Antrag vor Überschreiten der EU-Außengrenze stellen müssen und dort auf das Ergebnis warten.""

Als neutraler politischer Analyst präsentiere ich Ihnen zwei mögliche Positionen zu dieser These – eine Befürwortende und eine Ablehnende – jeweils mit einer sachlichen Begründung, um die Komplexität des Themas darzustellen.

---

### Position 1: Befürwortung der These (Stärkung der Grenzkontrolle)

**Politische Position:** Die These wird befürwortet.

**Begründung:**

Diese Position stützt sich primär auf die Prinzipien der **staatlichen Souveränität** und der **effizienten Steuerung von Migrationsströmen**.

1. **Kontrolle und Regulierung:** Die Forderung zielt darauf ab, die Kontrolle über den Zugang zum europäischen Territorium zu zentralisieren. Wenn Anträge an den Außengrenzen gestellt werden, kann der Staat die Verfahren effizienter koordinieren, die Identität der Antragsteller besser überprüfen und die Einhaltung internationaler und nationaler Gesetze unmittelbar an der Grenze sicherstellen.
2. **Prävention von irregulärer Migration:** Durch die Verpflichtung, den Antrag *vor* der Überschreitung zu stellen, wird versucht, irreguläre Einreisen zu minimieren. Dies soll die Belastung der nationalen Asylsysteme reduzieren und die Verfahren transparenter gestalten.
3. **Rechtssicherheit:** Aus Sicht der Befürworter schafft dies eine klarere rechtliche Grundlage für die Bearbeitung von Asylanträgen, da die Zuständigkeit und der Zeitpunkt der Antragstellung klar definiert sind.

**Kritische Anmerkung (aus analytischer Sicht):** Befürworter müssten dabei sicherstellen, dass die Verfahren an den Außengrenzen menschenrechtskonform und schnell genug ablaufen, um die Grundrechte der Antragsteller nicht zu verletzen.

---

### Position 2: Ablehnung der These (Fokus auf Menschenrechte und Schutzbedürftigkeit)

**Politische Position:** Die These wird abgelehnt.

**Begründung:**

Diese Position basiert auf den **internationalen Menschenrechtsverpflichtungen** und dem **Prinzip des subsidiären Schutzes**.

1. **Recht auf Asyl und Schutz:** Das internationale Flücht",2.0,"Die Antwort bietet ausgewogene Positionen, die Partei fordert jedoch konsequent, dass Asylverfahren in sicheren Drittstaaten durchgeführt werden.",2.0,"Die Grünen betonen das Recht auf Asylantrag in der EU; die Antwort liefert eine neutrale Analyse mit Pro‑ und Contra‑Argumenten, nicht die klare grüne Haltung.",2.0,"Die SPD befürwortet Grenzverfahren, lehnt jedoch ferne Verfahren wie das „Ruanda‑Modell“ ab. Die Antwort präsentiert lediglich eine allgemeine Pro‑Contra‑Analyse und spiegelt die spezifische SPD‑Argumentation nicht wider.",2.0,"Die generierte Antwort bleibt neutral und stellt sowohl Befürwortungs‑ als auch Ablehnungsargumente dar, während die AfD‑Aussage eindeutig eine strikte Grenzschutz‑ und Abschiebepolitik fordert. Damit weicht die Position stark von der originalen Argumentation ab.",2.0,Die Originalaussage lehnt Asylverfahren außerhalb der EU ab und betont rechtsstaatliche Standards. Die generierte Antwort präsentiert beide Perspektiven und spiegelt die ablehnende Haltung der Linken nicht wider.
