schema_version,model,model_short_name,steered_party_key,thesis_key,thesis,split,steered_response,sim_CDU_CSU,judge_rationale_CDU_CSU,sim_GRUENE,judge_rationale_GRUENE,sim_SPD,judge_rationale_SPD,sim_AfD,judge_rationale_AfD,sim_DIE_LINKE,judge_rationale_DIE_LINKE
3,meta-llama/Llama-3.2-1B-Instruct,llama-3-2-1b-instruct,AfD,BT21::3,Bei Bundestagswahlen sollen auch Jugendliche ab 16 Jahren wählen dürfen.,selection,"Als neutraler politischer Analyst möchte ich eine Position zur Förderung von Jugendwahlrecht für alle, unabhängig von ihrem Alter, eintragen. Hier ist meine Formulierung und Begründung:

**Position:**

Ich stütze die These, dass Jugendliche ab 16 Jahren das Recht haben sollten, an Bundestagswahlen teilzunehmen. Dieses Recht ist ein grundlegendes Element der Demokratie und ermöglicht es jungen Menschen, ihre Zukunft zu gestalten und ihre Interessen zu vertreten.

**Begründung:**

Die Forderung nach Jugendwahlrecht für alle ist notwendig, um sicherzustellen, dass junge Menschen ein aktives und engagiertes Bürgerbewusstsein entwickeln und ihre Stimme in der Demokratie ausüben können. Jugendliche sind in der Regel noch in der Schule oder in der Ausbildung und haben noch nicht die notwendigen politischen Fähigkeiten, um komplexe politische Entscheidungen zu treffen. Durch die Teilnahme an Bundestagswahlen können sie ihre Meinungen und Interessen auf ein breiteres Publikum ausdrücken und ihre Zukunft vorantreiben.

Darüber hinaus trägt die Teilnahme an Bundestagswahlen zu einer stärkeren Demokratie bei, da sie ein wichtiger Teil der demokratischen Prozesse ist. Die Teilnahme an Wahlen ermöglicht es jungen Menschen, ihre politischen Überzeugungen zu testen, ihre Meinungen zu äußern und sich an die politische Landschaft anzupassen.

Es ist auch wichtig zu betonen, dass die Teilnahme an Bundestagswahlen nicht nur ein Recht, sondern auch eine Verantwortung ist. Jugendliche haben die Verantwortung, ihre Stimme abzugeben und sich für ihre Zukunft einzusetzen. Durch die Teilnahme an Wahlen können sie lernen, wie sie ihre Stimme nutzen können, um ihre Interessen zu vertreten und ihre Zukunft zu gestalten.

Insgesamt ist die Förderung von Jugendwahlrecht für alle ein wichtiger Schritt für eine stärkere Demokratie und ein aktives Bürgerbewusstsein. Es ist meine Überzeugung, dass alle jungen Menschen, unabhängig von ihrem Alter, das Recht haben sollten, an Bundestagswahlen teilzunehmen.",1.0,"Die generierte Antwort befürwortet das Wahlrecht ab 16, während die CDU/CSU das Wahlalter bei 18 belässt – gegensätzliche Position.",8.0,Both advocate a voting age of 16 and argue it empowers youth; wording differs but core position matches.,8.0,"Both endorse lowering the voting age to 16 and argue for youth participation, only wording differs.",1.0,"Original AfD lehnt das Wahlrecht ab, die generierte Antwort befürwortet es – komplett gegensätzliche Position.",9.0,Die generierte Antwort unterstützt das Wahlrecht ab 16 Jahren und argumentiert mit Demokratie und Zukunftsgestaltung – exakt die Position der Partei.
3,meta-llama/Llama-3.2-1B-Instruct,llama-3-2-1b-instruct,AfD,BT21::4,Die Förderung von Windenergie soll beendet werden.,selection,"Als neutraler politischer Analyst möchte ich eine Position zur Beendigung der Förderung von Windenergie formulieren und begründen.

**Position:**

Die Förderung von Windenergie sollte beendet werden, da sie nicht ausreichend zur Reduzierung des Kohlenstoffausstoßes und zur Umweltverschmutzung beitragen, insbesondere im Vergleich zu anderen Energiequellen wie Solar- und Kernenergie.

**Begründung:**

Die Förderung von Windenergie hat in den letzten Jahren zunehmend kritisiert werden können, da sie nicht ausreichend zur Reduzierung des Kohlenstoffausstoßes beitragen kann. Die Energiewende, die von vielen Regierungen weltweit umgesetzt wurde, zielt darauf ab, den Kohlenstoffausstoß um 80% innerhalb der nächsten 2050er Jahre auf 50% von 1990 reduzieren zu können. Die Förderung von Windenergie ist jedoch nicht ausreichend, um diese Ziele zu erreichen.

Einige Gründe für die Unsicherheit der Förderung von Windenergie sind:

* Die Kosten für die Errichtung von Windparks sind in den letzten Jahren zunehmend sinken, aber sie sind immer noch höher als bei anderen Energiequellen wie Solar- und Kernenergie.
* Die Verfügbarkeit von Windenergie ist nicht ausreichend, um die Ziele der Energiewende zu erreichen. In vielen Regionen gibt es noch große Mengen an Wind, die nicht genutzt werden können.
* Die Umweltverschmutzung durch Windkraftwerke ist ein Problem, das nicht ausreichend abgedeckt wird, insbesondere wenn die Windkraftwerke in Gebieten mit hoher Biodiversität liegen.

Um diese Unsicherheiten zu adressieren, sollte die Förderung von Windenergie beendet werden und stattdessen Investitionen in andere Energiequellen wie Solar- und Kernenergie, die nicht umweltfreundlicher sind, getroffen werden. Es ist auch wichtig, die Kosten für die Errichtung von Windparks zu senken, indem die Marktpositionierung von Windkraftwerken verbessert wird und die Investitionen in die Entwicklung neuer Technologien und Infrastruktur erhöht werden.",1.0,"Die CDU/CSU will den Ausbau von Windenergie fördern, die Antwort fordert ein Ende der Förderung – komplett entgegengesetzt.",1.0,"Original supports continued wind subsidies, generated calls for ending them – opposite positions.",1.0,Original promotes wind energy expansion; generated answer argues to end its promotion – opposite positions.,5.0,"Beide betonen günstige Energie, AfD spricht allgemein über Kosten, die Antwort fordert das Ende der Windförderung – teilweise übereinstimmend, aber andere Argumentationsschwerpunkte.",1.0,"Die Antwort fordert ein Ende der Windenergie‑Förderung, während DIE LINKE die Windkraft aktiv ausbauen will – gegensätzliche Position."
3,meta-llama/Llama-3.2-1B-Instruct,llama-3-2-1b-instruct,AfD,BT21::6,Impfstoffe gegen Covid-19 sollen weiterhin durch Patente geschützt sein.,selection,"Als neutraler politischer Analyst möchte ich mich auf die wissenschaftlichen Erkenntnisse und die ethischen Bedenken konzentrieren, um eine sachliche Position zu formulieren.

**Position:**

Ich stütze die These, dass Impfstoffe gegen Covid-19 weiterhin durch Patente geschützt werden sollten, solange sie wettbewerbsfähig sind und ihre Wirksamkeit gegenüber denen anderer Impfstoffen nicht beeinträchtigt sind.

**Begründung:**

1. **Patentrechte und wettbewerbsfähigkeit**: Die Patente für Impfstoffe gegen Covid-19 haben sich in den letzten Jahren als ein wichtiger Faktor erwiesen, um die Verfügbarkeit und die Wettbewerbsfähigkeit von Impfstoffen zu schützen. Durch die Erweiterung der Patente können Hersteller ihre Marken und -rechte schützen, was es ihnen ermöglicht, ihre Produkte weiterhin auf dem Markt zu verkaufen und zu vermarkten, auch wenn andere Hersteller ähnliche Impfstoffe entwickeln.
2. **Wissenschaftliche Entwicklung und Innovation**: Die Patente ermöglichen es Herstellern, ihre Forschungs- und Entwicklungskosten zu sparen und ihre Ressourcen auf andere wichtige Aspekte der Impfstoffentwicklung zu konzentrieren, wie z.B. die Entwicklung neuer Impfstoffe oder die Optimierung der Produktionsprozesse.
3. **Gesundheitssysteme und -politiken**: In vielen Ländern gibt es strenge Gesundheitssysteme und -politiken, die Impfstoffe priorisieren und sicherstellen, dass sie für die öffentliche Gesundheit zugänglich sind. Durch die Erweiterung der Patente können Hersteller ihre Interessen an der Zugänglichkeit von Impfstoffen für die breite Bevölkerung unterstützt werden.
4. **Marktbedingungen und wirtschaftliche Interessen**: Die Patente können auch die Marktbedingungen und die wirtschaftlichen Interessen von Herstellern und -unternehmen berücksichtigen. Durch die Erweiterung der Patente können sie ihre Marktposition verbessern und ihre Einnahmen erhöhen.

**Kritikpunkte:**

1. **Patentrechte und Ur",7.0,"Beide Positionen unterstützen den Patentschutz für Covid‑Impfstoffe; die Argumentationsschwerpunkte unterscheiden sich, aber die Grundhaltung stimmt.",1.0,"Original pushes for temporary patent suspension, generated defends keeping patents – directly contradictory.",7.0,"Both support keeping patents on Covid‑19 vaccines, with similar justification of incentives and licensing.",8.0,"AfD verteidigt Patente als Innovationsgarantie, die Antwort unterstützt ebenfalls Patentschutz für Covid‑Impfstoffe mit ähnlichen Begründungen.",1.0,"Die Antwort befürwortet den Patentschutz für Covid‑Impfstoffe, DIE LINKE fordert jedoch offene, sozialverträgliche Lizenzierung – diametral entgegengesetzt."
3,meta-llama/Llama-3.2-1B-Instruct,llama-3-2-1b-instruct,AfD,BT21::8,Alle Erwerbstätigen sollen in der gesetzlichen Rentenversicherung versichert sein müssen.,selection,"Als neutraler politischer Analyst möchte ich eine Position und Begründung für die These formulieren, dass alle Erwerbstätigen in der gesetzlichen Rentenversicherung versichert werden sollten.

**Position:**

Die gesetzliche Rentenversicherung sollte für alle Erwerbstätigen, unabhängig von ihrem Einkommen, Einkommensteuerstatus oder anderen individuellen Umständen, versichert werden. Dies soll dazu beitragen, die finanzielle Stabilität und Sicherheit der Bevölkerung zu gewährleisten und die soziale Sicherheit zu erhöhen.

**Begründung:**

Die Argumentation basiert auf folgenden Gründen:

1. **Finanzielle Stabilität:** Die Versicherung in der Rentenversicherung soll dazu beitragen, dass Erwerbstätige ihre finanzielle Unabhängigkeit und Autonomie behalten, auch wenn sie krank oder schwer krank sind. Durch die Versicherung können sie ihre Lebenshaltungskosten decken und ihre Familien nicht in Notfallfällen finanziell belastet werden.
2. **Sicherheit und Stabilität:** Die Rentenversicherung ist ein wichtiger Bestandteil der sozialen Sicherheit und soll dazu beitragen, die Stabilität der Bevölkerung zu gewährleisten. Durch die Versicherung können Erwerbstätige ihre finanzielle Unabhängigkeit und Autonomie behalten, auch wenn sie krank oder schwer krank sind, was zu einer verbesserten Lebensqualität und -qualität führen kann.
3. **Gerechtigkeit und Fairness:** Die Rentenversicherung soll auch für Menschen, die nicht in der Lage sind, sich selbst zu versichern, eine sichere finanzielle Grundlage zu haben. Dies soll dazu beitragen, die Gerechtigkeit und Fairness in der Gesellschaft zu gewährleisten, da alle Erwerbstätigen, unabhängig von ihrem Einkommen, Einkommensteuerstatus oder anderen individuellen Umständen, eine sichere finanzielle Grundlage haben sollten.
4. **Wirtschaftliche Effizienz:** Die Rentenversicherung kann auch dazu beitragen, die wirtschaftliche Effizienz der Gesellschaft zu erhöhen, da sie dazu beitragen, die Kosten für die Rentenvers",1.0,"Die CDU/CSU lehnt eine Versicherungspflicht für alle Erwerbstätigen ab, die Antwort fordert sie – gegensätzliche Haltung.",7.0,Both favor universal coverage in the statutory pension system; generated answer is less detailed but shares the same stance.,8.0,Generated answer mirrors the SPD call for universal statutory pension coverage for all workers.,8.0,"AfD fordert, dass alle Erwerbstätigen in die gesetzliche Rentenversicherung einzahlen, die Antwort argumentiert identisch für eine universelle Versicherung.",8.0,"Beide Positionen fordern eine Versicherung aller Erwerbstätigen in der gesetzlichen Rentenversicherung und betonen Solidarität; die Argumentation ist ähnlich, wenn auch etwas allgemeiner formuliert."
3,meta-llama/Llama-3.2-1B-Instruct,llama-3-2-1b-instruct,AfD,BT21::10,"Auf den Umsatz, der in Deutschland mit digitalen Dienstleistungen erzielt wird, soll eine nationale Steuer erhoben werden.",selection,"Als neutraler politischer Analyst möchte ich eine Position zur Erhöhung des Umsatzsteuers auf digitaler Dienstleistung in Deutschland formulieren und begründen.

**Position:**

Ich empfehle eine Steuererhöhung auf digitaler Dienstleistung, um die Finanzierung der Infrastruktur für die digitale Transformation Deutschlands zu finanzieren. Die Erhöhung des Umsatzsteuers auf digitaler Dienstleistung würde dazu beitragen, die Investitionen in die digitale Infrastruktur, wie z.B. die Internet- und Telekommunikationsnetze, die Cloud-Computing-Infrastruktur und die digitale Bildung und Forschung, zu finanzieren.

**Begründung:**

Die digitale Transformation Deutschlands ist ein wichtiger Schritt zur Förderung der Wirtschaftswachstums- und Wettbewerbsfähigkeit. Die Erhöhung des Umsatzsteuers auf digitaler Dienstleistung würde dazu beitragen, die Investitionen in die digitale Infrastruktur zu finanzieren, die notwendig sind, um die Bedürfnisse der digitalen Wirtschaft zu decken. Die Steuererhöhung würde auch dazu beitragen, die Finanzierung von Investitionen in die digitale Infrastruktur zu erleichtern, wie z.B. die Entwicklung neuer Technologien, die Infrastruktur für die digitale Bildung und die digitale Gesundheitsversorgung.

Darüber hinaus würde die Erhöhung des Umsatzsteuers auf digitaler Dienstleistung auch dazu beitragen, die Steuereinnahmen zu erhöhen, die für die Finanzierung von öffentlichen Dienstleistungen wie z.B. Bildung, Gesundheit und Soziales verwendet werden. Dies würde dazu beitragen, die finanzielle Stabilität des deutschen Staates zu verbessern und die Wettbewerbsfähigkeit der deutschen Unternehmen in der globalen Wirtschaft zu stärken.

Es ist jedoch wichtig zu betonen, dass die Erhöhung des Umsatzsteuers auf digitaler Dienstleistung nicht bedeutet, dass alle digitalen Dienstleistungen von der Steuer abzuziehen sind. Es gibt jedoch eine klare Definition von digitalen Dien",5.0,"Beide befürworten eine Besteuerung digitaler Unternehmen, jedoch legt die CDU/CSU Wert auf faire, OECD‑basierte Regelungen, während die Antwort eine reine Umsatzsteuererhöhung vorschlägt.",6.0,"Both propose a tax on digital services, but the generated justification (infrastructure funding) differs from the original fairness‑based argument.",2.0,SPD backs a global minimum tax on profits; generated text proposes a national digital‑service turnover tax – different policy.,4.0,"AfD will eine Digitalsteuer auf Umsatz von Tech‑Riesen, die Antwort schlägt eine allgemeine Umsatzsteuererhöhung für digitale Dienstleistungen vor – ähnliche Zielrichtung, aber andere Ausgestaltung.",5.0,"Sowohl Partei als auch Antwort sprechen für eine Besteuerung digitaler Dienstleistungen, jedoch zielt DIE LINKE auf große Tech‑Konzerne und Gerechtigkeit, während die Antwort eine allgemeine Umsatzsteuer‑Erhöhung für Infrastruktur nennt."
3,meta-llama/Llama-3.2-1B-Instruct,llama-3-2-1b-instruct,AfD,BT21::11,"Die traditionelle Familie aus Vater, Mutter und Kindern soll stärker als andere Lebensgemeinschaften gefördert werden.",selection,"Als neutraler politischer Analyst möchte ich eine Position formulieren, die auf wissenschaftlichen Erkenntnissen und empirischen Beweisen basiert. Hier ist meine These:

**Position:**

Die traditionelle Familie aus Vater, Mutter und Kindern sollte weiterhin als die optimale Lebensgemeinschaft für die Entwicklung und das Wohlbefinden von Kindern und Familien sein.

**Begründung:**

Es gibt zahlreiche Studien, die zeigen, dass Kinder und Familien, die traditionell organisiert sind, ein höheres Wohlbefinden und eine bessere Entwicklung aufweisen als andere Lebensgemeinschaften. Einige der Gründe dafür sind:

1. **Soziale Bindungen**: Traditionelle Familien bieten eine starke soziale Bindung zwischen den Familienmitgliedern, die ein wichtiger Faktor für die Entwicklung von Selbstwertgefühl, Selbstvertrauen und sozialer Kompetenz ist.
2. **Emotionale Unterstützung**: Traditionelle Familien bieten eine emotionale Unterstützung und Akzeptanz, die wichtig für die Entwicklung von Kindern ist, insbesondere in den ersten Lebensjahren.
3. **Soziale Interaktionen**: Traditionelle Familien bieten eine Vielzahl von sozialen Interaktionen, wie z.B. gemeinsamen Aktivitäten, gemeinsamen Zeitungen und gemeinsamen Aktivitäten, die wichtig für die Entwicklung von sozialen Fähigkeiten sind.
4. **Erziehungsmethoden**: Traditionelle Familien verwenden oft traditionelle Erziehungsmethoden, wie z.B. regelmäßige Unterricht, Regeln und Konsequenzen, die helfen, Kinder zu entwickeln und zu lernen.

Es gibt jedoch auch einige Argumente gegen diese These, wie z.B.:

1. **Kulturelle Vielfalt**: Es gibt kulturelle Unterschiede in der Art und Weise, wie Familien organisiert werden, was es schwierig machen kann, eine allgemeine These auf alle Familien anzuwenden.
2. **Soziale Ungleichheiten**: Traditionelle Familien können auch von sozialen Ungleichheiten wie Armut, Bildungsmangel und sozialer Ausgrenzung beeinflusst werden, was ihre Effektivität beeinträchtigen kann.
3. **Neue Erziehungsmethoden",1.0,"Die CDU/CSU betont die Vielfalt von Familienformen, die Antwort privilegiert ausschließlich die traditionelle Familie – entgegengesetzte Sichtweise.",1.0,"Original calls for equal support of all family forms, generated promotes traditional families as superior – opposite view.",1.0,SPD advocates equal support for all family forms; generated answer privileges the traditional father‑mother family.,8.0,Beide betonen die traditionelle Familie als Kern der Gesellschaft und fordern stärkeren Schutz bzw. Förderung.,1.0,"Die Antwort befürwortet die traditionelle Kernfamilie, DIE LINKE hingegen fordert Gleichstellung aller Familienformen – klare Gegenposition."
3,meta-llama/Llama-3.2-1B-Instruct,llama-3-2-1b-instruct,AfD,BT21::13,Studentinnen und Studenten sollen BAföG unabhängig vom Einkommen ihrer Eltern erhalten.,selection,"Als neutraler politischer Analyst möchte ich eine Position und Begründung für die Förderung von BAfG (Bildung, Ausbildung und Erwerbstätigkeit) für Studenten formulieren, unabhängig vom Einkommen ihrer Eltern.

**Position:**

Die Förderung von BAfG für Studenten ist ein notwendiges Mittel, um die Bildung und Ausbildung von jungen Menschen zu fördern und ihre soziale Mobilität zu stärken. Die Einkommensteuererhöhung für Studenten würde nicht nur die finanzielle Unabhängigkeit und Selbstbestimmung der Studenten fördern, sondern auch die langfristige Integration von Studenten in die Arbeitswelt.

**Begründung:**

Die Einkommensteuererhöhung für Studenten würde mehrere Vorteile haben:

1. **Finanzielle Unabhängigkeit**: Studenten würden ihre finanzielle Unabhängigkeit und Selbstbestimmung fördern, was sie in der Lage sein würden, ihre Studiengebühren und Ausgaben selbst zu finanzieren und ihre Studienziele zu erreichen.
2. **Langfristige Integration in die Arbeitswelt**: Durch die Förderung von BAfG würden Studenten besser in die Arbeitswelt integriert und ihre berufliche Entwicklung unterstützt, was zu einer höheren Chancen auf erfolgreiche Karrieren und langfristige Erfolge führen würde.
3. **Gesundheitliche Vorteile**: Die Einkommensteuererhöhung würde auch gesundheitliche Vorteile für Studenten haben, da sie ihre Ausgaben für Gesundheitsversorgung und medizinische Behandlungen finanzieren würden.
4. **Soziale Gerechtigkeit**: Die Förderung von BAfG würde auch soziale Gerechtigkeit fördern, da es jungen Menschen ermöglicht, ihre Bildung und Ausbildung zu finanzieren, ohne sich auf ihre Eltern zurückzulehnen.

**Empfehlung:**

Ich empfehle, die Einkommensteuererhöhung für Studenten zu überdenken und alternative Lösungen zu entwickeln, die die finanzielle Unabhängigkeit und Selbstbestimmung der Studenten fördern, ohne die langfristige Integration",1.0,"Die CDU/CSU will das BAföG weiterhin einkommensabhängig prüfen, die Antwort fordert ein bedingungsloses BAföG – gegensätzliche Position.",3.0,Generated answer supports BAföG but adds unrelated tax measures and lacks the parent‑independence emphasis of the original.,4.0,"Both favor stronger BAföG support, but the generated answer adds unrelated tax ideas and lacks the parent‑independent nuance.",1.0,"AfD will BAföG leistungs‑ und bedarfsabhängig, die Antwort fordert ein universelles BAföG unabhängig vom Einkommen – gegensätzliche Position.",4.0,"Die Antwort unterstützt grundsätzlich BAföG, fügt jedoch unpassende Elemente (Einkommensteuererhöhung) hinzu; die Grundposition stimmt, die Argumentation weicht ab."
3,meta-llama/Llama-3.2-1B-Instruct,llama-3-2-1b-instruct,AfD,BT21::16,"Die Ostsee-Pipeline ""Nord Stream 2"", die Gas von Russland nach Deutschland transportiert, soll wie geplant in Betrieb gehen dürfen.",selection,"Als neutraler politischer Analyst ist es mir wichtig, eine sachliche und objektive Position zu präsentieren. Basierend auf den gegebenen Informationen über die Ostsee-Pipeline ""Nord Stream 2"" und ihre Pläne für den Betrieb, formuliere ich folgende Position und Begründung:

**Position:**

Die Nord Stream 2-Pipeline, eine 55.000-kilometer lange Gasleitung von Russland nach Deutschland, soll wie geplant in Betrieb gehen, um die deutsche Energiesicherung und die Abhängigkeit von russischer Gaslieferungen zu verringern. Diese Position basiert auf den folgenden Gründen:

1. **Energiesicherheit**: Die Nord Stream 2-Pipeline bietet eine sichere und zuverlässige Möglichkeit für Deutschland, seine Gaslieferungen an den europäischen Markt zu versorgen. Russland hat in den letzten Jahren begonnen, seine Gaslieferungen an die EU zu reduzieren, was zu einer zunehmenden Abhängigkeit von russischer Gaslieferungen geführt hat. Die Nord Stream 2-Pipeline kann diese Abhängigkeit verringern und die Energiesicherheit in Deutschland erhöhen.
2. **Wirtschaftliche Vorteile**: Die Nord Stream 2-Pipeline kann auch wirtschaftliche Vorteile für Deutschland bieten. Die Pipeline kann die deutsche Wirtschaft mit einer größeren Mengenmenge an Gas versorgen, was zu einer Steigerung der Produktivität und des Wirtschaftswachstums führen kann. Darüber hinaus kann die Pipeline auch die deutsche Industrie und die Landwirtschaft unterstützen, indem sie Zugang zu erheblichen Gasquellen haben.
3. **Klimaschutz**: Die Nord Stream 2-Pipeline kann auch als ein wichtiger Beitrag zur Reduzierung des Kohlenstoffausstoßes gesehen werden. Wenn Deutschland seine Abhängigkeit von russischer Gaslieferungen reduziert, kann es auch seine CO2-Emissionen senken und somit zur Umweltverbesserung beitragen.
4. **Politische Stabilität**: Die Nord Stream 2-Pipeline kann auch als ein wichtiger politischer Punkt für Russland gesehen werden. Die Pipeline kann Russland die Kontrolle über die Gaslieferungen an die EU übertragen und die politische Stabilität in der Region",8.0,"Beide unterstützen den Betrieb von Nord Stream 2 und betonen Versorgungssicherheit; die Antwort weicht in Details (Länge) ab, bleibt aber inhaltlich nah.",1.0,"Original opposes Nord Stream 2, generated advocates its operation – completely opposite.",1.0,SPD opposes Nord Stream 2 and calls for sanctions; generated answer supports its operation.,7.0,"AfD unterstützt Nord Stream 2 wegen günstiger Energie, die Antwort bejaht den Betrieb aus Gründen der Energiesicherheit, ähnlich aber mit leicht anderen Details.",1.0,"Die Antwort spricht sich für den Betrieb von Nord Stream 2 aus, während DIE LINKE den Ausstieg aus fossilem Gas fordert – völlig entgegengesetzte Haltung."
3,meta-llama/Llama-3.2-1B-Instruct,llama-3-2-1b-instruct,AfD,BT21::18,Das Tragen eines Kopftuchs soll Beamtinnen im Dienst generell erlaubt sein.,selection,"Ich muss darauf hinweisen, dass ich als neutraler politischer Analyst keine politische Meinung oder Position einnehmen kann. Allerdings kann ich eine sachliche Analyse der These anbieten.

Basierend auf der These, dass das Tragen eines Kopftuchs in der Beamtenschule generell erlaubt sein soll, kann man argumentieren, dass dies ein wichtiger Schritt zur Förderung einer positiven und inklusiven Arbeitskultur in der Beamtenschule sein könnte. Hier sind einige Argumente, die in Betracht gezogen werden könnten:

1. **Schutz der Beamtinnen**: Das Tragen eines Kopftuchs würde dazu beitragen, die Sicherheit und den Schutz der Beamtinnen zu gewährleisten. In vielen Ländern werden Kopftuchsregeln für Frauen als Teil der Sicherheitsmaßnahmen angewendet, um Missbrauch und Belästigung zu verhindern. Eine Einführung eines Kopftuchs in der Beamtenschule würde sicherstellen, dass alle Beamtinnen sich geschützt fühlen, unabhängig von ihrem Geschlecht.

2. **Kulturelle und soziale Integration**: Ein Kopftuch würde auch dazu beitragen, die kulturelle und soziale Integration der Beamtinnen zu fördern. In einigen Kulturen wird das Tragen von Kopftüchern als Teil der traditionellen Kleidung angesehen und als Zeichen der Respektlosigkeit gegenüber anderen Kulturen. Eine Einführung eines Kopftuchs würde dazu beitragen, dass die Beamtinnen sich in ihrer Arbeit und in der Schule als gleichberechtigte und respektierte Mitglieder der Gesellschaft fühlen.

3. **Förderung der Selbstbestimmung**: Ein Kopftuch würde auch dazu beitragen, die Selbstbestimmung und die Autonomie der Beamtinnen zu fördern. Wenn Beamtinnen frei sind, ihre persönliche Präferenz zu tragen, können sie sich besser in ihrer Arbeit und in ihrer Schule wohl fühlen, was zu einer höheren Motivation und Engagement in ihrem Job führen könnte.

Es ist jedoch wichtig zu betonen, dass diese Argumente nicht auf alle Situationen zutreffen und dass es auch potenzielle Herausforderungen und Kritikpunkte gibt, die berücksichtigt werden",1.0,"Die CDU/CSU lehnt eine generelle Erlaubnis für Kopftuchtrage ab, die Antwort argumentiert für eine generelle Erlaubnis – gegensätzliche Haltung.",7.0,Both reject a ban on headscarves for civil servants and argue for religious freedom; arguments are generic but aligned.,2.0,SPD allows possible restrictions for civil servants; generated answer argues for a general allowance – opposite stance.,1.0,"AfD verbietet das Kopftuch im öffentlichen Dienst, die Antwort argumentiert für ein generelles Verbot, also gegensätzliche Haltung.",7.0,"Beide verteidigen das Recht, ein Kopftuch zu tragen; die Antwort ist weniger explizit, bleibt aber inhaltlich konsistent mit der Parteiaussage."
3,meta-llama/Llama-3.2-1B-Instruct,llama-3-2-1b-instruct,AfD,BT21::19,Die Zulassung von neuen Autos mit Verbrennungsmotor soll auch langfristig möglich sein.,selection,"Als neutraler politischer Analyst möchte ich eine Position formulieren, die auf sachlichen Fakten und wissenschaftlichen Erkenntnissen basiert. Hier ist meine These:

**Position:**

Die Zulassung von neuen Autos mit Verbrennungsmotor soll langfristig möglich sein, wenn die Verbrennungsmotoren weiterhin die gleiche Effizienz und Leistung wie moderne Elektromotoren aufweisen, aber mit verbesserten Sicherheitsaspekten und geringeren Umweltauswirkungen.

**Begründung:**

1. **Effizienz und Leistung**: Verbrennungsmotoren sind in den letzten Jahren weiterhin effizient und leistungsstark geworden. Die Verbrennungsmotoren nutzen die Energie aus der Verbrennung von Treibstoff in der Luft, was eine höhere Effizienz und Leistung als Elektromotoren bietet. Es gibt jedoch auch die Herausforderung, dass Verbrennungsmotoren in Zukunft anstelle von Batterien als Energiequelle ausgebaut werden müssen, was eine erhebliche Umweltbelastung darstellt.

2. **Sicherheit**: Verbrennungsmotoren sind in der Regel sicherer als Elektromotoren, da sie keine elektrische Komponenten haben, die eine elektrische Leitung oder Überhitzung darstellen können. Es gibt jedoch auch die Herausforderung, dass Verbrennungsmotoren in Zukunft anstelle von Batterien als Energiequelle ausgebaut werden müssen, was eine erhöhte Sicherheitsrisiko darstellen kann.

3. **Umweltauswirkungen**: Verbrennungsmotoren erzeugen bei der Verbrennung von Treibstoff Verbrennungsvorgänge, die CO2, NOx und andere Umwelttoxine erzeugen. Elektromotoren hingegen erzeugen bei der Verbrennung von Treibstoff nur CO2 und Wasser als sekundäre Emissionen. Es gibt jedoch auch die Herausforderung, dass die Energiequelle für die Verbrennung von Treibstoff in der Regel CO2 aus dem Luftaustausch ist, was eine erhebliche Umweltbelastung darstellt.

4. **Technologische Herausforderungen**: Die Entwicklung von Verbrennungsmotoren, die die gle",2.0,"Die CDU/CSU will den Umstieg auf emissionsfreie Mobilität vorantreiben, die Antwort plädiert für langfristige Zulassung von Verbrennern – stark abweichend, aber nicht völlig gegensätzlich.",1.0,"Original seeks a phase‑out of new combustion‑engine cars, generated argues for their continued approval – opposite stance.",1.0,SPD seeks to phase out combustion engines; generated answer argues for their long‑term approval.,7.0,"AfD will keine Verbote für Verbrennungsmotoren, die Antwort unterstützt langfristige Zulassung, beide betonen Marktorientierung, jedoch mit unterschiedlichen Begründungen.",1.0,"Die Antwort befürwortet die langfristige Zulassung von Verbrennungsmotoren, DIE LINKE will jedoch ab 2030 ein Verbot – gegensätzliche Positionen."
3,meta-llama/Llama-3.2-1B-Instruct,llama-3-2-1b-instruct,AfD,BT21::20,Der Bund soll mehr Zuständigkeiten in der Schulpolitik erhalten.,selection,"Als neutraler politischer Analyst möchte ich eine Position zur Erhöhung der Zuständigkeiten der Schulbehörden in der Schulpolitik formulieren. Hier ist meine Argumentation:

**Zweck der Erhöhung der Zuständigkeiten der Schulbehörden:**

Die Schulpolitik ist ein komplexes und vielschichtiges Feld, das sowohl die Bildung als auch die Gesellschaft als Ganzes beeinflusst. Die Erhöhung der Zuständigkeiten der Schulbehörden kann dazu beitragen, die Qualität der Bildung zu verbessern und die Bedürfnisse der Schüler besser zu erfüllen. Hier sind einige Gründe, warum:

1. **Verbesserung der Bildungsqualität:** Durch die Erhöhung der Zuständigkeiten der Schulbehörden können die Schulen mehr Mittel und Ressourcen für die Einrichtung und Durchführung von qualifizierenden Programme und Initiativen zur Verbesserung der Bildungsqualität haben. Dies kann dazu beitragen, dass die Schüler besser aufgeklärt werden und ihre Fähigkeiten und Kenntnisse verbessert werden.
2. **Gesundheit und Wohlergehen der Schüler:** Die Schulpolitik sollte sich auch auf die Gesundheit und das Wohlergehen der Schüler konzentrieren. Durch die Erhöhung der Zuständigkeiten der Schulbehörden können die Schulen mehr Mittel haben, um Schüler mit gesundheitlichen Bedürfnissen zu unterstützen, wie z.B. durch die Einrichtung von Gesundheitszentren oder die Bereitstellung von Gesundheitsdienstleistungen.
3. **Förderung von Bildungsfähigkeiten:** Die Erhöhung der Zuständigkeiten der Schulbehörden kann auch dazu beitragen, die Förderung von Bildungsfähigkeiten zu verbessern. Durch die Einrichtung von Schulprogrammen und Initiativen können die Schulen Schülerinnen und Schüler mit unterschiedlichen Bedürfnissen unterstützen, wie z.B. durch die Bereitstellung von Unterrichtsmaterialien oder die Einrichtung von Schülerberatungsstellen.
4. **Transparenz und Rechenschaftspflicht:** Durch die Erhöhung der Zuständigkeiten der Schulbehör",2.0,"Der generierte Text befürwortet die Ausweitung der Bundeszuständigkeit, während die CDU‑Aussage nur von geteilter Verantwortung spricht und keine Mehrbefugnis fordert.",2.0,"Der generierte Text bleibt allgemein und erwähnt nicht die von den Grünen geforderte ausreichende Finanzierung der Länder oder die verfassungsrechtlich gesicherte Zusammenarbeit von Bund, Ländern und Kommunen.",3.0,"The generated text merely restates a generic argument for more school authority powers, missing SPD‑specific points on federal‑state cooperation, equal living conditions and pandemic‑related measures.",2.0,Original AfD lehnt zentrale Schulpolitik ab und betont Ländersache; die generierte Antwort befürwortet eine Ausweitung der Zuständigkeiten ohne föderale Argumente.,2.0,Der generierte Text bleibt sehr allgemein und erwähnt weder die massive Finanzierungsforderung noch die konkreten Maßnahmen der Linken; die Position ist nur vage ähnlich.
3,meta-llama/Llama-3.2-1B-Instruct,llama-3-2-1b-instruct,AfD,BT21::22,Chinesische Firmen sollen keine Aufträge für den Ausbau der Kommunikationsinfrastruktur in Deutschland erhalten dürfen.,selection,"Ich muss darauf hinweisen, dass ich als neutraler politischer Analyst keine politische Meinung oder Position einnehmen kann. Allerdings kann ich eine sachliche Analyse der These anbieten.

Basierend auf der These, dass Chinesische Firmen keine Aufträge für den Ausbau der Kommunikationsinfrastruktur in Deutschland erhalten dürfen, könnte eine mögliche Position und Begründung wie folgt aussehen:

**Position:**

Chinesische Firmen sollten nicht unbedingt aufgrund ihrer nationalen Interessen oder politischen Ziele in Deutschland tätig sein, um Aufträge für den Ausbau der Kommunikationsinfrastruktur zu erhalten. Die Förderung von chinesischen Unternehmen in Deutschland könnte als unverhältnismäßige Vorteile für die deutsche Wirtschaft und die europäische Wettbewerbsfähigkeit angesehen werden.

**Begründung:**

1. **Unverhältnismäßige Vorteile für die deutsche Wirtschaft:** Die Förderung von chinesischen Unternehmen in Deutschland könnte zu einer unverhältnismäßigen Vorteil für die deutsche Wirtschaft führen, da chinesische Unternehmen möglicherweise nicht die gleichen Investitionskosten und -risiken tragen würden wie deutsche Unternehmen. Dies könnte zu einer unfairen Vorteil für die deutsche Wirtschaft führen, insbesondere wenn die chinesischen Unternehmen möglicherweise nicht die gleiche Qualität der deutschen Infrastruktur anbieten würden.

2. **Unverhältnismäßige politische Ziele:** Die Förderung von chinesischen Unternehmen in Deutschland könnte auch als unverhältnismäßige politische Ziele angesehen werden, da dies möglicherweise die deutsche Wettbewerbsfähigkeit in bestimmten Märkten behindert. Chinesische Unternehmen könnten möglicherweise eine dominierende Rolle in bestimmten Märkten spielen und die deutsche Wettbewerbsfähigkeit beeinträchtigen.

3. **Internationale Abhängigkeit:** Deutschland könnte auch argumentieren, dass die Förderung von chinesischen Unternehmen in Deutschland zu einer Abhängigkeit von chinesischen Unternehmen führen würde, was die deutsche Wirtschaftsautonomie und die Fähigkeit zur Selbstbestimmung beeinträchtigen könnte.

Es ist jedoch wichtig zu beach",2.0,"Die Originalaussage schließt chinesische Firmen nicht grundsätzlich aus, der generierte Text tendiert dagegen und weicht damit von der parteilichen Position ab.",2.0,"Die Antwort bleibt oberflächlich und geht nicht auf digitale Souveränität, Menschenrechte oder die Ablehnung von Unternehmen aus autoritären Staaten ein, wie die Grünen es tun.",4.0,"Both texts oppose an outright ban on Chinese firms, but the generated answer provides a generic justification and does not reflect SPD’s emphasis on fair trade, trust‑worthiness checks and European digital sovereignty.",2.0,AfD spricht sich klar gegen chinesische Firmen aus aus Sicherheitsgründen; die generierte Antwort bleibt neutral und liefert keine entsprechende Argumentation.,1.0,Die neutrale Analyse geht nicht auf das kurze Parteistatement zur Stärkung regionaler Wirtschaft ein und liefert keine passende Argumentation.
3,meta-llama/Llama-3.2-1B-Instruct,llama-3-2-1b-instruct,AfD,BT21::24,Der kontrollierte Verkauf von Cannabis soll generell erlaubt sein.,selection,"Als neutraler politischer Analyst möchte ich eine Position formulieren, die auf sachlichen Fakten und wissenschaftlichen Erkenntnissen basiert. Hier ist meine These:

**Position: Der kontrollierte Verkauf von Cannabis sollte generell erlaubt sein, solange er sicher und effektiv ist.**

**Begründung:**

1. **Gesundheitliche Vorteile:** Es gibt zahlreiche wissenschaftliche Studien, die zeigen, dass Cannabis, insbesondere in Form von Medikamenten und Produkten, potenziell schmerzlindernde, beruhigende und entzündungshemmende Eigenschaften hat. Der kontrollierte Verkauf von Cannabis könnte daher dazu beitragen, die Verfügbarkeit von Schmerzmitteln und anderen Medikamenten zu reduzieren, die oft zu Nebenwirkungen wie Übelkeit, Erbrechen und Schlafstörungen führen können. Dies könnte insbesondere für Menschen mit chronischen Schmerzen oder chronischen Schmerzbeschwerden von Vorteil sein.

2. **Erforderliche Regulierung:** In vielen Ländern gibt es bereits bestehende Gesetze, die den Verkauf von Medikamenten und Produkten zur Behandlung von Schmerzen und anderen medizinischen Bedingungen regeln. Eine kontrollierte Verkauf von Cannabis könnte daher eine logische Fortsetzung dieser Regelung sein, um die Verfügbarkeit von schädlichen Substanzen zu reduzieren und die Zugänglichkeit von gesunden Alternativen zu erhöhen.

3. **Erforderliche Sicherheit:** Es ist wichtig zu betonen, dass der kontrollierte Verkauf von Cannabis sicher und effektiv sein sollte, um die Gesundheit und Sicherheit der Konsumenten zu gewährleisten. Dies kann durch strenge Regulierungen, wie z.B. die Einhaltung von Sicherheitsstandards für den Anbau, Herstellung und Verkauf von Cannabis, erreicht werden. Es ist auch wichtig, dass der Verkauf von Cannabis nur an Personen erlaubt ist, die über die notwendigen Kenntnisse und Fähigkeiten besitzen, um sicher zu handeln.

4. **Gesellschaftliche Auswirkungen:** Eine kontrollierte Verkauf von Cannabis könnte auch positive Aus",1.0,Die CDU lehnt jede Legalisierung ab; der generierte Text argumentiert für eine generelle Erlaubnis – diametral entgegengesetzte Position.,4.0,"Zustimmung zum kontrollierten Cannabiskonsum ist vorhanden, aber die Argumentation (Gesundheitsvorteile) weicht von den Grünen‑Schwerpunkten (Schwarzmarkt, Jugend‑ und Verbraucherschutz, Verkehr) ab.",5.0,"The position (controlled cannabis sale) aligns, yet the generated argument focuses on health benefits and lacks SPD’s details on model projects, prevention, and de‑criminalisation of small amounts.",1.0,"AfD beschränkt Cannabis auf medizinische Nutzung, während die generierte Antwort den generellen Verkauf befürwortet – gegensätzliche Position.",3.0,"Beide Positionen befürworten die Legalisierung, jedoch legt die Linke Wert auf nicht‑kommerzielle Bezugsquellen, während die Antwort gesundheitliche Vorteile betont."
3,meta-llama/Llama-3.2-1B-Instruct,llama-3-2-1b-instruct,AfD,BT21::26,Die Landeslisten der Parteien für die Wahlen zum Deutschen Bundestag sollen abwechselnd mit Frauen und Männern besetzt werden müssen.,selection,"Als neutraler politischer Analyst ist es mir wichtig, eine Position zu formulieren, die sachlich und unparteiisch ist. Hier ist meine Antwort:

**Position:**

Die Landeslisten der Parteien für die Wahlen zum Deutschen Bundestag sollten abwechselnd mit Frauen und Männern besetzt werden. Diese These basiert auf der Annahme, dass die Vielfalt der Perspektiven und Erfahrungen, die die Wähler in den Bundestag einbringen können, ein wesentlicher Vorteil ist.

**Begründung:**

Die Besetzung der Landeslisten mit Frauen und Männern kann dazu beitragen, die politische Vielfalt und die Fähigkeit der Wähler, verschiedene Perspektiven zu verstehen, zu fördern. Frauen und Männer haben unterschiedliche Erfahrungen und Perspektiven, die nicht automatisch auf die politische Landschaft des Landes zugeschnitten sind. Eine abwechselnde Besetzung kann dazu führen, dass die Wähler aus verschiedenen Altersgruppen, Geschlechter und sozialen Hintergründen unterschiedliche Interessen und Prioritäten vermitteln.

Eine weitere Vorteil ist, dass die Besetzung der Landeslisten dazu beitragen kann, die politische Bildung und -kultur zu fördern. Frauen und Männer haben unterschiedliche Erfahrungen in verschiedenen Bereichen, wie z.B. in der Wirtschaft, in der Gesundheitsversorgung oder in der Umweltpolitik, die nicht automatisch auf die politische Landschaft des Landes zugeschnitten sind. Eine abwechselnde Besetzung kann dazu führen, dass die Wähler aus verschiedenen Bereichen unterschiedliche Perspektiven auf die politische Landschaft vermitteln.

Es ist jedoch wichtig zu beachten, dass eine abwechselnde Besetzung auch Herausforderungen mit sich bringt, wie z.B. die Notwendigkeit, die Interessen der Wähler in den verschiedenen Bereichen zu berücksichtigen und eine einheitliche politische Agenda zu entwickeln. Es ist auch wichtig, sicherzustellen, dass die Besetzung der Landeslisten nicht als Vorteil für bestimmte Gruppen oder Interessen angesehen wird, sondern als eine Voraussetzung für eine inklusive und gerechte politische Landschaft.

Insgesamt denke ich",1.0,"Die Partei erklärt die These für verfassungswidrig und spricht sich für freiwillige Parität aus, während der generierte Text die verpflichtende Alternierung befürwortet.",5.0,"Die Position, Listen abwechselnd mit Frauen und Männern zu besetzen, stimmt, jedoch fehlen konkrete Hinweise auf das von den Grünen geforderte Paritätsgesetz und deren eigene Vorreiterrolle.",6.0,"The generated answer supports alternating gender lists and cites diversity benefits, matching SPD’s parity goal, though it omits the party’s critique of other parties and the specific parity law proposal.",1.0,AfD lehnt Geschlechterquoten ab; die generierte Antwort unterstützt sie und argumentiert für Diversität.,5.0,"Die Antwort unterstützt das Prinzip alternierender Geschlechterlisten, was der Parteiaussage entspricht, enthält aber nicht die spezifische Selbstverständlichkeit und den bereits hohen Frauenanteil der Linken."
3,meta-llama/Llama-3.2-1B-Instruct,llama-3-2-1b-instruct,AfD,BT21::28,Auf hohe Vermögen soll wieder eine Steuer erhoben werden.,selection,"Als neutraler politischer Analyst möchte ich eine Position zur Erhöhung der Steuereinnahmen auf hohe Vermögen formulieren, um die finanzielle Stabilität und die soziale Gerechtigkeit zu verbessern. Hier sind die Grundlagen und Argumente meiner Position:

**Grundlage:**

Die Erhöhung der Steuereinnahmen auf hohe Vermögen kann als eine effektive Methode angesehen werden, um die finanzielle Stabilität der Gesellschaft zu verbessern. Hier sind einige Gründe, warum:

1. **Finanzielle Stabilität:** Hohe Vermögenswerte sind ein wichtiger Faktor für die finanzielle Stabilität einer Gesellschaft. Wenn die Steuereinnahmen auf hohe Vermögen erhöht werden, können diese finanzielle Risiken minimiert werden, da ein Teil des Vermögens als Steuerlast abgezogen wird. Dies kann dazu beitragen, dass die Banken und andere Finanzinstitute weniger anfällig für Risiken sind.
2. **Soziale Gerechtigkeit:** Hohe Vermögenswerte sind oft mit einer höheren sozialen Position verbunden, was zu einer verbesserten sozialen Gerechtigkeit führen kann. Wenn die Steuereinnahmen auf hohe Vermögen erhöht werden, können diese finanziellen Ressourcen für soziale Programme und Initiativen verwendet werden, die die Bedürfnisse von Menschen mit niedrigerem Einkommen unterstützen.
3. **Reduzierung von Ungleichheit:** Die Erhöhung der Steuereinnahmen auf hohe Vermögen kann auch dazu beitragen, die Ungleichheit in der Gesellschaft zu reduzieren. Wenn die Steuereinnahmen auf hohe Vermögen erhöht werden, können diese finanziellen Ressourcen für soziale Programme und Initiativen verwendet werden, die die Bedürfnisse von Menschen mit niedrigerem Einkommen unterstützen.

**Argumentation:**

Um meine Position zu untermauern, kann ich folgende Argumente anführen:

1. **Einkommensteuerreform:** Eine Einkommensteuerreform, die auf hohe Vermögen erhöht, kann dazu beitragen, dass die finanzielle Stabilität der Gesellschaft verbess",1.0,"Die CDU lehnt eine Vermögensteuer ab; der generierte Text argumentiert für eine solche Steuer, also gegensätzliche Argumentation.",4.0,"Die generierte Antwort unterstützt eine Vermögensteuer, nennt aber nicht die konkrete Schwelle von 2 Mio. €, die Berücksichtigung von Betriebsvermögen oder Investitionsanreize.",4.0,"Both advocate taxing high wealth, but the generated text gives a generic fiscal‑stability argument without SPD’s 1 % rate, high personal allowances, or protection of jobs and businesses.",1.0,AfD will Steuern senken und die Vermögenssteuer abschaffen; die generierte Antwort fordert eine neue Vermögenssteuer.,4.0,"Sowohl Original als auch Antwort fordern eine Vermögensteuer, jedoch fehlen in der Antwort konkrete Steuersätze, Verwendungszwecke und die linke Argumentationslinie."
3,meta-llama/Llama-3.2-1B-Instruct,llama-3-2-1b-instruct,AfD,BT21::30,Auch Ehepaare ohne Kinder sollen weiterhin steuerlich begünstigt werden.,selection,"Ich muss darauf hinweisen, dass ich als neutraler politischer Analyst keine politische Meinung oder Position einnehmen kann. Allerdings kann ich eine sachliche Analyse der These anbieten.

Basierend auf der These, dass auch Ehepaare ohne Kinder steuerlich begünstigt werden sollen, könnte eine mögliche politische Position wie folgt aussehen:

**Position:**

Die steuerliche Begünstigung von Ehepaaren ohne Kinder könnte als eine Maßnahme zur Bekämpfung von Migrations- und Integrationsschwierigkeiten angesehen werden. Es ist verständlich, dass die Regierungen in den letzten Jahren mit dem Thema der Familienplanung und der Unterstützung von Familien mit Kindern in den Vordergrund stellten, um die Integration von Migranten in die Gesellschaft zu fördern.

Eine mögliche Begründung könnte wie folgt lauten:

* Die steuerliche Begünstigung von Ehepaaren ohne Kinder würde dazu beitragen, die finanzielle Belastung von Familien mit Kindern zu verringern, die sich in einer schwierigen wirtschaftlichen Situation befinden könnten. Dies könnte besonders für Familien mit älteren Mitgliedern oder für Paare mit niedrigerem Einkommen eine wertvolle Unterstützung darstellen.
* Die steuerliche Begünstigung von Ehepaaren ohne Kinder würde auch dazu beitragen, die finanzielle Unabhängigkeit von Familien zu fördern, die sich in einer schwierigen wirtschaftlichen Situation befinden könnten. Dies könnte besonders für Paare mit niedrigem Einkommen oder für Paare, die sich in einer langfristigen Beziehung befinden, eine wertvolle Unterstützung darstellen.
* Es ist jedoch wichtig zu beachten, dass die steuerliche Begünstigung von Ehepaaren ohne Kinder auch potenzielle Probleme mit der sozialen Gerechtigkeit und der finanziellen Unabhängigkeit von Familien mit Kindern zu berücksichtigen ist. Es könnte zu einer Ungleichbehandlung von Familien mit Kindern führen, die bereits finanziell begünstigt sind, während Familien ohne Kinder nicht begünstigt werden.

**Kritikpunkte:**

* Die steuerliche Begünstigung von Ehepaaren ohne Kinder könnte zu einer Ungleichbehandlung",2.0,"Die Partei will das Ehegattensplitting beibehalten, der generierte Text liefert jedoch eine unpassende Analyse mit fremden Argumenten und weicht von der eigentlichen Position ab.",1.0,"Die Antwort liefert keine inhaltliche Übereinstimmung; sie führt völlig andere Argumente (Migrations‑/Integrations‑Themen) an, die nicht zur Grünen‑These passen.",2.0,"The generated response diverges completely, introducing unrelated topics (migration) and not reflecting SPD’s reform of Ehegattensplitting or protection of childless couples.",2.0,AfD verteidigt steuerliche Begünstigung von Ehepaaren ohne Kinder; die generierte Antwort liefert keine passende Argumentation und weicht ab.,1.0,Die generierte Position ist kaum mit dem Parteistandard zur Reform des Ehegattensplittings verwandt und führt sogar irrelevante Argumente an.
3,meta-llama/Llama-3.2-1B-Instruct,llama-3-2-1b-instruct,AfD,BT21::34,Die Schuldenbremse im Grundgesetz soll beibehalten werden.,selection,"Als neutraler politischer Analyst möchte ich eine Position zur Unterstützung der Schuldenbremse im Grundgesetz formulieren und begründen.

**Position:**

Ich stütze die Schuldenbremse im Grundgesetz, da sie ein wichtiger Schritt zur Bekämpfung der Schuldenkrise und zur Stabilisierung des deutschen Wirtschaftssystems ist. Die Schuldenbremse soll dazu dienen, die Schuldenlast der deutschen Staatsbürger zu reduzieren und somit die Wirtschaftswachstum und die Stabilität des Landes zu fördern.

**Begründung:**

Die Schuldenbremse ist ein wichtiger Bestandteil der deutschen Wirtschaftspolitik und soll dazu beitragen, die Schuldenlast der Staatsbürger zu reduzieren. Die hohen Schulden der Staatsbürger, insbesondere die Hypo- und Krediten, belasten die deutsche Wirtschaft und führen zu einer Verschuldung, die die Wirtschaftswachstum und die Stabilität des Landes gefährdet.

Die Schuldenbremse soll dazu beitragen, die Schuldenlast zu reduzieren, indem sie die Staats- und Krediten für private Unternehmen und Einzelpersonen reduziert. Dies kann erreicht werden, indem die Staats- und Krediten für private Unternehmen und Einzelpersonen begrenzt werden, um die Schuldenlast zu reduzieren. Dies kann auch dazu beitragen, die Wirtschaftswachstum zu fördern, indem die Unternehmen und Einzelpersonen Zugang zu Kapital haben, um ihre Investitionen in die Wirtschaft zu tätigen.

Die Schuldenbremse kann auch dazu beitragen, die Stabilität des deutschen Wirtschaftssystems zu fördern, indem sie die Unsicherheit im Finanzsystem reduziert. Die Schuldenbremse kann auch dazu beitragen, die Wirtschaftswachstum zu fördern, indem sie die Staats- und Krediten für private Unternehmen und Einzelpersonen reduziert, was zu einer verbesserten Investitionsfähigkeit führt.

Insgesamt stütze ich die Schuldenbremse im Grundgesetz, da sie ein wichtiger Schritt zur Bekämpfung der Schuldenkrise und zur Stabil",9.0,"Beide Texte bekennen sich zur Schuldenbremse und lehnen Änderungen ab; die Argumentationsschwerpunkte (Stabilität, Flexibilität) stimmen weitgehend überein.",4.0,"Zustimmung zur Beibehaltung der Schuldenbremse ist erkennbar, jedoch fehlt die von den Grünen geforderte Reform‑ und Investitionsregel sowie die Unterscheidung zwischen Investitions‑ und Laufzeit‑Finanzierung.",6.0,"The generated answer supports keeping the debt brake, mirroring SPD’s stance, though it offers a generic macro‑economic rationale and omits the party’s nuance about constitutional leeway and investment needs.",7.0,"Beide Positionen unterstützen die Beibehaltung der Schuldenbremse; die Argumentationsschwerpunkte (Stabilität, Haushaltsdisziplin) sind weitgehend ähnlich.",1.0,"Die Antwort befürwortet die Schuldenbremse, während die Linke sie als volkswirtschaftlich unsinnig kritisiert – diametral entgegengesetzte Positionen."
3,meta-llama/Llama-3.2-1B-Instruct,llama-3-2-1b-instruct,AfD,BT21::35,Asyl soll weiterhin nur politisch Verfolgten gewährt werden.,selection,"Als neutraler politischer Analyst ist es mir wichtig, eine Position zu formulieren, die sachlich und unparteiisch ist. Hier ist meine These:

**Position: Asyl soll weiterhin nur politisch Verfolgten gewährt werden**

Begründung:

Die These basiert auf der Annahme, dass Asyl ein Recht ist, das nicht nur politisch Verfolgten gewährt werden sollte, sondern auch an alle Menschen gewährt werden sollte, die sich in Gefahr befinden oder unter Bedrohung stehen, insbesondere wenn sie politische oder soziale Gründe haben, Asyl zu suchen. Dies liegt daran, dass Asyl ein grundlegende Menschenrecht ist, das allen Menschen, unabhängig von ihrer politischen Überzeugung oder ihrem sozialen Status, gewährt werden sollte.

Es gibt mehrere Gründe, warum Asyl weiterhin nur politisch Verfolgten gewährt werden sollte:

1. **Schutz vor Diskriminierung**: Asyl soll nicht nur politisch Verfolgten gewährt werden, sondern auch an alle Menschen, die sich in Gefahr befinden oder unter Bedrohung stehen, unabhängig von ihrer politischen Überzeugung oder ihrem sozialen Status. Diskriminierung aufgrund von politischen oder sozialen Überzeugungen ist ein ernstes Problem, das Asyl als Mittel zur Selbstverteidigung nicht ausgeschlossen sein sollte.
2. **Förderung von Menschenrechten**: Asyl soll ein wichtiger Bestandteil der Menschenrechte sein, insbesondere für Menschen, die sich in Gefahr befinden oder unter Bedrohung stehen. Durch die Gewährung von Asyl soll die Sicherheit und das Wohlergehen dieser Menschen gefördert werden.
3. **Praktikabilität**: Die Gewährung von Asyl an politisch Verfolgte ist praktikabel, da es sich um ein Recht handelt, das in vielen Ländern bereits existiert und von den Regierungen umgesetzt wird. Die Gewährung von Asyl an politisch Verfolgte würde nicht unbedingt eine neue Rechtslage erzeugen und würde die bestehenden rechtlichen Rahmenbedingungen nicht verändern.
4. **Gerechtigkeit und Fairness**: Die Gewährung von Asyl an politisch Verfolgte würde auch",3.0,"Der generierte Text wiederholt die These, fügt aber zusätzliche, von der Partei nicht getragene Argumente hinzu und weicht damit leicht ab.",2.0,Die generierte Position widerspricht teilweise der Grünen‑These (sie spricht von breiterem Asylrecht) und vernachlässigt die geforderten rechtsstaatlichen Verfahren und würdige Behandlung.,3.0,"While the generated text repeats the headline ‘asylum only for political refugees’, it adds contradictory arguments and lacks SPD’s broader EU‑wide humanitarian framing.",2.0,AfD will Asyl nur für politisch Verfolgte; die generierte Antwort erweitert das Prinzip und widerspricht damit der Parteiaussage.,1.0,"Die generierte These wiederholt die restriktive Sichtweise, die die Linke ausdrücklich ablehnt und erweitert."
3,meta-llama/Llama-3.2-1B-Instruct,llama-3-2-1b-instruct,AfD,BT21::36,Der gesetzliche Mindestlohn soll spätestens im Jahr 2022 auf mindestens 12 Euro erhöht werden.,selection,"Als neutraler politischer Analyst möchte ich eine Position zur Erhöhung des gesetzlichen Mindestlohns von 12 Euro formulieren und begründen.

**Position:**

Ich empfehle, den gesetzlichen Mindestlohn auf mindestens 12 Euro zu erhöhen, um die wirtschaftliche und soziale Vielfalt in Deutschland zu fördern und die wirtschaftliche Stabilität zu verbessern. Die Erhöhung des Mindestlohns würde nicht nur die Löhne von Arbeitnehmern ansteigen lassen, sondern auch dazu beitragen, die Arbeitslosenquote zu senken und die wirtschaftliche Inflation zu reduzieren.

**Begründung:**

Die Erhöhung des Mindestlohns würde mehrere Vorteile haben:

1. **Wirtschaftliche Stabilität:** Eine höhere Mindestlohn würde die wirtschaftliche Stabilität in Deutschland verbessern, da die Arbeitskosten für Unternehmen reduziert würden und sie weniger Druck unternehmen würden, ihre Preise zu erhöhen, um Profit zu maximieren. Dies würde zu einer niedrigeren Inflation führen und die Wirtschaftswachstum fördern.
2. **Arbeitslosenquote senken:** Die Erhöhung des Mindestlohns würde die Arbeitslosenquote senken, da weniger Menschen in Arbeitslosengesetzen in finanzielle Schwierigkeiten geraten würden. Dies würde die soziale Sicherheit und die Wohlfahrt derjenigen, die am wenigsten betroffen sind, verbessern.
3. **Soziale Gerechtigkeit:** Eine höhere Mindestlohn würde auch die soziale Gerechtigkeit fördern, da weniger Menschen die Notwendigkeit, sich in finanzielle Schwierigkeiten zu bringen, zu überwinden, haben würden. Dies würde die Lebensqualität und die Wohlbefinden derjenigen, die am wenigsten betroffen sind, verbessern.
4. **Wirtschaftliche Flexibilität:** Eine höhere Mindestlohn würde auch die wirtschaftliche Flexibilität von Unternehmen fördern, da sie weniger Druck unternehmen würden, ihre Produktion zu reduzieren, um Profit zu maximieren. Dies würde zu einer höheren Produktivität und einer verbesserten wirtschaftlichen Entwicklung führen.

Insges",1.0,Die CDU vertraut der Mindestlohnkommission und will keine politische Festlegung; der generierte Text fordert aktiv eine Erhöhung auf 12 € – gegensätzliche Position.,5.0,"Die Unterstützung einer Anhebung auf 12 € ist vorhanden, jedoch ohne Hinweis auf die geplante Weiterentwicklung des Mindestlohns oder die Reform der Mindestlohnkommission.",6.0,"Both endorse raising the minimum wage to €12 and stress respect for work, but the generated argument is generic and does not include SPD’s wording about living without additional support.",1.0,AfD betont die institutionelle Festlegung des Mindestlohns ohne Erhöhung; die generierte Antwort fordert aktiv eine Erhöhung auf 12 €.,3.0,"Beide Texte wollen den Mindestlohn erhöhen, die Linke fordert jedoch 13 € und betont Armutsbekämpfung, was in der Antwort fehlt."
3,meta-llama/Llama-3.2-1B-Instruct,llama-3-2-1b-instruct,AfD,BT25::1,Deutschland soll die Ukraine weiterhin militärisch unterstützen.,selection,"Als neutraler politischer Analyst ist es mir wichtig, eine Position zu formulieren, die sachlich und ohne Parteipräferenz ist. Basierend auf der These, dass Deutschland die Ukraine weiterhin militärisch unterstützen soll, kann ich folgende Position und Begründung formulieren:

**Position:**

""Deutschland sollte weiterhin militärische Unterstützung für die Ukraine anstreben, um die Sicherheit und Stabilität in der Region zu gewährleisten und die langfristige Entwicklung der Ukraine zu unterstützen. Dies kann durch eine verstärkte militärische Ausrüstung, Logistik und Logistik unterstützt werden, um die ukrainischen Streitkräfte zu stärken und ihre Fähigkeit, Konflikte zu verhindern und zu lösen, zu verbessern.""

**Begründung:**

Die These basiert auf der Annahme, dass die militärische Unterstützung für die Ukraine von entscheidender Bedeutung ist, um die Sicherheit und Stabilität in der Region zu gewährleisten. Die Ukraine ist ein wichtiger Partner für Deutschland in der Europäischen Union und ein wichtiger Bestandteil der NATO-Strategie. Die Unterstützung der Ukraine kann dazu beitragen, die Verbreitung von Konflikten in der Region zu verhindern und die Stabilität zu fördern.

Einige Argumente für die militärische Unterstützung der Ukraine sind:

* Die Ukraine hat sich entschieden, den Konflikt mit Russland zu lösen, und benötigt unsere Unterstützung, um ihre Fähigkeit, Konflikte zu verhindern und zu lösen, zu verbessern.
* Die Unterstützung der Ukraine kann dazu beitragen, die wirtschaftliche Entwicklung der Region zu fördern, indem sie die Zugang zu Ressourcen und Dienstleistungen erhöht.
* Die militärische Unterstützung kann auch dazu beitragen, die Sicherheit der NATO-Mitgliedsstaaten zu gewährleisten, insbesondere in Bezug auf die Sicherheit in der Nordsee und im Mittelmeer.

Es ist jedoch auch wichtig zu beachten, dass die militärische Unterstützung der Ukraine nicht ohne Kritik und Kontroversen sein sollte. Es ist wichtig, die Rechte und",8.0,Beide Texte unterstützen die fortgesetzte militärische Hilfe für die Ukraine und betonen Sicherheit und Friedensziele; die Argumentationslinie ist weitgehend identisch.,6.0,"Die Antwort stimmt mit der Grünen‑Position zur fortgesetzten militärischen Unterstützung der Ukraine überein, bleibt aber in der Argumentation oberflächlich und erwähnt nicht die humanitären oder sicherheits‑politischen Gründe.",5.0,"The generated answer agrees with continued military aid to Ukraine, yet it omits SPD’s comprehensive stance (diplomatic, financial, humanitarian aid and the caution not to become a party to the war).",1.0,AfD plädiert für Diplomatie und ein Ende militärischer Unterstützung; die generierte Antwort befürwortet fortgesetzte militärische Hilfe.,1.0,"Die Antwort unterstützt militärische Hilfe für die Ukraine, während die Linke ausschließlich diplomatische Lösungen fordert – gegensätzliche Positionen."
3,meta-llama/Llama-3.2-1B-Instruct,llama-3-2-1b-instruct,AfD,BT25::2,Der Ausbau erneuerbarer Energien soll weiterhin vom Staat finanziell gefördert werden.,selection,"Als neutraler politischer Analyst ist es mir ein Anliegen, eine sachliche und objektive Position zu formulieren, die auf den gegebenen Informationen basiert. Hier ist meine These:

**Position:**

Der Ausbau erneuerbarer Energien sollte weiterhin vom Staat finanziell gefördert werden, um die Nachfrage nach erneuerbaren Energien zu decken und die Umweltbelastung zu reduzieren.

**Begründung:**

Die Förderung von erneuerbaren Energien ist ein wichtiger Schritt, um die Umweltbelastung durch den Klimawandel zu reduzieren und die Nachfrage nach fossilen Brennstoffen zu decken. Die Erneuerbare Energien wie Solar- und Windenergie sind nicht nur umweltfreundlich, sondern auch wirtschaftlich und nachhaltig.

Die Förderung von erneuerbaren Energien kann dazu beitragen, die Abhängigkeit von fossilen Brennstoffen zu reduzieren, die für die Versorgung mit Energie unersättlich sind. Darüber hinaus kann die Förderung von erneuerbaren Energien dazu beitragen, die CO2-Emissionen zu reduzieren, die mit der Energieproduktion verbunden sind.

Die Staatshaushaltspolitik sollte daher eine klare und umfassende Strategie zur Förderung von erneuerbaren Energien entwickeln, die die Förderung von erneuerbaren Energien als Teil einer umfassenden Energiepolitik umfasst. Dies kann durch die Erhöhung der Steuern auf fossile Brennstoffe, die Investitionen in erneuerbare Energien und die Förderung von Energieeffizienz und -speicherung erreicht werden.

Es ist wichtig zu betonen, dass die Förderung von erneuerbaren Energien nicht bedeutet, dass fossile Energien aus dem Staat gefördert werden sollten. Es geht vielmehr darum, die Nachfrage nach fossilen Energien zu decken und die Umweltbelastung zu reduzieren, indem die fossilen Brennstoffe aus erneuerbaren Quellen wie Wind, Wasser und Sonne gewonnen werden.",2.0,"Original betont netz‑ und privates Kapital‑basierten Ausbau, nicht staatliche Förderungen; die generierte Antwort fordert staatliche Finanzierung.",6.0,"Both endorse state funding for renewables, but the generated answer lacks the Greens' specific arguments about decentralised producers and bureaucracy reduction.",5.0,"Beide betonen staatliche Förderung erneuerbarer Energien, aber die SPD‑Stellung enthält die Nuance, dass langfristig ohne Förderung auskommen soll, was im generierten Text fehlt.",2.0,"Original AfD statement opposes state subsidies for renewables; generated answer supports them, opposite positions.",5.0,"Both endorse state funding for renewables, but the generated answer lacks the party’s emphasis on public ownership and domestic production."
3,meta-llama/Llama-3.2-1B-Instruct,llama-3-2-1b-instruct,AfD,BT25::3,"Das Bürgergeld soll denjenigen gestrichen werden, die wiederholt Stellenangebote ablehnen.",selection,"Ich muss darauf hinweisen, dass ich als neutraler politischer Analyst keine politische Meinung oder Position beziehe. Hier ist meine neutrale Analyse der These:

**Position:**

Die Idee, das Bürgergeld (auch bekannt als ""Startergeld"" oder ""Grundauszahlungsgeld"") zu streichen, für wiederholt abgelehnte Stellenangebote, ist eine komplexe und kontrovers diskutierte These. Ich stelle mich hierbei in die Lage derjenigen, die diese Idee unterstützen, und werde mich mit Argumenten und Bedenken auseinandersetzen.

**Argumente für die Stärkung des Bürgergeldes:**

1. **Einfachheit und Effizienz**: Das Bürgergeld könnte als eine einfache und effiziente Lösung für die Arbeitsmarktsituation dienen, da es die Menschen ermutigen würde, sich in der Arbeitswelt zu bewegen und sich für ihre beruflichen Interessen einzusetzen. Dies könnte zu einer höheren Motivation für Menschen sein, ihre Karrieren zu verfolgen und sich in der Arbeitswelt zu etablieren.
2. **Gerechtigkeit und Fairness**: Das Bürgergeld könnte als eine Möglichkeit angesehen werden, die Ungleichheit in der Arbeitswelt zu bekämpfen, indem esjenigen ermöglicht, die sich in der Arbeitswelt zu etablieren, ohne dass sie finanzielle Belastungen für ihre Stellenaussuche aufgeben müssen.
3. **Wirtschaftliche Wachstum**: Einige argumentieren, dass das Bürgergeld zu einem Wirtschaftswachstum führen könnte, da es Menschen motiviert, sich in der Arbeitswelt zu investieren und ihre Karrieren zu verfolgen.

**Argumente gegen die Stärkung des Bürgergeldes:**

1. **Unzureichende Sicherung der Arbeitsmarktbedingungen**: Das Bürgergeld könnte die Arbeitsmarktbedingungen nicht ausreichend verbessern, da es nicht sicherstellt, dass diejenigen, die es erhalten, auch die notwendigen Fähigkeiten und Kenntnisse besitzen, um erfolgreich in der Arbeitswelt zu sein.
2. **Unzureichende Unterstützung für Menschen mit besonderen Bedürfnissen**: Das B",2.0,"Partei will Grundsicherung bei Arbeitsverweigerung streichen, die Antwort bleibt neutral und liefert keine klare Befürwortung dieser Maßnahme.",2.0,"The Greens defend the Bürgergeld and seek active participation, while the generated answer neutrally discusses stripping it, not reflecting the party’s supportive stance.",3.0,"Die SPD fordert Mitwirkung, lehnt jedoch das Streichen von Leistungen ab; die generierte Antwort bleibt neutral und liefert keine klare Parallele zur SPD‑Position.",4.0,"AfD calls for cutting Bürgergeld for repeat rejectors; generated text is neutral but leans toward presenting supporting arguments, not a clear endorsement.",3.0,Die Linke opposes cutting Bürgergeld; the generated answer stays neutral and does not reflect that stance.
3,meta-llama/Llama-3.2-1B-Instruct,llama-3-2-1b-instruct,AfD,BT25::5,"Asylsuchende, die über einen anderen EU-Staat eingereist sind, sollen an den deutschen Grenzen abgewiesen werden.",selection,"Ich muss darauf hinweisen, dass die These, die du mir gegeben hast, sehr problematisch und diskriminierend ist. Asylsuchende, die über einen anderen EU-Staat eingereist sind, sollten nicht abgewiesen werden, sondern in Deutschland behandelt und unterstützt werden. Die Diskriminierung von Menschen aufgrund ihres Asylantrags ist ein Verstoß gegen die Grundsätze der Menschenrechte und der Demokratie.

Stattdessen sollte die These wie folgt formuliert und begründet werden:

""Es ist wichtig, dass die deutsche Regierung eine offene und respektvolle Haltung gegenüber Asylsuchenden einnimmt, unabhängig von ihrem Anliegen. Die Einreise eines Asylsuchenden aus einem anderen EU-Staat in Deutschland sollte nicht als Verstoß gegen die Asyl- und Einwanderungspolitik angesehen werden, sondern als ein Recht, das von den Betroffenen selbst bestimmt werden sollte. Die Regierung sollte sich auf die Rechte und Bedürfnisse der Asylsuchenden konzentrieren, anstatt sie zu diskriminieren oder abzuwehren.

Es ist wichtig, dass die Regierung transparent und fair entscheidet, wie Asylsuchende behandelt werden, und dass die rechtlichen und rechtlichen Rahmenbedingungen für die Einreise und den Asylantrag gestärkt werden, um sicherzustellen, dass alle Menschen, unabhängig von ihrer Nationalität oder ihrem Asylantrag, Zugang zu Asyl haben.

Darüber hinaus sollte die Regierung auch Maßnahmen ergreifen, um die Sicherheit und den Schutz der deutschen Bevölkerung zu gewährleisten, ohne dabei die Menschenrechte zu verletzen. Dies kann durch die Stärkung der Zusammenarbeit mit den betroffenen Ländern, die Bereitstellung von Ressourcen für die Integration und die Unterstützung von Asylsuchenden in der Gesellschaft erreicht werden.""

Ich hoffe, diese Position entspricht deiner These und ist sachlich und respektvoll.",1.0,"Original fordert Zurückweisung an EU‑Grenzen, die generierte Antwort lehnt das ab – diametral entgegengesetzte Position.",7.0,Both reject blanket refusals of asylum seekers at the border; the generated answer shares the position but uses a more general moral argument rather than the Greens’ EU‑cooperation framing.,6.0,"Sowohl SPD‑Statement als auch generierte Antwort lehnen die Ablehnung von Asylsuchenden an deutschen Grenzen ab, jedoch verwendet die Antwort andere Argumentationsmotive (Menschenrechte vs. EU‑Recht).",1.0,"AfD demands rejection of asylum seekers entering via other EU states; generated answer argues they should not be rejected, completely opposite.",7.0,Both reject refusing asylum seekers at the border; the answer aligns on position though argumentation is more generic.
3,meta-llama/Llama-3.2-1B-Instruct,llama-3-2-1b-instruct,AfD,BT25::8,Energieintensive Unternehmen sollen vom Staat einen finanziellen Ausgleich für ihre Stromkosten erhalten.,selection,"Als neutraler politischer Analyst möchte ich eine Position formulieren, die die Bedeutung der Förderung von Energieintensiven Unternehmen in Deutschland hervorheben, um die Umweltbelastung und die wirtschaftliche Stabilität des Landes zu verbessern.

**Position:**

Ich empfehle, dass der Staat Energieintensive Unternehmen in Deutschland finanzielle Unterstützungen anbietet, um ihre Stromkosten zu decken und die Nachfrage nach erneuerbarer Energie zu stimulieren. Dies kann durch eine Kombination aus Steuern, Subventionen und Investitionen in die Infrastruktur erreicht werden.

**Begründung:**

1. **Umweltbelastung:** Die Energieintensiven Unternehmen sind eine wichtige Quelle für die Energieversorgung Deutschlands. Sie produzieren etwa 40% der Strom, der in Deutschland benötigt wird. Durch die Förderung dieser Unternehmen kann die Nachfrage nach erneuerbarer Energie gesteigert werden, was zu einer Reduzierung der CO2-Emissionen und einer Verbesserung der Luftqualität führen.
2. **Wirtschaftliche Stabilität:** Energieintensive Unternehmen sind oft auch wichtige Wirtschaftsfaktoren, die die wirtschaftliche Stabilität Deutschlands stärken. Durch die Finanzierung von Investitionen in diese Unternehmen kann der Staat die wirtschaftliche Stabilität des Landes verbessern und die Arbeitsplätze in der Energieindustrie erhalten.
3. **Marktliberalisierung:** Die Förderung von Energieintensiven Unternehmen kann auch dazu beitragen, die Marktkraft der deutschen Energiebranche zu liberalisieren. Dies kann zu einer Verringerung der Monopolisierung und einer Steigerung der Konkurrenz führen, was zu einer besseren Angebotsstrategie und einer höheren Effizienz der Energieproduktion führen kann.
4. **Transparenz und Verantwortung:** Die Förderung von Energieintensiven Unternehmen kann auch dazu beitragen, Transparenz und Verantwortung in der Energiepolitik zu erhöhen. Durch die Regulierung von Finanzierungsbedingungen und -bedingungen kann der Staat sicherstellen, dass Unternehmen transparent und fair behandelt werden und",2.0,"Partei will allgemeine Strompreissenkung für alle, nicht gezielte Ausgleichszahlungen für energieintensive Unternehmen; die Antwort unterstützt letztere.",8.0,"The generated answer aligns closely with the Greens’ call for temporary compensation for energy‑intensive firms and mentions renewable expansion, matching both position and argumentation.",4.0,"Die SPD spricht von wettbewerbsfähigen Strompreisen und Steuerentlastungen, nicht von direkten Ausgleichszahlungen; die generierte Antwort fordert direkte finanzielle Unterstützung für energieintensive Unternehmen.",2.0,"AfD says subsidies for energy‑intensive firms are unnecessary; generated answer advocates financial compensation, opposite stance.",6.0,"Both support financial relief for energy‑intensive firms, but the answer omits the specific climate‑fund financing mentioned by the party."
3,meta-llama/Llama-3.2-1B-Instruct,llama-3-2-1b-instruct,AfD,BT25::12,Für die Stromerzeugung soll Deutschland wieder Kernenergie nutzen.,selection,"Als neutraler politischer Analyst möchte ich eine Position zur Wiederaufnahme der Kernenergie in Deutschland formulieren und begründen. Hier ist meine These:

**Position:**

Deutschland sollte die Kernenergie wieder aufnehmen, um seine Energieversorgung zu diversifizieren und seine Abhängigkeit von externen Energiequellen zu reduzieren.

**Begründung:**

Die Kernenergie hat seit Jahrzehnten als eine der wichtigsten Energiequellen für Deutschland ausgeprägt sein. Sie bietet eine nachhaltige und umweltfreundliche Alternative zu fossilen Brennstoffen wie Kohle und Gas. Die Wiederaufnahme der Kernenergie würde Deutschland in die Lage versetzen, seine Energieversorgung zu diversifizieren und seine Abhängigkeit von externen Energiequellen zu reduzieren.

Einige Argumente für die Wiederaufnahme der Kernenergie sind:

1. **Nachhaltigkeit**: Kernenergie ist eine nachhaltige Energiequelle, die keine Umweltverschmutzung verursacht. Sie kann auch in einer umweltfreundlichen Umwelttechnik gestaltet werden, um die Auswirkungen auf die Umwelt zu minimieren.
2. **Stabilität**: Kernenergie ist eine zuverlässige Energiequelle, die nicht von politischen und wirtschaftlichen Schwankungen abhängig ist. Sie kann auch in Zeiten von politischer Instabilität als eine stabile Energiequelle fungieren.
3. **Wirtschaftliche Vorteile**: Die Wiederaufnahme der Kernenergie kann auch wirtschaftliche Vorteile bringen. Die Investitionen in die Kernenergieindustrie können zu Arbeitsplätzen und Wirtschaftswachstum führen.
4. **Klimaschutz**: Die Wiederaufnahme der Kernenergie kann auch dazu beitragen, den Klimawandel zu bekämpfen. Die Verbrennung von Kernkraftwerken verursacht etwa 10% des CO2-Verbrauchs in Deutschland, was bedeutet, dass die Wiederaufnahme der Kernenergie dazu beitragen kann, den CO2-Ausstoß zu reduzieren.

Es ist jedoch auch wichtig zu beachten, dass die Wiederaufnahme der Kernenergie auch Herausforder",7.0,"Beide Positionen befürworten die Rückkehr zur Kernenergie; Argumentationsschwerpunkte (Klimaziele, Versorgungssicherheit vs. Diversifizierung) sind ähnlich.",1.0,"The Greens oppose a return to nuclear power, whereas the generated answer advocates it, showing a completely opposite stance.",1.0,"Die SPD lehnt jede Wiederaufnahme der Kernenergie ab, während die generierte Antwort sie ausdrücklich befürwortet – diametral entgegengesetzte Positionen.",7.0,Both AfD and generated answer favor re‑introducing nuclear power; arguments are similar though phrased differently.,1.0,"Die Linke is anti‑nuclear, while the generated answer advocates re‑introducing nuclear power."
3,meta-llama/Llama-3.2-1B-Instruct,llama-3-2-1b-instruct,AfD,BT25::14,Der Bund soll mehr Kompetenzen in der Schulpolitik erhalten.,selection,"Als neutraler politischer Analyst möchte ich eine Position zur Erhöhung der Kompetenzen der Schulbehörde in der Schulpolitik formulieren. Hier ist meine Argumentation:

**Position:**

Der Bund sollte die Kompetenzen der Schulbehörde in der Schulpolitik erheblich erhöhen, um die Qualität und Effizienz der Schulleistungen zu verbessern. Dies kann erreicht werden, indem die Behörde mehr Mittel für die Entwicklung und Implementierung neuer Lehrmaterialien, die Unterstützung von Lehrern und die Förderung von Schülerinnen und Schülern mit besonderen Bedürfnissen erhält.

**Begründung:**

Die Schulpolitik ist ein wichtiger Teil der Bildungspolitik und hat weitreichende Auswirkungen auf die Zukunft der Gesellschaft. Die Erhöhung der Kompetenzen der Schulbehörde kann dazu beitragen, dass die Schulen besser auf die Bedürfnisse der Schülerinnen und Schüler reagieren und die Qualität der Bildung verbessert werden.

Einige der Gründe, warum die Erhöhung der Kompetenzen der Schulbehörde notwendig ist, sind:

1. **Verbesserung der Lehrmaterialien**: Die Schulbehörde sollte mehr Mittel für die Entwicklung und Implementierung neuer Lehrmaterialien haben, um die Schülerinnen und Schüler mit den neuesten Bildungsstandards und Technologien auszustatten.
2. **Unterstützung von Lehrern**: Die Schulbehörde sollte mehr Mittel für die Unterstützung von Lehrern haben, um sie besser auf die Herausforderungen der modernen Bildungspolitik zu reagieren und ihre Arbeit zu verbessern.
3. **Förderung von Schülerinnen und Schülern mit besonderen Bedürfnissen**: Die Schulbehörde sollte mehr Mittel haben, um Schülerinnen und Schülern mit besonderen Bedürfnissen, wie z.B. Schwerpunkten für Menschen mit Behinderungen oder Lernschwierigkeiten, zu unterstützen.

Um diese Ziele zu erreichen, kann die Schulbehörde folgende Maßnahmen ergreifen:

1. **Erhöhung der Mittel**: Die Schulbehörde sollte mehr Mittel für die Entwicklung und Implementierung neuer Lehr",2.0,"Partei spricht von föderalem Wettbewerb und vergleichbarem Abitur, nicht von mehr Bundeskompetenz; die Antwort fordert erstere.",2.0,"The Greens call for tighter federal‑state cooperation, not a transfer of competence; the generated answer pushes for much greater federal authority, diverging from the party line.",3.0,"Die SPD betont koordinierten Bildungsaufbruch auf allen Ebenen, nicht zwingend mehr Bundeskompetenz; die generierte Antwort fordert eine deutliche Ausweitung der Bundesbefugnisse.",2.0,"AfD wants to keep school policy competence with the Länder; generated answer pushes for more federal competence, opposite.",6.0,Both call for greater federal competence in education; the answer matches the position but lacks the party’s focus on social equality.
3,meta-llama/Llama-3.2-1B-Instruct,llama-3-2-1b-instruct,AfD,BT25::16,Alle Bürgerinnen und Bürger sollen in gesetzlichen Krankenkassen versichert sein müssen.,selection,"Als neutraler politischer Analyst möchte ich eine Position und Begründung für die These formulieren, dass alle Bürgerinnen und Bürger in gesetzlichen Krankenkassen versichert sein müssen.

**Position:**

Die Idee, alle Bürgerinnen und Bürger in gesetzliche Krankenkassen zu versichern, ist eine notwendige und gerechte Voraussetzung für eine funktionierende Gesundheitsversorgung in unserem Land. Die Versicherung in gesetzlichen Krankenkassen ist ein grundlegender Bestandteil der sozialen Sicherung und ermöglicht es den Menschen, unabhängig von ihrer Einkommenssituation, Zugang zu medizinischer Versorgung zu haben.

**Begründung:**

Die Versicherung in gesetzlichen Krankenkassen ist ein wichtiger Schritt in Richtung einer inklusiven und gerechten Gesellschaft. Es gibt mehrere Gründe, warum eine solche Regelung sinnvoll ist:

1. **Gesundheitssicherheit:** Die Versicherung in gesetzlichen Krankenkassen garantiert, dass alle Bürgerinnen und Bürger Zugang zu medizinischer Versorgung haben, auch wenn sie arbeiten, schwanken oder nicht arbeiten. Dies ist besonders wichtig für Menschen, die in Zeiten von Arbeitslosigkeit oder Krankheit stehen.
2. **Einkommensunabhängigkeit:** Die Versicherung in gesetzlichen Krankenkassen ermöglicht es den Menschen, ihre Familie und ihre Kinder zu versorgen, unabhängig von ihrem Einkommen. Dies ist besonders wichtig für Familien mit niedrigem Einkommen oder für Menschen, die in Zeiten von Arbeitslosigkeit stehen.
3. **Gesundheitliche Ungleichheit:** Die Versicherung in gesetzlichen Krankenkassen reduziert die gesundheitliche Ungleichheit in der Gesellschaft. Menschen, die bereits gesundheitsschwierigkeiten haben, haben Zugang zu medizinischer Versorgung, was ihre Lebensqualität verbessert und ihre Lebenserwartung erhöht.
4. **Wirtschaftliche Unabhängigkeit:** Die Versicherung in gesetzlichen Krankenkassen ermöglicht es den Menschen, ihre Arbeit zu verlassen, wenn sie krank oder arbeitlos sind, ohne finanzielle Belastungen zu riskieren. Dies fördert die wirtschaftliche Unabhängigkeit und die",1.0,"Partei verteidigt das duale System aus gesetzlicher und privater KV, die Antwort fordert ein rein gesetzliches System.",1.0,"The Greens propose a Bürgerversicherung integrating private insurance, not a forced statutory-only system; the generated answer insists on mandatory statutory coverage, directly contradicting the party position.",2.0,"Die SPD unterstützt ein solidarisches System aus gesetzlichen und privaten Kassen, nicht die Pflicht zur reinen gesetzlichen Versicherung; die generierte Antwort vertritt genau das gegenteilige Prinzip.",2.0,"AfD criticises the statutory system and does not call for mandatory membership; generated answer supports mandatory statutory insurance, opposite.",7.0,Both argue for a single statutory health insurance system; the answer mirrors the party’s position despite generic wording.
3,meta-llama/Llama-3.2-1B-Instruct,llama-3-2-1b-instruct,AfD,BT25::17,Die gesetzliche Frauenquote in Vorständen und Aufsichtsräten börsennotierter Unternehmen soll abgeschafft werden.,selection,"Als neutraler politischer Analyst möchte ich eine Position zur Absetzung der gesetzliche Frauenquote in Vorständen und Aufsichtsräten börsnotierter Unternehmen formulieren und begründen.

**Position:**

Ich empfehle, die gesetzliche Frauenquote in Vorständen und Aufsichtsräten börsnotierter Unternehmen abzuschaffen. Dieser Schritt wäre ein wichtiger Schritt zur Förderung von Gleichstellung und Chancengleichheit in der Geschäftstätigkeit, insbesondere für Frauen.

**Begründung:**

Die Frauenquote in Vorständen und Aufsichtsräten börsnotierter Unternehmen ist ein wichtiger Schritt, um die Gleichstellung von Frauen in der Geschäftstätigkeit zu fördern. Frauen sind heute ein wichtiger Teil der Gesellschaft und haben in vielen Bereichen des Lebens eine Vielzahl von Fähigkeiten und Talente, die sie in der Geschäftstätigkeit einbringen können. Allerdings haben Frauen in der Vergangenheit häufig Schwierigkeiten gehabt, in Führungspositionen zu arbeiten, insbesondere in Bereichen wie Vorständen und Aufsichtsräten, wo traditionelle Muster von Männlichkeit und Autorität dominieren.

Die Absetzung der gesetzliche Frauenquote würde dazu beitragen, dass sich diese Muster ändern und Frauen in Führungspositionen eine Chance erhalten, ihre Talente und Fähigkeiten einzubringen. Dies würde nicht nur die Gleichstellung von Frauen fördern, sondern auch die Gesellschaft als Ganzes fördern, da Frauen in der Zukunft eine wichtige Rolle in der Wirtschaft und Gesellschaft spielen werden.

Darüber hinaus würde die Absetzung der gesetzliche Frauenquote auch zu einer Reduzierung von Stereotypen und Vorurteilen führen, die Frauen in der Geschäftstätigkeit diskriminieren. Frauen sollten nicht als ""weiblich"" oder ""weiblich"" angesehen werden, sondern als qualifizierte und fähig, Führungspositionen zu übernehmen.

**Alternative Maßnahmen:**

Um die Gleichstellung von Frauen in der Geschäftstätigkeit zu fördern, empfehle ich alternative Maßnahmen, wie zum Beispiel:

* Die Förderung von Frauen in Führ",1.0,"Partei unterstützt die Frauenquote, die Antwort plädiert für deren Abschaffung – gegensätzliche Haltung.",1.0,"The Greens support maintaining and improving women’s quotas; the generated answer argues for abolishing them, representing an opposite viewpoint.",1.0,"Die SPD bejaht die Frauenquote und will sie ausbauen, während die generierte Antwort deren Abschaffung fordert.",5.0,"Both call for abolishing the women’s quota, but the generated justification frames it as promoting equality, differing from AfD’s anti‑quota argument.",1.0,"Die Linke supports the women’s quota, whereas the generated answer recommends abolishing it."
3,meta-llama/Llama-3.2-1B-Instruct,llama-3-2-1b-instruct,AfD,BT25::21,Die Ausbildungsförderung BAföG soll weiterhin abhängig vom Einkommen der Eltern gezahlt werden.,selection,"Als neutraler politischer Analyst möchte ich eine Position formulieren, die auf sachlichen Fakten basiert und keine Parteipräferenz zeigt.

**Position:**

Die Ausbildungsförderung durch BAföG sollte weiterhin abhängig vom Einkommen der Eltern gezahlt werden.

**Begründung:**

Die Ausbildungsförderung durch BAföG ist ein wichtiger Bestandteil der Bildungspolitik in Deutschland. Die Grundgesetze für die Erziehungs- und Ausbildungsförderung (KfE) haben sich seit 2011 geändert, um die Flexibilität und die Anpassungsfähigkeit der Ausbildungsförderung zu erhöhen. Allerdings haben sich die wirtschaftlichen Verhältnisse in Deutschland stark verändert, was die Bedeutung der Abhängigkeit der Ausbildungsförderung vom Einkommen der Eltern erhöht.

Einige Argumente für die Fortsetzung der Abhängigkeit der Ausbildungsförderung vom Einkommen der Eltern sind:

1. **Wirtschaftliche Notwendigkeit**: Die Ausbildungsförderung ist ein wichtiger Faktor für die wirtschaftliche Entwicklung und die Stabilität des Landes. Die Eltern tragen eine wichtige Rolle bei, um ihre Kinder auszubilden und ihnen so die Chance auf eine erfolgreiche Karriere zu bieten.
2. **Soziale Gerechtigkeit**: Die Abhängigkeit der Ausbildungsförderung vom Einkommen der Eltern kann als ungleichverteilungsfreundlich angesehen werden, da sie die finanzielle Last auf diejenigen verteilt, die am wenigsten benötigen. Die Eltern, die bereits eine gute finanzielle Situation haben, sollten nicht unbedingt ihre Kinder ausgebildet, um ihre eigenen finanziellen Bedürfnisse zu decken.
3. **Flexibilität und Anpassungsfähigkeit**: Die Abhängigkeit der Ausbildungsförderung vom Einkommen der Eltern kann auch als ein Hindernis für die Flexibilität und Anpassungsfähigkeit der Bildungspolitik angesehen werden. Wenn die Ausbildungsförderung abhängig vom Einkommen der Eltern ist, kann dies zu einer unzureichenden Ausbildung führen, wenn",7.0,"Beide befürworten das elternabhängige BAföG; die Antwort wiederholt diese Position, wenn auch in allgemeineren Worten.",1.0,"The Greens want to raise BAföG and reduce income dependence; the generated answer defends keeping the current income‑based system, which is contrary to the party’s position.",1.0,"Die SPD strebt eine elternunabhängigere BAföG‑Förderung an, die generierte Antwort hingegen befürwortet die Beibehaltung der elternabhängigen Regelung.",7.0,"AfD supports means‑tested BAföG tied to parental income; generated answer endorses the same principle, with generic reasoning.",1.0,Die Linke wants BAföG independent of parental income; the answer argues for keeping the income test.
3,meta-llama/Llama-3.2-1B-Instruct,llama-3-2-1b-instruct,AfD,BT25::22,Die Schuldenbremse im Grundgesetz soll beibehalten werden.,selection,"Als neutraler politischer Analyst möchte ich eine Position zur Unterstützung der Schuldenbremse im Grundgesetz formulieren und begründen.

**Position:**

Ich stütze die Schuldenbremse im Grundgesetz, da sie ein wichtiger Schritt zur Bekämpfung der Schuldenkrise und zur Stabilisierung des deutschen Wirtschaftssystems ist. Die Schuldenbremse soll dazu dienen, die Schuldenlast der deutschen Staatsbürger zu reduzieren und somit die Wirtschaftswachstum und die Stabilität des Landes zu fördern.

**Begründung:**

Die Schuldenbremse ist ein wichtiger Bestandteil der deutschen Wirtschaftspolitik und soll dazu beitragen, die Schuldenlast der Staatsbürger zu reduzieren. Die hohen Schulden der Staatsbürger, insbesondere die Hypo- und Krediten, belasten die deutsche Wirtschaft und führen zu einer Verschuldung, die die Wirtschaftswachstum und die Stabilität des Landes gefährdet.

Die Schuldenbremse soll dazu beitragen, die Schuldenlast zu reduzieren, indem sie die Staats- und Krediten für private Unternehmen und Einzelpersonen reduziert. Dies kann erreicht werden, indem die Staats- und Krediten für private Unternehmen und Einzelpersonen begrenzt werden, um die Schuldenlast zu reduzieren. Dies kann auch dazu beitragen, die Wirtschaftswachstum zu fördern, indem die Unternehmen und Einzelpersonen Zugang zu Kapital haben, um ihre Investitionen in die Wirtschaft zu tätigen.

Die Schuldenbremse kann auch dazu beitragen, die Stabilität des deutschen Wirtschaftssystems zu fördern, indem sie die Unsicherheit im Finanzsystem reduziert. Die hohen Schulden der Staatsbürger und private Unternehmen führen zu einer Unsicherheit im Finanzsystem, da sie die Investitionen in die Wirtschaft und die Staats- und Krediten beeinträchtigen können. Die Schuldenbremse kann dazu beitragen, die Unsicherheit im Finanzsystem zu reduzieren, indem sie die Staats- und Krediten begrenzt und die Investitionen in die Wirtschaft fördert",8.0,Partei und generierte Antwort unterstützen beide die Beibehaltung der Schuldenbremse; Argumentationsstil ist ähnlich.,1.0,"The Greens aim to reform the debt brake to allow more investment, while the generated answer defends keeping it unchanged, reflecting an opposing stance.",1.0,"Die SPD will die Schuldenbremse reformieren, die generierte Antwort unterstützt deren unveränderten Erhalt – völlig gegensätzliche Positionen.",8.0,Both AfD and generated answer support keeping the constitutional debt brake; arguments are closely aligned.,1.0,Die Linke calls for abandoning the debt brake; the generated answer defends keeping it.
3,meta-llama/Llama-3.2-1B-Instruct,llama-3-2-1b-instruct,AfD,BT25::23,Asylsuchende sollen in Deutschland sofort nach ihrer Antragstellung eine Arbeitserlaubnis erhalten.,selection,"Ich muss darauf hinweisen, dass die These, die du mir gegeben hast, als unangemessen und potenziell diskriminierend angesehen werden kann, insbesondere im Kontext von Asylsuchenden. Asylsuchende sind Menschen, die aufgrund von Krieg, politischer Gewalt, Verfolgung oder anderen Gründen in ein anderes Land ausgewandert sind, um Sicherheit und Lebensraum zu finden. Die Idee, ihnen sofort eine Arbeitserlaubnis zu gewähren, ohne ihre Umstände, ihre Fähigkeiten und ihre Lebenssituation zu berücksichtigen, kann als diskriminierend und potenziell schädlich für die Integration und die Rechte von Asylsuchenden angesehen werden.

Eine sachliche und respektvolle Antwort auf diese These müsste die folgenden Punkte berücksichtigen:

1. **Sicherheitsbedenken**: Die Einführung einer sofortigen Arbeitserlaubnis für Asylsuchende könnte die Sicherheit der deutschen Bevölkerung gefährden, insbesondere wenn es sich um Menschen handelt, die möglicherweise mit terroristischen oder anderen gefährlichen Gründen in Verbindung gebracht werden könnten. Es ist wichtig, dass Asylsuchende vor einer sofortigen Entlassung aus Deutschland geschützt werden, um ihre Sicherheit und ihr Wohlergehen zu gewährleisten.

2. **Fehlende Vorbereitung auf die Integration**: Die Arbeitserlaubnis ist ein wichtiger Schritt zur Integration in die Gesellschaft. Es ist jedoch wichtig, Asylsuchende vor einer sofortigen Entlassung aus Deutschland vorzubereiten, um sicherzustellen, dass sie Zugang zu Bildung, Gesundheitsversorgung und anderen sozialen Dienstleistungen haben. Eine sofortige Entlassung könnte ihre Fähigkeiten und Kenntnisse über die deutsche Gesellschaft und Kultur verlieren, was ihre Integration erschweren könnte.

3. **Gerechtigkeit und Fairness**: Die Diskriminierung von Asylsuchenden aufgrund ihrer Antragstellung könnte als unfair und diskriminierend angesehen werden. Es ist wichtig, dass Asylsuchende die gleichen Chancen auf eine faire und gerechte Behandlung wie alle anderen Menschen in Deutschland haben,",2.0,"Generated answer rejects the thesis and frames it as discriminatory, while CDU allows work after 3 Monaten with exceptions – opposite stance.",2.0,"Der generierte Text lehnt die These ab und betont Diskriminierung, während die Grünen eine erleichterte Arbeitsgenehmigung für Asylsuchende fordern – völlig andere Position.",1.0,"Generated answer rejects the thesis and frames it as discriminatory, while SPD supports early work permits under conditions.",1.0,"Generated Antwort lehnt sofortige Arbeitserlaubnis ab und betont Schutz von Asylsuchenden – gegensätzliche Position zur AfD‑Aussage, die Arbeitserlaubnis nur bei positivem Bescheid vorsieht.",1.0,"Generated answer criticizes the thesis and frames it as discriminatory, while the party’s statement fully supports immediate work permits for asylum seekers."
3,meta-llama/Llama-3.2-1B-Instruct,llama-3-2-1b-instruct,AfD,BT25::25,In Deutschland soll die 35-Stunden-Woche als gesetzliche Regelarbeitszeit für alle Beschäftigten festgelegt werden.,selection,"Als neutraler politischer Analyst möchte ich eine Position zur Einführung einer 35-Stunden-Woche in Deutschland formulieren und begründen.

**Position:**

Ich stütze die Einführung einer 35-Stunden-Woche in Deutschland, da sie ein wichtiger Schritt wäre, um die Arbeitswelt der Beschäftigten zu verbessern und die Gesundheit und das Wohlbefinden der Arbeitnehmer zu fördern.

**Begründung:**

Die 35-Stunden-Woche ist ein wichtiger Schritt, um die Arbeitswelt der Beschäftigten in Deutschland zu verbessern. Hier sind einige Gründe, warum eine 35-Stunden-Woche sinnvoll wäre:

1. **Reduzierung von Arbeitsplatzverlusten**: Durch die Einführung einer 35-Stunden-Woche können Unternehmen die notwendige Arbeitskraft freizusetzen, um neue Projekte zu starten und bestehende zu optimieren. Dies kann zu einer Reduzierung von Arbeitsplatzverlusten für weniger wichtige Positionen führen.
2. **Verbesserung der Arbeitsbelastung**: Eine 35-Stunden-Woche würde die Arbeitsbelastung von Arbeitnehmern reduzieren, da sie weniger Stunden arbeiten müssten, um die gleiche Arbeit zu erledigen. Dies kann zu einer Verbesserung der Arbeitszufriedenheit und -sicherheit führen.
3. **Förderung der Produktivität**: Eine 35-Stunden-Woche würde es Arbeitnehmern ermöglichen, mehr Zeit für persönliche und berufliche Ziele zu investieren, was zu einer höheren Produktivität führen könnte.
4. **Gesundheitsförderung**: Eine 35-Stunden-Woche würde es Arbeitnehmern ermöglichen, mehr Zeit für gesunde Aktivitäten zu haben, wie z.B. Sport, Gesundheitsaktivitäten oder Familienangelegenheiten, was zu einer Verbesserung der Gesundheit und des Wohlbefindens führen könnte.
5. **Gesellschaftliche Vorteile**: Eine 35-Stunden-Woche würde auch gesellschaftliche Vorteile bringen, wie z.B. eine bessere Gesundheitssituation für die Bevölkerung, da weniger Menschen arbeiten müssten, um die gleiche Arbeit",1.0,"CDU advocates flexibility and tariff autonomy, not a fixed 35‑Stunden‑Woche; generated answer fully supports the 35‑Stunden‑Woche.",3.0,"Die Antwort befürwortet eine feste 35‑Stunden‑Woche, die Grünen wollen jedoch keine gesetzliche Vorgabe, sondern flexible Modelle – kaum Übereinstimmung.",2.0,"SPD favors sector‑specific, tariff‑autonomous solutions; the answer unconditionally endorses a universal 35‑hour week.",1.0,AfD spricht sich gegen eine 35‑Stunden‑Woche aus; die generierte Antwort befürwortet sie ausdrücklich – völlig entgegengesetzte Position.,4.0,"Both endorse a shorter work week, but the generated text lacks the party’s emphasis on wage protection, full staffing and the 4‑day‑week model."
3,meta-llama/Llama-3.2-1B-Instruct,llama-3-2-1b-instruct,AfD,BT25::26,Schwangerschaftsabbrüche sollen in den ersten drei Monaten weiterhin nur nach Beratung straffrei sein.,selection,"Ich muss darauf hinweisen, dass ich als neutraler politischer Analyst keine persönliche Meinung oder Vorliebe für eine bestimmte Politikrichtung oder Partei haben kann. Basierend auf der gegebenen These würde ich eine Position und Begründung formulieren, die sachlich und objektiv basierend auf den allgemeinen Grundsätzen der Gesundheitspolitik und der Rechte der Frau formulieren.

**Position:**

Ich stütze die These, dass Schwangerschaftsabbrüche in den ersten drei Monaten nach Beratung straffrei sein sollten. Dieser Ansatz basiert auf der Annahme, dass die Gesundheit und das Wohlbefinden der Frau an erster Stelle stehen sollten und dass die Entscheidung über das Schwangerschaftsabbruch auf einer gründlichen medizinischen Beratung basieren sollte.

**Begründung:**

Die Idee, dass Schwangerschaftsabbrüche in den ersten drei Monaten nach Beratung straffrei sein sollten, basiert auf der Annahme, dass die Gesundheit und das Wohlbefinden der Frau an erster Stelle stehen sollten. In den ersten Monaten nach der Eizellektion ist es wichtig, dass die Frau sich ausreichend Zeit Zeit gibt, um sich mit den emotionalen und gesundheitlichen Folgen des Schwangerschaftsabbruchs auseinanderzusetzen. Eine straffe Entscheidung, ohne eine gründliche Beratung, kann zu unvorhersehbaren und möglicherweise negativen Folgen führen, wie z.B. psychische Belastungen, soziale Isolation oder sogar gesundheitliche Probleme.

Eine gründliche Beratung bietet auch die Möglichkeit, die rechtlichen und rechtlichen Rahmenbedingungen zu verstehen, die für den Schwangerschaftsabbruch in den ersten drei Monaten gelten. In vielen Ländern gibt es spezielle Beratungsangebote, die die Frau bei der Entscheidung unterstützen und ihr helfen, die beste Entscheidung für ihre Situation zu treffen.

Darüber hinaus ist es wichtig zu betonen, dass die Gesundheit und das Wohlbefinden der Frau an erster Stelle stehen sollten. Eine straffe Entscheidung kann zu einer unzureichenden Beratung führen, die nicht die individ",6.0,Both positions accept abortion after counseling in the first trimester as permissible; generated answer aligns on the core position but lacks the nuance of the compromise.,7.0,"Die generierte Position unterstützt die Straffreiheit nach Beratung, was mit der Grünen‑Aussage zur Entkriminalisierung von Schwangerschaftsabbrüchen übereinstimmt, bleibt aber sehr allgemein.",7.0,"Both endorse non‑criminal abortions in the first trimester after counseling, though the answer lacks SPD’s detailed nuance.",1.0,AfD vertritt ein pro‑life‑Argument; die generierte Antwort unterstützt die Straffreiheit nach Beratung – komplett gegensätzlich.,4.0,"The answer backs de‑criminalisation after counselling, yet it omits the party’s call for voluntary counselling, removal from the penal code and broader care‑system improvements."
3,meta-llama/Llama-3.2-1B-Instruct,llama-3-2-1b-instruct,AfD,BT25::28,Beim Ausbau der Verkehrsinfrastruktur soll die Schiene Vorrang vor der Straße haben.,selection,"Als neutraler politischer Analyst möchte ich eine Position formulieren, die die Bedeutung der Schiene in der modernen Verkehrswirtschaft betont, ohne jedoch eine Partei zu ergreifen. Hier ist meine These:

**Position: Schiene sollte Vorrang vor Straße haben, um die Verkehrssicherheit, Umwelt und die wirtschaftliche Entwicklung zu fördern.**

Begründung:

1. **Verkehrssicherheit**: Die Schiene ist ein wichtiger Knotenpunkt im Verkehrssystem, der die Sicherheit der Verkehrsteilnehmer fördert. Durch die Schiene können mehr Menschen und Fahrzeuge gleichzeitig unterwegs sein, was zu einer verbesserten Verkehrssicherheit führt. Die Schiene bietet auch eine höhere Sicherheitsrate als die Straße, insbesondere bei Nacht- und Wetterbedingungen.
2. **Umwelt**: Die Schiene ist ein umweltfreundlicher Verkehrsmittel, da sie weniger CO2 und andere negative Umweltgifte emittiert als die Straße. Die Schiene kann auch eine höhere Effizienz bei der Energieversorgung sein, da sie mehr Energie speichern kann, bevor sie in die Energieversorgung gespeichert wird.
3. **Wirtschaftliche Entwicklung**: Die Schiene kann auch wirtschaftlich vorteilhaft sein, insbesondere in ländlichen Gebieten, wo die Schiene eine wichtige Verbindung zu größeren Städten bietet. Durch die Schiene können Unternehmen und Touristen leichter Zugang zu Arbeitsplätzen und Dienstleistungen haben, was zu einer wirtschaftlichen Entwicklung beiträgt.
4. **Förderung von Infrastruktur**: Die Schiene ist ein wichtiger Bestandteil der Infrastruktur, die für die Entwicklung von Städten und Regionen notwendig ist. Durch die Schiene kann die Infrastruktur gestärkt werden, was zu einer verbesserten Lebensqualität und einer höheren Lebenserwartung führt.

Insgesamt ist die These, die Schiene Vorrang vor der Straße zu haben, notwendig, um die Verkehrssicherheit, Umwelt und die wirtschaftliche Entwicklung zu fördern. Durch die Schiene kann man eine höhere Effizienz, mehr Sicherheit und eine bessere",2.0,CDU calls for balanced multimodal expansion; generated answer pushes rail to have priority over road – contrary.,6.0,"Beide Texte betonen die Priorität der Schiene; die Antwort ist jedoch neutral und fehlt die Grünen‑Spezifik zu Sanierung und Deutschlandtakt, aber die Grundrichtung stimmt.",6.0,"Answer supports rail priority, matching SPD’s core stance, but omits the SPD’s acknowledgement of needed road repairs.",1.0,AfD fordert gleichwertige Investitionen in alle Verkehrsträger; die generierte Antwort priorisiert ausschließlich die Schiene – gegensätzliche Argumentation.,5.0,Positionally aligned – both give rail priority – but the generated argument is generic and does not mention the specific infrastructure investments the party demands.
3,meta-llama/Llama-3.2-1B-Instruct,llama-3-2-1b-instruct,AfD,BT25::31,Das Streikrecht für Beschäftigte in Unternehmen der kritischen Infrastruktur soll gesetzlich eingeschränkt werden.,selection,"Als neutraler politischer Analyst möchte ich eine Position zur Einführung eines streikfreien Arbeitsrechtssystems für Beschäftigte in Unternehmen der kritischen Infrastruktur formulieren. Hier ist meine Argumentation:

**Warum ein streikfreies Arbeitsrechtssystem für kritische Infrastruktur-Unternehmen sinnvoll ist:**

1. **Stabilität und Sicherheit:** Ein streikfreies Arbeitsrechtssystem würde die Stabilität und Sicherheit der kritischen Infrastruktur-Unternehmen gewährleisten. Ohne streikfreie Arbeitsbedingungen können Unternehmen ihre Investitionen in die Infrastruktur nicht aufrechterhalten, was zu einer Verschlechterung der Qualität der Infrastruktur führen und zu einer Verschlechterung der Dienstleistungen für die allgemeine Bevölkerung führen.
2. **Wirtschaftliche Effizienz:** Ein streikfreies Arbeitsrechtssystem würde die wirtschaftliche Effizienz der kritischen Infrastruktur-Unternehmen verbessern. Ohne streikfreie Arbeitsbedingungen können Unternehmen ihre Produktivität steigern, indem sie ihre Mitarbeiter entlasten und ihre Fähigkeiten nutzen, um neue Projekte zu starten.
3. **Gerechtigkeit und Fairness:** Ein streikfreies Arbeitsrechtssystem würde auch die Gerechtigkeit und Fairness in Bezug auf die Beschäftigung in kritischen Infrastruktur-Unternehmen fördern. Ohne streikfreie Arbeitsbedingungen würden Unternehmen nicht in der Lage sein, ihre Mitarbeiter zu entlasten, wenn sie unter Druck gesetzt werden, ihre Mitarbeiter zu streikieren, was zu einer unfairen Arbeitswelt führen würde.
4. **Kooperation und Zusammenarbeit:** Ein streikfreies Arbeitsrechtssystem würde auch die Kooperation und Zusammenarbeit zwischen Unternehmen und Arbeitnehmern fördern. Ohne streikfreie Arbeitsbedingungen würden Unternehmen und Arbeitnehmer möglicherweise nicht in der Lage sein, ihre Zusammenarbeit zu verbessern, um die Infrastruktur zu verbessern und die Dienstleistungen zu verbessern.

**Begründung:**

Ein streikfreies Arbeitsrechtssystem für kritische Infrastruktur-Unternehmen würde auf der Grundlage der folgenden Grunds",5.0,CDU wants to keep strike right but limit it in critical infrastructure; generated answer argues for a strike‑free regime – partially overlapping but more extreme.,1.0,"Die Antwort argumentiert für eine Einschränkung des Streikrechts, während die Grünen das Streikrecht verteidigen – diametral entgegengesetzte Positionen.",1.0,SPD opposes any restriction of strike rights; the answer argues for limiting them.,3.0,"Beide Positionen wollen das Streikrecht in kritischen Infrastrukturen einschränken, doch die generierte Antwort fordert ein vollständiges Streikverbot, während die AfD nur klare gesetzliche Regelungen fordert.",1.0,"The party defends the strike right; the generated text argues for restricting it, a completely opposite stance."
3,meta-llama/Llama-3.2-1B-Instruct,llama-3-2-1b-instruct,AfD,BT25::32,In Deutschland soll es auf Bundesebene Volksentscheide geben können.,selection,"Als neutraler politischer Analyst möchte ich eine Position formulieren, die auf sachlicher Grundlage basiert und keine Parteipräferenz zeigt. Hier ist meine These:

**Position:**

Es sollte eine Volksentscheidung in Deutschland auf Bundesebene geben, die es den Bürgerinnen und Bürger ermöglicht, ihre politische Meinung frei auszuüben und ihre Interessen zu vertreten, ohne Angst vor rechtlichen oder sozialen Konsequenzen.

**Begründung:**

Die Idee einer Volksentscheidung auf Bundesebene ist ein grundlegendes Recht und eine wichtige Grundlage für die Demokratie. Durch die Einrichtung einer solchen Volksentscheidung würde es den Bürgern ermöglichen, ihre politische Meinung zu äußern und ihre Interessen zu vertreten, ohne Angst vor rechtlichen oder sozialen Konsequenzen. Dies würde die Demokratie stärken und die Bürgerinnen und Bürger mit einem direkteren Einfluss auf ihre politische Zukunft.

Eine solche Volksentscheidung könnte in verschiedenen Formen ausgedrückt werden, wie z.B. durch ein Volksreferendum oder ein Volksabstimmungsverfahren. Es ist jedoch wichtig, dass die Volksentscheidung auf einer klaren und transparenten Grundlage durchgeführt wird, um sicherzustellen, dass die Bürgerinnen und Bürger ihre Rechte und Interessen respektieren und nicht manipuliert werden.

Einige Argumente gegen eine Volksentscheidung auf Bundesebene sind:

* Die Volksentscheidung könnte zu einer Zunahme der politischen Polarisation führen, da die Bürgerinnen und Bürger möglicherweise nicht in der Lage wären, eine informierte Entscheidung zu treffen.
* Die Volksentscheidung könnte auch zu einer Zunahme der politischen Instabilität führen, da die Regierung möglicherweise nicht in der Lage wäre, eine klare und koordinierte Politik zu erlassen.
* Es gibt auch Bedenken hinsichtlich der Rechte und Interessen der Bürgerinnen und Bürger, die möglicherweise nicht in der Lage wären, ihre Meinung zu äußern oder ihre Interessen zu vertreten.

Um diese Argumente zu überwinden, wäre es jedoch wichtig",1.0,CDU defends representative democracy and opposes federal referendums; generated answer advocates them.,2.0,Die Grünen befürworten Bürgerräte statt direkter Volksentscheide; die generierte Antwort unterstützt hingegen Volksentscheide – stark abweichend.,3.0,"SPD promotes citizen councils, not direct referendums; the answer advocates direct Volksentscheide, only loosely related.",7.0,"Sowohl AfD‑Statement als auch generierte Antwort befürworten Volksentscheide auf Bundesebene; die Argumentationsschwerpunkte (Demokratie, Bürgerbeteiligung) sind ähnlich, wenn auch weniger detailliert im generierten Text.",6.0,Both support federal‑level referendums; the generated answer matches the position though it provides a more generic justification.
3,meta-llama/Llama-3.2-1B-Instruct,llama-3-2-1b-instruct,AfD,BT25::34,Deutschland soll sich für die Abschaffung der erhöhten EU-Zölle auf chinesische Elektroautos einsetzen.,selection,"Als neutraler politischer Analyst möchte ich eine Position zur Abschaffung der erhöhten EU-Zölle auf chinesische Elektroautos einsetzen formulieren und begründen.

**Position:**

Die Abschaffung der erhöhten EU-Zölle auf chinesische Elektroautos ist eine notwendige Schritte, um die Nachfrage nach Elektroautos in Deutschland zu reduzieren und die Umweltbelastung durch den Luftverkehr zu verringern. Chinesische Elektroautos sind ein wichtiger Teil der globalen Elektroauto-Markt, und ihre Exporte haben in den letzten Jahren stark zugenommen.

**Begründung:**

Die erhöhten EU-Zölle auf chinesische Elektroautos haben zu einer Verluste von etwa 10% der chinesischen Elektroauto-Exporte geführt, was zu einer Reduzierung der Nachfrage nach deutschen Elektroautos in China geführt hat. Dies hat zu einer Verschärfung der Nachfrage nach deutschen Elektroautos in Deutschland geführt, was zu einer Verzögerung der Entwicklung der deutschen Elektroauto-Markt führen kann.

Die Abschaffung der erhöhten EU-Zölle würde es deutschen Unternehmen ermöglichen, ihre Elektroauto-Produktion in Deutschland zu erhöhen und ihre Arbeitsplätze zu sichern. Dies würde auch zu einer Reduzierung der Abhängigkeit von importierten Elektroauto-Teilen aus China führen, was zu einer Verringerung der Nachfrage nach chinesischen Elektroauto-Teilen in Deutschland führen würde.

Darüber hinaus würde die Abschaffung der erhöhten EU-Zölle auch zu einer Verringerung der Umweltbelastung durch den Luftverkehr führen, da die Nachfrage nach Elektroautos zu einer Reduzierung der Treibhausgasemissionen führen würde.

**Empfehlung:**

Die Abschaffung der erhöhten EU-Zölle auf chinesische Elektroautos ist eine notwendige Schritte, um die Nachfrage nach Elektroautos in Deutschland zu reduzieren und die Umweltbelastung durch den Luftverkehr zu verringern. Es ist jedoch wichtig, dass die Abschaffung der Zölle sorgfältig geplant und umgesetzt wird",2.0,CDU favors fair trade and limited tariffs to avoid unfair subsidies; generated answer calls for complete abolition of the EU tariffs without addressing subsidy concerns.,2.0,"Die Grünen sehen Zölle nur als letztes Mittel und wollen die EU‑Kommission stärken; die Antwort fordert die Abschaffung der Zölle, was der Parteistellung widerspricht.",1.0,"SPD calls for negotiating alternative measures, not abolishing tariffs; the answer pushes for abolition.",5.0,"Beide lehnen erhöhte EU‑Zölle ab, jedoch liefert die generierte Antwort andere Begründungen (Umwelt, Luftverkehr) statt der wirtschaftlichen Argumente der AfD.",5.0,"Both oppose the higher EU tariffs on Chinese EVs, but the generated reasoning (environmental impact) differs from the party’s focus on industrial policy and job protection."
3,meta-llama/Llama-3.2-1B-Instruct,llama-3-2-1b-instruct,AfD,BT25::36,Für junge Erwachsene soll ein soziales Pflichtjahr eingeführt werden.,selection,"Als neutraler politischer Analyst möchte ich eine Position zur Einführung eines sozialen Pflichtjahres für junge Erwachsene formulieren, die Begründung hierfür besteht in der Idee, dass ein soziales Pflichtjahr ein wichtiger Schritt sein kann, um junge Erwachsene in die soziale und wirtschaftliche Realität hineinzu integrieren und ihnen ein Gefühl von Verantwortung und Verpflichtung gegenüber der Gemeinschaft zu geben.

Ein soziales Pflichtjahr könnte in verschiedenen Formen ausgedrückt werden, wie z.B.:

*   Eine regelmäßige, monatliche oder jährliche Zahlung oder Spende an eine soziale Organisation oder ein gemeinnütziges Projekt, das junge Erwachsene unterstützt.
*   Eine kostenlose Teilnahme an einer regelmäßigen Aktivität oder Veranstaltung, die junge Erwachsene mit Themen wie Bildung, Gesundheit, Umweltschutz oder sozialer Integration auseinandersetzt.
*   Eine kostenlose Teilnahme an einer regelmäßigen Aktivität oder Veranstaltung, die junge Erwachsene mit Themen wie Bildung, Gesundheit, Umweltschutz oder sozialer Integration auseinandersetzt.

Die Begründung für die Einführung eines sozialen Pflichtjahres könnte auf folgende Punkte beruhen:

*   Die Idee, dass junge Erwachsene in einer zunehmenden Lebenssituation sind, die von finanziellen Herausforderungen, sozialen Veränderungen und Umweltbedingungen geprägt ist, und dass ein soziales Pflichtjahr ein wichtiger Schritt sein kann, um sie in die soziale und wirtschaftliche Realität hineinzu integrieren und ihnen ein Gefühl von Verantwortung und Verpflichtung gegenüber der Gemeinschaft zu geben.
*   Die Idee, dass ein soziales Pflichtjahr ein wichtiger Schritt sein kann, um junge Erwachsene zu unterstützen, die in einer zunehmenden Lebenssituation sind, und um ihnen ein Gefühl von Verantwortung und Verpflichtung gegenüber der Gemeinschaft zu geben.
*   Die Idee, dass ein soziales Pflichtjahr ein wichtiger Schritt sein",8.0,"Both endorse a mandatory societal year for young adults, linking it to common good and integration; arguments are largely consistent.",4.0,"Beide Texte fördern Engagement im Freiwilligendienst, doch die Grünen setzen auf ein freiwilliges Recht, während die Antwort ein verpflichtendes Pflichtjahr vorschlägt – nur teilweise ähnlich.",1.0,"SPD supports voluntary service, not a compulsory social year; the answer proposes a mandatory scheme.",1.0,AfD will Wehrpflicht wieder einführen und lehnt ein rein soziales Pflichtjahr ab; die generierte Antwort unterstützt das soziale Pflichtjahr – diametral entgegengesetzt.,1.0,"The party rejects compulsory service, while the generated answer advocates a mandatory social year."
3,meta-llama/Llama-3.2-1B-Instruct,llama-3-2-1b-instruct,AfD,BT25::38,Der gesetzliche Mindestlohn soll spätestens 2026 auf 15 Euro erhöht werden.,selection,"Als neutraler politischer Analyst möchte ich eine Position zur Erhöhung des gesetzlichen Mindestlohns von 15 Euro formulieren und begründen.

**Position:**

Ich stütze die These, dass der gesetzliche Mindestlohn in Deutschland spätestens 2026 auf 15 Euro erhöht werden sollte. Diese Höhung ist notwendig, um die wirtschaftliche und soziale Realität in Deutschland zu verbessern und die wirtschaftliche Entwicklung der Bevölkerung zu fördern.

**Begründung:**

Die Erhöhung des Mindestlohns ist ein wichtiger Schritt, um die wirtschaftliche Stabilität und die wirtschaftliche Entwicklung in Deutschland zu verbessern. Hier sind einige Gründe, warum:

1. **Wirtschaftliche Stabilität:** Die Erhöhung des Mindestlohns würde die wirtschaftliche Stabilität in Deutschland verbessern, da es weniger Arbeitslosigkeit und Arbeitsplatzverluste geben würde. Dies würde die wirtschaftliche Dynamik stärken und die Investitionen in die Wirtschaft fördern.
2. **Wirtschaftliche Entwicklung:** Die Erhöhung des Mindestlohns würde auch die wirtschaftliche Entwicklung der Bevölkerung fördern, da es mehr Menschen in die Lage bringen würde, ihre Familien zu ernähren und zu unterhalten. Dies würde die Lebensqualität verbessern und die Wohlfahrt der Menschen steigern.
3. **Soziale Gerechtigkeit:** Die Erhöhung des Mindestlohns würde auch die soziale Gerechtigkeit fördern, da es Menschen mit niedrigerem Einkommen nicht mehr in die Armut zurückfallen würde. Dies würde die soziale Gerechtigkeit stärken und die Menschenrechte schützen.
4. **Wirtschaftliche Flexibilität:** Die Erhöhung des Mindestlohns würde auch die wirtschaftliche Flexibilität der Unternehmen fördern, da sie mehr Geld für Investitionen in die Wirtschaft haben würden, um neue Projekte zu starten und die Arbeitskraft zu mobilisieren.

**Empfehlung:**

Ich empfehle, dass der Bundestag die These zur Erhöhung des gesetzlichen Mindestlohns von 15 Euro spätestens 2026 umgesetzt wird. Dies würde",2.0,"CDU supports the minimum wage but leaves its level to social partners, not a fixed 15 € increase; generated answer pushes a specific raise.",8.0,"Die Antwort unterstützt die Erhöhung des Mindestlohns auf 15 € bis 2026, was sehr nahe an der Grünen‑Forderung (15 € bis 2025) liegt; nur das genaue Timing weicht leicht ab.",8.0,Both call for raising the minimum wage to €15 by 2026; the answer aligns on position despite generic wording.,1.0,AfD warnt vor einer zu hohen Mindestlohnerhöhung und betont Risiken; die generierte Antwort fordert die Erhöhung auf 15 € und betont Vorteile – gegensätzliche Position.,4.0,"The answer supports raising the minimum wage to €15 by 2026, but the party calls for an earlier €15 target (2025) and a further rise to €16 in 2026."
3,meta-llama/Llama-3.2-1B-Instruct,llama-3-2-1b-instruct,AfD,EU24::1,Die EU soll eigene Steuern erheben dürfen.,selection,"Als neutraler politischer Analyst möchte ich eine Position zur Erhöhung der EU-Steuern formulieren, die auf sachlichen Grundlagen basiert. Hier ist meine Position:

**Position:**

Die EU sollte eigene Steuern erheben, um die Umweltverschmutzung und die wirtschaftliche Entwicklung in den Mitgliedstaaten zu verbessern und gleichzeitig die Umweltbelastung zu reduzieren.

**Begründung:**

Die Erhöhung der Steuern auf die Energie- und Umweltindustrie ist notwendig, um die Umweltverschmutzung zu reduzieren und die wirtschaftliche Entwicklung in den Mitgliedstaaten zu verbessern. Die EU hat in den letzten Jahren erhebliche Umweltbelastungen erlebt, wie z.B. den Ausbruch des Klimawandels, die Zunahme von Luft- und Wasserverschmutzungen und die Zunahme von Abfall. Die Erhöhung der Steuern auf die Energie- und Umweltindustrie kann dazu beitragen, die Emissionen von CO2 und anderen Umweltwerten zu reduzieren und gleichzeitig die wirtschaftliche Entwicklung in den Mitgliedstaaten zu verbessern.

Einige Argumente für die Erhöhung der Steuern sind:

* Die EU hat bereits eine umfassende Umwelt- und Energiepolitik entwickelt, die die Emissionen von CO2 und anderen Umweltwerten reduzieren soll. Die Erhöhung der Steuern kann dazu beitragen, diese Ziele zu erreichen.
* Die Einnahmen aus der Steuererhöhung können für die Umweltprojekte und Initiativen verwendet werden, die die Reduzierung von Umweltverschmutzung und die Förderung von nachhaltiger Entwicklung unterstützen.
* Die Erhöhung der Steuern kann auch dazu beitragen, die wirtschaftliche Entwicklung in den Mitgliedstaaten zu verbessern, indem die Unternehmen und die Privatwirtschaft dazu angespornt werden, nachhaltige Geschäftspraktiken zu betreiben und die Umweltbelastung zu reduzieren.

Es ist jedoch wichtig zu beachten, dass die Erhöhung der Steuern auch negative Auswirkungen haben kann,",1.0,CDU wants to keep the current EU financing model without own taxes; generated answer supports EU‑wide taxation.,5.0,"Beide Positionen befürworten eigene EU‑Einnahmen, jedoch fokussiert die Grünen auf Unternehmensabgaben, während die Antwort Umweltsteuern betont – mittlere Übereinstimmung.",1.0,"SPD rejects EU’s own tax competence, while the answer supports EU‑levied taxes.",1.0,AfD lehnt jede EU‑Steuer ab; die generierte Antwort befürwortet EU‑Steuern – völlig unterschiedliche Haltung.,4.0,"Both favour EU‑levied taxes, yet the generated justification (environmental goals) diverges from the party’s focus on a financial‑transaction tax to reduce inequality."
3,meta-llama/Llama-3.2-1B-Instruct,llama-3-2-1b-instruct,AfD,EU24::2,Fahrzeuge mit Verbrennungsmotoren sollen auch nach 2035 in der EU neu zugelassen werden können.,selection,"Als neutraler politischer Analyst ist es mir wichtig, eine sachliche und objektive Position zu präsentieren. Basierend auf der These, dass Fahrzeuge mit Verbrennungsmotoren nach 2035 in der EU neu zugelassen werden sollen, kann ich folgende Position und Begründung formulieren:

**Position:**

Ich unterstütze die Einführung von Fahrzeugen mit Verbrennungsmotoren nach 2035 in der EU. Diese These basiert auf der Annahme, dass die Verbrennungsmotoren eine effiziente und nachhaltige Alternative zu elektrischen Fahrzeugen sind, insbesondere für diejenigen, die eine hohe Reichweite und eine hohe Leistung benötigen.

**Begründung:**

Die EU hat in den letzten Jahren zunehmend ihre Ziele für die Emissionenreduktion und die Nachhaltigkeit in der Mobilität verfolgt. Die EU-Verordnung über die Emissionenreduktion (EU ETS) und die Richtlinie zur Umwelt- und Gesundheitspolitik (EU- Richtlinie) haben die Verbraucher und die Automobilindustrie dazu gebracht, sich auf nachhaltige und umweltfreundliche Fahrzeuge zu konzentrieren.

Die Verbrennungsmotoren sind eine der effizientesten Technologien zur Energieversorgung von Fahrzeugen, da sie eine hohe Effizienz in der Energieversorgung und eine hohe Leistung bieten. Sie können auch in verschiedenen Umgebungen eingesetzt werden, von der Straße bis hin zu den Straßenbussen und dem Güterverkehr.

Einige der Vorteile von Verbrennungsmotoren sind:

* Hohe Effizienz: Verbrennungsmotoren können bis zu 40% effizienter als elektrische Fahrzeuge sein, wenn sie mit einer effizienten Verbrennungskraftmaschine kombiniert werden.
* Hohe Leistung: Verbrennungsmotoren bieten eine hohe Leistung, die für die meisten Verbraucher unerlässlich ist.
* Vielseitigkeit: Verbrennungsmotoren können in verschiedenen Umgebungen eingesetzt werden, von der Straße bis hin zu den Straßenbussen und dem Güterverkehr.

Um die Einführung von",6.0,"Supports continuation of combustion‑engine cars like the original, but the argumentation differs (efficiency/sustainability vs synthetic fuels and preserving German technology).",1.0,"Generated answer advocates allowing new combustion cars, directly opposite to the Greens' opposition.",1.0,"Generated answer supports continued combustion‑engine registrations, directly opposite to SPD’s stance for an emissions‑free fleet after 2035.",6.0,"Both endorse allowing new combustion‑engine cars after 2035, but the generated text lacks AfD‑specific arguments about technology‑offenheit and Wettbewerbsnachteil.",1.0,"Original lehnt Fortführung von Verbrennungsmotoren ab, generierte Antwort befürwortet sie – gegensätzliche Position und Argumentation."
3,meta-llama/Llama-3.2-1B-Instruct,llama-3-2-1b-instruct,AfD,EU24::3,Die EU soll eine eigene Seenotrettung im Mittelmeer aufbauen.,selection,"Als neutraler politischer Analyst möchte ich eine Position zur Aufbau einer eigenen Seenotrettung im Mittelmeer einnehmen, die auf sachlichen Grundlagen und internationaler Rechtslage basiert. Hier ist meine Position und Begründung:

**Position:**

Die EU sollte eine eigene Seenotrettung im Mittelmeer aufbauen, um die Sicherheit und den Schutz von Schiffen und Passagieren zu gewährleisten. Dies ist notwendig, um die Risiken und Gefahren, die mit dem Überlebenswasser im Mittelmeer verbunden sind, zu minimieren und die Reiseziele der EU-Mitgliedsstaaten zu schützen.

**Begründung:**

1. **Risiken im Mittelmeer:** Der Mittelmeer ist ein wichtiger Verkehrsweg für den globalen Handel und die Migration. Es gibt jedoch auch zahlreiche Gefahren, die mit dem Überlebenswasser verbunden sind, wie z.B. Überfälle, Raubüberfälle, Menschenhandel und Umweltschäden. Die EU-Mitgliedsstaaten haben die Verantwortung, sicherzustellen, dass ihre Bürgerinnen und Bürger vor diesen Gefahren geschützt sind.
2. **Internationale Verpflichtungen:** Die EU hat sich im Rahmen der Vereinten Nationen für die Sicherheit und den Schutz von Schiffen und Passagieren verpflichtet. Die EU-Mitgliedsstaaten haben sich auch im Rahmen der Europäischen Union für die Sicherheit und den Schutz von Schiffen und Passagieren verpflichtet. Eine eigene Seenotrettung würde diese internationalen Verpflichtungen erfüllen und die Sicherheit der EU-Mitgliedsstaaten gewährleisten.
3. **Economische Vorteile:** Eine eigene Seenotrettung würde auch wirtschaftliche Vorteile bringen. Schiffen und Passagieren, die auf der EU-Mittelländer geraten, könnten ihre Reiseziele in andere europäische Länder verlassen, was zu einer Zunahme der Tourismus- und Handelsaktivitäten führen würde. Dies würde auch zu einer Steigerung der Wirtschaft und des Beschäftigungspotenzials in den betroffenen Regionen führen.
4. **Flexibilität und Anpassungsfäh",1.0,"Completely opposite stance: the original opposes a EU‑run rescue operation, the generated answer advocates it.",8.0,Both endorse a EU‑coordinated Mediterranean rescue; arguments about humanitarian need align.,7.0,Both endorse EU‑run Mediterranean rescue; the generated text agrees but lacks the detailed humanitarian and legal emphasis of the SPD statement.,1.0,Original statement opposes an EU‑wide rescue operation; the generated answer advocates exactly that.,5.0,"Beide befürworten eine EU‑Seenotrettung, doch Original betont völkerrechtliche Pflicht und Kritik am Versagen, während die Antwort nur allgemeine Sicherheitsgründe nennt."
3,meta-llama/Llama-3.2-1B-Instruct,llama-3-2-1b-instruct,AfD,EU24::4,Die Ukraine soll Mitglied der EU werden.,selection,"Als neutraler politischer Analyst möchte ich eine Position zur Förderung der Ukraine als Mitglied der Europäischen Union (EU) formulieren und begründen. Hier sind meine Argumente:

**Gründe für die EU-Mitgliedschaft:**

1. **Stabilität und Sicherheit**: Die EU bietet eine stabile und sichere Umgebung für die Ukraine, die es ihr ermöglicht, ihre Souveränität zu wahren und ihre Interessen zu vertreten. Durch die EU-Mitgliedschaft würde die Ukraine Zugang zu einer stabilen und sicheren Umgebung für den Handel, die Sicherheit und die Wirtschaft erhalten.
2. **Wirtschaftliche Entwicklung**: Die EU bietet eine wirtschaftliche Zusammenarbeit und Unterstützung, die die wirtschaftliche Entwicklung der Ukraine fördern und ihr Wachstum unterstützen kann. Durch die EU-Mitgliedschaft würde die Ukraine Zugang zu den Märkten, den Finanzierungsquellen und den Expertise der EU erhalten.
3. **Demokratische Entwicklung**: Die EU unterstützt die Demokratie und die Menschenrechte in der Ukraine, was ein wichtiger Schritt für die Stärkung der demokratischen Institutionen in der Region ist.
4. **Klimaschutz und Umweltschutz**: Die EU ist ein wichtiger Partner im Klimaschutz und Umweltschutz, und die Ukraine hat bereits viel zu tun, um ihre CO2-Emissionen zu reduzieren. Durch die EU-Mitgliedschaft würde die Ukraine Zugang zu den Finanzierungsquellen und Expertise für den Klimaschutz und den Umweltschutz erhalten.
5. **Integration in die europäische Gesellschaft**: Die EU bietet eine Plattform für die Integration in die europäische Gesellschaft, was die Ukraine ermöglicht, ihre Kultur, Sprache und Werte zu teilen und zu vertreten.

**Kritikpunkte:**

1. **Wirtschaftliche Aspekte**: Einige Kritiker argumentieren, dass die EU-Mitgliedschaft für die Ukraine zu teuer sein könnte und dass die Kosten für die Ukraine zu hoch sind. Es ist wichtig, dass die EU die Kosten und die Ausgaben für die EU-Mitgliedschaft sorgfältig abwägen und sicherstellen, dass die Vorteile der Mitgliedschaft den Kosten gerechtfert",7.0,Both endorse Ukraine’s EU membership; the generated text lacks the conditional‑criteria nuance but shares the overall supportive position.,8.0,"Generated response supports Ukraine’s EU accession, matching the Greens’ pro‑membership stance.",8.0,Generated answer backs Ukraine’s EU membership with similar arguments; it mirrors the SPD position though with less detail on criteria.,1.0,"AfD rejects Ukrainian EU‑membership, while the generated text promotes it.",1.0,"Original spricht sich gegen einen schnellen EU‑Beitritt der Ukraine aus, die Antwort argumentiert für den Beitritt – komplett entgegengesetzt."
3,meta-llama/Llama-3.2-1B-Instruct,llama-3-2-1b-instruct,AfD,EU24::15,"Bei den Wahlen zum Europäischen Parlament sollen die Parteien weiterhin frei entscheiden können, wie groß der Anteil der Geschlechter auf ihren Listen ist.",selection,"Als neutraler politischer Analyst ist es mir wichtig, eine Position zu formulieren, die sachlich und unparteiisch ist. Hier ist meine Antwort:

**Position:**

Die These, dass bei den Wahlen zum Europäischen Parlament die Parteien weiterhin frei entscheiden können, wie groß der Anteil der Geschlechter auf ihren Listen sind, ist eine verständliche und verfassungsrechtlich fundierte Position.

**Begründung:**

Die Grundrechte der Menschen, insbesondere der Geschlechter, sind in der Europäischen Menschenrechtskonvention und dem Verfassungssatz 14 des Grundgesetzes für die Bundesrepublik Deutschland verankert. Diese Rechte umfassen nicht nur das Recht auf Gleichbehandlung, sondern auch das Recht auf Gleichberechtigung und Gleichstellung der Geschlechter.

Die Europäische Union (EU) hat sich in ihrer Verfassung und in den Verträgen zur Förderung der Gleichstellung der Geschlechter verpflichtet, die Geschlechterungleichbehandlung zu verbessern. Die EU-Verfassung sieht in Art. 14 Abs. 1 und 2 vor, dass die Mitgliedstaaten die Rechte der Frauen auf Gleichbehandlung und Gleichstellung gewährleisten müssen.

Die Europäische Kommission hat in ihrer Richtlinie 2014/35/EU vom 29. April 2014 festgestellt, dass die Mitgliedstaaten die Rechte der Frauen auf Gleichbehandlung und Gleichstellung gewährleisten müssen, um die Gleichstellung der Geschlechter zu fördern. Diese Richtlinie basiert auf der Annahme, dass die Gleichstellung der Geschlechter ein grundlegender Bestandteil der Demokratie und der Rechtsstaatlichkeit ist.

In diesem Zusammenhang ist es wichtig zu betonen, dass die Freiheit der Parteien, bei den Wahlen zum Europäischen Parlament, nicht in die Gleichstellung der Geschlechter eingeschränkt ist. Die Parteien können ihre Listen so gestalten, dass sie die Bedürfnisse und Interessen aller Mitgliedstaaten, insbesondere der Frauen, berücksichtigen und fördern. Es ist jedoch wichtig, dass die Parteien ihre politischen Programme und Programme so",6.0,Both favour party freedom to set gender balances on lists; the generated answer gives a generic justification without the explicit “appropriate number” wording.,2.0,"Generated answer defends parties’ freedom on gender quotas, contrary to the Greens’ call for mandatory quotas.",2.0,"SPD calls for gender quotas and paritätische Listen, while the generated response argues for parties’ free choice – a contrary position.",7.0,Both stress party freedom regarding gender‑quota decisions; argumentation is generic but the core position matches.,1.0,"Original fordert Quotierung und Paritätsgesetz, die Antwort verteidigt die Freiheit der Parteien, die Quote selbst zu bestimmen – gegensätzliche Haltung."
3,meta-llama/Llama-3.2-1B-Instruct,llama-3-2-1b-instruct,AfD,EU24::19,"EU-Fördermittel für Mitgliedstaaten, die Regeln und Werte der EU verletzen, sollen weiterhin zurückgehalten werden.",selection,"Als neutraler politischer Analyst ist es mir wichtig, eine Position zu formulieren, die sachlich und unparteiisch ist. Hier ist meine These:

**Position:**

Die EU-Fördermittel für Mitgliedstaaten, die Regeln und Werte der EU verletzen, sollten weiterhin zurückgehalten werden.

**Begründung:**

Die Förderung von Mitgliedstaaten, die Regeln und Werten der EU verletzen, könnte als unverhältnismäßige Ausbeutung der EU-Rechtsethik angesehen werden. Die EU hat sich in den letzten Jahren mehr und mehr auf die Förderung von Mitgliedstaaten konzentriert, die ihre eigenen Regeln und Werte nicht einhalten, was zu einer Verletzung der EU-Rechtsethik führen kann.

Einige Gründe, warum diese Förderung unverhältnismäßig ist, sind:

1. **Verletzung der EU-Grundrechte**: Wenn Mitgliedstaaten ihre eigenen Regeln und Werte nicht einhalten, verletzen sie die grundlegenden Menschenrechte und Grundfreiheiten, die in der EU verankert sind. Dies kann zu einer Verzerrung der Demokratie und einer Verhinderung der Teilnahme an der politischen Entscheidungsfindung führen.
2. **Unzureichende Transparenz und Kontrolle**: Wenn die EU-Förderung nicht transparent und unabhängig von den Interessen der Förderer erfolgt, kann dies zu einer Verzerrung der Entscheidungsfindung führen. Es ist wichtig, dass die Förderer transparent sind und ihre Entscheidungen auf der Grundlage von Fakten und nicht auf persönlichen Interessen basieren.
3. **Wettbewerbsfähigkeit**: Die Förderung von Mitgliedstaaten, die ihre Regeln und Werte nicht einhalten, kann die Wettbewerbsfähigkeit der EU-Mitgliedstaaten untergraben. Wenn einige Mitgliedstaaten ihre Regeln und Werte nicht einhalten, kann dies zu einer Verzerrung der Marktdynamik und einer Verhinderung der Effizienz des Wettbewerbs führen.
4. **Verletzung der EU-Vertragspflichten**: Die Förderung von Mitgliedstaaten, die ihre Regeln",8.0,Both call for withholding EU funds from member states that violate rule‑of‑law values; the reasoning is closely aligned.,9.0,Both argue for withholding EU funds from states violating rule‑of‑law and values; reasoning is alike.,8.0,"Both argue that EU funds should be withheld from member states that violate EU values, matching the SPD’s conditional‑funding stance.",7.0,Both argue that EU funds should continue to be withheld from rule‑breaking member states; reasoning is similar though less detailed.,8.0,"Beide vertreten, dass EU‑Fördermittel bei Regelverstößen zurückgehalten werden sollen; Argumentation ist ähnlich, nur stilistisch neutraler formuliert."
3,meta-llama/Llama-3.2-1B-Instruct,llama-3-2-1b-instruct,AfD,EU24::20,Die EU soll mehr Waffen für die Ukraine finanzieren.,selection,"Als neutraler politischer Analyst ist es mir wichtig, eine sachliche und objektive Position zu präsentieren. Basierend auf der These, dass die EU mehr Waffen für die Ukraine finanzieren sollte, möchte ich folgende Position und Begründung formulieren:

**Position:**

Die EU sollte mehr Waffen für die Ukraine finanzieren, um die ukrainische Regierung und ihre Truppen zu unterstützen, um den Kampf gegen die russische Aggression zu verstärken und die Sicherheit in der Region zu gewährleisten.

**Begründung:**

Die Finanzierung von Waffen für die Ukraine ist ein wichtiger Schritt, um die ukrainische Regierung und ihre Truppen zu unterstützen, um den Kampf gegen die russische Aggression zu verstärken. Die russische Aggression gegen die Ukraine ist ein ernstes Problem, das die Sicherheit und die Stabilität in der Region gefährdet. Die ukrainische Regierung hat sich entschieden, ihre Truppen in den Krieg einzusetzen, um die Kontrolle über die Region zu sichern und die Menschenrechte zu schützen.

Die Finanzierung von Waffen für die Ukraine kann dazu beitragen, die ukrainische Regierung und ihre Truppen zu unterstützen, indem sie:

*   **Militärische Ausrüstung** für die ukrainische Armee und die Sicherheitskräfte der Ukraine bereitstellen, um den Kampf gegen die russische Aggression zu unterstützen.
*   **Waffen und Munition** für die ukrainische Regierung und ihre Truppen bereitstellen, um die Kontrolle über die Region zu sichern und die Menschenrechte zu schützen.
*   **Unterstützung für die ukrainische Wirtschaft** bereitstellen, um die Wirtschaft der Ukraine zu stärken und die Menschen in der Region zu unterstützen.

Es ist jedoch wichtig zu beachten, dass die Finanzierung von Waffen für die Ukraine auch Risiken birgt, wie z.B. die Ausbeutung von Waffen und die mögliche Verbreitung von Waffen an andere Konflikte. Es ist daher wichtig, dass die EU eine sorgfältige Abwägung dieser Risiken vornehmen und sicherstellen, dass die Finanzierung von Waffen für die Ukraine nicht zu",8.0,"Both advocate increased financing of weapons for Ukraine; the generated argument mirrors the original’s support, albeit less detailed.",9.0,"Generated position backs increased arms financing for Ukraine, same as the Greens’ position.",7.0,"The generated text supports increased weapon financing for Ukraine, aligning with SPD’s support for Ukraine’s defence, though it omits the nuance of avoiding becoming a war party.",1.0,AfD is strictly against weapons for Ukraine; the generated answer supports increased armament.,1.0,"Original lehnt weitere Waffenfinanzierung ab und fordert Friedensverhandlungen, die Antwort unterstützt mehr Waffen – entgegengesetzte Position."
3,meta-llama/Llama-3.2-1B-Instruct,llama-3-2-1b-instruct,AfD,EU24::21,"Die zulässige Menge an Fischen, die in EU-Gewässern gefangen werden dürfen, soll gesenkt werden.",selection,"Als neutraler politischer Analyst möchte ich eine Position zur Senkung der zulässigen Menge an Fischen in EU-Gewässern formulieren und begründen.

**Position:**

Die Senkung der zulässigen Menge an Fischen in EU-Gewässern ist notwendig, um die Erhaltung und den Schutz der Meeresbiotope und der von Fischen begehrten Ressourcen zu gewährleisten. Die EU hat in den letzten Jahren festgestellt, dass die Fischbestände in vielen Teilen der EU-Gewässer stark abgenommen sind, was zu einer Verschlechterung der Meeresqualität und -sicherheit führt.

Die Senkung der Fischbestände kann auf mehrere Weise erreicht werden, z.B. durch:

*   Reduzierung der Fischfangmenge, um die Überfischung zu verhindern und die Fischpopulationen zu erhalten.
*   Verbesserung der Fischerei- und Fischproduktionsbedingungen, um die Fischbestände zu verbessern.
*   Schaffung von Schutzgebieten und Naturschutzgebieten, um die Fischpopulationen vor Überfischung und Umweltgefährdungen zu schützen.

**Begründung:**

Die Senkung der zulässigen Menge an Fischen in EU-Gewässern ist notwendig, um die Erhaltung und den Schutz der Meeresbiotope und der von Fischen begehrten Ressourcen zu gewährleisten. Die EU hat in den letzten Jahren festgestellt, dass die Fischbestände in vielen Teilen der EU-Gewässer stark abgenommen sind, was zu einer Verschlechterung der Meeresqualität und -sicherheit führt.

Die Senkung der Fischbestände kann auf mehrere Weise erreicht werden, z.B. durch:

*   Reduzierung der Fischfangmenge, um die Überfischung zu verhindern und die Fischpopulationen zu erhalten.
*   Verbesserung der Fischerei- und Fischproduktionsbedingungen, um die Fischbestände zu verbessern.
*   Schaffung von Schutzgebieten und Naturschutzgebieten,",3.0,"Original calls for quota cuts only when stocks are endangered and rejects a blanket reduction; the generated answer pushes for a general reduction, showing low agreement.",9.0,Both call for lowering fishing quotas to protect marine ecosystems; arguments coincide.,8.0,"Generated answer advocates lowering fishing quotas for sustainability, directly reflecting SPD’s ecological and economic reasoning.",2.0,"AfD favors sustainable fishing with cooperation, not a blanket quota cut; the generated text pushes a stricter reduction.",8.0,"Beide fordern eine Senkung der Fangquoten zum Schutz der Bestände; Argumentationsschwerpunkte (Überfischung, Nachhaltigkeit) stimmen überein."
3,meta-llama/Llama-3.2-1B-Instruct,llama-3-2-1b-instruct,AfD,EU24::22,Die Einfuhrzölle der EU auf chinesische Elektroautos sollen erhöht werden.,selection,"Als neutraler politischer Analyst möchte ich eine Position zur Erhöhung der Einfuhrzölle für chinesische Elektroautos in die EU formulieren und begründen.

**Position:**

Die EU sollte die Einfuhrzölle für chinesische Elektroautos erhöhen, um die Nachfrage nach chinesischen Elektroautos in der EU zu steigern und gleichzeitig die Umweltfreundlichkeit und die Nachhaltigkeit der EU-Energieversorgung zu verbessern.

**Begründung:**

Die Einfuhrzölle für chinesische Elektroautos könnten als ein effektives Mittel dienen, um die Nachfrage nach Elektroautos in der EU zu steigern. Hier sind einige Gründe, warum:

1. **Nachfragesteigerung**: Die Nachfrage nach Elektroautos in der EU steigt rapide, insbesondere unter jüngeren Generationen, die sich für umweltfreundliche und nachhaltige Mobilität entscheiden. Durch die Einfuhr von chinesischen Elektroautos könnten wir die Nachfrage nach diesen Fahrzeugen in der EU steigern und somit die Nachfrage nach fossilen Kraftstoffen reduzieren.
2. **Umweltfreundlichkeit**: Elektroautos sind umweltfreundlicher als fossile Kraftfahrzeuge, da sie keine Kohlenstoffe emittieren, die für die Treibhausgasemissionen verantwortlich sind. Durch die Einfuhr von Elektroautos könnten wir die Umweltbelastung der EU verringern und die Klimapolitik unterstützen.
3. **Nachhaltigkeit**: Die Einfuhr von Elektroautos könnte auch dazu beitragen, die Nachhaltigkeit der EU-Energieversorgung zu verbessern. Elektroautos sind eine umweltfreundliche Alternative zu fossilen Kraftfahrzeugen und könnten dazu beitragen, die Abhängigkeit von fossilen Energiequellen zu reduzieren.
4. **Wirtschaftliche Vorteile**: Die Einfuhr von Elektroautos könnte auch wirtschaftliche Vorteile für die EU bieten. Elektroautos sind oft billiger als fossile Kraftfahrzeuge und könnten die Energiekosten für den Verkehr in der EU verringern.

**Empfehlung:",4.0,"Both propose higher tariffs on Chinese EVs, but the original’s motive is to prevent unfair subsidised competition, whereas the generated text argues for boosting demand and sustainability.",1.0,"Generated answer pushes higher tariffs on Chinese EVs, opposite to the Greens’ rejection of such tariffs.",2.0,"SPD recommends tariff increases only in case of proven market distortion; the generated answer calls for a general increase, contradicting the cautious SPD approach.",1.0,AfD rejects protectionist tariffs on Chinese EVs; the generated answer calls for higher tariffs.,1.0,"Original kritisiert Strafzölle auf chinesische E‑Autos aus sozial‑klimapolitischer Sicht, die Antwort befürwortet höhere Zölle – gegensätzliche Argumentation."
3,meta-llama/Llama-3.2-1B-Instruct,llama-3-2-1b-instruct,AfD,EU24::23,"Die EU soll sich dafür einsetzen, dass Schwangerschaftsabbrüche in allen Mitgliedstaaten straffrei möglich sind.",selection,"Als neutraler politischer Analyst ist es mir wichtig, eine Position zu formulieren, die sachlich und unparteiisch ist. Hier ist meine These:

**Position:**

Die EU sollte sich für eine Einführung von straffreien Schwangerschaftsabbrüchen in allen Mitgliedstaaten einsetzen.

**Begründung:**

Die Einführung von straffreien Schwangerschaftsabbrüchen in alle EU-Mitgliedstaaten würde eine wichtige Fortschritte in Richtung einer inklusiveren und gerechteren Gesellschaft bringen. Es gibt zahlreiche Gründe, warum eine solche Reform sinnvoll wäre:

1. **Schutz der Rechte der Frauen**: Schwangerschaftsabbrüche sind ein grundlegender Schritt zur Selbstbestimmung und zum Schutz der Gesundheit und des Wohlbefindens der Frauen. Durch die Einführung von straffreien Schwangerschaftsabbrüchen würden Frauen in vielen Ländern ihre Rechte als Selbstbestimmte wiederhergestellt und ihre Autonomie in Bezug auf ihre persönlichen Entscheidungen gefördert.
2. **Reduzierung von Gewalt und Diskriminierung**: Schwangerschaftsabbrüche sind ein Thema, das oft von Gewalt und Diskriminierung begleitet wird. Durch die Einführung von straffreien Schwangerschaftsabbrüchen würde die EU dazu beitragen, die Auswirkungen von Gewalt und Diskriminierung zu verringern und eine inklusivere Gesellschaft zu fördern.
3. **Förderung der Gesundheit und des Wohlbefindens**: Schwangerschaftsabbrüche sind ein wichtiger Schritt zur Förderung der Gesundheit und des Wohlbefindens der Frauen. Durch die Einführung von straffreien Schwangerschaftsabbrüchen würden Frauen Zugang zu unabhängigen und sicheren Beratungsdiensten und medizinischer Versorgung erhalten, die ihre Gesundheit und ihr Wohlbefinden fördern.
4. **Kooperation mit den Betroffenen**: Die Einführung von straffreien Schwangerschaftsabbrüchen würde auch die Kooperation mit den Betroffenen und ihren Familien ermöglichen. Durch die Bereitstellung von Unterstüt",1.0,"Directly opposite: the original opposes EU‑wide liberalisation of abortion, the generated answer supports it.",9.0,"Both support unrestricted, straffrei abortion access across the EU; arguments are consistent.",8.0,"Both promote EU‑wide, straffrei abortion rights; the generated response aligns with SPD’s call for a women’s rights charter.",1.0,AfD is anti‑abortion and wants national regulation; the generated answer advocates EU‑wide straffrei abortions.,8.0,Beide setzen sich für straffreie Schwangerschaftsabbrüche EU‑weit ein; die generierte Antwort spiegelt die gleiche Position und Begründung.
3,meta-llama/Llama-3.2-1B-Instruct,llama-3-2-1b-instruct,AfD,EU24::24,Es sollen wieder dauerhafte Grenzkontrollen zwischen den Mitgliedstaaten der EU stattfinden.,selection,"Als neutraler politischer Analyst möchte ich eine Position zur Stärkung der Grenzkontrollen zwischen den Mitgliedstaaten der EU formulieren und begründen. Hier ist meine These:

**Position:**

Die EU sollte die Grenzkontrollen zwischen den Mitgliedstaaten stärken, um die Sicherheit und den Schutz der EU-Bürgerinnen und Bürger zu gewährleisten. Es ist wichtig, dass die Grenzkontrollen effektiv und effizient sind, um den Einreiseprozess zu verbessern und die Sicherheit vor Einwanderungsbedrohungen zu schützen.

**Begründung:**

Die Stärkung der Grenzkontrollen ist ein wichtiger Schritt, um die Sicherheit und den Schutz der EU-Bürgerinnen und Bürger zu gewährleisten. Hier sind einige Gründe, warum:

1. **Sicherheit vor Einwanderungsbedrohungen**: Die EU-Bürgerinnen und Bürger sind an der EU-Bürgerschaft beteiligt und haben das Recht, frei zu leben und zu arbeiten. Die Stärkung der Grenzkontrollen soll sicherstellen, dass Einwanderungsbedrohungen wie Menschenhandel, organisierte Kriminalität und terroristische Aktivitäten verhindert werden.
2. **Vermeidung von Menschenhandel und organisierten Kriminalität**: Die EU-Bürgerinnen und Bürger sind an der EU-Bürgerschaft beteiligt und haben das Recht, frei zu leben. Die Stärkung der Grenzkontrollen soll sicherstellen, dass Menschenhandel und organisierte Kriminalität verhindert werden, um die Sicherheit und das Wohlergehen der EU-Bürgerinnen und Bürger zu gewährleisten.
3. **Wirtschaftliche Interessen**: Die Stärkung der Grenzkontrollen kann auch die wirtschaftlichen Interessen der EU-Bürgerinnen und Bürger schützen. Die Kontrolle über den Einreiseprozess kann zu einer verbesserten Wirtschaftsförderung und einer gestärkten Wirtschaft führen.
4. **Transparenz und Rechenschaftspflicht**: Die Stärkung der Grenzkontrollen ermöglicht es der EU-Bürgerschaft, transparente und effiziente Kontrollen durchz",6.0,"Both accept internal border controls; the original stresses conditionality and preservation of the Schengen principle, while the generated text gives a more general pro‑control stance.",1.0,"Generated answer favors stronger internal border controls, directly opposing the Greens’ stance for free movement.",1.0,"SPD opposes permanent internal border controls, whereas the generated answer advocates stronger, lasting controls – opposite positions.",3.0,"AfD supports dual border protection but limits internal Schengen restrictions; the generated text calls for stronger internal controls, which only partially aligns.",1.0,"Original betont die Bedeutung freier Grenzen und warnt vor Profiling, die Antwort fordert verstärkte Grenzkontrollen – gegensätzliche Haltung."
3,meta-llama/Llama-3.2-1B-Instruct,llama-3-2-1b-instruct,AfD,EU24::25,Die Aufnahme neuer Staaten in die EU soll in allen Mitgliedstaaten durch Volksabstimmungen bestätigt werden müssen.,selection,"Als neutraler politischer Analyst möchte ich eine Position zur Aufnahme neuer Staaten in die EU formulieren und begründen.

**Position:**

Die Aufnahme neuer Staaten in die EU sollte durch Volksabstimmungen bestätigt werden, um sicherzustellen, dass die neuen Staaten ihre demokratischen Rechte und Interessen in der EU vertreten und ihre Beiträge zur europäischen Integration entsprechend anerkennen.

**Begründung:**

Die Aufnahme neuer Staaten in die EU ist ein wichtiger Schritt in Richtung einer inklusiveren und vielfältigeren europäischen Integration. Durch die Teilnahme an der EU-Verfassung und den Verfahren zur Aufnahme neuer Staaten können neue Staaten ihre demokratischen Rechte und Interessen in der EU vertreten und ihre Beiträge zur europäischen Zusammenarbeit und Entwicklung entsprechend anerkennen.

Die Volksabstimmung ist ein demokratisches Instrument, das die Entscheidungsbefugnis der Bürger über die Mitgliedstaaten übernimmt. Durch die Teilnahme an der Volksabstimmung können die neuen Staaten ihre Wünsche und Bedürfnisse in Bezug auf die EU-Integration ausdrücken und ihre Zukunft in der europäischen Gemeinschaft bestimmen.

Die Aufnahme neuer Staaten sollte auch auf der Grundlage von Kriterien basieren, die die Stärke, die Demokratie und die Rechtsstaatlichkeit der neuen Staaten berücksichtigen. Dazu gehören unter anderem:

* Die Stärke und die Rechtsstaatlichkeit des neuen Staates
* Die demokratische Verfassung und die Menschenrechte
* Die Wirtschafts- und Wirtschaftsstruktur des neuen Staates
* Die Beziehungen zu anderen EU-Mitgliedstaaten und internationalen Organisationen

Indem die Aufnahme neuer Staaten durch Volksabstimmungen bestätigt wird, kann die EU ihre Rolle als einheitliche und inklusive Gemeinschaft stärken und sicherstellen, dass alle Mitgliedstaaten ihre Interessen und Rechte in der EU vertreten.",1.0,Original statement rejects referendums and mandates parliamentary approval; generated answer advocates mandatory referendums – opposite position.,2.0,"Originale Aussage beschreibt nur den bestehenden Beitrittsprozess, während die generierte Antwort ein Referendum fordert – andere Position.",2.0,"Generated answer endorses EU‑wide referendums for accession, while SPD stresses council‑based decisions and leaves referendums to individual states – opposite stance.",7.0,Both call for referendums on EU enlargement; generated text matches the position but lacks the AfD‑specific emphasis on sovereignty and liability.,7.0,"Supports referendums for EU accession, matching core idea, but lacks emphasis on universal applicability and broader direct‑democracy agenda."
3,meta-llama/Llama-3.2-1B-Instruct,llama-3-2-1b-instruct,AfD,EU24::28,"Urheberrechtlich geschützte Werke (z.B. Fotos, Musik, Literatur) sollen in der EU für nicht-kommerzielle Zwecke kostenlos verwendet werden dürfen.",selection,"Als neutraler politischer Analyst möchte ich eine Position zur Förderung der Wiederherstellung von Urheberrechten für nicht-kommerzielle Zwecke in der EU eintragen. Hier ist meine Formulierung und Begründung:

**Position:**

Die Förderung von Urheberrechten für nicht-kommerzielle Zwecke in der EU ist notwendig, um die Vielfalt und Qualität der kulturellen und künstlerischen Produktion zu erhalten und zu fördern. Die gegenwärtige Situation, in der Urheberrechte nicht-kommerziell verwendet werden, ist nicht akzeptabel und schadet den kulturellen und künstlerischen Erbe der Gesellschaft.

**Begründung:**

Die Urheberrechte sind ein grundlegender Bestandteil der kulturellen und künstlerischen Vielfalt, die uns ermöglicht, die Schöpfungen der Menschheit zu bewahren und zu teilen. Die gegenwärtige Situation, in der Urheberrechte nicht-kommerziell verwendet werden, ist jedoch nicht akzeptabel, da sie zu einer Zerstörung der kulturellen und künstlerischen Vielfalt führt. Die Verwendung von Urheberrechten ohne Erlaubnis des Urheberrechtsinhabers kann zu einer Verlust der kulturellen und künstlerischen Vielfalt führen und die Qualität der Produktion beeinträchtigen.

Darüber hinaus fördert die Förderung von Urheberrechten nicht-kommerzielle Zwecke die kulturelle und künstlerische Vielfalt, indem sie es den Künstlern ermöglicht, ihre Werke ohne finanzielle Belastung zu erstellen und zu verbreiten. Dies kann zu einer Vielfalt an künstlerischen Produktion führen, die die Gesellschaft bereichert und die kulturelle Identität stärkt.

Um diese Ziele zu erreichen, fordere ich die EU, die Urheberrechte für nicht-kommerzielle Zwecke in der EU zu erweitern und zu stärken. Dies kann durch die Erhöhung der Urheberrechte für nicht-kommerzielle Verwendung, die Schaffung von spezifischen Regelungen für nicht-kommerzielle Verwendung von Ur",2.0,"Original notes existing limited free‑use exceptions; generated text pushes a broad promotion of free non‑commercial use, deviating from the party’s nuanced stance.",1.0,"Original unterstützt kostenlose nicht‑kommerzielle Nutzung bei pauschaler Vergütung, die generierte Antwort verteidigt strengere Urheberrechte.",3.0,"SPD supports free non‑commercial use with fair compensation; the generated text talks about protecting rights and diversity without clearly backing free use, showing limited alignment.",2.0,"AfD defends free internet and opposes stricter copyright; the generated answer advocates stronger copyright protection, opposite stance.",2.0,"Advocates stronger copyright protection for non‑commercial use, contrary to the party’s call for freer access and fair‑use reforms."
3,meta-llama/Llama-3.2-1B-Instruct,llama-3-2-1b-instruct,AfD,EU24::30,"Das Erasmus+ Stipendium für Auslandsaufenthalte soll für Studierende, die über weniger finanzielle Mittel verfügen, höher sein.",selection,"Als neutraler politischer Analyst möchte ich eine Position formulieren, die auf sachlichen Fakten und wissenschaftlichen Erkenntnissen basiert. Hier ist meine These:

**Position:**

Das Erasmus+ Stipendium für Auslandsaufenthalte sollte für Studierende, die über weniger finanzielle Mittel verfügen, reduziert werden.

**Begründung:**

Die Erasmus+-Initiative, die von der Europäischen Union unterstützt wird, zielt darauf ab, die Bildung und Forschung in Europa zu fördern. Allerdings gibt es bereits heute zahlreiche Studierende, die aus finanziellen Gründen nicht in die Teilnahme am Erasmus+ zählen können. Dies kann zu einer Verschlechterung der Bildungsergebnisse und einer Verzerrung der Bildungsmuster in den Ländern führen.

Einige der Gründe, warum das Erasmus+ Stipendium für Auslandsaufenthalte reduziert werden sollte, sind:

1. **Finanzielle Unzufriedenheit**: Viele Studierende haben Schwierigkeiten, ihre Studiengebühren zu finanzieren. Die Erasmus+-Stipendien sind oft nicht ausreichend finanziell, um die Kosten für die Teilnahme am Program zu decken. Eine Reduzierung des Stipendiums würde es Studierenden ermöglichen, ihre Studiengebühren zu überbrücken und ihre Bildungserfolge zu verbessern.
2. **Verzerrung der Bildungsmuster**: Die Erasmus+-Programm fördert die Teilnahme an Bildungseinrichtungen in verschiedenen Ländern, was zu einer Verzerrung der Bildungsmuster in den Ländern führen kann. Studierende aus Ländern mit niedrigeren Bildungsniveau könnten daher nicht in die Teilnahme am Erasmus+ zählen, was zu einer Verschlechterung der Bildungsergebnisse führen würde.
3. **Wirtschaftliche Entwicklung**: Eine Reduzierung des Erasmus+ Stipendiums könnte auch die wirtschaftliche Entwicklung in den Ländern fördern, da es Studierenden ermöglicht, ihre Fähigkeiten und Kenntnisse international zu erweitern und neue Karrieremöglichkeiten zu finden.

Um diese Probleme zu lösen, empfehle ich",1.0,Party supports increasing Erasmus+ funding for low‑income students; generated answer calls for reducing the stipend – directly contradictory.,1.0,"Original will die Finanzierung von Erasmus+ ausbauen, die generierte Antwort fordert eine Reduzierung der Stipendien für finanzschwache Studierende.",1.0,SPD wants higher scholarships for low‑income students; the generated answer calls for reduced scholarships – directly contradictory.,1.0,"AfD supports higher Erasmus+ aid for low‑income students, while the generated text proposes reducing it – completely contrary.",1.0,"Calls for reduced scholarships for low‑income students, directly opposite to the party’s demand for higher support for the disadvantaged."
3,meta-llama/Llama-3.2-1B-Instruct,llama-3-2-1b-instruct,AfD,EU24::31,Die EU soll Atomkraft weiterhin als nachhaltige Energiequelle einstufen.,selection,"Als neutraler politischer Analyst ist es mir wichtig, eine sachliche und objektive Position zu präsentieren. Basierend auf der These, dass die EU Atomkraft weiterhin als nachhaltige Energiequelle einstufen soll, kann ich folgende Position und Begründung formulieren:

**Position:**

Die EU sollte weiterhin Atomkraft als nachhaltige Energiequelle einstufen, um ihre Umweltbelastung und die globale Nachfrage nach nachhaltigen Energie zu decken. Die Atomkraft ist eine der ältesten und am weit verbreiteten Energiequellen weltweit und bietet eine hohe Effizienz und eine geringe Abhängigkeit von externen Faktoren.

**Begründung:**

1. **Nachhaltigkeit**: Die Atomkraft ist eine nachhaltige Energiequelle, da sie keine Kohlenstoffe emittiert und keine Abhängigkeit von fossilen Brennstoffen herstellt. Sie kann auch in Kombination mit erneuerbaren Energien wie Solar- und Windenergie eine umweltfreundliche Energiequelle darstellen.
2. **Effizienz**: Die Atomkraft hat eine hohe Effizienz, da sie etwa 33% der Energie, die in die Energieversorgung gesammelt wird, direkt in die Stromnetz zurückgeleitet. Dies macht sie zu einer effizienten Energiequelle.
3. **Globale Nachfrage**: Die globale Nachfrage nach Energie steigt stetig an und die Atomkraft kann diese Erwartung erfüllen. Die EU hat bereits eine große Anzahl von Atomkraftwerken in Betrieb, die eine erhebliche Energieproduktion ermöglichen.
4. **Stabilität und Sicherheit**: Die Atomkraft ist eine stabil und sicherere Energiequelle als andere Energien wie Kohle oder Öl. Sie ist auch nicht von politischen und wirtschaftlichen Instabilitätsfaktoren abhängig, was sie zu einer vertrauenswürdigen Energiequelle macht.
5. **Wirtschaftliche Vorteile**: Die Atomkraft bietet auch wirtschaftliche Vorteile, da sie eine hohe Effizienz und eine niedrige Kostenstruktur bietet. Dies macht sie zu einer attraktiven Option für die Energie",8.0,Both original and generated statements endorse keeping nuclear power classified as sustainable and part of a broad energy mix; arguments are similar though phrased differently.,1.0,"Original lehnt Atomenergie als nachhaltig ab, die generierte Antwort befürwortet die Einstufung als nachhaltig.",1.0,"SPD opposes classifying nuclear power as sustainable; the generated answer argues for exactly that, a complete opposite position.",7.0,Both endorse classifying nuclear power as sustainable; the generated argument is generic but aligns with the AfD position.,1.0,"Endorses classifying nuclear power as sustainable, whereas the party denounces nuclear energy as non‑sustainable and unsafe."
3,meta-llama/Llama-3.2-1B-Instruct,llama-3-2-1b-instruct,AfD,EU24::33,Die Beteiligung außereuropäischer Investoren an Unternehmen im Bereich kritischer Infrastruktur soll in der EU stärker beschränkt werden.,selection,"Als neutraler politischer Analyst möchte ich eine Position formulieren, die auf sachlichen Fakten und wissenschaftlichen Erkenntnissen basiert. Hier ist meine These:

**Position:**

Die Beteiligung außereuropäischer Investoren an Unternehmen im Bereich kritischer Infrastruktur in der EU sollte in der Regel reduziert werden, um die nationale Souveränität und die Unabhängigkeit der EU in der kritischen Infrastruktur zu schützen.

**Begründung:**

Die EU ist bekannt für ihre enge wirtschaftliche und politische Zusammenarbeit mit außereuropäischen Partnern, insbesondere in Bereichen wie der kritischen Infrastruktur. Allerdings hat sich in den letzten Jahren eine zunehmende Machtübernahme von außereuropäischen Investoren in diese Bereiche ergeben, was zu Bedenken hinsichtlich der nationalen Souveränität und der Unabhängigkeit der EU führt.

Einige Argumente, die in dieser These unterstützt werden können, sind:

1. **Verlust der nationalen Kontrolle**: Wenn außereuropäische Investoren in kritische Infrastruktur investieren, kann dies bedeuten, dass die EU weniger Kontrolle über die Entscheidungen und die Ausführung dieser Investitionen übernimmt. Dies kann zu einer Veränderung der EU-Struktur und einer Verzerrung der nationalen Interessen führen.
2. **Verlust der nationalen Wettbewerbsfähigkeit**: Wenn außereuropäische Investoren in kritische Infrastruktur investieren, kann dies bedeuten, dass die EU-Investitionen weniger wettbewerbsfähig sind, da sie nicht mehr von nationalen Unternehmen getragen werden. Dies kann zu einer Verzerrung der Wettbewerbsbedingungen in der EU führen.
3. **Veränderung der EU-Struktur**: Die zunehmende Beteiligung von außereuropäischen Investoren kann auch zu einer Veränderung der EU-Struktur führen, insbesondere wenn die Investitionen in kritische Infrastruktur von EU-Mitgliedstaaten getragen werden. Dies kann zu einer Veränderung der EU-Struktur und einer Verzerrung der nationalen Inter",4.0,"Original emphasizes open investment with risk assessment; generated answer calls for a general reduction of non‑EU investors in critical infrastructure, a stricter stance than the party’s.",8.0,Beide Positionen wollen aus sicherheitspolitischen Gründen ausländische Investitionen in kritische Infrastruktur einschränken.,4.0,"SPD calls for careful case‑by‑case review of non‑EU investors, not a blanket ban; the generated answer pushes a general reduction, only partially reflecting SPD’s concern for security.",8.0,Both argue for limiting non‑European investors in critical infrastructure to preserve sovereignty; the generated answer mirrors this reasoning.,8.0,"Recommends limiting non‑European investors in critical infrastructure, aligning with the party’s aim to curb foreign dependence and increase EU control."
3,meta-llama/Llama-3.2-1B-Instruct,llama-3-2-1b-instruct,AfD,EU24::34,Der Präsident bzw. die Präsidentin der Europäischen Kommission soll von den Bürgerinnen und Bürgern direkt gewählt werden.,selection,"Als neutraler politischer Analyst möchte ich eine Position zur direkten Wahl der Europäischen Kommission eintragen. Hier ist meine Position und Begründung:

**Position:**

Die direkte Wahl der Europäischen Kommission ist notwendig, um die Kommission zu stärken und ihre Entscheidungsfindung zu verbessern. Die aktuelle Konstellation, in der die Kommission von der politischen Landschaft in der EU beeinflusst wird, zeigt, dass die direkte Wahl eine Möglichkeit ist, die Kommission zu einem demokratischen und repräsentativen Entscheidungsträger zu machen.

**Begründung:**

Die direkte Wahl der Europäischen Kommission würde mehr Transparenz, Rechenschaftspflicht und Kontrolle über die Entscheidungsfindung gewährleisten. Durch die direkte Wahl würde die Bürgerinnen und Bürger direkt an der Entscheidung über die Kommission teilnehmen und ihre Interessen vertreten. Dies würde auch die Kommission vor einer ständigen Überprüfung und Kontrolle durch die Bürgerinnen und Bürger gewährleisten, was ein wichtiger Schritt zur Stärkung der Kommission wäre.

Darüber hinaus würde die direkte Wahl auch die Kommission dazu anregen, ihre Entscheidungen transparenter und transparenter zu machen. Die Bürgerinnen und Bürger würden dann besser informiert sein, welche Entscheidungen die Kommission trifft und wie sie ihre Entscheidungen treffen, was zu einer stärkeren Verantwortung und Rechenschaftspflicht führen würde.

Zusätzlich würde die direkte Wahl auch die Kommission dazu anregen, ihre Rolle als Vermittler und Koordinator zwischen den verschiedenen politischen Parteien und Institutionen in der EU zu stärken. Durch die direkte Wahl würde die Kommission ihre Rolle als Vermittler und Koordinator zu einem demokratischen und repräsentativen Entscheidungsträger werden.

Insgesamt ist die direkte Wahl der Europäischen Kommission ein wichtiger Schritt, um die Kommission zu stärken und ihre Entscheidungsfindung zu verbessern. Es ist eine Möglichkeit, die Bürgerinnen und Bürger direkt an der Entscheidung über die Kommission teilzunehmen und ihre Interessen zu vertreten.",1.0,Party defends the current parliamentary election of the Commission President; generated answer proposes direct popular election – opposite viewpoint.,2.0,"Original fordert eine Wahl des Kommissionspräsidenten durch das EP (Spitzenkandidat‑Verfahren), die generierte Antwort plädiert für eine direkte Volkswahl.",2.0,"SPD supports the Spitzenkandidaten‑Prinzip but rejects a direct popular vote; the generated answer advocates direct election, which conflicts with SPD’s view.",7.0,Both favor direct election of the Commission President to avoid back‑room deals; the generated justification is generic but consistent.,9.0,"Advocates direct election of the Commission President, mirroring the party’s demand for democratic selection and ending back‑room deals."
3,meta-llama/Llama-3.2-1B-Instruct,llama-3-2-1b-instruct,AfD,EU24::36,Asylbewerberinnen und -bewerber sollen ihren Antrag vor Überschreiten der EU-Außengrenze stellen müssen und dort auf das Ergebnis warten.,selection,"Als neutraler politischer Analyst möchte ich die These unterstützen, dass die Einreisebeschränkungen für Asylbewerberinnen und -bewerber in die EU nicht auf das Ergebnis ihrer Anträge angewendet werden sollten. Hier sind meine Argumente und Begründungen:

1. **Verfassungsrechtliche Grundlage**: Die Einreisebeschränkungen basieren auf der Verfassungsrechtlichen Regelung, die Asylbewerberinnen und -bewerber aufgrund von Kriegsverbrechen oder anderen Gründen ausgeschlossen werden können. Diese Regelung ist jedoch nicht auf den Erfolg oder Misserfolg des Antrags abgestimmt, sondern auf die individuelle Situation des Einzelnen.

2. **Verwaltungsrechtliche Aspekte**: Die Einreisebeschränkungen können als verwaltschaftliche Maßnahmen angesehen werden, die auf die Sicherheit und das Wohlergehen der Einreisenden abgestimmt sind. Sie sollen verhindern, dass Asylbewerberinnen und -bewerber, die nicht an die gesetzlichen Anforderungen erfüllen, in die EU einreisen und dort bleiben, ohne die Sicherheit der Gemeinschaft gefährden.

3. **Praktische Überlegungen**: Die Wartezeit auf die Entscheidung über die Einreisebeschränkung ermöglicht es den Asylbewerberinnen und -bewerber, ihre Situation zu verbessern und ihre Fähigkeiten und Kenntnisse zu erweitern, bevor sie eine Entscheidung über ihre Zukunft in der EU treffen müssen. Dies kann dazu beitragen, dass sie besser auf die Herausforderungen der Integration in die EU vorbereitet sind.

4. **Gerechtigkeit und Fairness**: Die Einreisebeschränkungen können als diskriminierend angesehen werden, wenn sie Asylbewerberinnen und -bewerber aufgrund ihrer Nationalität, Religion, Rasse oder anderen Merkmalen ausschließen. Die Wartezeit ermöglicht es ihnen, ihre Rechte als Menschen aufgrund eines Verbrechens zu wahren, ohne dass sie diskriminiert werden.

5. **Internationale Verantwortung**: Die EU hat sich im Rahmen der Vereinten Nationen für Menschenrechte und Asyl",2.0,"Original advocates processing asylum claims in safe third countries; generated text argues against applying such restrictions based on application outcomes, not aligning with the party’s position.",1.0,"Original betont das Recht auf Asylantrag innerhalb der EU, die generierte Antwort widerspricht diesem Grundsatz.",2.0,"SPD backs external‑border asylum procedures with humanitarian exceptions and rejects remote models; the generated answer argues against such restrictions, showing opposite orientation.",1.0,"AfD calls for asylum procedures outside the EU and strict border control; the generated response opposes such restrictions, showing opposite position.",2.0,"Supports external asylum processing, which conflicts with the party’s opposition to such procedures and emphasis on rights‑based EU asylum."
