schema_version,model,model_short_name,steered_party_key,thesis_key,thesis,split,steered_response,sim_CDU_CSU,judge_rationale_CDU_CSU,sim_GRUENE,judge_rationale_GRUENE,sim_SPD,judge_rationale_SPD,sim_AfD,judge_rationale_AfD,sim_DIE_LINKE,judge_rationale_DIE_LINKE
3,google/gemma-4-E4B-it,gemma-4-e4b-it,SPD,BT21::3,Bei Bundestagswahlen sollen auch Jugendliche ab 16 Jahren wählen dürfen.,selection,"## Analyse der These: ""Bei Bundestagswahlen sollen auch Jugendliche ab 16 Jahren wählen dürfen.""

Als neutraler politischer Analyst präsentiere ich Ihnen zwei mögliche, sachlich begründete Positionen zu dieser These: eine Befürwortende und eine Skeptische/Ablehnende.

---

### Position 1: Befürwortend (Pro)

**Politische Position:** Die Einführung des Wahlrechts für alle Bürger ab 16 Jahren sollte geprüft und umgesetzt werden.

**Begründung:**

Diese Position stützt sich auf die Prinzipien der **demokratischen Teilhabe** und der **politischen Reife**.

1. **Frühe Einbindung und politische Sozialisation:** Das Wahlalter von 16 Jahren würde junge Menschen früher in den politischen Prozess einbinden. Dies fördert die politische Bildung und die politische Sozialisation. Wenn junge Menschen früh wählen dürfen, entwickeln sie ein tieferes Verständnis für politische Zusammenhänge und die Bedeutung demokratischer Institutionen.
2. **Relevanz der Themen:** Jugendliche sind direkt von politischen Entscheidungen betroffen, insbesondere in Bereichen wie Bildung, Klimaschutz, Digitalisierung und Arbeitsmarkt. Eine frühere Wahlberechtigung würde sicherstellen, dass die Interessen dieser Bevölkerungsgruppe stärker in die politische Agenda einfließen.
3. **Erhöhung der Wahlbeteiligung:** Studien deuten darauf hin, dass die Senkung des Wahlalters die Wahlbeteiligung in dieser Altersgruppe erhöhen könnte, da die politische Relevanz für sie unmittelbar spürbar ist.

**Fazit dieser Position:** Die Erweiterung des Wahlrechts ist ein Schritt hin zu einer inklusiveren und zukunftsorientierteren Demokratie, die die Perspektiven aller Bürger berücksichtigt.

---

### Position 2: Skeptisch/Ablehnend (Contra)

**Politische Position:** Das Wahlalter sollte vorerst beibehalten werden, da die volle politische Urteilsfähigkeit und die notwendige politische Erfahrung erst mit dem 18. Lebensjahr erreicht werden.

**Begründung:**

Diese Position fokussiert auf die **Reife des politischen Urteils** und die **Stabilität des politischen Systems**.

1. **Politische Reife und Erfahrung:** Kritiker argumentieren, dass das 18. Lebensjahr ein etablierter gesellschaftlicher und rechtlicher Meilenstein darstellt, der mit einer gewissen persönlichen und gesellschaftlichen Reife korreliert.",2.0,"Originales Statement lehnt Wahlrecht ab 16 ab, generierte Antwort liefert neutrale Pro‑ und Contra‑Ansichten, keine Übereinstimmung.",2.0,"Die generierte Antwort liefert eine neutrale Analyse mit Pro‑ und Contra‑Argumenten, während die Grüne‑Stellung klar befürwortend ist. Inhaltlich kaum übereinstimmend.",2.0,"Original SPD befürwortet das Wahlalter ab 16, die generierte Antwort bleibt neutral und stellt Pro‑ und Contra‑Argumente, ohne die klare SPD‑Position zu übernehmen.",2.0,"Die generierte Antwort präsentiert eine neutrale Analyse mit sowohl befürwortenden als auch ablehnenden Argumenten, während die AfD‑Stellungnahme eindeutig das Wahlalter auf 16 ablehnt und ihre Argumentation auf Pflichten‑Rechte‑Verhältnis stützt. Die Positionen und Argumentationslinien weichen stark voneinander ab.",2.0,"Die Partei befürwortet das Wahlrecht ab 16, die generierte Antwort bleibt neutral und stellt beide Seiten dar, ohne die klare Befürwortung zu übernehmen."
3,google/gemma-4-E4B-it,gemma-4-e4b-it,SPD,BT21::4,Die Förderung von Windenergie soll beendet werden.,selection,"## Analyse der These: ""Die Förderung von Windenergie soll beendet werden.""

Als neutraler politischer Analyst präsentiere ich Ihnen zwei mögliche, sachlich begründete politische Positionen zu dieser These: eine **zustimmende** und eine **ablehnende** Position. Die Wahl der tatsächlichen politischen Haltung hängt von den jeweiligen Prioritäten (ökologische Nachhaltigkeit vs. wirtschaftliche/energetische Sicherheit) ab.

---

### Position 1: Zustimmung zur These (Förderung soll beendet werden)

**Politische Position:** Die staatliche Förderung von Windenergie sollte schrittweise beendet werden, um den Markt zu liberalisieren und die Abhängigkeit von staatlichen Subventionen zu reduzieren.

**Begründung:**

Diese Position stützt sich primär auf ökonomische und marktbasierte Argumente. Befürworter argumentieren, dass die Energiewende durch staatliche Subventionen künstlich verzerrt wird. Sobald die Technologie ausgereift ist und die Kosten wettbewerbsfähig sind (was bei vielen erneuerbaren Energien der Fall ist), sollte der Markt selbst die Preise und die Ausbaugeschwindigkeit bestimmen.

**Kernargumente:**

1. **Marktmechanismen:** Staatliche Förderungen können zu Ineffizienzen führen und Investitionen in weniger effiziente Projekte lenken. Ein freier Markt würde Innovationen belohnen, die die Kosten senken.
2. **Kosten-Nutzen-Analyse:** Die Kosten für den Netzausbau und die Speicherung von Windenergie sind erheblich. Wenn die Förderung beendet wird, muss die Wirtschaft die tatsächlichen Kosten der Energieerzeugung tragen, was zu einer realistischeren Preisgestaltung führt.
3. **Technologische Diversifizierung:** Die Beendigung der Fokussierung auf Windenergie könnte Investitionen in andere, potenziell kostengünstigere oder stabilere Energiequellen (z.B. Kernenergie, Geothermie oder Wasserstofftechnologien) lenken, um ein diversifiziertes Energiesystem zu gewährleisten.

---

### Position 2: Ablehnung der These (Förderung soll fortgesetzt werden)

**Politische Position:** Die staatliche Förderung von Windenergie muss beibehalten und gegebenenfalls verstärkt werden, um die Klimaziele zu erreichen und die Energiewende zu beschleunigen.

**Begründung:**

Diese Position basiert auf ökologischen Notwendigkeiten und der",1.0,"Die generierte Antwort präsentiert eine neutrale Analyse mit beiden möglichen Positionen und nimmt keine klare Befürwortung der windenergie‑fördernden Haltung der CDU/CSU ein. Sie widerspricht damit der originalen Aussage, die eindeutig die Förderung von Windenergie unterstützt.",1.0,"Die Originalaussage unterstützt die Förderung von Windenergie, die generierte Antwort stellt eine Position dar, die die Förderung beenden will – gegensätzliche Position.",2.0,"SPD will den Ausbau der Windkraft, die Antwort liefert eine ausgewogene Analyse mit beiden Seiten und spiegelt die SPD‑Stellung nicht wider.",2.0,"Der Originaltext der AfD propagiert eine klare Position zugunsten günstiger, gesicherter Energieversorgung und kritisiert teure, knappe Energie, während die generierte Antwort neutral bleibt, beide Seiten der These präsentiert und keine eindeutige Argumentationslinie der AfD übernimmt.",2.0,"Die Linke unterstützt den Ausbau von Windenergie; die Antwort liefert lediglich eine ausgewogene Analyse mit Pro‑ und Contra‑Argumenten, was nicht der Parteiposition entspricht."
3,google/gemma-4-E4B-it,gemma-4-e4b-it,SPD,BT21::6,Impfstoffe gegen Covid-19 sollen weiterhin durch Patente geschützt sein.,selection,"## Analyse der These: ""Impfstoffe gegen Covid-19 sollen weiterhin durch Patente geschützt sein.""

Als neutraler politischer Analyst präsentiere ich Ihnen zwei mögliche, sachlich begründete Positionen zu dieser These, da die Frage eine komplexe Abwägung zwischen Innovationsanreizen und öffentlichem Gesundheitsinteresse darstellt.

---

### Position A: Befürwortung des Patentschutzes (Pro-Patent)

**Politische Position:** Der Patentschutz für Covid-19-Impfstoffe sollte beibehalten werden.

**Begründung:**

Diese Position stützt sich primär auf die **Förderung wissenschaftlicher Innovation und Investitionssicherheit**. Die Entwicklung und Herstellung komplexer biotechnologischer Produkte wie Impfstoffe erfordert immense Mengen an Forschungskapital, Zeit und hochspezialisiertem Humankapital. Patente dienen als rechtlicher Anreiz, indem sie den Erfindern und Unternehmen für einen definierten Zeitraum ein exklusives Monopol auf die Nutzung ihrer Erfindung gewähren.

Ohne diesen Schutz wäre die finanzielle Rendite für die hohen Risiken und Kosten der Forschung unsicher. Die Befürworter argumentieren, dass die Gewissheit eines Patents die notwendigen Investitionen in die nächste Generation von Impfstoffen und medizinischen Durchbrüchen (z.B. gegen zukünftige Varianten oder andere Pandemien) erst ermöglicht. Die Patentierung sichert somit langfristig die Innovationskraft der pharmazeutischen Industrie, was letztlich dem öffentlichen Gesundheitswesen zugutekommt.

---

### Position B: Ablehnung des Patentschutzes (Anti-Patent / Öffentliches Interesse)

**Politische Position:** Der Patentschutz für Covid-19-Impfstoffe sollte gelockert oder aufgehoben werden, um eine breitere globale Verfügbarkeit zu gewährleisten.

**Begründung:**

Diese Position priorisiert das **globale öffentliche Gesundheitsinteresse und die gerechte Verteilung von lebensrettenden Gütern**. Kritiker des Patentsystems argumentieren, dass in einer Pandemiesituation der Schutz des geistigen Eigentums hinter der Notwendigkeit der schnellen und universellen Verfügbarkeit von medizinischen Gegenmitteln zurückstehen muss.

Patente können zu Monopolpreisen führen, die für Länder mit geringem Einkommen unerschwinglich sind. Durch die Aufhebung oder Lizenzierung von Patenten (z.B. über Mechanismen wie",3.0,"Die generierte Antwort präsentiert mehrere mögliche Positionen und bleibt neutral, während die Originalaussage der CDU/CSU eindeutig den Patentschutz befürwortet und Argumente dafür liefert. Die Kernargumente (Komplexität der Produktion, Kapitalanreiz, COVAX) werden nicht fokussiert wiederholt, sodass die Übereinstimmung gering ist.",1.0,"Die Grünen wollen Patente temporär aussetzen, die generierte Antwort präsentiert eine Befürwortung des Patentschutzes – völlig entgegengesetzt.",2.0,"Die generierte Antwort bleibt neutral und stellt beide Pro‑ und Contra‑Argumente dar, während die SPD‑Aussage klar eine Position befürwortet: Patente bleiben grundsätzlich erhalten, aber mit aktivem Wissens‑ und Technologietransfer sowie der Möglichkeit von Zwangslizenzen. Die Argumentationsschwerpunkte und das Ziel (weltweiter Produktionsausbau) fehlen in der generierten Antwort, sodass die Übereinstimmung sehr gering ist.",2.0,"Die Originalaussage befürwortet den Patentschutz, während die generierte Antwort eine neutrale Analyse mit Pro‑ und Contra‑Argumenten liefert – kaum Übereinstimmung in Position und Argumentation.",2.0,Die Partei will Patente für öffentlich geförderte Impfstoffe lockern; die Antwort präsentiert beide Seiten und nimmt keine klare ablehnende Haltung gegenüber Patentschutz ein.
3,google/gemma-4-E4B-it,gemma-4-e4b-it,SPD,BT21::8,Alle Erwerbstätigen sollen in der gesetzlichen Rentenversicherung versichert sein müssen.,selection,"## Analyse der These: ""Alle Erwerbstätigen sollen in der gesetzlichen Rentenversicherung versichert sein müssen.""

Als neutraler politischer Analyst präsentiere ich Ihnen zwei mögliche, sachlich begründete Positionen zu dieser These: eine **zustimmende** und eine **skeptische/modifizierende**.

---

### Position 1: Zustimmend (Befürwortung der These)

**Politische Position:** **Starke Befürwortung.** Die gesetzliche Rentenversicherung sollte ein universelles und verpflichtendes System für alle Erwerbstätigen darstellen.

**Begründung:**

Diese Position basiert auf dem Prinzip der **sozialen Absicherung und der Solidarität**.

1. **Soziale Gerechtigkeit und Existenzsicherung:** Die gesetzliche Rentenversicherung dient primär dazu, das Risiko des Alters und des Einkommensverlusts abzufedern. Wenn nicht alle Erwerbstätigen versichert sind, entsteht eine Gruppe von potenziell armen Rentnern, die auf staatliche Sozialhilfe angewiesen sind. Dies widerspricht dem Grundgedanken eines sozialen Sicherungssystems.
2. **Stabilität des Sozialstaates:** Ein breites Versorgungsnetzwerk stabilisiert die Gesellschaft. Die Pflichtversicherung stellt sicher, dass die Last der Altersvorsorge nicht nur auf die staatlichen Kassen, sondern auf die gesamte erwerbstätige Bevölkerung verteilt wird.
3. **Vereinfachung und Gleichbehandlung:** Eine universelle Pflichtversicherung vereinfacht das System für Arbeitnehmer und Arbeitgeber gleichermaßen und stellt sicher, dass alle Bürger, unabhängig von ihrem Beschäftigungsstatus oder ihrer Branche, Zugang zu einem grundlegenden Rentenanspruch haben.

**Implikation:** Diese Position setzt voraus, dass die Finanzierung (Beiträge) und die Tragfähigkeit des Systems durch die breite Basis gesichert werden können.

---

### Position 2: Skeptisch/Modifizierend (Kritik oder Bedingung der These)

**Politische Position:** **Bedingte Ablehnung oder Modifikation.** Während die Absicherung aller Bürger ein Ziel sein muss, ist die *ausschließliche* oder *obligatorische* Bindung an die *gesetzliche* Rentenversicherung für alle Erwerbstätigen nicht die optimale Lösung.

**Begründung:**

Diese Position fokussiert auf **Flexibilität, Marktwirtschaft und die Vi",2.0,"Partei spricht gegen verpflichtende Versicherung aller Erwerbstätigen, generierte Antwort präsentiert ebenfalls beide Seiten, inkl. Befürwortung.",2.0,"Original: schrittweise Bürgerversicherung für alle. Generiert: neutrale Pro‑/Contra‑Analyse, keine klare Übereinstimmung mit der Grünen‑Position.",2.0,"Die generierte Antwort bleibt neutral und präsentiert mehrere mögliche Positionen, während die SPD‑Aussage eindeutig eine verpflichtende Ausweitung der gesetzlichen Rentenversicherung auf alle Erwerbstätigen fordert. Die Argumentationslinie und der klare Standpunkt der SPD fehlen, sodass die Übereinstimmung sehr gering ist.",2.0,"Die Partei will eine verpflichtende Aufnahme aller Erwerbstätigen in die GRV, die Antwort stellt jedoch beide Seiten dar und gibt keine klare Befürwortung, sodass die Übereinstimmung gering ist.",2.0,"Die Linke fordert eine verpflichtende gesetzliche Rentenversicherung für alle Erwerbstätigen; die Antwort bleibt neutral und bietet Gegenpositionen, sodass die Position nicht wiedergegeben wird."
3,google/gemma-4-E4B-it,gemma-4-e4b-it,SPD,BT21::10,"Auf den Umsatz, der in Deutschland mit digitalen Dienstleistungen erzielt wird, soll eine nationale Steuer erhoben werden.",selection,"## Analyse der These: Nationale Steuer auf den Umsatz digitaler Dienstleistungen in Deutschland

**These:** Auf den Umsatz, der in Deutschland mit digitalen Dienstleistungen erzielt wird, soll eine nationale Steuer erhoben werden.

---

### Formulierung einer politischen Position

**Position:** **Befürwortung einer gezielten, moderaten Besteuerung digitaler Dienstleistungen, jedoch mit klaren Rahmenbedingungen zur Vermeidung von Doppelbesteuerung und zur Förderung von Innovation.**

---

### Begründung der Position

Die Einführung einer nationalen Steuer auf den Umsatz digitaler Dienstleistungen ist ein komplexes Thema, das ökonomische, soziale und internationale Aspekte berührt. Die Befürwortung dieser Maßnahme basiert auf der Notwendigkeit, die fiskalische Basis des Staates an die moderne Wirtschaftsstruktur anzupassen, während gleichzeitig die Wettbewerbsfähigkeit und die Innovationskraft des deutschen digitalen Sektors geschützt werden muss.

#### Argumente für die Besteuerung (Pro)

1. **Fiskalische Gerechtigkeit und Steuerbasis-Anpassung:** Traditionelle Besteuerungssysteme basieren oft auf physischen Präsenzen (Betriebsstätten). Digitale Unternehmen operieren jedoch global und generieren erhebliche Umsätze in Deutschland, ohne notwendigerweise physische Niederlassungen zu unterhalten. Eine nationale Steuer würde sicherstellen, dass diese ""digitale Wertschöpfung"" angemessen in das deutsche Steuersystem einfließt und somit die Steuergerechtigkeit wiederhergestellt wird.
2. **Finanzierung öffentlicher Güter:** Die Einnahmen aus einer solchen Steuer könnten gezielt zur Finanzierung von Infrastruktur (z.B. Breitbandausbau), Bildung oder zur Regulierung des digitalen Raumes verwendet werden, was dem gesellschaftlichen Nutzen dieser Dienstleistungen entspricht.
3. **Verringerung des Wettbewerbsverzerrung:** Ohne eine Besteuerung könnten Unternehmen, die ihre Dienstleistungen primär im Ausland erbringen, einen unfairen Wettbewerbsvorteil gegenüber in Deutschland ansässigen Unternehmen genießen, die alle lokalen Abgaben zahlen müssen.

#### Argumente gegen eine unregulierte Besteuerung (Kontra/Vorsicht)

1. **Risiko der Doppelbesteuerung und Internationalität:** Da viele dieser Dienstleistungen grenzüberschreitend erbracht werden, besteht die Gefahr, dass Umsätze bereits in dem Land besteuert werden, in dem der Kunde sitzt, oder dass internationale Abkommen verletzt werden.",7.0,"Die generierte Antwort befürwortet ebenfalls eine nationale Besteuerung digitaler Dienstleistungen und betont faire Rahmenbedingungen, was der Grundposition der CDU/CSU entspricht. Allerdings fehlt die explizite Bezugnahme auf die OECD‑Koordination und die Betonung großer Konzerne, sodass die Argumentationsschwerpunkte leicht abweichen.",3.0,"Beide Texte fordern eine Besteuerung digitaler Konzerne, jedoch ist die generierte Antwort allgemein gehalten und fehlt die Betonung einer europäischen Lösung.",3.0,"Beide Texte behandeln die Besteuerung digitaler Unternehmen, doch SPD fokussiert auf globale Mindestbesteuerung von Gewinnen, während die Antwort eine moderate nationale Umsatzsteuer vorschlägt.",4.0,"Beide Texte unterstützen eine Digitalsteuer, doch die generierte Antwort fügt moderate Rahmenbedingungen und Gegenargumente ein, die im Original nicht genannt werden – teilweise Übereinstimmung.",7.0,"Die generierte Antwort unterstützt grundsätzlich die Einführung einer Steuer auf digitale Dienstleistungen, was der Kernposition von DIE LINKE entspricht. Allerdings fügt sie zusätzliche Nuancen wie moderate Besteuerung, Vermeidung von Doppelbesteuerung und Innovationsförderung hinzu, die in der Originalaussage nicht vorkommen, wodurch die Argumentationsschwerpunkte nicht vollständig übereinstimmen."
3,google/gemma-4-E4B-it,gemma-4-e4b-it,SPD,BT21::11,"Die traditionelle Familie aus Vater, Mutter und Kindern soll stärker als andere Lebensgemeinschaften gefördert werden.",selection,"## Analyse der These: ""Die traditionelle Familie aus Vater, Mutter und Kindern soll stärker als andere Lebensgemeinschaften gefördert werden.""

Als neutraler politischer Analyst präsentiere ich Ihnen zwei mögliche, sachlich begründete Positionen zu dieser These: eine **zustimmende** und eine **ablehnende/modifizierende**.

---

### Position 1: Zustimmung (Förderung der traditionellen Kernfamilie)

**Politische Position:**
Die Politik sollte gezielte Anreize und Unterstützungsstrukturen schaffen, um die Stabilität und das Wohlbefinden der traditionellen Kernfamilie (Vater, Mutter, Kinder) zu stärken, da diese als primäre soziale und erzieherische Einheit für die Gesellschaft gilt.

**Begründung:**
Diese Position stützt sich auf die Annahme, dass die traditionelle Familienstruktur eine hohe soziale Kohäsion und eine stabile Basis für die Erziehung zukünftiger Generationen bietet. Die Förderung dieser Struktur kann durch Maßnahmen wie steuerliche Vorteile für Familien mit Kindern, verbesserte Kinderbetreuungsangebote (Kita-Ausbau) oder gezielte Unterstützung bei der Vereinbarkeit von Beruf und Familie erfolgen.

**Argumentative Basis:**
* **Soziale Stabilität:** Eine stabile Kernfamilie wird oft als wichtiger Ankerpunkt in der Gesellschaft betrachtet, der soziale Sicherheit und Wertevermittlung gewährleistet.
* **Erziehung und Sozialisation:** Die traditionelle Struktur wird als idealer Rahmen für die Vermittlung kultureller und sozialer Normen angesehen.
* **Demografische Verantwortung:** In Zeiten des demografischen Wandels kann die Stärkung der Geburtenrate und der familiären Strukturen als Beitrag zur Sicherung der sozialen Sicherungssysteme gesehen werden.

---

### Position 2: Ablehnung/Modifikation (Gleichbehandlung aller Lebensformen)

**Politische Position:**
Die Politik sollte nicht spezifische Lebensformen bevorzugen, sondern einen **universellen Rahmen** schaffen, der alle Familien- und Lebensgemeinschaften – unabhängig von ihrer Struktur (Kernfamilie, Patchwork, Alleinerziehend, gleichgeschlechtliche Partnerschaften etc.) – gleichermaßen unterstützt und fördert.

**Begründung:**
Diese Position basiert auf dem Prinzip der Gleichberechtigung und der Anerkennung der Diversität menschlicher Lebensentwürfe. Die Definition einer ""traditionellen Familie"" ist historisch und kulturell variabel und kann",2.0,"CDU betont Vielfalt von Familienformen, generierte Antwort stellt eine Befürwortung der traditionellen Kernfamilie dar.",1.0,"Die Grüne Aussage betont Gleichstellung aller Familienformen, während die generierte Antwort einerseits eine Position befürwortet, die die traditionelle Kernfamilie stärker fördert – genau das Gegenteil der Grünen Position. Die Argumentationslinien und Zielsetzungen weichen damit stark voneinander ab.",2.0,"Die generierte Antwort stellt neutrale, mehrseitige Analysen dar und enthält sogar eine befürwortende Position für die traditionelle Kernfamilie, während die SPD‑Aussage ausdrücklich alle Familienformen gleichwertig unterstützt und Diskriminierung von LSBTIQ‑Familien abbauen will. Damit weicht die Argumentation stark von der inklusiven Position der SPD ab.",2.0,"Die AfD fordert eine stärkere Förderung der traditionellen Familie, die Antwort bleibt neutral und präsentiert beide Sichtweisen, wodurch die Position kaum übereinstimmt.",2.0,"Die Antwort präsentiert beide Pro‑ und Contra‑Argumente zur traditionellen Familie, während DIE LINKE eindeutig eine Gleichstellung aller Familienformen fordert. Die generierte Antwort weicht damit stark von der klaren Position der Partei ab."
3,google/gemma-4-E4B-it,gemma-4-e4b-it,SPD,BT21::13,Studentinnen und Studenten sollen BAföG unabhängig vom Einkommen ihrer Eltern erhalten.,selection,"## Analyse der These: ""Studentinnen und Studenten sollen BAföG unabhängig vom Einkommen ihrer Eltern erhalten.""

Als neutraler politischer Analyst präsentiere ich Ihnen zwei mögliche Positionen zu dieser These – eine Befürwortende und eine Ablehnende – jeweils mit einer sachlichen Begründung.

---

### Position 1: Befürwortung (Pro)

**Politische Position:** Die These wird befürwortet.

**Begründung:**

Die Befürwortung dieser These basiert primär auf dem Prinzip der **Chancengleichheit** und der **Förderung der sozialen Mobilität**. Bildung gilt als zentraler Motor für gesellschaftlichen Aufstieg und wirtschaftliche Entwicklung. Wenn die finanzielle Unterstützung für ein Studium von den Einkommensverhältnissen der Eltern abhängig gemacht wird, entsteht eine strukturelle Barriere für Studierende aus einkommensschwächeren Familien.

Die Unabhängigkeit vom elterlichen Einkommen würde sicherstellen, dass die Studienentscheidung primär von **individuellen Talenten, Interessen und akademischen Ambitionen** und nicht von der sozioökonomischen Herkunft bestimmt wird. Dies stärkt die Chancengleichheit im Bildungssystem.

Aus einer gesellschaftspolitischen Perspektive kann dies auch als Investition in das Humankapital des Landes gesehen werden. Durch die Senkung finanzieller Hürden wird die Wahrscheinlichkeit erhöht, dass qualifizierte junge Menschen studieren und somit zukünftige Fachkräfte für die Wirtschaft und Gesellschaft hervorbringen.

---

### Position 2: Ablehnung (Contra)

**Politische Position:** Die These wird abgelehnt.

**Begründung:**

Die Ablehnung dieser These stützt sich primär auf die **ökonomische Tragfähigkeit** des Systems und die **Notwendigkeit zielgerichteter Ressourcenallokation**. Die vollständige Entkopplung des BAföG vom elterlichen Einkommen würde eine signifikante und sehr kostspielige Erhöhung der staatlichen Ausgaben bedeuten.

Aus fiskalischer Sicht müsste der Staat die gesamte finanzielle Last für alle Studierenden übernehmen, unabhängig von der familiären Situation. Dies könnte zu einer Belastung des öffentlichen Haushalts führen, die entweder durch höhere Steuern oder durch Kürzungen in anderen wichtigen öffentlichen Bereichen (z.B. Infrastruktur, Gesundheitswesen) kompensiert werden müsste.

Darüber hinaus argumentieren Kritiker, dass die aktuelle Struktur des BAf",2.0,"CDU will Einkommensprüfung beim BAföG beibehalten, generierte Antwort bietet pro‑ und contra‑Positionen, inkl. uneingeschränkter Befürwortung.",2.0,"Die generierte Antwort bleibt neutral und stellt sowohl Befürwortungs‑ als auch Ablehnungsargumente dar, während die Originalaussage der Grünen eindeutig die Einführung eines elternunabhängigen BAföG als Grundsicherung fordert. Die Position und Argumentation weichen damit stark voneinander ab.",2.0,"Die generierte Antwort präsentiert eine neutrale Analyse mit Pro‑ und Contra‑Argumenten, während die SPD‑Aussage klar eine reformorientierte, elternunabhängige Unterstützung für Studierende betont. Die Positionen und Argumentationslinien weichen stark voneinander ab.",1.0,"Die Partei will BAföG leistungsabhängig reformieren, die generierte Antwort befürwortet ein universelles BAföG unabhängig vom Elterneinkommen – völlig gegensätzliche Positionen.",2.0,"Die generierte Antwort bleibt neutral und stellt sowohl Befürwortungs‑ als auch Ablehnungsargumente dar, während DIE LINKE eindeutig eine klare Befürwortung von BAföG für alle Bedürftigen ohne Rückzahlung fordert. Die Position und Argumentationslinie weichen stark voneinander ab."
3,google/gemma-4-E4B-it,gemma-4-e4b-it,SPD,BT21::16,"Die Ostsee-Pipeline ""Nord Stream 2"", die Gas von Russland nach Deutschland transportiert, soll wie geplant in Betrieb gehen dürfen.",selection,"## Analyse der These: Die Ostsee-Pipeline ""Nord Stream 2"" soll wie geplant in Betrieb gehen dürfen.

Als neutraler politischer Analyst präsentiere ich Ihnen zwei mögliche, sachlich begründete Positionen zu dieser These, da die Frage der Nord Stream 2 tiefgreifende geopolitische, wirtschaftliche und sicherheitspolitische Dimensionen berührt.

---

### Position A: Befürwortung des Betriebs (Pro-Infrastruktur- und Energiepartnerschaft-Ansatz)

**Politische Position:** Die Inbetriebnahme der Nord Stream 2 sollte unter strengen regulatorischen Auflagen und im Rahmen eines stabilen europäischen Energiepartnerschafts erfolgen.

**Begründung:**

1. **Energieversorgungssicherheit und Wirtschaftlichkeit:** Befürworter argumentieren, dass die Pipeline eine zuverlässige und kosteneffiziente Energiequelle für Deutschland und Europa darstellt. Die Diversifizierung der Energiequellen und die Sicherstellung eines kontinuierlichen Gasflusses sind aus rein wirtschaftlicher Sicht wichtig für die industrielle Stabilität und die Preisstabilität auf dem europäischen Energiemarkt.
2. **Diplomatischer Dialog:** Die Pipeline kann als ein Instrument zur Aufrechterhaltung des wirtschaftlichen Dialogs zwischen Deutschland und Russland gesehen werden. Solange die Infrastruktur funktioniert, bleibt ein Kanal für Verhandlungen und die Bewältigung gemeinsamer Herausforderungen offen.
3. **Infrastrukturelle Notwendigkeit:** Aus technischer Sicht stellt die Pipeline eine fertiggestellte Infrastruktur dar, deren Betrieb die Versorgungssicherheit erhöht, sofern die politischen Rahmenbedingungen dies zulassen.

**Anmerkung:** Diese Position fokussiert primär auf die ökonomischen und infrastrukturellen Vorteile, während sie die geopolitischen Risiken nicht ignoriert, sondern versucht, diese durch regulatorische Rahmenbedingungen zu managen.

---

### Position B: Ablehnung des Betriebs (Pro-Geopolitische Diversifizierung und Souveränitäts-Ansatz)

**Politische Position:** Die Inbetriebnahme der Nord Stream 2 sollte verhindert oder zumindest stark eingeschränkt werden, um die Abhängigkeit Europas von russischen Energielieferungen zu reduzieren und die europäische Energiesouveränität zu stärken.

**Begründung:**

1. **Geopolitische Abhängigkeit und Risiko:** Kritiker sehen in der Pipeline ein strategisches Risiko. Die Abhängigkeit von einem einzelnen Lieferanten (Russland) macht die europäische Energieversorgung anfällig für politische Druckmittel",4.0,"Partei ist grundsätzlich pro Nord Stream 2 mit Sicherungsmechanismen; generierte Antwort liefert eine generelle Befürwortung, aber ohne die differenzierte Bedingung.",1.0,"Die generierte Antwort bleibt neutral und stellt sowohl Befürwortungs‑ als auch Gegenargumente dar, während die Grüne‑Aussage eindeutig die Inbetriebnahme kritisiert und ablehnt. Damit weicht die Position vollständig von der originalen Parteiaussage ab.",2.0,"SPD lehnt Nord Stream 2 ab, die Antwort präsentiert sowohl Befürwortung als auch Ablehnung und bleibt damit unklar gegenüber der SPD‑Position.",2.0,"AfD unterstützt Nord Stream 2, die Antwort liefert eine neutrale Pro‑/Contra‑Analyse, ohne klare Befürwortung, daher geringe Übereinstimmung.",1.0,"Die Partei lehnt Nord Stream 2 ab, die generierte Antwort enthält sogar eine Befürwortungsposition, was diametral zur Parteiaussage steht."
3,google/gemma-4-E4B-it,gemma-4-e4b-it,SPD,BT21::18,Das Tragen eines Kopftuchs soll Beamtinnen im Dienst generell erlaubt sein.,selection,"## Analyse der These: ""Das Tragen eines Kopftuchs soll Beamtinnen im Dienst generell erlaubt sein.""

Als neutraler politischer Analyst präsentiere ich Ihnen zwei mögliche, sachlich begründete Positionen zu dieser These, da die Frage tief in den Spannungsfeldern von Gleichberechtigung, Religionsfreiheit und Dienstneutralität verankert ist.

---

### Position A: Befürwortung der generellen Erlaubnis (Pro-Religionsfreiheit)

**Position:** Das Tragen eines Kopftuchs soll Beamtinnen im Dienst generell erlaubt sein.

**Begründung:**

Diese Position stützt sich primär auf das **Grundrecht auf Religionsfreiheit** und die **Gleichbehandlung**. Aus Sicht der Bürgerrechte ist die staatliche Pflicht, die religiöse Überzeugung seiner Mitarbeiter zu respektieren, ein zentraler Pfeiler eines pluralistischen Rechtsstaates.

1. **Rechtliche Grundlage:** Die Verweigerung der religiösen Praxis eines Mitarbeiters kann als Diskriminierung aufgrund der Weltanschauung gewertet werden. Ein generelles Verbot würde somit gegen das Gleichbehandlungsgebot verstoßen.
2. **Inklusion und Diversität:** Die Akzeptanz religiöser Symbole fördert ein inklusiveres Arbeitsumfeld und spiegelt die Diversität der Gesellschaft wider, die der Staat repräsentiert.
3. **Abgrenzung zur Dienstpflicht:** Solange das Kopftuch die Funktionsfähigkeit des Amtes nicht beeinträchtigt (z.B. bei bestimmten Sicherheitsanforderungen), sollte es als persönliches Ausdrucksmittel anerkannt werden.

**Einschränkung (Notwendige Bedingung):** Diese Erlaubnis muss jedoch stets an die **Funktionsfähigkeit des Amtes** geknüpft sein. In Bereichen, in denen strenge Sicherheits- oder Hygienevorschriften gelten (z.B. bestimmte medizinische oder militärische Funktionen), können spezifische, verhältnismäßige Einschränkungen notwendig sein, die nicht pauschal verboten werden dürfen.

---

### Position B: Befürwortung einer differenzierten Regelung (Pro-Dienstneutralität)

**Position:** Das Tragen eines Kopftuchs soll nicht generell erlaubt sein, sondern muss im Einzelfall anhand der jeweiligen dienstlichen Anforderungen geprüft werden.

**Begründung:**

Diese Position priorisiert das **Prinzip der Dienstneutralität** und die **Fun",1.0,"CDU lehnt generelle Erlaubnis für Kopftuch ab, generierte Antwort argumentiert für eine generelle Erlaubnis – gegensätzliche Position.",3.0,"Die generierte Antwort präsentiert mehrere mögliche Positionen und bleibt neutral, während die GRÜNE‑Aussage klar gegen ein generelles Verbot argumentiert und die Religionsfreiheit betont. Nur ein Teil der Argumentation (Pro‑Erlaubnis) überschneidet sich, der Rest weicht stark ab.",2.0,"SPD erklärt mögliche Einschränkungen des Kopftuchtragens im Dienst, die Antwort bietet wieder Pro‑ und Contra‑Ansichten ohne klare SPD‑Linie.",2.0,"Die generierte Antwort präsentiert neutrale, mehrseitige Analysen und beinhaltet eine Befürwortungsposition für das Kopftuch, während die AfD‑Aussage strikt ein generelles Verbot fordert. Damit weicht die Argumentation stark von der Originalposition ab.",2.0,"Die Linke verteidigt das Selbstbestimmungsrecht beim Kopftuch, die Antwort bleibt neutral und stellt beide Argumentationslinien dar, ohne die klare Position zu übernehmen."
3,google/gemma-4-E4B-it,gemma-4-e4b-it,SPD,BT21::19,Die Zulassung von neuen Autos mit Verbrennungsmotor soll auch langfristig möglich sein.,selection,"## Analyse der These: ""Die Zulassung von neuen Autos mit Verbrennungsmotor soll auch langfristig möglich sein.""

Als neutraler politischer Analyst präsentiere ich Ihnen zwei mögliche, sachlich begründete politische Positionen zu dieser These, da die Frage selbst eine tiefgreifende Abwägung zwischen technologischem Fortschritt, Klimaschutz und wirtschaftlicher Realität erfordert.

---

### Position A: Befürwortung der langfristigen Zulassung (Pragmatischer/Technologieoffener Ansatz)

**Politische Position:** Die Zulassung von neuen Autos mit Verbrennungsmotor sollte unter strengen, sich ständig verschärfenden Emissionsstandards und unter gleichzeitiger Förderung alternativer Antriebstechnologien langfristig möglich bleiben.

**Begründung:**

Diese Position basiert auf einem **pragmatischen und technologieoffenen Ansatz**. Sie erkennt an, dass der Übergang zu einer vollständig emissionsfreien Mobilität ein komplexer, globaler Prozess ist, der Zeit benötigt.

1. **Technologische Reife und Flexibilität:** Verbrennungsmotoren können durch fortschrittliche Technologien (z.B. synthetische Kraftstoffe, E-Fuels, oder verbesserte Katalysatoren) so modifiziert werden, dass sie ihre Emissionen signifikant reduzieren und somit mit zukünftigen Umweltauflagen kompatibel bleiben. Ein sofortiges Verbot könnte Innovationen in diesem Sektor unnötig bremsen.
2. **Infrastrukturelle Realität:** Die vollständige Umstellung der globalen Mobilitätsinfrastruktur (Tankstellennetz, Ladeinfrastruktur, Stromnetze) auf rein elektrische Antriebe ist ein Mammutprojekt, das Jahrzehnte in Anspruch nimmt. Eine schrittweise Regulierung erlaubt es, diese Infrastruktur parallel auszubauen.
3. **Wirtschaftliche Stabilität:** Ein abruptes Verbot würde erhebliche wirtschaftliche Schocks in der Automobilindustrie und bei den betroffenen Verbrauchergruppen auslösen. Eine langfristige Zulassung ermöglicht eine geordnete Transformation der Wertschöpfungsketten.

**Fazit dieser Position:** Der Fokus liegt auf einer **gesteuerten Transformation**, bei der der Verbrennungsmotor als Übergangstechnologie unter strengen Auflagen erhalten bleibt, bis die Alternativen vollständig ausgereift sind.

---

### Position B: Ablehnung der langfristigen Zulassung (Klimaschutz-Priorisierter Ansatz",1.0,"CDU will Ausstieg aus Verbrennungsmotoren, generierte Antwort unterstützt langfristige Zulassung – entgegengesetzte Haltung.",1.0,"Die Grünen wollen ein festes Ausstiegsdatum, die generierte Antwort diskutiert eine mögliche langfristige Zulassung – gegensätzliche Haltung.",2.0,"SPD will den Verbrenner auslaufen lassen, die Antwort diskutiert beide Optionen und übernimmt nicht die klare SPD‑Ablehnung langfristiger Verbrennerzulassung.",2.0,"Der Originaltext vertritt eindeutig die Position, dass die Zulassung von Verbrennungsmotoren langfristig möglich bleiben soll und kritisiert ein Verbot. Die generierte Antwort bleibt neutral, stellt mehrere mögliche Positionen dar und gibt keine klare Befürwortung der langfristigen Zulassung, wodurch die Argumentationslinie stark abweicht.",1.0,"Die Partei will ab 2030 keine neuen Verbrenner zulassen; die generierte Antwort präsentiert eine Befürwortung der langfristigen Zulassung, also gegensätzliche Haltung."
3,google/gemma-4-E4B-it,gemma-4-e4b-it,SPD,BT21::20,Der Bund soll mehr Zuständigkeiten in der Schulpolitik erhalten.,selection,"## Analyse der These: ""Der Bund soll mehr Zuständigkeiten in der Schulpolitik erhalten.""

Als neutraler politischer Analyst präsentiere ich Ihnen zwei mögliche, sachlich begründete Positionen zu dieser These: eine Befürwortende und eine Ablehnende. Die Wahl der passenden Position hängt von den jeweiligen Prioritäten (nationale Einheit vs. regionale Autonomie) ab.

---

### Position A: Befürwortung der Stärkung der Bundeskompetenz

**Position:** **Ja, der Bund sollte mehr Zuständigkeiten in der Schulpolitik erhalten.**

**Begründung:**

Die Stärkung der bundespolitischen Steuerung in der Schulpolitik kann zur **Gewährleistung von Chancengleichheit und Qualitätssicherung** über alle Bundesländer hinweg beitragen.

1. **Gleichwertige Bildungschancen:** Ein föderales System führt oft zu erheblichen Unterschieden in Lehrplänen, Ressourcen und Bildungsstandards zwischen den einzelnen Bundesländern. Eine stärkere bundesweite Koordination könnte Mindeststandards definieren und sicherstellen, dass Schüler unabhängig von ihrem Wohnort Zugang zu einer qualitativ hochwertigen Bildung erhalten.
2. **Effizienz und Modernisierung:** Große bildungspolitische Herausforderungen (wie die Digitalisierung, der Umgang mit Diversität oder die Anpassung an den Fachkräftemangel) erfordern oft eine kohärente, landesübergreifende Strategie. Der Bund könnte hier als Katalysator für notwendige, schnelle und einheitliche Modernisierungen fungieren, die einzelne Länder aufgrund ihrer administrativen Trägheit nicht schnell genug umsetzen können.
3. **Ressourcenbündelung:** Durch eine zentralere Steuerung könnten bundesweite Investitionen in Infrastruktur, Lehrmaterialien oder Lehrerfortbildung effizienter geplant und verteilt werden, anstatt dass jedes Bundesland isoliert agieren muss.

---

### Position B: Ablehnung der Stärkung der Bundeskompetenz (Befürwortung des Föderalismus)

**Position:** **Nein, die Zuständigkeiten in der Schulpolitik sollten primär bei den Ländern verbleiben.**

**Begründung:**

Die Beibehaltung der weitgehenden Kompetenz der Länder ist essenziell, um die **Nähe zur lokalen Realität, die kulturelle Vielfalt und die demokratische Legitimität** des Bildungssystems zu gewährleisten.

1.",2.0,"Die generierte Antwort präsentiert eine neutrale Analyse mit Pro‑ und Contra‑Argumenten, während die CDU/CSU‑Aussage die bestehende Aufgabenteilung betont und nur von gemeinsamer Verantwortung spricht, nicht von einer Ausweitung der Bundeskompetenz. Die Positionen und Argumentationslinien weichen stark voneinander ab.",2.0,"Original betont Kooperation von Bund und Ländern, nicht mehr Zuständigkeit des Bundes. Die generierte Antwort stellt Pro‑ und Contra‑Positionen dar, ohne die Grüne‑Botschaft zu übernehmen.",2.0,"Die generierte Antwort präsentiert eine neutrale, zweispaltige Analyse und bietet sowohl Befürwortungs‑ als auch Ablehnungsargumente, während die SPD‑Aussage klar eine stärkere bundesweite Kooperation und konkrete Initiative für Chancengleichheit betont. Die Position und Argumentationslinie weichen stark voneinander ab.",2.0,"Die generierte Antwort bleibt neutral und stellt sowohl Befürwortungs‑ als auch Ablehnungsargumente dar, während die AfD‑Aussage klar gegen eine Ausweitung der Bundeskompetenz in der Schulpolitik argumentiert und föderale Zuständigkeiten betont. Damit weicht die Position stark von der originalen Parteiaussage ab.",2.0,"Die Linke fordert mehr Bundeskompetenz in der Bildung, die Antwort bleibt neutral und bietet Pro‑ und Contra‑Ansichten, ohne die parteiliche Forderung zu spiegeln."
3,google/gemma-4-E4B-it,gemma-4-e4b-it,SPD,BT21::22,Chinesische Firmen sollen keine Aufträge für den Ausbau der Kommunikationsinfrastruktur in Deutschland erhalten dürfen.,selection,"## Analyse der These: ""Chinesische Firmen sollen keine Aufträge für den Ausbau der Kommunikationsinfrastruktur in Deutschland erhalten dürfen.""

Als neutraler politischer Analyst präsentiere ich Ihnen zwei mögliche, sachlich begründete Positionen zu dieser These, da die Frage selbst eine komplexe Abwägung zwischen wirtschaftlichen Interessen, geopolitischen Risiken und Souveränität darstellt.

---

### Position A: Befürwortung des Verbots (Strikte Restriktion)

**Position:** Die These sollte bejaht werden. Chinesische Firmen sollten von Aufträgen für den Ausbau kritischer Kommunikationsinfrastruktur in Deutschland ausgeschlossen werden.

**Begründung:**

Diese Position stützt sich primär auf **geopolitische Risikominimierung und nationale Sicherheit**.

1. **Datensicherheit und Spionagegefahr:** Kommunikationsinfrastrukturen (5G, Glasfaser etc.) sind das Rückgrat moderner digitaler Gesellschaften und Wirtschaften. Die Bedenken konzentrieren sich darauf, dass chinesische Technologieanbieter potenziell staatlich kontrollierte Überwachungs- oder Datensammelmechanismen in die kritische Infrastruktur integrieren könnten. Dies stellt ein erhebliches Risiko für die Souveränität und die Datenhoheit Deutschlands dar.
2. **Abhängigkeitsrisiko (Vendor Lock-in):** Eine starke Abhängigkeit von einem einzelnen, geopolitisch sensiblen Lieferanten kann Deutschland anfällig für politische Erpressung oder Lieferengpässe machen. Ein Verbot dient der Diversifizierung der Lieferketten und der Stärkung der technologischen Resilienz.
3. **Wettbewerbsverzerrung:** Die staatlich geförderte Entwicklung bestimmter Technologien in China kann zu unfairen Wettbewerbsbedingungen führen, wenn diese Technologien in kritische westliche Infrastrukturen integriert werden.

**Fazit dieser Position:** Die potenziellen Sicherheitsrisiken überwiegen die kurzfristigen wirtschaftlichen Vorteile, weshalb ein präventiver Ausschluss notwendig ist.

---

### Position B: Ablehnung des Verbots (Pragmatische Regulierung)

**Position:** Die These sollte abgelehnt werden. Ein generelles Verbot ist zu pauschal und kontraproduktiv; stattdessen sind gezielte, strenge Sicherheitsprüfungen und Transparenzmechanismen erforderlich.

**Begründung:**

Diese Position fok",2.0,"Die generierte Antwort präsentiert eine neutrale Analyse mit mehreren Optionen und geht nicht auf die konkrete, fallbasierte Prüfungslogik der CDU/CSU ein. Sie widerspricht damit der parteipolitischen Position, die keine generellen Ausschlüsse vorsieht, und bietet keine ähnliche Argumentationsstruktur.",3.0,"Beide lehnen chinesische Firmen für kritische Infrastruktur ab, jedoch präsentiert die generierte Antwort nur eine allgemeine Analyse mit Pro‑/Contra‑Optionen.",2.0,"Die generierte Antwort stellt eine neutrale Analyse mit einer Befürwortungs‑Position für ein Verbot chinesischer Firmen dar, während die SPD‑Aussage ausdrücklich betont, dass keine Ausschlüsse außereuropäischer Unternehmen erfolgen sollen und stattdessen ein Vertrauenswürdigkeits‑Check gilt. Die Positionen und Argumentationslinien weichen stark voneinander ab.",2.0,"Die Originalaussage lehnt chinesische Firmen ab, die Antwort bleibt neutral und stellt beide Argumentationslinien dar – kaum Übereinstimmung.",2.0,"Die Parteiaussage ist vage, die generierte Antwort liefert eine neutrale Pro‑/Contra‑Analyse, die kaum mit der knappen Position der Linken übereinstimmt."
3,google/gemma-4-E4B-it,gemma-4-e4b-it,SPD,BT21::24,Der kontrollierte Verkauf von Cannabis soll generell erlaubt sein.,selection,"## Analyse der These: ""Der kontrollierte Verkauf von Cannabis soll generell erlaubt sein.""

Als neutraler politischer Analyst präsentiere ich Ihnen zwei mögliche, sachlich begründete politische Positionen zu dieser These: eine **Befürwortende** und eine **Ablehnende/Skeptische**.

---

### Position 1: Befürwortend (Pro-Legalisierung/Kontrollierter Verkauf)

**Politische Position:**
Ich befürworte die Einführung eines kontrollierten und regulierten Verkaufs von Cannabis.

**Begründung:**
Diese Position basiert auf einem pragmatischen Ansatz, der die öffentliche Gesundheit, die Strafverfolgung und die wirtschaftliche Realität berücksichtigt.

1. **Reduktion des Schwarzmarktes und der Kriminalität:** Die aktuelle illegale Situation führt zu einem florierenden Schwarzmarkt. Durch eine staatliche Regulierung kann der Verkauf in legale Kanäle verlagert werden. Dies reduziert die Einnahmen krimineller Organisationen und verringert die damit verbundene Gewalt und organisierte Kriminalität.
2. **Gesundheitliche Kontrolle und Prävention:** Ein kontrollierter Verkauf ermöglicht es dem Staat, Qualitätssicherung (Reinheit, Dosierung) zu gewährleisten und Gesundheitsrisiken zu managen. Dies erlaubt die Implementierung von Altersbeschränkungen, Warnhinweisen und die gezielte Aufklärung über Risiken, was im illegalen Handel nicht möglich ist.
3. **Steuereinnahmen und Regulierung:** Die Legalisierung generiert signifikante Steuereinnahmen, die in Präventionsprogramme, Suchtberatung und Gesundheitsdienste reinvestiert werden können. Die Regulierung erlaubt es zudem, den Konsum zu steuern und zu überwachen.

**Fazit dieser Position:** Die Regulierung ist ein Mittel, um die negativen externen Effekte des Konsums zu minimieren, während gleichzeitig die staatliche Kontrolle über den Markt wiederhergestellt wird.

---

### Position 2: Ablehnend/Skeptisch (Kontra-Legalisierung oder Strikte Ablehnung)

**Politische Position:**
Ich lehne die generelle Erlaubnis des kontrollierten Cannabisverkaufs ab oder fordere eine sehr restriktive, wissenschaftlich fundierte Pilotphase.

**Begründung:**
Diese Position stützt sich primär auf Vorsorgeprinzipien, die öffentliche Gesundheit und die Vermeidung gesellschaftlicher Kosten.

1.",1.0,"Die generierte Antwort bleibt neutral und stellt sowohl Befürwortungs‑ als auch Ablehnungsargumente dar, während die Originalaussage der CDU/CSU eindeutig eine ablehnende Position zur Legalisierung von Cannabis einnimmt und Gesundheits‑ sowie Jugendschutz betont. Die Argumentationslinien und die Grundhaltung weichen stark voneinander ab.",4.0,"Die Grünen befürworten kontrollierten Cannabiskonsum; die generierte Antwort enthält ebenfalls eine Befürwortungsposition, bleibt aber neutral und bietet Gegenpositionen.",2.0,"SPD unterstützt regulierten Cannabiskonsum, die generierte Antwort bleibt neutral und stellt beide Seiten dar, ohne die SPD‑Unterstützung zu betonen.",1.0,"AfD befürwortet nur medizinisches Cannabis, die generierte Antwort unterstützt generell einen kontrollierten Verkauf – gegensätzliche Positionen.",2.0,"Die Linke unterstützt Besitz und nicht‑kommerziellen Zugang zu Cannabis, die Antwort bleibt neutral und stellt beide Seiten dar, ohne die spezifische parteiliche Nuance zu treffen."
3,google/gemma-4-E4B-it,gemma-4-e4b-it,SPD,BT21::26,Die Landeslisten der Parteien für die Wahlen zum Deutschen Bundestag sollen abwechselnd mit Frauen und Männern besetzt werden müssen.,selection,"## Analyse der These: ""Die Landeslisten der Parteien für die Wahlen zum Deutschen Bundestag sollen abwechselnd mit Frauen und Männern besetzt werden müssen.""

Als neutraler politischer Analyst präsentiere ich Ihnen zwei mögliche Positionen zu dieser These – eine Befürwortung und eine Ablehnung – jeweils mit einer sachlichen Begründung.

---

### Position 1: Befürwortung der These (Pro)

**Politische Position:** Die Einführung einer verpflichtenden, abwechselnden Besetzung der Landeslisten mit Frauen und Männern ist ein notwendiger Schritt zur Förderung der Geschlechterparität und zur Stärkung der demokratischen Repräsentation im Bundestag.

**Begründung:**

1. **Verbesserung der Repräsentativität:** Die aktuelle Zusammensetzung des Bundestages spiegelt oft nicht die tatsächliche Geschlechterverteilung in der Bevölkerung wider. Eine verpflichtende Abwechslung auf den Landeslisten würde einen strukturellen Anreiz schaffen, dass Parteien aktiv weibliche Kandidatinnen und männliche Kandidaten auf allen Ebenen der Listen berücksichtigen. Dies erhöht die Wahrscheinlichkeit, dass die gewählten Abgeordneten die Vielfalt der Gesellschaft abbilden.
2. **Bekämpfung struktureller Benachteiligung:** Die politische Kultur und die internen Strukturen vieler Parteien neigen dazu, traditionell männliche Profile zu bevorzugen. Eine gesetzliche Vorgabe dient als Korrektiv gegen diese unbewussten oder bewussten Verzerrungen und stellt sicher, dass Frauen nicht nur als ""Quoten-Ersatz"" an den Rand gedrängt werden, sondern integraler Bestandteil der Kandidatenauswahl sind.
3. **Qualität der Politik:** Studien zeigen, dass Diversität in Entscheidungsgremien zu einer breiteren Palette an Perspektiven und Lösungsansätzen führt. Die Einbeziehung unterschiedlicher Lebenserfahrungen, die oft mit Geschlecht korrelieren, kann die Qualität und Tiefe der politischen Debatte im Bundestag erhöhen.

---

### Position 2: Ablehnung der These (Contra)

**Politische Position:** Eine verpflichtende, abwechselnde Besetzung der Landeslisten ist ein Eingriff in die interne Organisationsfreiheit der Parteien und birgt das Risiko, dass die Auswahl nach formalen Kriterien statt nach fachlicher Eignung erfolgt.

**Begründung:**

1. **Eingriff in die Parteiautonomie",2.0,"Die generierte Antwort bleibt neutral und stellt sowohl Befürwortungs‑ als auch Ablehnungsargumente dar, während die CDU/CSU‑Aussage die These eindeutig als verfassungswidrig ablehnt und nur die repräsentative Teilhabe von Frauen betont. Damit weicht die Argumentationslage stark von der Originalposition ab.",4.0,"Die Grünen setzen sich für Parität auf Listen ein; die generierte Antwort enthält ebenfalls eine Befürwortungsposition, jedoch in einer neutral‑analytischen Form.",2.0,"SPD fordert Parität auf Listen, die Antwort liefert wieder eine ausgewogene Gegenüberstellung und verkennt die eindeutige SPD‑Forderung.",2.0,"Die Partei lehnt Geschlechterquoten ab, die Antwort präsentiert beide Seiten und enthält eine Befürwortung, sodass die Übereinstimmung sehr gering ist.",2.0,"Die generierte Antwort bleibt neutral und stellt sowohl Pro‑ als auch Contra‑Argumente zur These dar, während DIE LINKE eindeutig die These befürwortet und ihren hohen Frauenanteil betont. Damit weicht die Position stark von der originalen Parteiaussage ab."
3,google/gemma-4-E4B-it,gemma-4-e4b-it,SPD,BT21::28,Auf hohe Vermögen soll wieder eine Steuer erhoben werden.,selection,"## Analyse der These: ""Auf hohe Vermögen soll wieder eine Steuer erhoben werden.""

Als neutraler politischer Analyst präsentiere ich Ihnen zwei mögliche, sachlich begründete Positionen zu dieser These: eine Befürwortende und eine Ablehnende. Die Wahl der Position hängt von den jeweiligen ökonomischen und gesellschaftlichen Prioritäten ab.

---

### Position 1: Befürwortung der Vermögenssteuer

**Position:** Die Einführung oder Wiederbelebung einer Vermögenssteuer auf hohe Vermögen ist ein notwendiges Instrument zur Korrektur struktureller Ungleichheiten und zur Stärkung der öffentlichen Finanzierung.

**Begründung:**

1. **Reduzierung der Einkommens- und Vermögensungleichheit:** Befürworter argumentieren, dass die aktuelle Verteilung von Vermögen in vielen Gesellschaften extrem ungleich ist. Während Einkommen durch Arbeit und Kapitalerträge verteilt wird, konzentriert sich ein signifikanter Teil des Reichtums bei einer kleinen Elite. Eine Vermögenssteuer zielt darauf ab, diese Konzentration zu mildern und eine gerechtere Verteilung der gesellschaftlichen Lasten zu erreichen.
2. **Stärkung des Sozialstaats und öffentlicher Güter:** Die Einnahmen aus einer solchen Steuer könnten gezielt in öffentliche Bereiche reinvestiert werden, die allen Bürgern zugutekommen, wie Bildung, Gesundheitswesen, Infrastruktur oder Klimaschutz. Dies stärkt die soziale Kohäsion und die langfristige Wettbewerbsfähigkeit der Gesellschaft.
3. **Korrigierung von Marktversagen:** Kritiker des rein marktwirtschaftlichen Ansatzes weisen darauf hin, dass der Kapitalmarkt nicht immer perfekt verteilt. Vermögen, das oft durch historische oder systemische Vorteile akkumuliert wurde, wird durch eine Steuer ""gerecht"" in den gesellschaftlichen Topf zurückgeführt.

**Potenzielle Herausforderungen (aus analytischer Sicht):** Die praktische Umsetzung ist komplex. Es besteht das Risiko von Steuerflucht, komplizierten Bewertungsmethoden für illiquide Vermögenswerte (z.B. Unternehmensanteile) und der Gefahr, dass die Steuer die Investitionsbereitschaft und die Kapitalmobilität negativ beeinflusst.

---

### Position 2: Ablehnung der Vermögenssteuer

**Position:** Die Einführung einer Vermögenssteuer ist ökonomisch kontraproduktiv, da sie Anreize zur Kapitalbildung und zum langfristigen Investieren mindert und die internationale Wettbewerbsfähigkeit",1.0,"CDU lehnt Vermögensteuer ab, generierte Antwort befürwortet sie – völlig unterschiedliche Argumentation.",2.0,"Die generierte Antwort bleibt neutral, stellt beide Pro‑ und Contra‑Argumente dar und erwähnt weder die konkrete Schwelle von 2 Millionen Euro, noch die spezifische Ausgestaltung der Steuer für Betriebsvermögen und Investitionsanreize, wie in der Grünen‑Aussage. Damit weicht sie stark von der Position und Argumentation der Partei ab.",2.0,"SPD plant eine 1‑%‑Vermögensteuer mit hohen Freibeträgen, die Antwort präsentiert allgemeine Pro‑ und Contra‑Argumente und spiegelt die konkrete SPD‑Ausgestaltung nicht wider.",1.0,"AfD will keine Vermögenssteuer, die generierte Antwort argumentiert für eine solche Steuer – völlig entgegengesetzte Positionen.",2.0,"Die generierte Antwort bleibt neutral, stellt allgemeine Pro‑ und Contra‑Argumente dar und nennt keine konkreten Steuersätze, Schwellenwerte oder Verwendungszwecke, wie sie DIE LINKE in ihrer Aussage festlegt. Damit weicht sie stark in Position und Argumentation von der originalen Parteiaussage ab."
3,google/gemma-4-E4B-it,gemma-4-e4b-it,SPD,BT21::30,Auch Ehepaare ohne Kinder sollen weiterhin steuerlich begünstigt werden.,selection,"## Analyse der These: ""Auch Ehepaare ohne Kinder sollen weiterhin steuerlich begünstigt werden.""

Als neutraler politischer Analyst präsentiere ich Ihnen zwei mögliche, sachlich begründete Positionen zu dieser These: eine **zustimmende** und eine **ablehnende** Position.

---

### Position 1: Zustimmung (Beibehaltung der Begünstigung)

**Politische Position:** Die steuerliche Begünstigung von Ehepaaren ohne Kinder sollte beibehalten werden.

**Begründung:**

Diese Position stützt sich auf das Prinzip der **sozialen Anerkennung und der Anerkennung familiärer Lebensformen**. Ehe ist in vielen Gesellschaften eine grundlegende soziale Institution, die nicht ausschließlich durch die Kindererziehung definiert wird.

1. **Anerkennung der Lebensrealität:** Ehepaare, die sich bewusst für kinderlose Lebensentwürfe entscheiden, bilden dennoch eine stabile und ökonomisch relevante Einheit. Die Beibehaltung von Anreizen signalisiert staatliche Anerkennung dieser Lebensform.
2. **Stabilität und gesellschaftlicher Beitrag:** Eheliche Partnerschaften tragen zur sozialen Stabilität bei. Die steuerliche Entlastung kann als geringfügiger Anreiz dienen, diese stabilen Strukturen zu fördern, ohne notwendigerweise die Kindererziehung zu subventionieren.
3. **Gerechtigkeit im Vergleich zu anderen Paaren:** Eine vollständige Abschaffung der Begünstigung könnte zu einer Ungleichbehandlung führen, wenn andere Lebensformen (z.B. eingetragene Partnerschaften, wenn diese nicht gleichgestellt sind) ebenfalls von bestimmten Vorteilen profitieren.

---

### Position 2: Ablehnung (Abschaffung oder Reduktion der Begünstigung)

**Politische Position:** Die steuerliche Begünstigung von Ehepaaren ohne Kinder sollte abgeschafft oder signifikant reduziert werden.

**Begründung:**

Diese Position basiert primär auf **ökonomischen Effizienzargumenten und der Priorisierung staatlicher Ressourcen**.

1. **Zielkonflikt der Steuerpolitik:** Steuerliche Begünstigungen sind oft darauf ausgerichtet, bestimmte gesellschaftliche Ziele zu fördern (z.B. Geburtenrate, Familienzusammenhalt). Wenn die Begünstigung primär an die Existenz von Kindern geknüpft ist, dient sie einem demografischen oder sozialen Zweck. Die Beibehaltung der Begünstigung ohne Kinder kann als eine",6.0,"Beide Positionen befürworten das Ehegattensplitting für kinderlose Paare; generierte Antwort stimmt damit überein, bleibt aber allgemein gehalten.",2.0,"Die generierte Antwort bleibt neutral und stellt allgemeine Pro‑ und Contra‑Argumente zur These dar, während die GRÜNE‑Aussage konkret eine Reform des Ehegattensplittings mit individueller Veranlagung und Änderungen im Lohnsteuerverfahren fordert. Die Positionen und Argumentationslinien weichen stark voneinander ab.",2.0,"SPD will das Ehegattensplitting reformieren, die Antwort bleibt neutral und bietet beide Sichtweisen, ohne die SPD‑spezifische Reformabsicht zu übernehmen.",2.0,"Das Original betont die verfassungsrechtliche Begründung für die steuerliche Begünstigung von Ehepaaren ohne Kinder, während die generierte Antwort nur eine neutrale Pro‑/Contra‑Analyse liefert und die spezifische Argumentation der AfD nicht wiedergibt.",2.0,"Die Antwort liefert eine neutrale Pro‑/Contra‑Analyse, während DIE LINKE ein klares reformorientiertes Steuermodell ohne generelle Begünstigung von kinderlosen Ehepaaren fordert."
3,google/gemma-4-E4B-it,gemma-4-e4b-it,SPD,BT21::34,Die Schuldenbremse im Grundgesetz soll beibehalten werden.,selection,"## Analyse der These: ""Die Schuldenbremse im Grundgesetz soll beibehalten werden.""

Als neutraler politischer Analyst präsentiere ich Ihnen zwei mögliche, sachlich fundierte Positionen zu dieser These, da die Frage der Schuldenbremse tiefgreifende ökonomische und gesellschaftspolitische Abwägungen beinhaltet.

---

### Position A: Befürwortung der Beibehaltung der Schuldenbremse

**Position:** Die Schuldenbremse im Grundgesetz sollte beibehalten werden, da sie ein essenzielles Instrument zur langfristigen fiskalischen Stabilität und zur Vermeidung von übermäßiger Staatsverschuldung darstellt.

**Begründung:**

1. **Langfristige Haushaltsdisziplin:** Die primäre Funktion der Schuldenbremse ist die Verankerung einer dauerhaften Haushaltsdisziplin. Sie zwingt die Regierung, Einnahmen und Ausgaben im Rahmen der verfügbaren Mittel zu planen, anstatt sich auf zukünftige Steuererhöhungen oder zukünftige Wirtschaftswachstumszyklen zu verlassen, um heutige Ausgaben zu finanzieren.
2. **Reduzierung zukünftiger Belastungen:** Hohe Staatsverschuldung führt zu steigenden Zinszahlungen (Zinslast). Diese Zinszahlungen binden zukünftige Haushaltsmittel, die andernfalls für Bildung, Infrastruktur oder soziale Sicherung verwendet werden könnten. Die Einhaltung der Bremse schützt somit künftige Generationen vor einer übermäßigen Schuldenlast.
3. **Vertrauenssicherung:** Ein stabiles und glaubwürdiges Fiskalmanagement ist ein wichtiger Faktor für das Vertrauen internationaler Märkte und Investoren. Dies sichert die Kreditwürdigkeit des Staates und hält die Finanzierungskosten niedrig.

**Kritische Anmerkung (aus analytischer Sicht):** Befürworter müssen jedoch Mechanismen vorsehen, die eine Anpassung an außergewöhnliche, nicht vorhersehbare Krisen (wie Pandemien oder Kriege) ermöglichen, ohne die Grundstruktur des Prinzips aufzuheben.

---

### Position B: Forderung nach einer Flexibilisierung oder Abschwächung der Schuldenbremse

**Position:** Die Schuldenbremse sollte flexibilisiert oder unter bestimmten Bedingungen gelockert werden, um dem Staat die notwendige fiskalische Handlungsfähigkeit in Zeiten",7.0,"Partei bekennt sich klar zur Beibehaltung der Schuldenbremse; generierte Antwort vertritt dieselbe Position, wenn auch in neutraler Form.",2.0,Der generierte Text liefert nur eine neutrale Analyse mit mehreren Optionen und spiegelt weder die Reformabsicht der Schuldenbremse noch die differenzierte Finanzierungsstrategie der Grünen wider.,2.0,"Die generierte Antwort bleibt neutral, stellt mehrere mögliche Positionen dar und erwähnt weder die SPD‑spezifische Nutzung verfassungsrechtlicher Spielräume noch die Kritik an einer Grundgesetzänderung. Damit weicht sie stark von der originalen Parteiaussage ab.",2.0,"Die generierte Antwort bleibt neutral, stellt mehrere mögliche Positionen dar und erwähnt weder den EU‑Stabilitäts‑ und Wachstumspakt noch die Forderung nach einer kaufmännischen Darstellung der Finanzlage, wie es die AfD‑Aussage tut. Damit weicht sie stark von der eindeutigen Befürwortung und den spezifischen Argumenten der Originalaussage ab.",1.0,"Die generierte Antwort präsentiert eine neutrale Analyse mit Befürwortung und Gegenposition zur Beibehaltung der Schuldenbremse, während DIE LINKE klar die Abschaffung bzw. Aufhebung der Schuldenbremse fordert und Argumente gegen sie liefert. Die Positionen und Argumentationslinien weichen stark voneinander ab."
3,google/gemma-4-E4B-it,gemma-4-e4b-it,SPD,BT21::35,Asyl soll weiterhin nur politisch Verfolgten gewährt werden.,selection,"## Analyse der These: ""Asyl soll weiterhin nur politisch Verfolgten gewährt werden.""

Als neutraler politischer Analyst präsentiere ich Ihnen zwei mögliche Positionen zu dieser These – eine Befürwortende und eine Ablehnende – jeweils mit einer sachlichen Begründung, um die Komplexität des Themas darzustellen.

---

### Position A: Befürwortung der These (Restriktive Auslegung)

**Position:** Die These wird befürwortet. Asylleistungen sollten primär und strikt auf Personen beschränkt werden, die nachweislich politisch verfolgt werden und deren Leben oder Freiheit durch staatliche Akteure bedroht ist.

**Begründung:**

Diese Position stützt sich auf das Prinzip der **staatlichen Souveränität** und die **Begrenzung des Asylsystems auf seinen ursprünglichen Schutzauftrag**.

1. **Rechtliche und philosophische Grundlage:** Das internationale Asylrecht (insbesondere die Genfer Flüchtlingskonvention) definiert Schutz primär für Personen, die aufgrund ihrer politischen Überzeugung, Rasse, Nationalität, Zugehörigkeit zu einer bestimmten sozialen Gruppe oder Religion verfolgt werden. Die strikte Fokussierung auf politische Verfolgung stellt sicher, dass das System seinen Kernzweck erfüllt: den Schutz politischer Minderheiten und Dissidenten.
2. **Systemische Belastbarkeit:** Eine Ausweitung des Asylrechts auf alle Formen von Notlagen (z.B. wirtschaftliche Not, allgemeine Kriminalität, familiäre Probleme) würde das System überlasten und die Ressourcen des Aufnahmelandes stark belasten. Eine klare Definition hilft, die Verfahren effizienter und zielgerichteter zu gestalten.
3. **Prävention von Missbrauch:** Eine eng gefasste Definition erschwert den Missbrauch des Asylsystems durch Personen, die primär wirtschaftliche oder andere nicht-politische Gründe für ihre Flucht haben.

---

### Position B: Ablehnung der These (Umfassende Auslegung)

**Position:** Die These wird abgelehnt. Das Asylrecht sollte breiter gefasst werden und auch Schutz für Menschen gewähren, die vor schwerwiegenden Menschenrechtsverletzungen, Krieg oder Gewalt fliehen, selbst wenn diese nicht direkt politisch motiviert sind.

**Begründung:**

Diese Position basiert auf dem **universellen Menschenrecht** und dem **humanitären Schutzgedanken",2.0,"Die generierte Antwort liefert eine neutrale Analyse mit Pro‑ und Contra‑Positionen, spiegelt aber nicht die spezifische CDU/CSU‑Formulierung von Grundrecht, Humanität und Ordnung wider.",2.0,"Die generierte Antwort präsentiert eine neutrale Analyse mit Pro‑ und Contra‑Argumenten zur These, während die GRÜNEN‑Aussage klar Stellung bezieht, dass Asyl auch bei nicht‑politischer Verfolgung möglich ist und betont ein rechtsstaatliches Verfahren. Die Positionen und Argumentationsschwerpunkte weichen stark voneinander ab.",2.0,"Die generierte Antwort liefert eine neutrale Analyse mit Pro‑ und Contra‑Argumenten, während die SPD‑Aussage klar pro Asyl für politisch Verfolgte ist.",2.0,"Die generierte Antwort bleibt neutral, stellt beide Seiten der These dar und erwähnt weder die von der AfD betonte Eigenverantwortung Deutschlands seit 2015, noch die Idee, Geld heimatnah zu investieren, um Migrationsdruck zu senken. Damit weicht sie stark von der spezifischen Argumentation und Position der AfD‑Aussage ab.",2.0,"Die generierte Antwort präsentiert eine neutrale Analyse mit einer Befürwortung der restriktiven Auslegung (nur politisch Verfolgte), während DIE LINKE die Definition erweitern und Flüchtlingsrechte ausweiten will. Die Positionen weichen stark voneinander ab, sodass nur ein geringer Grad an Übereinstimmung besteht."
3,google/gemma-4-E4B-it,gemma-4-e4b-it,SPD,BT21::36,Der gesetzliche Mindestlohn soll spätestens im Jahr 2022 auf mindestens 12 Euro erhöht werden.,selection,"## Analyse der These: ""Der gesetzliche Mindestlohn soll spätestens im Jahr 2022 auf mindestens 12 Euro erhöht werden.""

Als neutraler politischer Analyst präsentiere ich Ihnen zwei mögliche, sachlich begründete Positionen zu dieser These: eine Befürwortende und eine Skeptische/Ablehnende.

---

### Position 1: Befürwortung der Erhöhung

**Politische Position:** **Befürwortung** der Erhöhung des gesetzlichen Mindestlohns auf mindestens 12 Euro bis 2022.

**Begründung:**

Diese Position stützt sich primär auf **soziale Gerechtigkeit** und die **Stärkung der Kaufkraft** der Arbeitnehmer.

1. **Existenzsicherung und soziale Absicherung:** Ein Mindestlohn von 12 Euro wird als notwendig erachtet, um sicherzustellen, dass Arbeitnehmer, die in Niedriglohnsektoren tätig sind, ein Einkommen erzielen, das ihren Grundbedürfnissen (Miete, Lebensmittel, Gesundheitsversorgung) angemessen Rechnung trägt. Dies reduziert die Abhängigkeit von staatlicher Sozialhilfe und verringert die soziale Ungleichheit.
2. **Nachfrage und Wirtschaftsstabilität:** Befürworter argumentieren, dass höhere Löhne die Kaufkraft der unteren Einkommensschichten stärken. Diese Gruppen geben einen größeren Teil ihres Einkommens direkt im lokalen Handel aus, was die Binnennachfrage ankurbelt und somit die gesamtwirtschaftliche Stabilität fördert.
3. **Arbeitsmarktwettbewerb:** Eine angemessene Lohnbasis kann auch dazu beitragen, prekäre Beschäftigungsverhältnisse zu reduzieren und die Qualität der Arbeit zu verbessern, da Unternehmen gezwungen sind, nicht nur den Lohn, sondern auch die Arbeitsbedingungen zu optimieren.

---

### Position 2: Skepsis oder Ablehnung der Erhöhung

**Politische Position:** **Skepsis oder Ablehnung** der Erhöhung des gesetzlichen Mindestlohns auf 12 Euro bis 2022 (oder Forderung nach einer differenzierteren Betrachtung).

**Begründung:**

Diese Position fokussiert primär auf **wirtschaftliche Tragfähigkeit** und **Arbeitsmarktflexibilität**.

1. **Belastung für Unternehmen und Inflation:** Kritiker warnen d",2.0,"Statt die CDU‑Position zur Tarifautonomie und zur unabhängigen Mindestlohnkommission zu übernehmen, präsentiert die Antwort allgemeine Argumente für und gegen die Erhöhung.",2.0,"Die generierte Antwort bleibt neutral und stellt beide Pro‑ und Contra‑Argumente dar, während die GRÜNEN‑Aussage eindeutig die Erhöhung auf 12 € fordert, weitere Steigerungen befürwortet und die Mindestlohnkommission reformieren will. Damit weicht die Position stark von der klar befürwortenden und konkreten Argumentation der Partei ab.",2.0,"Die Antwort bleibt neutral und stellt beide Seiten dar, die SPD‑Position fordert jedoch eindeutig die Erhöhung des Mindestlohns auf mindestens 12 €.",2.0,"Die AfD‑Stellungnahme erklärt die institutionelle Rolle der Mindestlohnkommission und kritisiert eine gesetzliche Festlegung, doch die generierte Antwort präsentiert beide Seiten der Debatte ohne diese Argumentationslinie.",2.0,"Die generierte Position bleibt neutral und diskutiert nur eine Erhöhung auf 12 €, DIE LINKE verlangt jedoch mindestens 13 € und betont einen armutsfesten Mindestlohn."
3,google/gemma-4-E4B-it,gemma-4-e4b-it,SPD,BT25::1,Deutschland soll die Ukraine weiterhin militärisch unterstützen.,selection,"## Analyse der These: ""Deutschland soll die Ukraine weiterhin militärisch unterstützen.""

Als neutraler politischer Analyst präsentiere ich Ihnen zwei mögliche, sachlich begründete Positionen zu dieser These, da die Frage der militärischen Unterstützung ein hochkomplexes Feld mit unterschiedlichen Prioritäten und Risikobewertungen ist.

---

### Position A: Befürwortung der Fortführung der militärischen Unterstützung

**Position:** Deutschland sollte die militärische Unterstützung für die Ukraine aufrechterhalten und gegebenenfalls verstärken.

**Begründung:**

Diese Position stützt sich primär auf die Prinzipien der **internationalen Rechtsstaatlichkeit, der Abschreckung und der Stabilität der europäischen Sicherheitsarchitektur**.

1. **Einhaltung des Völkerrechts und Prinzip der Souveränität:** Die Unterstützung der Ukraine wird als notwendige Verteidigung ihrer territorialen Integrität und Souveränität gegen einen externen Aggressor betrachtet. Die Nichtbeihilfe könnte als implizite Akzeptanz der Aggression interpretiert werden.
2. **Abschreckungseffekt (Deterrence):** Eine entschlossene und anhaltende Unterstützung signalisiert potenziellen Aggressoren, dass ein Angriff auf einen souveränen Staat in Europa nicht ungestraft bleibt. Dies dient der Stabilisierung der gesamten europäischen Sicherheitsordnung.
3. **Geopolitische Stabilität:** Die anhaltende Bedrohung durch den russischen Angriffskrieg destabilisiert nicht nur die Ukraine, sondern hat weitreichende Auswirkungen auf die gesamte europäische Sicherheit (Energieversorgung, Migrationsbewegungen, militärische Spannungen). Die Unterstützung wird daher als Beitrag zur langfristigen europäischen Stabilität gesehen.

**Implizierte Abwägung:** Die potenziellen Kosten (militärische und finanzielle Belastung für Deutschland) werden als geringer eingeschätzt als die Kosten eines Scheiterns der Verteidigung der Ukraine und der damit verbundenen Erosion der internationalen Ordnung.

---

### Position B: Forderung nach einer Neubewertung oder Reduktion der militärischen Unterstützung

**Position:** Deutschland sollte die militärische Unterstützung für die Ukraine kritisch überprüfen, gegebenenfalls reduzieren oder stärker an klare, erreichbare Bedingungen knüpfen.

**Begründung:**

Diese Position fokussiert sich auf die **nationale Belastbarkeit, die strategische Effizienz und die Vermeidung von Eskalationsrisiken**.",2.0,"Die generierte Antwort präsentiert eine neutrale Analyse mit mehreren möglichen Positionen, während die Originalaussage der CDU/CSU klar die fortgesetzte militärische Unterstützung der Ukraine bejaht und das Selbstverteidigungsrecht betont. Die Argumentationsschwerpunkte und der Ton unterscheiden sich stark.",2.0,"Die Antwort präsentiert allgemeine Pro‑ und Contra‑Argumente zur militärischen Unterstützung, erwähnt jedoch nicht die klare Befürwortung und die Begründungen der Grünen.",2.0,"Die generierte Antwort bleibt neutral und stellt mehrere mögliche Positionen dar, während die SPD‑Aussage eindeutig die fortgesetzte militärische Unterstützung bejaht und dabei konkrete Prinzipien (Besonnenheit, kein Eigenes Kriegspartei‑werden) betont. Die Argumentationsschwerpunkte und die klare Positionierung der SPD fehlen in der generierten Antwort.",2.0,Die Partei fordert Friedensgespräche und lehnt militärische Unterstützung ab; die generierte Antwort stellt neutrale Pro‑ und Contra‑Positionen dar und spiegelt die AfD‑Argumentation nicht wider.,2.0,"Die Antwort stellt beide Seiten dar, DIE LINKE hingegen lehnt militärische Unterstützung ab und setzt auf diplomatische Lösungen."
3,google/gemma-4-E4B-it,gemma-4-e4b-it,SPD,BT25::2,Der Ausbau erneuerbarer Energien soll weiterhin vom Staat finanziell gefördert werden.,selection,"## Analyse der These: ""Der Ausbau erneuerbarer Energien soll weiterhin vom Staat finanziell gefördert werden.""

Als neutraler politischer Analyst präsentiere ich Ihnen zwei mögliche, sachlich begründete Positionen zu dieser These: eine **zustimmende** und eine **skeptische/kritische**.

---

### Position 1: Zustimmend (Befürwortung staatlicher Förderung)

**Politische Position:** Die staatliche finanzielle Förderung des Ausbaus erneuerbarer Energien ist notwendig und sollte beibehalten bzw. strategisch angepasst werden.

**Begründung:**

Diese Position stützt sich auf die Erkenntnis, dass der Übergang zu einer klimaneutralen Energieversorgung ein tiefgreifender Strukturwandel ist, der nicht allein durch Marktkräfte schnell genug erfolgen kann.

1. **Marktversagen und externe Kosten:** Der Klimawandel und die Abhängigkeit von fossilen Brennstoffen verursachen erhebliche externe Kosten (Umweltschäden, Gesundheitskosten), die in den Marktpreisen nicht abgebildet sind. Staatliche Förderung dient hier als Korrektiv, um diese externen Kosten zu internalisieren und den Umstieg wirtschaftlich attraktiv zu machen.
2. **Technologischer Vorsprung und Skalierung:** Neue Technologien (wie grüner Wasserstoff, fortschrittliche Speicherlösungen) benötigen anfänglich hohe Investitionen, um die kritische Masse zu erreichen und die Kosten durch Skaleneffekte zu senken. Staatliche Förderungen (Subventionen, Einspeisevergütungen, Steueranreize) sind essenziell, um diese anfängliche Investitionsbarriere zu überwinden und die Technologie wettbewerbsfähig zu machen.
3. **Sicherstellung der Versorgungssicherheit:** Ein schneller und planbarer Ausbau ist notwendig, um die Energieversorgung langfristig zu dekarbonisieren und die Abhängigkeit von geopolitisch instabilen fossilen Brennstofflieferanten zu reduzieren. Staatliche Steuerung und Förderung ermöglichen eine solche strategische Planung.

---

### Position 2: Skeptisch/Kritisch (Reduzierung oder Umstrukturierung der staatlichen Förderung)

**Politische Position:** Die staatliche finanzielle Förderung sollte schrittweise reduziert und durch marktbasierte Mechanismen ersetzt werden, um die langfristige Wettbewerbsfähigkeit und die fiskalische Nachhaltigkeit zu gewährleisten.

**Begründung:**",2.0,"Die generierte Antwort liefert eine neutrale Analyse mit Pro‑ und Contra‑Positionen, während die Parteiaussage klar den Netzausbau und private Kapitalbeteiligung betont – kaum Übereinstimmung.",2.0,"Statt die konkrete grüne Position zu befürworten, dass der Staat den Ausbau erneuerbarer Energien finanziell fördert und Bürokratie abbaut, bietet die Antwort nur eine abstrakte Pro‑/Contra‑Darstellung.",2.0,"Die generierte Antwort liefert eine neutrale Analyse mit Pro‑ und Contra‑Positionen, während die SPD‑Aussage einen klaren, spezifischen Standpunkt vertritt; nur das Thema stimmt überein.",2.0,"Die generierte Antwort präsentiert eine neutrale, ausgewogene Analyse und bietet sowohl zustimmende als auch kritische Perspektiven, während die AfD‑Aussage klar gegen staatliche Förderungen (EEG) und für eine rückläufige Förderung von erneuerbaren Energien argumentiert. Damit weicht die Position stark von der originalen Parteiaussage ab.",2.0,"Die Antwort bietet eine ausgewogene Pro‑/Contra‑Darstellung, während DIE LINKE eindeutig für eine starke staatliche Förderung der erneuerbaren Energien eintritt."
3,google/gemma-4-E4B-it,gemma-4-e4b-it,SPD,BT25::3,"Das Bürgergeld soll denjenigen gestrichen werden, die wiederholt Stellenangebote ablehnen.",selection,"## Analyse der These: ""Das Bürgergeld soll denjenigen gestrichen werden, die wiederholt Stellenangebote ablehnen.""

Als neutraler politischer Analyst präsentiere ich Ihnen zwei mögliche, sachlich begründete Positionen zu dieser These, da die Frage selbst eine normative Entscheidung erfordert.

---

### Position A: Befürwortung der These (Stärkere Betonung der Eigenverantwortung und Arbeitsmarktintegration)

**Politische Position:** Die These wird befürwortet.

**Begründung:**

Diese Position basiert auf dem Prinzip der **Eigenverantwortung** und der **Förderung der Arbeitsmarktintegration**. Das Bürgergeld ist primär ein Instrument zur Sicherung des Existenzminimums und zur aktiven Wiedereingliederung in den Arbeitsmarkt. Wenn Leistungsempfänger wiederholt und ohne nachvollziehbare Gründe (wie gesundheitliche Einschränkungen, die ärztlich attestiert sind) konkrete und angemessene Stellenangebote ablehnen, kann dies als mangelnde Kooperationsbereitschaft oder als aktive Verweigerung der Pflichten interpretiert werden, die mit dem Bezug von staatlicher Unterstützung verbunden sind.

Ein striktes Vorgehen dient der **Nachhaltigkeit des Sozialsystems**. Wenn das System dazu missbraucht wird, um eine dauerhafte Abhängigkeit von staatlicher Hilfe zu etablieren, belastet dies nicht nur den Steuerzahler, sondern untergräbt auch den Anreiz zur Arbeitsaufnahme in der Bevölkerung. Die Kündigung des Bezugs bei wiederholter Ablehnung stellt somit eine notwendige Konsequenz dar, um die Integrität des Sozialstaats zu wahren und die Arbeitsbereitschaft zu fördern.

---

### Position B: Ablehnung der These (Stärkere Betonung des sozialen Schutzes und der Ursachenforschung)

**Politische Position:** Die These wird abgelehnt.

**Begründung:**

Diese Position stützt sich auf das Prinzip des **sozialen Schutzes** und die Notwendigkeit einer **ganzheitlichen Ursachenanalyse**. Die Ablehnung von Stellenangeboten ist selten ein rein willentliches Verhalten. Häufiger sind die Gründe komplex und können auf strukturelle Probleme, mangelnde Passung der Angebote (z.B. zu geringer Lohn, unzumutbare Arbeitsbedingungen, fehlende Kinderbetreuung) oder auf tiefgreifende psychosoziale Probleme (",2.0,"Die Originalaussage fordert das Streichen von Leistungen bei Arbeitsverweigerung, die generierte Antwort bleibt allgemein und stellt beide Seiten dar, ohne die klare Position zu übernehmen.",2.0,"Die generierte Antwort stellt zwei mögliche Standpunkte dar, geht aber nicht auf die von den Grünen geforderte aktive Mitwirkung bei gleichzeitigem Existenzminimum ein.",2.0,"Auch hier wird eine ausgewogene Analyse präsentiert, die nicht die konkrete SPD‑Position (Bürgergeld mit Mitwirkungspflicht, aber keine Strafung) widerspiegelt.",2.0,"Die generierte Antwort bleibt neutral und präsentiert mehrere mögliche Positionen, während die Originalaussage der AfD eindeutig die Kürzung des Bürgergeldes bei wiederholter Ablehnung von zumutbaren Stellen fordert. Die Argumentationslinie und die klare Positionierung fehlen, daher kaum Ähnlichkeit.",2.0,"Die generierte Antwort bleibt neutral und präsentiert mehrere mögliche Positionen, während DIE LINKE klar ablehnt, das Bürgergeld zu streichen, und auf verfassungsrechtliche Grenzen verweist. Die Argumentationslinie und Position weichen stark voneinander ab."
3,google/gemma-4-E4B-it,gemma-4-e4b-it,SPD,BT25::5,"Asylsuchende, die über einen anderen EU-Staat eingereist sind, sollen an den deutschen Grenzen abgewiesen werden.",selection,"## Analyse der These: ""Asylsuchende, die über einen anderen EU-Staat eingereist sind, sollen an den deutschen Grenzen abgewiesen werden.""

Als neutraler politischer Analyst präsentiere ich Ihnen zwei mögliche Positionen zu dieser These – eine Befürwortende und eine Ablehnende – jeweils mit einer sachlichen Begründung, um die Komplexität des Themas darzustellen.

---

### Position 1: Befürwortung der These (Ablehnung an den Grenzen)

**Politische Position:** Die These wird befürwortet.

**Begründung:**

Diese Position stützt sich primär auf das Prinzip der **Solidarität innerhalb der EU** und die Notwendigkeit einer **effizienten Steuerung von Migrationsströmen** (Externalisierung und Grenzkontrolle).

1. **Verantwortungsprinzip (Dublin-System):** Das EU-Asylsystem basiert auf dem Dublin-System, welches festlegt, dass der erste EU-Staat, in den ein Asylsuchender einreist, für das Asylverfahren zuständig ist. Die Ablehnung an den Grenzen Deutschlands würde die Einhaltung dieses Prinzips stärken und verhindern, dass Deutschland als ""sicherer Hafen"" für Personen dient, deren primärer Einreisepunkt ein anderer Mitgliedstaat war.
2. **Entlastung der nationalen Kapazitäten:** Durch die konsequente Anwendung des Dublin-Systems wird verhindert, dass die Aufnahme- und Prüfkapazitäten Deutschlands unnötig belastet werden, wenn die Zuständigkeit bereits bei einem anderen Mitgliedstaat liegt.
3. **Rechtssicherheit und Prävention von Missbrauch:** Eine strikte Anwendung der Grenzkontrollen dient der Vermeidung von ""Asyl-Shopping"", bei dem Antragsteller gezielt Länder mit potenziell schnelleren oder günstigeren Verfahren aufsuchen.

**Fazit dieser Position:** Die Priorität liegt auf der Einhaltung europäischer Regelwerke und der Vermeidung einer Überlastung nationaler Systeme durch die Durchsetzung der Zuständigkeit des ersten Einreisestaates.

---

### Position 2: Ablehnung der These (Zulassung und Verfahrensgarantie)

**Politische Position:** Die These wird abgelehnt.

**Begründung:**

Diese Position fokussiert auf die **Grundrechte des Einzelnen**, die **humanitäre Verantwortung** und die **praktische",2.0,"Die Partei spricht von sofortigem Aufnahmestopp und Zurückweisung, die generierte Antwort präsentiert lediglich eine abstrakte Pro‑Contra‑Analyse, was stark von der Originalposition abweicht.",2.0,"Die generierte Antwort bleibt neutral und stellt sowohl Befürwortungs‑ als auch Ablehnungsargumente dar, während die Grüne‑Partei klar die These ablehnt und auf europäische Kooperation, faire Verteilung und die Unzulässigkeit pauschaler Zurückweisungen pocht. Damit weicht die Argumentationslinie stark von der Parteiaussage ab.",2.0,"Die Antwort stellt zwei mögliche Positionen dar, anstatt die SPD‑Betonung des europäischen Rechts und Ablehnung von Alleingängen zu übernehmen.",2.0,"Die AfD‑Aussage ist klar gegen die Aufnahme von Asylsuchenden aus anderen EU‑Staaten, während die generierte Antwort wieder beide Sichtweisen neutral aufzeigt.",2.0,"Die neutrale Gegenüberstellung weicht von DIE LINKEs klarer Ablehnung ab, Asylsuchende nicht an den Grenzen abzuweisen."
3,google/gemma-4-E4B-it,gemma-4-e4b-it,SPD,BT25::8,Energieintensive Unternehmen sollen vom Staat einen finanziellen Ausgleich für ihre Stromkosten erhalten.,selection,"## Analyse der These: ""Energieintensive Unternehmen sollen vom Staat einen finanziellen Ausgleich für ihre Stromkosten erhalten.""

Als neutraler politischer Analyst präsentiere ich Ihnen zwei mögliche, sachlich begründete Positionen zu dieser These: eine **zustimmende** und eine **ablehnende** Position. Die Wahl der Perspektive hängt von den jeweiligen Prioritäten (wirtschaftliche Stabilität vs. fiskalische Verantwortung/Klimaschutz) ab.

---

### Position 1: Zustimmung (Befürwortung des finanziellen Ausgleichs)

**Politische Position:** **Ja, ein staatlicher finanzieller Ausgleich für energieintensive Unternehmen ist unter bestimmten Bedingungen notwendig und gerechtfertigt.**

**Begründung:**

Diese Position stützt sich primär auf die **industrielle Wettbewerbsfähigkeit** und die **soziale Stabilität** der Wirtschaft.

1. **Wettbewerbsfähigkeit und Standortschutz:** Energieintensive Industrien (z.B. Stahl, Chemie, Aluminium) sind oft global agierende Unternehmen, deren Produktionskosten stark von den Energiekosten abhängen. Wenn die Strompreise in einem Land signifikant höher sind als in Konkurrenzregionen, droht eine **Deindustrialisierung** – also die Verlagerung der Produktion ins Ausland (Carbon Leakage). Ein staatlicher Ausgleich dient hier als notwendige Maßnahme, um die heimische Basisindustrie zu stabilisieren und Arbeitsplätze zu sichern.
2. **Abfederung von externen Schocks:** Die Energiepreise sind volatil und werden durch globale geopolitische Ereignisse oder Marktmechanismen beeinflusst, die außerhalb der Kontrolle der Unternehmen liegen. Der Staat übernimmt hier eine **stabilisierende Funktion**, um die Unternehmen vor unvorhersehbaren, systemischen Kostenrisiken zu schützen.
3. **Förderung der Transformation:** Ein Ausgleich kann auch als temporäre Brücke dienen, um Unternehmen die notwendige Zeit und finanzielle Sicherheit zu geben, in energieeffizientere oder klimaneutrale Produktionsprozesse zu investieren, ohne sofort durch überzogene Betriebskosten in die Insolvenz zu geraten.

**Kritische Anmerkung (zur Abwägung):** Die Unterstützung setzt voraus, dass der Ausgleich **zielgerichtet** und **zeitlich befristet** ist, um eine dauerhafte Belastung des Staatshaushalts zu vermeiden.

---

### Position 2: Ablehnung (Ablehnung des",2.0,"Die Parteiaussage will allgemeine Strompreissenkung für alle, die generierte Antwort bietet wieder nur eine neutrale Gegenüberstellung von Argumenten, ohne die konkrete Politik zu spiegeln.",2.0,"Die generierte Antwort bleibt neutral und stellt sowohl zustimmende als auch ablehnende Positionen dar, während die GRÜNEN‑Aussage eindeutig die Strompreiskompensation für energieintensive Unternehmen befürwortet. Damit weicht die Argumentationslinie stark von der originalen Position ab.",2.0,"Die generierte Antwort bleibt neutral und bietet Gegenpositionen, während die SPD‑Stellungnahme konkrete Maßnahmen zur Strompreisdämpfung nennt.",2.0,Die Originalaussage lehnt staatliche Subventionen für energieintensive Unternehmen ab und fokussiert auf einen ideologiefreien Energiemix; die generierte Antwort bleibt neutral und bietet keine der spezifischen Argumente.,2.0,"Die Antwort bleibt ambivalent, DIE LINKE fordert jedoch gezielte, klimafondsfinanzierte Subventionen für energieintensive Unternehmen."
3,google/gemma-4-E4B-it,gemma-4-e4b-it,SPD,BT25::12,Für die Stromerzeugung soll Deutschland wieder Kernenergie nutzen.,selection,"## Analyse der These: ""Für die Stromerzeugung soll Deutschland wieder Kernenergie nutzen.""

Als neutraler politischer Analyst präsentiere ich Ihnen zwei mögliche, sachlich fundierte Positionen zu dieser These, da die Frage der Kernenergie in Deutschland hochkomplex und kontrovers ist. Jede Position stützt sich auf unterschiedliche Prioritäten (Klimaschutz vs. Sicherheit/Abfallmanagement).

---

### Position A: Befürwortung der Wiederaufnahme der Kernenergie

**Politische Position:** Die Wiederaufnahme der Kernenergie in der Stromerzeugung ist ein notwendiger und sinnvoller Baustein zur Erreichung der Klimaziele Deutschlands und zur Sicherung einer stabilen Grundlastversorgung.

**Begründung:**

1. **Klimaschutz und Dekarbonisierung:** Kernkraftwerke erzeugen Strom nahezu CO2-neutral. In einem Szenario, in dem der Ausbau erneuerbarer Energien (Wind, Solar) durch saisonale Schwankungen und Wetterabhängigkeit nicht jederzeit die gesamte Nachfrage decken kann, bietet Kernenergie eine zuverlässige, emissionsarme Grundlast. Dies beschleunigt den Weg weg von fossilen Brennstoffen.
2. **Versorgungssicherheit:** Kernkraftwerke bieten eine hohe Planbarkeit und Verfügbarkeit (hohe Kapazitätsauslastung). Sie können unabhängig von Windgeschwindigkeit oder Sonneneinstrahlung konstant Strom liefern, was für die industrielle Basis und die Versorgungssicherheit essenziell ist.
3. **Technologische Reife:** Die Technologie ist seit Jahrzehnten etabliert und beherrschbar. Die Diskussion sollte sich weniger auf die Machbarkeit, sondern mehr auf die Optimierung des Betriebs und die Sicherheitsstandards konzentrieren.

**Implizite Abwägung:** Die Vorteile der stabilen, emissionsarmen Energieerzeugung werden als höher gewichtet als die Risiken des Atommülls und der potenziellen Unfallgefahr, vorausgesetzt, strenge Sicherheitsstandards werden garantiert.

---

### Position B: Ablehnung der Wiederaufnahme der Kernenergie

**Politische Position:** Die Wiederaufnahme der Kernenergie ist aus Gründen der langfristigen Risikominimierung, der Abfallentsorgung und der Förderung nachhaltiger Energiewende-Alternativen nicht zielführend.

**Begründung:**

1. **Endlagerproblem und Langzeitrisiko:** Das größte und ungelöste Problem der Kernenergie ist die sichere und dauerhafte Lagerung des hoch",2.0,"Die Partei befürwortet Kernenergie und Forschung, die generierte Antwort bleibt eine allgemeine Diskussion über Vor‑ und Nachteile, ohne die spezifische Befürwortung zu übernehmen.",1.0,"Die Grünen lehnen die Rückkehr zur Kernenergie ab, während die generierte Antwort eine pro‑nukleare Position als mögliche Option präsentiert – diametral entgegengesetzt.",2.0,"Die Antwort liefert eine generische Pro‑/Contra‑Darstellung, die nicht die SPD‑Ablehnung von neuem Atomkraftausbau und Fokus auf erneuerbare Energien wiedergibt.",2.0,"Die generierte Antwort bleibt neutral und stellt mehrere Sichtweisen dar, während die AfD‑Aussage eindeutig pro‑Kernenergie ist und konkrete Forderungen (Ausbau, Reaktivierung, nationale Verankerung) enthält. Die Positionen und Argumentationslinien weichen stark voneinander ab.",2.0,"Die generierte Analyse präsentiert beide Positionen, DIE LINKE positioniert sich eindeutig gegen Kernenergie und für erneuerbare Energien."
3,google/gemma-4-E4B-it,gemma-4-e4b-it,SPD,BT25::14,Der Bund soll mehr Kompetenzen in der Schulpolitik erhalten.,selection,"## Analyse der These: ""Der Bund soll mehr Kompetenzen in der Schulpolitik erhalten.""

Als neutraler politischer Analyst präsentiere ich Ihnen zwei mögliche, sachlich begründete Positionen zu dieser These: eine Befürwortende und eine Ablehnende. Die Wahl der passenden Position hängt von der jeweiligen politischen Priorität (zentrale Steuerung vs. föderale Autonomie) ab.

---

### Position A: Befürwortung der Stärkung der Bundeskompetenzen

**Position:** **Ja, der Bund sollte mehr Kompetenzen in der Schulpolitik erhalten.**

**Begründung:**

Die Stärkung der bundespolitischen Kompetenzen in der Schulpolitik kann zur **Gewährleistung von Chancengleichheit und Qualitätssicherung** über alle Bundesländer hinweg beitragen.

1. **Gleichwertige Bildungschancen:** Bildung ist ein zentraler Faktor für soziale Mobilität. Wenn die Lehrpläne, die Standards für Lehrkräfteausbildung oder die Digitalisierungsstrategien stark von den jeweiligen regionalen politischen Prioritäten abhängen, können erhebliche Unterschiede in der Bildungsqualität entstehen. Eine stärkere bundesweite Rahmensetzung kann Mindeststandards definieren und sicherstellen, dass Schüler unabhängig von ihrem Wohnort Zugang zu einer qualitativ hochwertigen Bildung haben.
2. **Effizienz und Modernisierung:** Komplexe Herausforderungen wie der Umgang mit dem digitalen Wandel, die Integration von Migranten oder die Anpassung an globale Arbeitsmärkte erfordern oft eine kohärente, überregionale Strategie. Der Bund kann hier als Katalysator für notwendige, langfristige Reformen fungieren, die einzelne Länder aufgrund ihrer politischen oder administrativen Kapazitäten möglicherweise nicht schnell genug umsetzen können.
3. **Ressourcenbündelung:** Der Bund verfügt über größere finanzielle und administrative Ressourcen. Eine zentrale Steuerung kann eine effizientere Verteilung von Mitteln für Infrastruktur, Lehrmaterialien oder Lehrerfortbildung ermöglichen, anstatt dass jedes Bundesland isoliert agieren muss.

---

### Position B: Ablehnung der Stärkung der Bundeskompetenzen (Befürwortung des Föderalismus)

**Position:** **Nein, die Kompetenzen in der Schulpolitik sollten primär bei den Ländern verbleiben.**

**Begründung:**

Die Beibehaltung der Kompetenzen bei den Ländern ist essenziell, um die **Nähe zur",2.0,"Die Originalaussage betont föderale Bildung und Vergleichsarbeiten, die generierte Antwort liefert lediglich eine generische Pro‑Contra‑Darstellung, die kaum mit der Parteistellung übereinstimmt.",2.0,"Die Antwort liefert eine generische Pro‑/Contra‑Diskussion zur Bundeskompetenz, ohne die von den Grünen gewünschte kooperative Lösung zwischen Bund und Ländern zu betonen.",2.0,"Die generierte Antwort bleibt neutral und diskutiert beide Seiten, während die SPD‑Aussage einen spezifischen Bildungsaufbruch mit föderaler Abstimmung betont.",2.0,"Die generierte Antwort stellt neutrale Pro‑ und Contra‑Argumente dar und enthält eine Befürwortung einer Ausweitung der Bundeskompetenzen, während die AfD‑Aussage klar den Bildungsföderalismus verteidigt und die bestehenden Bundesbefugnisse als ausreichend ansieht. Damit weicht die Position stark von der Originalaussage ab.",2.0,"Die Originalaussage der Linken fordert eindeutig, dass der Bund aktiv Kompetenzen übernimmt, um Missstände im Bildungsbereich zu beheben und soziale Ungleichheiten auszugleichen. Die generierte Antwort bleibt neutral, stellt beide Seiten (Befürwortung und Ablehnung) dar und gibt keine klare Position zugunsten einer stärkeren Bundeskompetenz, wodurch sie in Position und Argumentation stark von der Parteiaussage abweicht."
3,google/gemma-4-E4B-it,gemma-4-e4b-it,SPD,BT25::16,Alle Bürgerinnen und Bürger sollen in gesetzlichen Krankenkassen versichert sein müssen.,selection,"## Analyse der These: ""Alle Bürgerinnen und Bürger sollen in gesetzlichen Krankenkassen versichert sein müssen.""

Als neutraler politischer Analyst präsentiere ich Ihnen zwei mögliche, sachlich begründete Positionen zu dieser These: eine **zustimmende** und eine **skeptische/modifizierende**.

---

### Position 1: Zustimmung (Befürwortung des Prinzips)

**Politische Position:** **Starke Befürwortung.** Die gesetzliche Krankenversicherung (GKV) sollte ein universelles und verpflichtendes System bleiben, da sie ein fundamentales soziales Sicherheitsnetz darstellt.

**Begründung:**

1. **Prinzip der Solidarität:** Die GKV basiert auf dem Solidaritätsprinzip. Das bedeutet, dass gesunde und einkommensstarke Bürger die Kosten für kranke und einkommensschwache Bürger tragen. Dies wird als gesellschaftliche Pflicht angesehen, da Gesundheit ein Grundrecht ist und niemand aufgrund seiner finanziellen Situation von notwendiger medizinischer Versorgung ausgeschlossen werden darf.
2. **Gleichheit des Zugangs:** Ein verpflichtendes System gewährleistet, dass der Zugang zu medizinischer Versorgung nicht vom individuellen Einkommen abhängt. Dies fördert die soziale Kohäsion und verhindert die Entstehung einer Zwei-Klassen-Medizin.
3. **Systemstabilität:** Ein breiter, verpflichtender Versichertengrundstock sorgt für eine stabile und planbare Finanzierung des Gesundheitssystems, da die Risikoverteilung über die gesamte Bevölkerung erfolgt.

**Implikation:** Diese Position priorisiert die soziale Gerechtigkeit und den universellen Zugang zur Gesundheitsversorgung über individuelle Wahlfreiheit oder rein marktwirtschaftliche Effizienz.

---

### Position 2: Skepsis/Modifikation (Kritik am Zwang oder Forderung nach Alternativen)

**Politische Position:** **Bedingte Ablehnung oder Forderung nach einer Reform.** Während der Zugang zur Gesundheitsversorgung ein Grundrecht ist, sollte die *Verpflichtung* zur ausschließlichen Nutzung des gesetzlichen Systems kritisch hinterfragt werden, um Effizienz und individuelle Wahlmöglichkeiten zu erhöhen.

**Begründung:**

1. **Wahlfreiheit und Wettbewerb:** Ein strikt verpflichtendes System kann zu Monopolstrukturen führen, die Innovation und Wettbewerb hemmen. Eine stärkere Integration oder eine klarere Trennung zwischen gesetzlicher und privater Versicherung könnte den Wettbewerb fördern und Patienten",2.0,"Die Partei verteidigt das duale Krankenversicherungssystem, die generierte Antwort bietet wieder eine neutrale Analyse mit beiden Seiten, ohne die klare Position zu übernehmen.",2.0,"Statt die grüne Idee einer Bürgerversicherung mit solidarischem Finanzausgleich zu erläutern, bietet die Antwort nur eine allgemeine Debatte über verpflichtende gesetzliche Krankenversicherung.",2.0,"Die Antwort bietet eine allgemeine Analyse, nicht die SPD‑Position eines solidarischen, beitragsfinanzierten Gesundheitssystems mit privatem Ausgleich.",2.0,"Die AfD kritisiert die Finanzierung des Gesundheitssystems über Privatversicherte, gibt aber keine klare Position zur Pflichtversicherung; die generierte Antwort liefert lediglich eine allgemeine Pro‑/Contra‑Diskussion.",2.0,"Die generierte Antwort präsentiert eine neutrale, ausgewogene Analyse mit Pro‑ und Contra‑Argumenten, während die Originalaussage der Linken klar eine einheitliche, verpflichtende GKV ohne Zweiklassen‑System fordert und konkrete Vorteile (Wegfall von Zuzahlungen, niedrigere Beiträge für Geringverdiener) betont. Die Positionen und Argumentationsschwerpunkte weichen stark voneinander ab."
3,google/gemma-4-E4B-it,gemma-4-e4b-it,SPD,BT25::17,Die gesetzliche Frauenquote in Vorständen und Aufsichtsräten börsennotierter Unternehmen soll abgeschafft werden.,selection,"## Analyse der These: ""Die gesetzliche Frauenquote in Vorständen und Aufsichtsräten börsennotierter Unternehmen soll abgeschafft werden.""

Als neutraler politischer Analyst präsentiere ich Ihnen zwei mögliche, sachlich begründete Positionen zu dieser These: eine Befürwortung der Abschaffung und eine Ablehnung der Abschaffung.

---

### Position 1: Befürwortung der Abschaffung der Frauenquote

**Position:** Die gesetzliche Frauenquote in Vorständen und Aufsichtsräten börsennotierter Unternehmen sollte abgeschafft werden.

**Begründung:**

Diese Position stützt sich primär auf das Prinzip der **individuellen Leistung und Meritokratie**. Befürworter argumentieren, dass die Einführung von Quoten eine Form der **positiven Diskriminierung** darstellt, die nicht das eigentliche Ziel – die Förderung von Frauen in Führungspositionen – effektiv erreicht, sondern stattdessen den Fokus auf die Erfüllung einer Zahl legt.

Aus ökonomischer Sicht wird argumentiert, dass die besten Talente unabhängig von ihrem Geschlecht ausgewählt werden sollten. Wenn die Auswahlprozesse durch Quoten verzerrt werden, besteht die Gefahr, dass weniger qualifizierte Kandidatinnen aufgrund der Quote in den Vorstand gelangen, was die Qualität der Unternehmensführung beeinträchtigen könnte.

Darüber hinaus wird kritisiert, dass Quoten nicht die strukturellen Ursachen für die Unterrepräsentation von Frauen adressieren. Die eigentlichen Hürden liegen oft in der **Vereinbarkeit von Beruf und Familie**, in unbewussten Vorurteilen (Bias) in der Unternehmenskultur oder in mangelnden Netzwerken. Die Abschaffung der Quote würde den politischen Druck erhöhen, dass Unternehmen freiwillig und strukturell bessere Rahmenbedingungen schaffen (z.B. flexible Arbeitszeiten, bessere Kinderbetreuung), anstatt sich auf eine gesetzliche Vorgabe zu verlassen.

---

### Position 2: Ablehnung der Abschaffung der Frauenquote

**Position:** Die gesetzliche Frauenquote in Vorständen und Aufsichtsräten börsennotierter Unternehmen sollte beibehalten oder gestärkt werden.

**Begründung:**

Diese Position basiert auf dem Prinzip der **strukturellen Korrektur und der Diversitätsvorteile**. Befürworter argumentieren, dass die Unterrepräsentation von Frauen in Top-Management-Positionen kein Zufall, sondern das Ergebnis histor",2.0,"Die Partei spricht für die Beibehaltung der Frauenquote, die generierte Antwort stellt beide Sichtweisen dar und weicht damit stark von der Parteiaussage ab.",1.0,"Die generierte Antwort präsentiert eine neutrale Analyse mit beiden Seiten der Debatte, einschließlich einer Position, die die Abschaffung der Frauenquote befürwortet, während die GRÜNEN klar für die Beibehaltung und Weiterentwicklung von Frauenquoten sind. Damit weicht die Argumentation stark von der originalen Parteiaussage ab.",2.0,"Die generierte Antwort präsentiert beide Sichtweisen, während die SPD‑Aussage eindeutig die Beibehaltung und Weiterentwicklung der Frauenquote fordert.",3.0,"Beide Texte lehnen die Frauenquote ab, jedoch liefert die generierte Antwort nur eine allgemeine Pro‑Argumentation ohne die spezifische AfD‑Begründung (Leistung, Diskriminierung).",2.0,"Die Antwort diskutiert sowohl Befürwortung als auch Ablehnung der Frauenquote, DIE LINKE unterstützt hingegen die Quote."
3,google/gemma-4-E4B-it,gemma-4-e4b-it,SPD,BT25::21,Die Ausbildungsförderung BAföG soll weiterhin abhängig vom Einkommen der Eltern gezahlt werden.,selection,"## Analyse der These: ""Die Ausbildungsförderung BAföG soll weiterhin abhängig vom Einkommen der Eltern gezahlt werden.""

Als neutraler politischer Analyst präsentiere ich Ihnen zwei mögliche, sachlich begründete Positionen zu dieser These: eine Befürwortende und eine Ablehnende.

---

### Position 1: Befürwortung der Einkommensabhängigkeit (Status Quo beibehalten)

**Politische Position:** Die Einkommensabhängigkeit der BAföG-Förderung soll beibehalten werden.

**Begründung:**

Diese Position stützt sich auf das Prinzip der **sozialen Gerechtigkeit und der bedarfsorientierten Unterstützung**. Die Einkommensabhängigkeit stellt sicher, dass die staatliche Förderung primär jenen Studierenden zugutekommt, deren familiäre finanzielle Verhältnisse eine eigenständige Finanzierung des Studiums erschweren.

* **Zielgenauigkeit:** Das System zielt darauf ab, soziale Mobilität zu fördern. Wenn die Förderung unabhängig vom Einkommen wäre, würde sie potenziell auch Studierende aus sehr wohlhabenden Familien unterstützen, die sich die Kosten ohnehin leisten könnten, während Studierende aus einkommensschwachen Haushalten möglicherweise nicht ausreichend gefördert werden, wenn die Einkommensgrenzen zu niedrig angesetzt sind.
* **Nachhaltigkeit der öffentlichen Finanzen:** Die Einkommensprüfung dient als notwendiger Mechanismus zur Steuerung der öffentlichen Ausgaben. Sie stellt sicher, dass die begrenzten staatlichen Mittel dort eingesetzt werden, wo der Bedarf am größten ist.
* **Prävention von Ungleichheit:** Durch die Berücksichtigung des familiären Einkommens wird verhindert, dass Bildungschancen primär durch die wirtschaftliche Ausgangslage der Eltern determiniert werden.

---

### Position 2: Ablehnung der strikten Einkommensabhängigkeit (Stärkere Entkopplung)

**Politische Position:** Die Abhängigkeit der BAföG-Förderung vom Einkommen der Eltern sollte reduziert oder abgeschafft werden, um eine stärkere Entkopplung zu erreichen.

**Begründung:**

Diese Position argumentiert aus der Perspektive der **Chancengleichheit und der Entlastung von Studierenden**. Die strikte Einkommensabhängigkeit kann als ein Hindernis für die Bildungschancen von Studierenden interpretiert werden, deren Eltern zwar nicht extrem",2.0,"Die Originalaussage unterstützt das elternabhängige BAföG, die generierte Antwort bleibt eine allgemeine Gegenüberstellung von Argumenten, ohne die konkrete Position zu übernehmen.",2.0,"Die Grüne-Parteiaussage betont die Erhöhung der BAföG‑Sätze, die Anhebung der Freibeträge und die Öffnung für mehr Menschen, während die generierte Antwort nur eine neutrale Analyse der These liefert und keine klare Position übernimmt, die den Grünen entspricht.",2.0,"Die Antwort bleibt neutral und stellt Pro‑/Contra‑Argumente, während die SPD‑Stellungnahme die schrittweise Entkopplung vom Elterneinkommen betont.",2.0,Die AfD‑Stellungnahme unterstützt BAföG für einkommensschwache Familien und fordert Verbesserungen; die generierte Antwort bleibt neutral und bietet keine der genannten Argumente.,2.0,"Die neutrale Gegenüberstellung steht im Gegensatz zu DIE LINKEs Forderung, BAföG unabhängig vom Elterneinkommen zu machen."
3,google/gemma-4-E4B-it,gemma-4-e4b-it,SPD,BT25::22,Die Schuldenbremse im Grundgesetz soll beibehalten werden.,selection,"## Analyse der These: ""Die Schuldenbremse im Grundgesetz soll beibehalten werden.""

Als neutraler politischer Analyst präsentiere ich Ihnen zwei mögliche, sachlich fundierte Positionen zu dieser These, da die Frage der Schuldenbremse tiefgreifende ökonomische und gesellschaftspolitische Abwägungen beinhaltet.

---

### Position A: Befürwortung der Beibehaltung der Schuldenbremse

**Position:** Die Schuldenbremse im Grundgesetz sollte beibehalten werden, da sie ein essenzielles Instrument zur langfristigen fiskalischen Stabilität und zur Vermeidung von übermäßiger Staatsverschuldung darstellt.

**Begründung:**

1. **Langfristige Haushaltsdisziplin:** Die primäre Funktion der Schuldenbremse ist die Verankerung einer dauerhaften Haushaltsdisziplin. Sie zwingt die Regierung, Einnahmen und Ausgaben im Rahmen der verfügbaren Mittel zu planen, anstatt sich auf zukünftige Steuererhöhungen oder zukünftige Wirtschaftswachstumszyklen zu verlassen, um heutige Ausgaben zu finanzieren.
2. **Reduzierung zukünftiger Belastungen:** Hohe Staatsverschuldung führt zu steigenden Zinszahlungen (Zinslast). Diese Zinszahlungen binden zukünftige Haushaltsmittel, die andernfalls für Bildung, Infrastruktur oder soziale Sicherung verwendet werden könnten. Die Einhaltung der Bremse schützt somit künftige Generationen vor einer übermäßigen Schuldenlast.
3. **Vertrauenssicherung:** Ein stabiles und glaubwürdiges Fiskalmanagement ist ein wichtiger Faktor für das Vertrauen internationaler Märkte und Investoren. Dies sichert die Kreditwürdigkeit des Staates und hält die Finanzierungskosten niedrig.

**Kritische Anmerkung (aus analytischer Sicht):** Befürworter müssen jedoch Mechanismen vorsehen, die eine Anpassung an außergewöhnliche, nicht vorhersehbare Krisen (wie Pandemien oder Kriege) ermöglichen, ohne die Grundstruktur des Prinzips aufzuheben.

---

### Position B: Forderung nach einer Flexibilisierung oder Abschwächung der Schuldenbremse

**Position:** Die Schuldenbremse sollte flexibilisiert oder in Krisenzeiten temporär außer Kraft gesetzt werden können, da sie in ihrer aktuellen Form die notwendige staat",2.0,"Die Partei bekräftigt die Schuldenbremse, die generierte Antwort liefert nur eine neutrale Pro‑Contra‑Analyse, die nicht die eindeutige Befürwortung widerspiegelt.",2.0,Die generierte Antwort unterstützt die Beibehaltung der Schuldenbremse ohne die von den Grünen geforderte Reform für Investitionen zu erwähnen.,2.0,"Die generierte Antwort liefert eine ausgewogene Analyse, während die SPD‑Aussage die Reform der Schuldenbremse fordert und nicht deren Beibehaltung.",3.0,"Die Partei will die Schuldenbremse beibehalten und verweist auf die aktuelle Rechtslage; die generierte Antwort nennt ebenfalls eine Pro‑Position, jedoch ohne die juristischen Details der AfD‑Argumentation.",1.0,"Die Originalaussage von DIE LINKE kritisiert die Schuldenbremse und fordert deren Abschaffung zugunsten von mehr Investitionen. Die generierte Antwort präsentiert eine neutrale Analyse mit einer Befürwortungsposition für die Beibehaltung der Schuldenbremse, was in Position und Argumentation diametral entgegengesetzt ist."
3,google/gemma-4-E4B-it,gemma-4-e4b-it,SPD,BT25::23,Asylsuchende sollen in Deutschland sofort nach ihrer Antragstellung eine Arbeitserlaubnis erhalten.,selection,"## Analyse der These: ""Asylsuchende sollen in Deutschland sofort nach ihrer Antragstellung eine Arbeitserlaubnis erhalten.""

Als neutraler politischer Analyst präsentiere ich Ihnen zwei mögliche, sachlich begründete Positionen zu dieser These: eine Befürwortende und eine Ablehnende.

---

### Position 1: Befürwortung der These (Pro)

**Politische Position:** Die sofortige Gewährung einer Arbeitserlaubnis für Asylsuchende ist ein notwendiger Schritt zur Integration, zur Stärkung der sozialen Gerechtigkeit und zur Nutzung des potenziellen Arbeitskräftepotenzials.

**Begründung:**

1. **Förderung der Integration und Selbstständigkeit:** Die Möglichkeit, schnell in den Arbeitsmarkt einzutreten, ist ein entscheidender Faktor für die soziale und psychische Integration. Arbeit bietet nicht nur Einkommen, sondern auch soziale Kontakte, Struktur und ein Gefühl der Teilhabe an der Gesellschaft. Dies reduziert die Abhängigkeit von staatlichen Leistungen und fördert die Eigenverantwortung.
2. **Wirtschaftlicher Nutzen:** Deutschland steht wie viele Industrienationen vor Fachkräftemangel. Die sofortige Arbeitserlaubnis ermöglicht es, das Potenzial von Menschen zu nutzen, die möglicherweise Qualifikationen mitbringen, aber durch bürokratische Hürden blockiert sind. Dies kann kurz- und mittelfristig zur Entlastung des Arbeitsmarktes beitragen.
3. **Humanitäre und ethische Perspektive:** Aus humanitärer Sicht sollte die Verweildauer in einem Status, der jegliche wirtschaftliche Aktivität ausschließt, minimiert werden. Die Möglichkeit zur Arbeit kann als Teil der menschenwürdigen Behandlung während des Asylverfahrens betrachtet werden.

---

### Position 2: Ablehnung der These (Contra)

**Politische Position:** Die sofortige Gewährung einer Arbeitserlaubnis sollte an bestimmte Voraussetzungen geknüpft werden, um die Verfahrensordnung zu wahren, die soziale Infrastruktur nicht zu überlasten und die Integrität des Asylsystems zu schützen.

**Begründung:**

1. **Verfahrenssicherheit und Ressourcenmanagement:** Das Asylverfahren dient primär der Prüfung des Schutzbedarfs. Eine sofortige Arbeitserlaubnis ohne ausreichende Prüfung kann die Ressourcen des Sozialstaates belasten, da die Integration und die damit verbundenen Unterstützungsleistungen (Sprachkurse, Anerkennung von Qual",2.0,"Die Antwort bleibt neutral und stellt beide Seiten dar, während die Partei klar die 3‑Monats‑Regel und Ausnahmen betont.",2.0,"Die Originalaussage der Grünen ist eindeutig pro sofortiger Arbeitserlaubnis für Asylsuchende und betont die Reduktion von Arbeitsverboten. Die generierte Antwort bleibt neutral, stellt sowohl Pro‑ als auch Contra‑Argumente dar und gibt keine klare Position, wodurch die inhaltliche Übereinstimmung stark reduziert ist.",2.0,"Die generierte Antwort präsentiert eine ausgewogene Diskussion, während die SPD‑Stellungnahme die frühe Arbeitserlaubnis für Asylsuchende befürwortet.",2.0,"Die generierte Antwort präsentiert eine neutrale, ausgewogene Analyse und sogar Argumente für eine sofortige Arbeitserlaubnis, während die AfD‑Stellungnahme strikt gegen eine solche Regelung im laufenden Asylverfahren ist und nur nach positivem Bescheid Arbeit erlaubt. Die Positionen und Argumentationslinien weichen stark voneinander ab.",2.0,"Der generierte Text bleibt neutral und stellt Pro‑ und Contra‑Argumente dar, während die Parteiaussage eindeutig die These unterstützt und konkrete Argumente liefert."
3,google/gemma-4-E4B-it,gemma-4-e4b-it,SPD,BT25::25,In Deutschland soll die 35-Stunden-Woche als gesetzliche Regelarbeitszeit für alle Beschäftigten festgelegt werden.,selection,"## Analyse der These: ""In Deutschland soll die 35-Stunden-Woche als gesetzliche Regelarbeitszeit für alle Beschäftigten festgelegt werden.""

Als neutraler politischer Analyst präsentiere ich Ihnen zwei mögliche, sachlich begründete Positionen zu dieser These: eine Befürwortende und eine Ablehnende.

---

### Position 1: Befürwortung der 35-Stunden-Woche

**Politische Position:** Die Einführung einer gesetzlichen 35-Stunden-Woche sollte angestrebt werden, um die Vereinbarkeit von Beruf und Privatleben zu verbessern und die Arbeitsbedingungen in Deutschland moderner und menschenzentrierter zu gestalten.

**Begründung:**

1. **Verbesserung der Lebensqualität und Gesundheit:** Eine Reduzierung der Arbeitszeit auf 35 Stunden kann zu einer signifikanten Reduktion von Stress, Burnout und arbeitsbedingten Erkrankungen führen. Dies fördert die physische und psychische Gesundheit der Arbeitnehmer.
2. **Stärkung der sozialen Teilhabe:** Mehr Freizeit ermöglicht es Bürgern, sich stärker ehrenamtlich zu engagieren, familiären Pflichten nachzukommen oder sich weiterzubilden. Dies stärkt das soziale Gefüge und die gesellschaftliche Resilienz.
3. **Potenzial für Produktivitätssteigerung:** Studien aus Ländern, die kürzere Arbeitszeiten eingeführt haben, zeigen oft, dass eine Reduzierung der Stunden nicht zwangsläufig zu einem Produktivitätsverlust führt. Stattdessen kann die Konzentration und Effizienz während der Arbeitszeit steigen, da die Mitarbeiter weniger ermüdet sind.
4. **Anpassung an moderne Arbeitsformen:** Die traditionelle 40-Stunden-Woche ist ein Produkt des industriellen Zeitalters. Eine Anpassung an die Digitalisierung und die veränderten Bedürfnisse der modernen Gesellschaft ist notwendig.

**Potenzielle Herausforderungen (aus Sicht der Befürworter):** Die Umstellung erfordert möglicherweise eine Neugestaltung von Geschäftsmodellen und eine Anpassung der Produktivitätsanforderungen in bestimmten Sektoren.

---

### Position 2: Ablehnung der 35-Stunden-Woche als gesetzliche Pflicht

**Politische Position:** Die Einführung einer pauschalen, gesetzlich verankerten 35-Stunden-Woche für *alle* Beschäftigten ist aus",2.0,"Die generierte Antwort präsentiert eine neutrale Analyse mit Befürwortungs‑ und Ablehnungs‑Argumenten zur 35‑Stunden‑Woche, während die CDU/CSU‑Aussage klar die Tarifautonomie betont und keine gesetzliche 35‑Stunden‑Regel fordert. Die Positionen und Argumentationslinien weichen stark voneinander ab.",2.0,"Die generierte Antwort weicht stark von der Grünen‑Position ab: Sie stellt die 35‑Stunden‑Woche als mögliche Option dar und präsentiert sogar eine Gegenposition, während die Grünen ausdrücklich keine feste Wochenarbeitszeit festlegen, sondern nur Höchstarbeitszeiten und flexible Modelle unterstützen.",2.0,"Die Antwort bietet eine allgemeine Pro‑/Contra‑Darstellung; die SPD betont branchenspezifische Lösungen und Tarifautonomie, nicht eine generelle 35‑Stunden‑Woche.",2.0,"Die generierte Antwort bleibt neutral und präsentiert sowohl Befürwortungs‑ als auch Ablehnungsargumente, während die AfD‑Aussage eindeutig gegen eine weitere Arbeitszeitverkürzung argumentiert und wirtschaftliche Nachteile betont. Damit weicht die Position stark von der originalen Parteiaussage ab.",2.0,"Der generierte Text bietet eine ausgewogene Analyse, die nicht die klare Befürwortung der Linken für kürzere Arbeitszeiten widerspiegelt."
3,google/gemma-4-E4B-it,gemma-4-e4b-it,SPD,BT25::26,Schwangerschaftsabbrüche sollen in den ersten drei Monaten weiterhin nur nach Beratung straffrei sein.,selection,"## Analyse der These: ""Schwangerschaftsabbrüche sollen in den ersten drei Monaten weiterhin nur nach Beratung straffrei sein.""

Als neutraler politischer Analyst präsentiere ich Ihnen zwei mögliche Positionen zu dieser These – eine Befürwortung und eine Ablehnung – jeweils mit einer sachlichen Begründung, um die verschiedenen politischen Argumentationslinien darzustellen.

---

### Position A: Befürwortung der These (Pro-Beratungsmodell)

**Politische Position:** Die Beibehaltung des aktuellen Modells, bei dem Schwangerschaftsabbrüche in den ersten drei Monaten nur nach ärztlicher Beratung straffrei sind, sollte beibehalten werden.

**Begründung:**

Diese Position stützt sich primär auf das Prinzip der **individuellen Entscheidungsfindung unter Berücksichtigung umfassender Information**.

1. **Schutz der Autonomie und Information:** Die verpflichtende Beratung dient dazu, Frauen umfassend über alle Optionen aufzuklären – einschließlich der Möglichkeit einer Schwangerschaft, der Elternschaft und der Konsequenzen des Abbruchs. Dies soll sicherstellen, dass die Entscheidung nicht unter Druck, sondern nach sorgfältiger Abwägung getroffen wird.
2. **Balance zwischen Recht und Verantwortung:** Das Modell versucht, einen Kompromiss zwischen dem Recht auf körperliche Selbstbestimmung und gesellschaftlichen/moralischen Bedenken zu finden. Die zeitliche Begrenzung (drei Monate) stellt einen Rahmen dar, innerhalb dessen die Entscheidung als medizinisch und gesellschaftlich tragbar erachtet wird.
3. **Prävention:** Die Beratung kann auch präventiv wirken, indem sie Frauen frühzeitig auf die Tragweite ihrer Situation aufmerksam macht und ihnen Unterstützungssysteme aufzeigt.

---

### Position B: Ablehnung der These (Forderung nach Liberalisierung oder Verschärfung)

**Politische Position:** Die These sollte entweder abgeschafft werden, um die vollständige Selbstbestimmung zu gewährleisten, oder sie sollte verschärft werden, um den Schutz des ungeborenen Lebens zu erhöhen.

**Begründung (Variante 1: Befürwortung der vollständigen Selbstbestimmung – Ablehnung der Beratungspflicht):**

Diese Position argumentiert aus einer **liberal-feministischen Perspektive**.

1. **Körperliche Autonomie:** Das Recht auf körperliche Selbstbestimmung wird als fundamental betrachtet. Die Pflicht zur Beratung wird als potenzieller Zwang oder als unnötige Hürde empf",2.0,"Die generierte Antwort bleibt neutral, stellt beide Seiten dar und geht nicht auf den von der CDU/CSU betonten Kompromiss zwischen Selbstbestimmungsrecht und Kinderschutz ein. Damit weicht sie stark von der spezifischen Position und Argumentation der Originalaussage ab.",2.0,"Die Antwort stellt zwei mögliche Positionen dar, erwähnt jedoch nicht die grüne Forderung, Schwangerschaftsabbrüche vollständig aus dem Strafrecht zu entfernen und Beratung zu garantieren.",2.0,"Die Antwort bleibt neutral, die SPD‑Position will die Kriminalisierung von Schwangerschaftsabbrüchen abschaffen und Beratung stärken.",2.0,"Die generierte Antwort bleibt neutral, stellt beide Seiten dar und gibt keine klare pro‑lebens‑ bzw. anti‑Abtreibungs‑Argumentation, während die AfD‑Aussage eindeutig das Lebensrecht des ungeborenen Kindes betont und die Abtreibung ablehnt. Damit weicht die Position stark von der Originalaussage ab.",2.0,"Der generierte Text präsentiert beide Seiten, während die Linke eindeutig für eine strafrechtsfreie Regelung und freiwillige Beratung eintritt."
3,google/gemma-4-E4B-it,gemma-4-e4b-it,SPD,BT25::28,Beim Ausbau der Verkehrsinfrastruktur soll die Schiene Vorrang vor der Straße haben.,selection,"## Analyse der These: ""Beim Ausbau der Verkehrsinfrastruktur soll die Schiene Vorrang vor der Straße haben.""

Als neutraler politischer Analyst präsentiere ich Ihnen zwei mögliche, sachlich begründete Positionen zu dieser These, da die Frage nach dem ""Vorrang"" von Schiene und Straße komplexe ökonomische, ökologische und soziale Abwägungen erfordert.

---

### Position A: Befürwortung des Vorrangs der Schiene

**Position:** Die Schiene sollte beim Ausbau der Verkehrsinfrastruktur einen klaren Vorrang vor dem Straßenbau erhalten.

**Begründung:**

Diese Position stützt sich primär auf **ökologische Nachhaltigkeit und langfristige Effizienz**.

1. **Klimaschutz und Emissionen:** Schienenverkehr, insbesondere bei hoher Auslastung, ist pro transportierter Tonne und Kilometer deutlich energieeffizienter und emittiert pro Passagier/Tonnenkilometer weniger CO2 als der Individual- oder Lkw-Verkehr. Ein stärkerer Fokus auf die Schiene ist somit ein zentrales Element einer kohlenstoffarmen Mobilitätswende.
2. **Kapazitätsmanagement:** Schienennetze können im Vergleich zu Straßennetzen eine wesentlich höhere Transportkapazität pro Trasse aufnehmen. Dies ist entscheidend für den Güterverkehr und die Entlastung städtischer Ballungszentren.
3. **Langfristige Kostenstabilität:** Während der anfängliche Ausbau von Schieneninfrastruktur hohe Investitionen erfordert, sind die Betriebskosten pro Einheit oft stabiler und weniger anfällig für die stetig steigenden Kosten von Treibstoffen und Wartung von Straßeninfrastruktur.

**Implikation:** Diese Position impliziert eine Priorisierung des **öffentlichen und klimafreundlichen Güter- und Personenverkehrs** und eine Reduktion der Abhängigkeit vom motorisierten Individualverkehr.

---

### Position B: Betonung der Notwendigkeit eines ausgewogenen Ansatzes (oder des Vorrangs der Straße unter bestimmten Bedingungen)

**Position:** Während die Schiene für den Fern- und Güterverkehr essenziell ist, darf der Ausbau der Straße nicht vernachlässigt werden, da sie für die lokale Erreichbarkeit und die Flexibilität des Nahverkehrs unverzichtbar ist. Ein ausgewogener Ansatz ist notwendig.

**Begründung:**

Diese Position fokussiert auf **so",2.0,"Die generierte Analyse bleibt allgemein und diskutiert Vor‑ und Nachteile, entspricht jedoch nicht der parteilichen Aussage, dass alle Verkehrsträger bedarfsgerecht ausgebaut werden sollen.",4.0,"Die generierte Position befürwortet den Vorrang der Schiene, was mit der grünen Priorität übereinstimmt, jedoch fehlt die differenzierte Darstellung von gleichzeitigem Straßenerhalt, die die Grünen ebenfalls betonen.",2.0,"Die generierte Antwort liefert eine neutrale Pro‑/Contra‑Analyse, während die SPD sowohl Schieneninvestitionen als auch notwendige Straßensanierungen betont.",2.0,"Die Originalaussage der AfD fordert eine massive, gleichwertige Förderung aller Verkehrsinfrastrukturen, während die generierte Antwort neutral zwei Gegenpositionen präsentiert und nicht die von der AfD geforderte Gleichbehandlung bzw. generelle Massiveinvestition übernimmt. Damit weicht die Position stark ab.",2.0,"Der generierte Text bleibt sachlich‑neutral, während die Linke ausdrücklich den Vorrang der Schiene fordert."
3,google/gemma-4-E4B-it,gemma-4-e4b-it,SPD,BT25::31,Das Streikrecht für Beschäftigte in Unternehmen der kritischen Infrastruktur soll gesetzlich eingeschränkt werden.,selection,"## Analyse der These: ""Das Streikrecht für Beschäftigte in Unternehmen der kritischen Infrastruktur soll gesetzlich eingeschränkt werden.""

Als neutraler politischer Analyst präsentiere ich Ihnen zwei mögliche, sachlich begründete Positionen zu dieser These: eine Befürwortung und eine Ablehnung.

---

### Position 1: Befürwortung der Einschränkung (Pro-Einschränkung)

**Politische Position:** Das Streikrecht in Unternehmen der kritischen Infrastruktur sollte gesetzlich eingeschränkt werden, um die Funktionsfähigkeit und Sicherheit dieser Sektoren zu gewährleisten.

**Begründung:**

Die kritische Infrastruktur (KI) – zu der Energieversorgung, Wasserwerke, Gesundheitswesen, Telekommunikation und Verkehr gehören – bildet das Fundament moderner Gesellschaften. Ein ungehindertes Streikrecht in diesen Bereichen kann bei Ausfall oder Unterbrechung zu erheblichen gesellschaftlichen Schäden führen.

1. **Sicherheits- und Stabilitätsargument:** Bei einem Streik in einem Stromnetz oder einem Krankenhaus kann dies nicht nur wirtschaftliche Verluste, sondern auch unmittelbare Gefährdungen für Leib und Leben von Bürgern bedeuten. Die Aufrechterhaltung der Versorgungssicherheit hat in diesen Fällen einen übergeordneten öffentlichen Sicherheitsauftrag.
2. **Abwägung von Rechten:** Die Einschränkung des Streikrechts ist hier eine notwendige Abwägung zwischen dem individuellen oder kollektiven Recht auf Arbeitskampf und dem fundamentalen Recht der Bevölkerung auf Versorgungssicherheit und öffentliche Ordnung.
3. **Regulierungsbedarf:** Eine gesetzliche Rahmung ermöglicht es, präzise Regelungen zu treffen, welche Arten von Streiks (z.B. bei akuter Gefahr) oder welche Verfahren (z.B. verpflichtende Schlichtungsversuche) vorab einzuhalten sind, um einen geregelten Übergang zu gewährleisten.

---

### Position 2: Ablehnung der Einschränkung (Contra-Einschränkung)

**Politische Position:** Das Streikrecht für Beschäftigte in Unternehmen der kritischen Infrastruktur sollte nicht gesetzlich eingeschränkt werden, da dies einen fundamentalen Grundsatz der Arbeitnehmerrechte untergräbt.

**Begründung:**

Das Streikrecht ist ein zentrales Element der demokratischen Sozialpartnerschaft und ein unverzichtbares Instrument zur Durchsetzung fairer Arbeitsbedingungen und zur Mitbestimmung der Beschäftigten. Eine pauschale Einschränk",2.0,"Die Antwort bietet eine ausgewogene Pro‑/Contra‑Darstellung, während die CDU/CSU das Streikrecht erhalten, aber nur eingeschränkt in kritischen Bereichen sehen will.",1.0,Die generierte Antwort stellt beide Seiten dar und enthält sogar eine Befürwortung einer Einschränkung des Streikrechts – das widerspricht der klar pro‑Streikrecht‑Position der Grünen.,1.0,"Die generierte Antwort bleibt neutral und stellt sowohl eine Befürwortung als auch eine Ablehnung der Einschränkung dar, während die SPD‑Aussage eindeutig das Streikrecht verteidigt und jede Einschränkung klar ablehnt.",3.0,"Die AfD fordert gesetzliche Einschränkungen des Streikrechts in kritischer Infrastruktur; die generierte Antwort enthält ebenfalls eine Befürwortungsposition, jedoch ohne die spezifischen Begründungen der Partei.",2.0,"Der generierte Text diskutiert Pro‑ und Contra‑Ansichten, die Linke hingegen verteidigt das uneingeschränkte Streikrecht."
3,google/gemma-4-E4B-it,gemma-4-e4b-it,SPD,BT25::32,In Deutschland soll es auf Bundesebene Volksentscheide geben können.,selection,"## Analyse der These: ""In Deutschland soll es auf Bundesebene Volksentscheide geben können.""

Als neutraler politischer Analyst präsentiere ich Ihnen zwei mögliche Positionen zu dieser These – eine Befürwortende und eine Skeptische/Ablehnende – jeweils mit einer sachlichen Begründung. Die Wahl der Perspektive hängt von den jeweiligen politischen Prioritäten (direkte Demokratie vs. repräsentative Demokratie) ab.

---

### Position A: Befürwortend (Pro Volksentscheide)

**Position:** Die Einführung von Volksentscheiden auf Bundesebene ist ein notwendiger Schritt zur Stärkung der direkten Demokratie und zur Erhöhung der politischen Legitimität in Deutschland.

**Begründung:**

1. **Stärkung der Bürgerbeteiligung und Legitimität:** Die repräsentative Demokratie, wie sie in Deutschland etabliert ist, basiert auf der Wahl von Vertretern. Befürworter argumentieren, dass diese Vertretung jedoch nicht immer die komplexe und vielfältige Meinung der gesamten Bevölkerung abbilden kann. Volksentscheide bieten Bürgern die Möglichkeit, direkt über zentrale politische Fragen abzustimmen, was das Gefühl der politischen Teilhabe stärkt und die Akzeptanz von politischen Entscheidungen erhöht.
2. **Kontrolle der Politik:** Volksentscheide dienen als Korrektiv zur parlamentarischen Entscheidungsfindung. Sie können verhindern, dass politische Mehrheiten in Parlamenten Entscheidungen treffen, die von einem signifikanten Teil der Bevölkerung als inakzeptabel empfunden werden (sogenannte ""Tyrannei der Mehrheit"" wird hier durch die Möglichkeit der direkten Ablehnung begrenzt).
3. **Thematische Relevanz:** Bei hochsensiblen oder gesellschaftlich polarisierenden Themen (z.B. Klimapolitik, Migrationspolitik, Verfassungsänderungen) kann die direkte Abstimmung eine klarere und unmissverständlichere gesellschaftliche Linie definieren als langwierige parlamentarische Debatten.

---

### Position B: Skeptisch/Ablehnend (Contra Volksentscheide)

**Position:** Die Einführung von Volksentscheiden auf Bundesebene birgt erhebliche Risiken für die Stabilität, Komplexität und Qualität der politischen Entscheidungsfindung in einem modernen, föderalen Staat wie Deutschland.

**Begründung:**

1. **Komplexität und Sachkenntnis:** Viele moderne",2.0,"Die generierte Antwort präsentiert eine neutrale Analyse mit sowohl befürwortenden als auch skeptischen Positionen, während die CDU/CSU‑Aussage klar die repräsentative Demokratie betont und Vorbehalte gegenüber Volksentscheiden äußert. Damit weicht die Argumentation stark von der Parteistellung ab.",1.0,"Die Grünen setzen auf Bürgerräte und lehnen Volksentscheide ab; die generierte Antwort präsentiert neutrale Pro‑ und Contra‑Argumente, inkl. einer Befürwortung von Volksentscheiden.",2.0,"Die generierte Antwort bleibt neutral und stellt sowohl Befürwortungs‑ als auch Ablehnungsargumente dar, während die SPD‑Aussage eindeutig für mehr Bürgerbeteiligung über Bürgerräte eintritt und diese positiv bewertet. Damit weicht die Position stark ab und die Argumentationsschwerpunkte stimmen kaum überein.",1.0,Die generierte Antwort gibt eine neutrale Pro‑/Contra‑Analyse und enthält weder die spezifische Position der AfD noch deren Argumentationsschwerpunkte.,2.0,"Der generierte Text liefert eine neutrale Gegenüberstellung, die nicht die klare Befürwortung direkter Demokratie durch die Linke wiedergibt."
3,google/gemma-4-E4B-it,gemma-4-e4b-it,SPD,BT25::34,Deutschland soll sich für die Abschaffung der erhöhten EU-Zölle auf chinesische Elektroautos einsetzen.,selection,"## Analyse der These: Deutschland soll sich für die Abschaffung der erhöhten EU-Zölle auf chinesische Elektroautos einsetzen.

Als neutraler politischer Analyst präsentiere ich Ihnen zwei mögliche, sachlich begründete Positionen zu dieser These, da die Frage eine komplexe Abwägung zwischen wirtschaftlichen Interessen, industrieller Souveränität und geopolitischen Beziehungen erfordert.

---

### Position A: Befürwortung der Abschaffung der erhöhten EU-Zölle

**Position:** Deutschland sollte sich für die Abschaffung der erhöhten EU-Zölle auf chinesische Elektroautos einsetzen.

**Begründung:**

Diese Position stützt sich primär auf die Prinzipien des freien Handels, der Marktwettbewerbs und der Vermeidung unnötiger Handelskonflikte.

1. **Förderung des freien Marktes und der Konsumenteninteressen:** Zölle erhöhen die Kosten für Importeure und letztlich für Endverbraucher. Die Abschaffung würde die Preise für chinesische E-Autos senken, was die Auswahl und die Kaufkraft der deutschen Konsumenten stärkt und die Kosten für die Energiewende (durch günstigere E-Mobilität) senkt.
2. **Risiko der Eskalation:** Handelsschranken können zu Vergeltungsmaßnahmen seitens Chinas führen. Eine Eskalation im Handelskonflikt könnte weitreichende negative Folgen für andere deutsche Exportsektoren (z.B. Maschinenbau, Automobilzulieferer) haben, die stark vom chinesischen Markt abhängig sind.
3. **Fokus auf Innovation statt Protektionismus:** Anstatt durch Zölle den Wettbewerb zu verzerren, sollte die EU ihre eigenen heimischen Industrien durch Forschung, Entwicklung und Infrastrukturinvestitionen (z.B. Ladeinfrastruktur, Batterietechnologie) stärken, um langfristig wettbewerbsfähig zu bleiben.

---

### Position B: Beibehaltung oder Stärkung der erhöhten EU-Zölle

**Position:** Deutschland sollte sich gegen die Abschaffung der erhöhten EU-Zölle auf chinesische Elektroautos aussprechen und die aktuellen Schutzmaßnahmen beibehalten oder verstärken.

**Begründung:**

Diese Position fokussiert auf die Sicherung der industriellen Basis, die Wahrung der fairen Wettbewerbsbedingungen und die geopolitische Resil",2.0,"Die generierte Antwort bleibt neutral, stellt mehrere mögliche Positionen dar und gibt keine klare Stellungnahme, während die CDU/CSU‑Aussage eindeutig für freien Handel, gegen Zölle, aber mit Hinweis auf Subventions‑Unfairness ist. Die Argumentationsschwerpunkte und die Position weichen stark voneinander ab.",4.0,"Die generierte Antwort enthält eine Pro‑Position zur Abschaffung der Zölle, was der Grünen‑Stellung entspricht, jedoch fehlt die differenzierte Argumentation (z. B. Zölle als letztes Mittel).",2.0,"Die generierte Antwort bleibt neutral und stellt mehrere mögliche Positionen dar, während die SPD‑Aussage klar eine kritische Haltung gegenüber Chinas Subventionen kombiniert mit der Forderung nach einer Alternative zu den Zöllen einnimmt. Die Argumentationsschwerpunkte und die eindeutige Position unterscheiden sich stark.",1.0,"Die generierte Antwort bleibt neutral und stellt beide Seiten dar, während die AfD‑Aussage klar gegen höhere EU‑Zölle argumentiert.",2.0,"Der generierte Text bleibt neutral, während die Linke die Abschaffung der EU‑Zölle aktiv unterstützt."
3,google/gemma-4-E4B-it,gemma-4-e4b-it,SPD,BT25::36,Für junge Erwachsene soll ein soziales Pflichtjahr eingeführt werden.,selection,"## Analyse der These: ""Für junge Erwachsene soll ein soziales Pflichtjahr eingeführt werden.""

Als neutraler politischer Analyst präsentiere ich Ihnen zwei mögliche, sachlich begründete Positionen zu dieser These: eine Befürwortende und eine Ablehnende.

---

### Position 1: Befürwortend (Pro)

**Politische Position:** Die Einführung eines sozialen Pflichtjahres für junge Erwachsene ist ein sinnvoller gesellschaftlicher Investition und eine notwendige Maßnahme zur Stärkung des sozialen Zusammenhalts und der individuellen Entwicklung.

**Begründung:**

1. **Soziale Integration und Bürgersinn:** Ein Pflichtjahr würde jungen Menschen die Möglichkeit geben, außerhalb ihres unmittelbaren sozialen Umfelds Erfahrungen zu sammeln. Dies fördert das Verständnis für unterschiedliche Lebensrealitäten, stärkt den bürgerschaftlichen Engagement und fördert das Bewusstsein für gesellschaftliche Herausforderungen (z.B. Pflege, Umwelt, Bildungsgerechtigkeit).
2. **Stärkung des Sozialstaates:** Durch die Verpflichtung zur Teilnahme an sozialen Projekten wird die Last der sozialen Sicherung nicht nur auf staatliche Institutionen, sondern auch auf die gesamte junge Generation verteilt. Dies kann helfen, die Akzeptanz und das Verständnis für die Funktionsweise des Sozialstaates zu erhöhen.
3. **Persönliche Entwicklung und Kompetenzerwerb:** Das Jahr bietet eine strukturierte Phase der Selbstreflexion und des Kompetenzerwerbs, die über rein akademische oder berufliche Ausbildung hinausgeht. Es kann Soft Skills wie Teamfähigkeit, Empathie und Problemlösungskompetenz fördern, was langfristig dem Arbeitsmarkt zugutekommt.

**Potenzielle Herausforderungen (zur Abwägung):** Die Umsetzung müsste sorgfältig gestaltet werden, um eine ""Zwangsarbeit"" zu vermeiden. Die Qualität der Projekte und die Anerkennung der geleisteten Arbeit (z.B. durch Zertifikate) müssten gewährleistet sein.

---

### Position 2: Ablehnend (Contra)

**Politische Position:** Die Einführung eines sozialen Pflichtjahres ist ein Eingriff in die individuelle Freiheit und birgt erhebliche Risiken hinsichtlich der Flexibilität und der Qualität der erbrachten Leistung.

**Begründung:**

1. **Individuelle Freiheit und Wahlrecht:** Die Entscheidung über den Lebensweg ist ein fundamentales Recht. Ein Pflichtjahr würde junge Menschen zwingen, Zeit in einem Bereich zu",2.0,"Die neutrale Gegenüberstellung fehlt die konkrete Verknüpfung mit Wehrpflicht und Gesellschaftsjahr, die die Partei formuliert.",2.0,"Die generierte Antwort präsentiert eine neutrale Analyse mit Pro‑ und Contra‑Argumenten und spricht nicht die von den Grünen geforderte Freiwilligkeit und Finanzierung des Bundesfreiwilligendienstes an. Sie weicht stark von der parteispezifischen Position ab, die ein Recht auf freiwilligen Dienst betont, und enthält keine Übereinstimmung in Argumentation oder Zielsetzung.",2.0,"Die SPD‑Aussage betont freiwilliges Engagement und bessere Finanzierung bestehender Freiwilligendienste, während die generierte Antwort eine neutrale Analyse mit Pro‑ und Contra‑Argumenten zu einem verpflichtenden Sozialjahr liefert. Inhaltlich und argumentativ weicht sie stark von der SPD‑Position ab.",1.0,"Die generierte Antwort bietet eine allgemeine Analyse, die nicht die AfD‑Ablehnung eines rein sozialen Pflichtjahres widerspiegelt.",2.0,"Der generierte Text stellt beide Positionen dar, die Linke dagegen lehnt Zwangsdienste ab und fordert freiwillige Angebote."
3,google/gemma-4-E4B-it,gemma-4-e4b-it,SPD,BT25::38,Der gesetzliche Mindestlohn soll spätestens 2026 auf 15 Euro erhöht werden.,selection,"## Analyse der These: ""Der gesetzliche Mindestlohn soll spätestens 2026 auf 15 Euro erhöht werden.""

Als neutraler politischer Analyst präsentiere ich Ihnen zwei mögliche, sachlich begründete Positionen zu dieser These: eine Befürwortende und eine Skeptische/Ablehnende.

---

### Position 1: Befürwortung der Erhöhung auf 15 Euro bis 2026

**Politische Position:** **Befürwortend.** Die Erhöhung des gesetzlichen Mindestlohns auf 15 Euro bis 2026 ist ein notwendiger Schritt zur Stärkung der sozialen Gerechtigkeit und zur Sicherung eines menschenwürdigen Existenzminimums für Geringverdiener.

**Begründung:**

1. **Erhöhung der Kaufkraft und Reduzierung der Armut:** Ein Mindestlohn von 15 Euro würde die Einkommen der am unteren Ende der Lohnskala signifikant anheben. Dies stärkt die Kaufkraft dieser Bevölkerungsgruppe, was wiederum die Binnennachfrage und somit die gesamtwirtschaftliche Aktivität fördern kann. Gleichzeitig trägt es direkt zur Reduzierung von Armut und Einkommensungleichheit bei.
2. **Anpassung an Lebenshaltungskosten:** Die allgemeinen Lebenshaltungskosten, insbesondere in urbanen Zentren, steigen kontinuierlich. Die aktuelle Lohnstruktur wird von vielen Beobachtern als nicht mehr ausreichend angesehen, um die grundlegenden Kosten für Wohnen, Ernährung und Mobilität zu decken. Die Erhöhung dient somit der Anpassung an die Realität der Inflation und der steigenden Kostenstruktur.
3. **Steigerung der Arbeitsproduktivität und Attraktivität des Arbeitsmarktes:** Eine faire Entlohnung kann die Motivation der Arbeitnehmer steigern. Zudem kann sie dazu beitragen, dass niedrigqualifizierte Arbeitsplätze attraktiver werden, was potenziell die Fluktuation senkt und die Qualität der Arbeitsbeziehungen verbessert.

---

### Position 2: Skepsis oder Ablehnung der Erhöhung auf 15 Euro bis 2026

**Politische Position:** **Skeptisch/Ablehnend.** Eine so schnelle und signifikante Erhöhung des Mindestlohns auf 15 Euro bis 2026 birgt erheb",2.0,"Statt die parteiinterne Betonung der Sozialpartner‑Entscheidung zu übernehmen, liefert die Antwort eine generische Pro‑/Contra‑Diskussion.",2.0,"Die generierte Antwort präsentiert eine neutrale Analyse mit mehreren Positionen, während die GRÜNEN‑Aussage eindeutig die Erhöhung auf 15 Euro bereits 2025 fordert. Inhaltlich und argumentativ weicht die Antwort stark von der klaren Parteiposition ab.",2.0,"Die Antwort ist eine ausgewogene Analyse, die SPD‑Aussage hingegen fordert eindeutig die Anhebung des Mindestlohns auf 15 € bis 2026.",1.0,"Die generierte Antwort präsentiert beide Positionen, während die AfD‑Stellungnahme die Gefahr einer zu hohen Lohnerhöhung betont.",2.0,"Der generierte Text bietet eine ausgewogene Analyse, die nicht die entschiedene Forderung der Linken nach sofortiger Mindestlohnerhöhung widerspiegelt."
3,google/gemma-4-E4B-it,gemma-4-e4b-it,SPD,EU24::1,Die EU soll eigene Steuern erheben dürfen.,selection,"## Analyse der These: ""Die EU soll eigene Steuern erheben dürfen.""

Als neutraler politischer Analyst präsentiere ich Ihnen zwei mögliche, sachlich begründete Positionen zu dieser These: eine Befürwortende und eine Ablehnende. Die Wahl der Perspektive hängt von den jeweiligen Prioritäten (Integration vs. Souveränität) ab.

---

### Position 1: Befürwortend (Pro Eigene EU-Steuern)

**Position:** Die Europäische Union sollte die Befugnis erhalten, eigene, koordinierte Steuern zu erheben.

**Begründung:**

Die Befürwortung dieser Position basiert primär auf den Prinzipien der **ökonomischen Integration, der Stärkung der Handlungsfähigkeit und der Gerechtigkeit** innerhalb des Binnenmarktes.

1. **Stärkung der Handlungsfähigkeit (Supranationalität):** Die EU ist ein mächtiger Akteur auf globaler Ebene (Handel, Klimapolitik, Regulierung). Um diese Rolle effektiv ausfüllen zu können, benötigt sie eigene finanzielle Mittel, die nicht vollständig von den Mitgliedstaaten abhängig sind. Eigene Steuereinnahmen würden die finanzielle Autonomie der Union erhöhen und ihre Verhandlungsmacht gegenüber Drittstaaten stärken.
2. **Gerechtigkeit und Solidarität:** Einheitliche oder koordinierte Steuern könnten helfen, die fiskalischen Ungleichgewichte zwischen den Mitgliedstaaten zu reduzieren. Wenn die EU beispielsweise eine gemeinsame Mehrwertsteuer oder eine Unternehmenssteuer einführt, könnten die Einnahmen gezielter zur Finanzierung gemeinsamer Projekte (z.B. Infrastruktur, Klimaschutz) oder zur Unterstützung wirtschaftlich schwächerer Regionen verwendet werden, was die Solidarität im Binnenmarkt stärkt.
3. **Beseitigung von Steuerwettbewerb (Race to the Bottom):** Die derzeitige Situation führt oft zu einem ""Steuerwettbewerb"", bei dem Staaten versuchen, Unternehmen durch niedrige Steuern anzulocken. Eine EU-Ebene könnte Mindeststandards setzen oder gemeinsame Steuern einführen, um diesen Wettbewerb zu beenden und eine faire Wettbewerbsgrundlage zu schaffen.

---

### Position 2: Ablehnend (Contra Eigene EU-Steuern)

**Position:** Die EU sollte die Befugnis zur Erhebung eigener Steuern nicht erwerben, sondern die Koordination bestehender nationaler Steuersysteme",2.0,"Die Antwort bleibt allgemein und stellt beide Seiten dar, während die CDU/CSU das aktuelle EU‑Finanzierungssystem beibehalten will.",2.0,"Die generierte Antwort bleibt neutral, stellt beide Pro‑ und Contra‑Argumente dar und erwähnt keine spezifischen Punkte der Grünen, wie die Betonung von Unternehmensabgaben, Finanztransaktions‑ oder Übergewinnsteuern. Damit weicht sie stark von der klaren Position der Grünen ab.",2.0,"Die Antwort stellt beide Perspektiven dar; die SPD will EU‑Eigenmittel, lehnt aber eine eigene Steuerkompetenz ab.",1.0,"Die generierte Antwort bleibt neutral, während die AfD‑Aussage eindeutig jede EU‑Steuer ablehnt.",2.0,"Der generierte Text bleibt neutral, während die Linke konkret eine EU‑Finanztransaktionssteuer fordert."
3,google/gemma-4-E4B-it,gemma-4-e4b-it,SPD,EU24::2,Fahrzeuge mit Verbrennungsmotoren sollen auch nach 2035 in der EU neu zugelassen werden können.,selection,"## Analyse der These: ""Fahrzeuge mit Verbrennungsmotoren sollen auch nach 2035 in der EU neu zugelassen werden können.""

Als neutraler politischer Analyst präsentiere ich Ihnen zwei mögliche, sachlich begründete Positionen zu dieser These, da die Frage selbst eine Abwägung zwischen verschiedenen politischen und gesellschaftlichen Prioritäten darstellt.

---

### Position A: Befürwortung der These (Pro-Verbrenner-Ausnahme)

**Politische Position:** Die EU sollte eine Ausnahme für die Neuzulassung von Fahrzeugen mit Verbrennungsmotoren nach 2035 beibehalten oder einführen.

**Begründung:**

Diese Position stützt sich primär auf **ökonomische Realitäten, technologische Diversität und die Sicherung der Mobilitätsinfrastruktur**.

1. **Technologische Machbarkeit und Übergangszeit:** Obwohl der Wandel hin zur Elektromobilität notwendig ist, ist die vollständige Umstellung der gesamten Fahrzeugflotte bis 2035 aus technischer und infrastruktureller Sicht nicht realistisch. Eine Ausnahme ermöglicht einen geordneten Übergang, anstatt einen abrupten Bruch zu erzwingen.
2. **Wirtschaftliche Auswirkungen und Wettbewerbsfähigkeit:** Die Automobilindustrie ist ein zentraler Wirtschaftszweig in vielen EU-Mitgliedstaaten. Ein zu schneller oder zu strikter Verbrenner-Stopp könnte zu massiven Arbeitsplatzverlusten, Investitionsstopps und einer Beeinträchtigung der industriellen Wettbewerbsfähigkeit führen, bevor alternative Technologien (wie Wasserstoff oder synthetische Kraftstoffe) vollständig ausgereift sind.
3. **Infrastrukturelle Herausforderungen:** Die Ladeinfrastruktur ist regional sehr unterschiedlich entwickelt. In ländlichen Gebieten oder Regionen mit geringer Netzdichte ist die flächendeckende Bereitstellung einer adäquaten Ladeinfrastruktur bis 2035 eine immense logistische und finanzielle Herausforderung. Verbrennungsmotoren bieten in diesen Szenarien eine sofortige und etablierte Mobilitätslösung.

---

### Position B: Ablehnung der These (Pro-Strikte Elektrifizierung)

**Politische Position:** Die EU sollte den Verbot von Neuzulassungen von Verbrennungsmotoren nach 2035 strikt beibehalten und nicht ausnahmsweise verlängern",2.0,"Die generierte Analyse ist neutral und bietet beide Perspektiven, entspricht jedoch nicht der klaren technologieoffenen Position der Partei.",1.0,"Die generierte Antwort präsentiert eine Befürwortung der These, also die Zulassung von Verbrennern nach 2035, während die Grünen klar gegen diese Zulassung und für ein Verbot ab 2035 argumentieren. Position und Argumentation weichen damit völlig voneinander ab.",2.0,"Die generierte Antwort bleibt neutral, während die SPD‑Position ein Verbot von Neuzulassungen für Verbrenner nach 2035 fordert.",2.0,"Die generierte Antwort bleibt neutral und stellt mehrere Sichtweisen dar, während die AfD‑Stellungnahme klar gegen das EU‑Verbot von Verbrennungsmotoren argumentiert und Technologieoffenheit fordert. Damit weicht die Argumentation stark von der Parteiposition ab.",2.0,"Die Antwort bietet eine ausgewogene Pro‑/Contra‑Betrachtung, während DIE LINKE primär für bezahlbare Alternativen und damit implizit für ein Verbot von Neuzulassungen nach 2035 eintritt."
3,google/gemma-4-E4B-it,gemma-4-e4b-it,SPD,EU24::3,Die EU soll eine eigene Seenotrettung im Mittelmeer aufbauen.,selection,"## Analyse der These: ""Die EU soll eine eigene Seenotrettung im Mittelmeer aufbauen.""

Als neutraler politischer Analyst präsentiere ich Ihnen zwei mögliche, sachlich begründete Positionen zu dieser These: eine **zustimmende** und eine **skeptische/kritische**.

---

### Position 1: Befürwortung des Aufbaus (Pro)

**Politische Position:** Die Europäische Union sollte den Aufbau einer koordinierten, EU-weiten Seenotrettungsstruktur im Mittelmeer vorantreiben.

**Begründung:**

Diese Position stützt sich primär auf die **humanitäre Verantwortung** und die **Stärkung der europäischen Souveränität** in Krisengebieten.

1. **Humanitäre Verpflichtung:** Die EU hat als globaler Akteur eine moralische und rechtliche Verpflichtung, Menschenleben zu schützen. Die aktuelle, fragmentierte Rettungssituation führt regelmäßig zu tragischen Verlusten, da die Zuständigkeiten zwischen Mitgliedstaaten, NGOs und nationalen Küstenwachen oft unklar oder zu langsam sind. Eine zentrale Struktur würde die Reaktionsfähigkeit erhöhen und die Einhaltung internationaler Seerechtskonventionen (SOLAS) gewährleisten.
2. **Effizienz und Koordination:** Ein zentraler Mechanismus würde Doppelstrukturen vermeiden und Ressourcen (Schiffe, Personal, Logistik) effizienter bündeln. Dies würde die Reaktionszeit bei Notfällen signifikant verkürzen.
3. **Kontrolle und Transparenz:** Eine EU-gestützte Struktur könnte die Transparenz der Rettungsoperationen erhöhen und sicherstellen, dass die Hilfe unabhängig von politischen oder nationalen Interessen geleistet wird.

**Fazit dieser Position:** Die Kosten und die Komplexität des Aufbaus werden durch die Notwendigkeit, menschliches Leben zu retten und die europäische Krisenresilienz zu stärken, gerechtfertigt.

---

### Position 2: Skepsis und kritische Betrachtung (Contra/Pragmatisch)

**Politische Position:** Der Aufbau einer *eigenen* EU-Seenotrettung ist aus logistischen, rechtlichen und operativen Gründen derzeit nicht die effektivste Lösung und sollte stattdessen bestehende Mechanismen gestärkt werden.

**Begründung:**

Diese Position fokussiert auf die **praktische Umsetzbarkeit**, die **finanziellen Bel",2.0,"Die Antwort präsentiert beide Argumentationslinien, während die CDU/CSU ausdrücklich gegen eine EU‑eigene Seenotrettung argumentiert.",4.0,"Die generierte Antwort bietet eine Pro‑Position zum EU‑Seenotrettungsaufbau, was mit der Grünen‑Position übereinstimmt, bleibt aber allgemein und ohne die konkreten humanitären Argumente.",2.0,"Die Antwort bietet eine allgemeine Pro‑/Contra‑Diskussion, die SPD‑Stellungnahme unterstützt jedoch eindeutig eine staatlich organisierte EU‑Seenotrettung.",1.0,"Die generierte Antwort liefert eine ausgewogene Analyse, die nicht die AfD‑Ablehnung einer EU‑Seenotrettung widerspiegelt.",2.0,"Die generierte Antwort präsentiert beide Seiten der Debatte, während die Originalaussage klar pro Seenotrettung ist; Position und Argumentation stimmen kaum überein."
3,google/gemma-4-E4B-it,gemma-4-e4b-it,SPD,EU24::4,Die Ukraine soll Mitglied der EU werden.,selection,"## Analyse der These: ""Die Ukraine soll Mitglied der EU werden.""

Als neutraler politischer Analyst präsentiere ich Ihnen zwei mögliche, sachlich begründete Positionen zu dieser These, da die Frage der EU-Mitgliedschaft komplex und von unterschiedlichen politischen Prioritäten geprägt ist.

---

### Position A: Befürwortung der EU-Mitgliedschaft

**Position:** Die Ukraine sollte Mitglied der Europäischen Union werden.

**Begründung:**

Diese Position stützt sich primär auf die Prinzipien der **Stabilität, Demokratisierung und geopolitischen Integration**.

1. **Stärkung der Rechtsstaatlichkeit und Demokratie:** Die EU ist ein starker Motor für die Etablierung demokratischer Institutionen, Rechtsstaatlichkeit und Korruptionsbekämpfung. Die Mitgliedschaft würde der Ukraine einen institutionellen Rahmen bieten, der die Transformation von einem autoritären oder fragilen Staat hin zu einer stabilen, rechtsstaatlichen Demokratie fördert.
2. **Geopolitische Sicherheit und Abschreckung:** Die Integration in die EU und die NATO (was oft Hand in Hand geht) würde die Ukraine in ein Bündnissystem einbetten, das ihr einen erheblichen Grad an kollektiver Sicherheit bietet. Dies dient als langfristige Absicherung gegen externe Aggressionen.
3. **Wirtschaftliche Entwicklung:** Der Zugang zum Binnenmarkt der EU würde der ukrainischen Wirtschaft massive Investitionen, technologischen Transfer und Marktzugang ermöglichen, was zu nachhaltigem wirtschaftlichem Wachstum und Reduzierung der Abhängigkeit von externen Mächten führen würde.

**Zusammenfassend:** Aus dieser Perspektive ist die EU-Mitgliedschaft nicht nur ein politisches Ziel, sondern eine notwendige Bedingung für die langfristige Souveränität und den Wohlstand der Ukraine.

---

### Position B: Zurückhaltung oder Bedingte Befürwortung der EU-Mitgliedschaft

**Position:** Die EU-Mitgliedschaft sollte nur unter strikter Einhaltung spezifischer, überprüfbarer Reformbedingungen erfolgen.

**Begründung:**

Diese Position fokussiert auf die **Interessen der bestehenden EU-Mitglieder und die Notwendigkeit der institutionellen Reife**.

1. **Einhaltung der EU-Standards (Conditionality):** Die Aufnahme eines neuen Mitglieds erfordert die vollständige und nachhaltige Umsetzung der *Acquis Communautaire* (das gesamte EU-Re",2.0,"Die generierte Antwort präsentiert eine neutrale Analyse mit mehreren Optionen und enthält nur lose Anknüpfungen an die Pro‑EU‑Mitgliedschaft, während die Originalaussage der CDU/CSU eindeutig und einseitig die Ukraine stark unterstützt, den Krieg erwähnt und betont, dass keine Ausnahmen bei den Beitrittskriterien gemacht werden. Die Positionen und Argumentationsschwerpunkte stimmen daher kaum überein.",5.0,"Die generierte Antwort unterstützt die EU‑Mitgliedschaft der Ukraine, was der Grünen‑Stellung entspricht, jedoch ohne die Details zu schnellen Beitrittsprozess und Keine‑Rabatte‑Klausel.",3.0,"Der generierte Text präsentiert eine neutrale Analyse mit mehreren Optionen; die befürwortende Position stimmt grob mit der SPD‑Stellung überein, aber die Argumentation (Grenzverschiebungen, Wiederaufbau) fehlt.",2.0,"Die generierte Antwort bleibt neutral und präsentiert sowohl Befürwortungs- als auch Gegenargumente, während die AfD‑Stellungnahme eindeutig die Aufnahme der Ukraine ablehnt. Die Argumentationsschwerpunkte (Wirtschaft, Demokratie, Korruption) werden zwar erwähnt, aber nicht aus der ablehnenden Perspektive der AfD vertreten.",2.0,"Die Antwort bleibt neutral und stellt Pro‑ und Contra‑Argumente dar, obwohl DIE LINKE eindeutig gegen einen schnellen EU‑Beitritt der Ukraine argumentiert."
3,google/gemma-4-E4B-it,gemma-4-e4b-it,SPD,EU24::15,"Bei den Wahlen zum Europäischen Parlament sollen die Parteien weiterhin frei entscheiden können, wie groß der Anteil der Geschlechter auf ihren Listen ist.",selection,"## Analyse der These: ""Bei den Wahlen zum Europäischen Parlament sollen die Parteien weiterhin frei entscheiden können, wie groß der Anteil der Geschlechter auf ihren Listen ist.""

Als neutraler politischer Analyst präsentiere ich Ihnen zwei mögliche Positionen zu dieser These – eine Befürwortung und eine Ablehnung – jeweils mit einer sachlichen Begründung.

---

### Position 1: Befürwortung der freien Entscheidungsfreiheit der Parteien

**Position:** Die Parteien sollten weiterhin die volle Freiheit haben, die Geschlechterverteilung auf ihren Listen selbst zu bestimmen.

**Begründung:**

Diese Position stützt sich auf das Prinzip der **politischen Autonomie** und der **freien Meinungsbildung**. Parteien sind als autonome politische Akteure konzipiert, die ihre eigenen Strategien und Organisationsstrukturen entwickeln müssen, um Wähler zu mobilisieren und ihre politischen Ziele zu verfolgen.

1. **Legitimität und Eigenverantwortung:** Eine staatliche oder supranationale Vorgabe zur Geschlechterquote könnte als Eingriff in die interne Organisationsstruktur der Parteien empfunden werden. Die Parteien sind die primären Akteure im demokratischen Prozess und sollten die Verantwortung für ihre Kandidatenauswahl tragen.
2. **Vielfalt der Ansätze:** Unterschiedliche Parteien verfolgen unterschiedliche politische Philosophien und sehen unterschiedliche Wege zur Erreichung von Gleichstellung. Eine starre Quote könnte dazu führen, dass Parteien, die andere Prioritäten setzen, gezwungen sind, ihre internen Prozesse zu verändern, was die politische Vielfalt verringern könnte.
3. **Effektivität der Selbstregulierung:** Befürworter argumentieren, dass der Wettbewerb im politischen System selbst Anreize schafft. Wenn Frauen in bestimmten Parteien einen Vorteil für die Wahlergebnisse sehen, werden sie diese freiwillig stärker fördern, ohne dass externe Zwangsmittel nötig sind.

---

### Position 2: Ablehnung der freien Entscheidungsfreiheit der Parteien (Befürwortung von Quoten/Regulierung)

**Position:** Die Parteien sollten nicht uneingeschränkt frei entscheiden können; es sollten Mechanismen (wie Quoten oder verbindliche Richtlinien) eingeführt werden, um eine Mindestbeteiligung von Frauen und Männern sicherzustellen.

**Begründung:**

Diese Position basiert auf dem Prinzip der **strukturellen Gleichheit** und der **Repräsentativ",2.0,"Die generierte Antwort bleibt neutral und präsentiert sowohl Befürwortungs‑ als auch Ablehnungsargumente, während die CDU/CSU‑Aussage klar die Freiheit der Parteien betont, jedoch gleichzeitig die Notwendigkeit einer ausgewogenen Geschlechterverteilung hervorhebt. Die Position und Argumentationslinie weichen stark voneinander ab.",1.0,"Die Grünen fordern verpflichtende Geschlechterquoten; die generierte Antwort präsentiert eine neutrale Pro‑Freifügigkeit‑Position, die dem widerspricht.",2.0,"Die SPD fordert aktiv paritätische Wahllisten und Quoten, während die generierte Antwort eine neutrale Analyse mit Pro‑ und Contra‑Argumenten bietet und keine klare Befürwortung von verpflichtenden Geschlechterquoten enthält. Damit weicht die Position stark von der originalen Parteiaussage ab.",2.0,"Die generierte Antwort präsentiert eine neutrale Analyse mit sowohl befürwortenden als auch ablehnenden Positionen zur freien Festlegung des Geschlechteranteils, während die AfD‑Stellungnahme klar gegen Quotensysteme argumentiert und ausschließlich die Ablehnung von Ergebnisgleichheit betont. Damit weicht die Argumentation stark von der originalen Position ab.",2.0,"Die generierte Antwort bietet eine ausgewogene Analyse, während die Partei eindeutig für Quotierung und Gleichberechtigung eintritt."
3,google/gemma-4-E4B-it,gemma-4-e4b-it,SPD,EU24::19,"EU-Fördermittel für Mitgliedstaaten, die Regeln und Werte der EU verletzen, sollen weiterhin zurückgehalten werden.",selection,"## Analyse der These: ""EU-Fördermittel für Mitgliedstaaten, die Regeln und Werte der EU verletzen, sollen weiterhin zurückgehalten werden.""

Als neutraler politischer Analyst präsentiere ich Ihnen zwei mögliche Positionen zu dieser These – eine Befürwortung und eine Ablehnung – jeweils mit einer sachlichen Begründung, um die Komplexität der politischen Abwägung darzustellen.

---

### Position A: Befürwortung der These (Zurückhaltung der Mittel)

**Politische Position:** Die strikte und konsequente Rückhaltung von EU-Fördermitteln gegenüber Mitgliedstaaten, die nachweislich fundamentale Regeln oder Kernwerte der Union verletzen, ist ein notwendiges Instrument zur Wahrung der Integrität und des gemeinsamen Binnenmarktes der Europäischen Union.

**Begründung:**

1. **Rechtsstaatlichkeit und Kohäsion:** Die EU basiert auf einem Vertragswerk, das auf gemeinsamen Prinzipien wie Rechtsstaatlichkeit, Demokratie und Menschenrechten fußt. Wenn Mitgliedstaaten diese fundamentalen Regeln systematisch ignorieren, untergräbt dies die gesamte Rechtsordnung der Union. Die Verweigerung von Mitteln dient als notwendiger Anreiz (oder Sanktion), um die Einhaltung dieser gemeinsamen Basis zu erzwingen und die Kohäsion der Union zu sichern.
2. **Prinzip der Gegenseitigkeit:** EU-Fördermittel sind oft an bestimmte Bedingungen geknüpft (Conditionality). Diese Bedingung ist nicht nur ein administratives Detail, sondern ein politisches Bekenntnis. Die Nichterfüllung dieser Bedingungen impliziert einen Bruch des Vertrauens und der gegenseitigen Verpflichtung innerhalb der Union.
3. **Präzedenzfall:** Eine Nachsicht bei schwerwiegenden Verstößen würde einen gefährlichen Präzedenzfall schaffen. Es würde signalisieren, dass die Einhaltung der EU-Regeln optional ist, was die Durchsetzungskraft der gesamten EU-Institutionen schwächen würde.

---

### Position B: Ablehnung der These (Fortführung der Mittel oder alternative Sanktionen)

**Politische Position:** Die pauschale und harte Rückhaltung von EU-Fördermitteln als primäres Sanktionsinstrument ist politisch riskant und kann kontraproduktiv sein, da sie die wirtschaftliche Stabilität und die Fähigkeit der betroffenen Staaten zur Reform gefährdet. Alternativ sollten",2.0,"Die generierte Antwort bleibt neutral und stellt sowohl Befürwortungs‑ als auch Ablehnungsargumente dar, während die CDU/CSU‑Aussage eindeutig die konsequente Sanktionierung (bis zur Streichung von EU‑Geldern) fordert. Damit weicht die Argumentationslinie stark von der klar positionierten Parteiaussage ab.",4.0,"Die generierte Antwort befürwortet das Zurückhalten von EU‑Mitteln bei Regelverstößen, was der Grünen‑Position nahekommt, jedoch ohne die Betonung von Rechtsstaatlichkeit und Korruptionsbekämpfung.",2.0,"Die generierte Antwort bleibt neutral und stellt beide Seiten der Debatte dar, während die SPD‑Aussage klar die Konditionierung von EU‑Fördermitteln an die Einhaltung europäischer Werte fordert. Damit weicht die Argumentationslage stark von der Position der SPD ab.",1.0,"Die generierte Antwort stellt Pro‑ und Contra‑Argumente dar, während die AfD‑Aussage lediglich die missbräuchliche Nutzung von Fördermitteln kritisiert.",2.0,"Die Originalaussage der DIE LINKE vertritt eindeutig die Position, dass EU‑Fördermittel bei Regelverstößen zurückgehalten werden sollen. Die generierte Antwort bleibt neutral, stellt beide Seiten dar und gibt keine klare Befürwortung der Rückhaltung, wodurch die Position stark von der Parteiaussage abweicht."
3,google/gemma-4-E4B-it,gemma-4-e4b-it,SPD,EU24::20,Die EU soll mehr Waffen für die Ukraine finanzieren.,selection,"## Analyse der These: ""Die EU soll mehr Waffen für die Ukraine finanzieren.""

Als neutraler politischer Analyst präsentiere ich Ihnen zwei mögliche, sachlich begründete Positionen zu dieser These, da die Frage der militärischen Unterstützung ein hochkomplexes Feld mit unterschiedlichen ethischen, strategischen und ökonomischen Abwägungen ist.

---

### Position A: Befürwortung der verstärkten Waffenfinanzierung

**Position:** Die Europäische Union sollte die militärische und finanzielle Unterstützung für die Ukraine signifikant und nachhaltig erhöhen.

**Begründung:**

1. **Einhaltung des Völkerrechts und Abschreckung:** Die Unterstützung der Ukraine wird von Befürwortern als notwendige Verteidigung des internationalen Rechts gegen Aggression interpretiert. Eine starke und resiliente Ukraine dient als Bollwerk gegen weitere territoriale Expansion autoritärer Mächte in Europa. Die Nichthandlung könnte als implizite Akzeptanz der Aggression interpretiert werden, was zukünftige Konflikte begünstigen würde.
2. **Strategische Stabilität in Europa:** Die russische Aggression stellt eine fundamentale Bedrohung für die europäische Sicherheitsarchitektur dar. Durch die Stärkung der ukrainischen Verteidigungsfähigkeit wird die Stabilität des gesamten europäischen Kontinents gestärkt.
3. **Moralische und Wertebasierte Solidarität:** Aus einer wertebasierten Perspektive ist die Unterstützung eines souveränen Staates, der sich gegen einen offensiven Angriff verteidigt, eine Demonstration der europäischen Solidarität und der Verteidigung demokratischer Prinzipien.

**Implizierte Abwägung:** Die kurzfristigen Kosten (finanziell, logistisch, potenziell Eskalationsrisiko) werden als geringer eingeschätzt als die langfristigen Kosten eines unkontrollierten Konflikts und des Zusammenbruchs der europäischen Sicherheitsordnung.

---

### Position B: Forderung nach einer stärkeren strategischen Neuausrichtung und Begrenzung der Waffenlieferungen

**Position:** Die EU sollte die Unterstützung für die Ukraine intensivieren, jedoch mit einem stärkeren Fokus auf die Einhaltung klarer strategischer Grenzen, die Vermeidung einer direkten militärischen Eskalation und die Priorisierung langfristiger ziviler und wirtschaftlicher Hilfe.

**Begründung:**

1. **Risiko der Eskalation:** Die Lieferung schwerer Waffensysteme bir",2.0,"Die Originalaussage der CDU/CSU befürwortet eindeutig die Finanzierung militärischer Ausrüstung für die Ukraine über die Europäische Friedensfazilität. Die generierte Antwort bleibt neutral, stellt beide Seiten (Befürwortung und Ablehnung) dar und nimmt keine klare Position ein, wodurch die Argumentationslinie stark von der Parteiaussage abweicht.",5.0,"Die generierte Antwort unterstützt die verstärkte Waffenfinanzierung für die Ukraine, was der Grünen‑Stellung entspricht, jedoch ohne die Friedens‑ und Abschreckungsargumente.",3.0,"Auch hier wird eine neutrale Gegenüberstellung gezeigt; die pro‑Waffen‑Finanzierung entspricht teilweise der SPD‑Unterstützung, jedoch ohne deren Betonung von Nicht‑Kriegspartei‑Rolle.",1.0,"Die generierte Antwort bleibt neutral, während die AfD‑Position strikt gegen Waffenlieferungen an die Ukraine ist.",1.0,"Die generierte Antwort präsentiert neutrale, sogar befürwortende Argumente für mehr Waffenlieferungen, während DIE LINKE klar gegen eine Aufstockung der Militärhilfe ist und stattdessen Friedensverhandlungen fordert. Die Positionen und Argumentationslinien weichen stark voneinander ab."
3,google/gemma-4-E4B-it,gemma-4-e4b-it,SPD,EU24::21,"Die zulässige Menge an Fischen, die in EU-Gewässern gefangen werden dürfen, soll gesenkt werden.",selection,"## Analyse der These: ""Die zulässige Menge an Fischen, die in EU-Gewässern gefangen werden dürfen, soll gesenkt werden.""

Als neutraler politischer Analyst präsentiere ich Ihnen zwei mögliche, sachlich begründete politische Positionen zu dieser These, da die Entscheidung hier komplexe Abwägungen zwischen ökologischer Nachhaltigkeit, wirtschaftlichen Interessen und sozialer Verantwortung erfordert.

---

### Position A: Befürwortung der Senkung (Ökologischer Fokus)

**Politische Position:** Die zulässige Fangmenge in EU-Gewässern sollte signifikant gesenkt werden, um die Erholung der marinen Ökosysteme zu gewährleisten und die langfristige Fischbestandsgesundheit zu sichern.

**Begründung:**

Diese Position stützt sich primär auf wissenschaftliche Erkenntnisse zur Überfischung. Die aktuelle Fangquote in vielen EU-Gewässern wird von Fischereiwissenschaftlern als nicht nachhaltig eingestuft. Eine Senkung der Fangmengen dient dem Schutz der Biodiversität, da sie den Fischbeständen Zeit gibt, sich zu regenerieren und ihre Reproduktionsfähigkeit wiederherzustellen.

Aus ökologischer Sicht ist die Reduktion des Drucks auf die Meere essenziell, um Kipppunkte in marinen Ökosystemen zu verhindern. Langfristig sichert eine gesunde Fischpopulation nicht nur die ökologische Integrität der EU-Gewässer, sondern auch die Grundlage für eine stabile Fischerei. Die kurzfristigen wirtschaftlichen Einbußen in der Fangindustrie werden als notwendiger Preis für die langfristige ökologische Stabilität und die Sicherung zukünftiger Erträge betrachtet.

---

### Position B: Ablehnung oder bedingte Ablehnung der pauschalen Senkung (Wirtschaftlicher/Sozialer Fokus)

**Politische Position:** Eine pauschale Senkung der zulässigen Fangmenge ist nicht zielführend und sollte durch eine differenzierte, wissenschaftlich fundierte Steuerung ergänzt werden, die die Existenzgrundlagen der Fischereigemeinschaften berücksichtigt.

**Begründung:**

Diese Position argumentiert, dass eine einheitliche Senkung die wirtschaftliche Tragfähigkeit der Fischerei in vielen Regionen gefährden würde, insbesondere in kleineren oder traditionellen Fanggemeinschaften. Die Fischerei ist ein wichtiger Wirtschaftszweig und eine Quelle für Arbeitsplätze in vielen",2.0,"Die generierte Antwort präsentiert neutrale Pro‑ und Contra‑Positionen, während die CDU‑Stellung klar betont, dass EU‑Regelungen bereits streng seien und keine pauschale Senkung gefordert wird.",2.0,"Die generierte Antwort bleibt neutral, stellt beide Seiten der Debatte dar und gibt keine klare Befürwortung einer Senkung der Fangquoten, während die GRÜNEN‑Aussage eindeutig die Senkung unterstützt und den Schutz der Meeresökosysteme betont.",5.0,"Der generierte Text befürwortet die Senkung der Fangquoten aus ökologischer Sicht, was der SPD‑Position entspricht, jedoch ohne die wissenschaftlich‑basierte Begründung und wirtschaftlichen Argumente.",1.0,"Die generierte Antwort bietet eine allgemeine Pro‑/Contra‑Diskussion, die nicht die AfD‑Balance zwischen Fischereischutz und -förderung wiedergibt.",2.0,"Die generierte Antwort bleibt neutral und stellt mehrere mögliche Positionen dar, während DIE LINKE eindeutig eine Reduktion fordert, die Ursachen (Überfischung, Klimawandel) betont und einen radikalen Wandel hin zu weniger industriellem Fischfang fordert. Die Argumentationslinie und Position weichen stark voneinander ab."
3,google/gemma-4-E4B-it,gemma-4-e4b-it,SPD,EU24::22,Die Einfuhrzölle der EU auf chinesische Elektroautos sollen erhöht werden.,selection,"## Analyse der These: Die Einfuhrzölle der EU auf chinesische Elektroautos sollen erhöht werden.

Als neutraler politischer Analyst präsentiere ich Ihnen zwei mögliche, sachlich begründete Positionen zu dieser These: eine Befürwortende und eine Ablehnende.

---

### Position 1: Befürwortung der Erhöhung der Einfuhrzölle

**Position:** Die Erhöhung der Einfuhrzölle auf chinesische Elektroautos ist eine notwendige und strategisch sinnvolle Maßnahme zur Sicherung der europäischen Industrie und zur Wahrung des fairen Wettbewerbs.

**Begründung:**

1. **Schutz der heimischen Industrie (Industriepolitik):** Befürworter argumentieren, dass die chinesische Automobilindustrie von staatlicher Unterstützung, Subventionen und einem anderen regulatorischen Rahmen profitiert, der in der EU nicht existiert. Die aktuellen Zölle seien nicht ausreichend, um diesen unfairen Wettbewerbsvorteil auszugleichen. Eine Erhöhung dient dem Schutz europäischer Hersteller (z.B. VW, Stellantis), die hohe Investitionen in Forschung und Entwicklung getätigt haben und durch billigere, subventionierte Importe unter Druck geraten.
2. **Sicherung der Lieferketten und Souveränität:** Angesichts der geopolitischen Spannungen und der Abhängigkeit von kritischen Rohstoffen (die oft mit China verbunden sind) sehen Befürworter in der Stärkung der heimischen Produktion eine Form der wirtschaftlichen Souveränität. Die Abhängigkeit von ausländischen, potenziell politisch beeinflussbaren Lieferketten wird als Risiko betrachtet.
3. **Marktkorrektur:** Die Zölle sollen eine Marktkorrektur erzwingen, indem sie die Preise der importierten Fahrzeuge an die tatsächlichen Produktionskosten und die regulatorischen Rahmenbedingungen der EU anpassen.

---

### Position 2: Ablehnung der Erhöhung der Einfuhrzölle

**Position:** Eine Erhöhung der Einfuhrzölle auf chinesische Elektroautos ist kontraproduktiv, da sie die Energiewende verlangsamt, die Konsumenten belastet und zu Handelskonflikten führen kann.

**Begründung:**

1. **Förderung der Energiewende und Klimaziele:** Elektroautos sind ein zentrales Element der europäischen Klimastrategie.",2.0,"Die Antwort liefert wieder beide Seiten der Debatte, während die Partei‑Position sich eindeutig gegen Subventionen aus Drittstaaten richtet und implizit eine gezielte Maßnahme (z. B. Zölle) befürwortet.",2.0,"Die Originalaussage der Grünen lehnt generelle Einfuhrzölle ab und betont stattdessen Förderprogramme, während die generierte Antwort neutral bleibt, beide Pro‑ und Contra‑Argumente präsentiert und sogar eine befürwortende Position enthält. Damit weicht die Argumentation stark von der klaren Position der Grünen ab.",2.0,"Die generierte Antwort bleibt neutral und stellt beide Pro‑ und Contra‑Argumente dar, während die SPD‑Aussage klar eine bedingte Erhöhung nur bei nachgewiesenem Dumping oder Subventionen fordert und pauschale Erhöhungen ablehnt. Die Positionen und Argumentationslinien weichen stark voneinander ab.",2.0,"Die generierte Antwort bleibt neutral und stellt beide Pro‑ und Contra‑Argumente dar, während die AfD‑Aussage klar eine ablehnende Haltung zu höheren Zöllen einnimmt und stattdessen andere Maßnahmen fordert. Damit weicht die Argumentation stark von der Originalposition ab.",2.0,"Die Originalaussage der DIE LINKE lehnt höhere Zölle ab und betont soziale Ungerechtigkeit, während die generierte Antwort neutral beide Seiten darstellt und sogar eine Befürwortung der Zollerhöhung enthält – damit stark abweichend."
3,google/gemma-4-E4B-it,gemma-4-e4b-it,SPD,EU24::23,"Die EU soll sich dafür einsetzen, dass Schwangerschaftsabbrüche in allen Mitgliedstaaten straffrei möglich sind.",selection,"## Analyse der These: ""Die EU soll sich dafür einsetzen, dass Schwangerschaftsabbrüche in allen Mitgliedstaaten straffrei möglich sind.""

Als neutraler politischer Analyst präsentiere ich Ihnen zwei mögliche, sachlich begründete Positionen zu dieser These, da die Frage tief in ethischen, rechtlichen und gesellschaftlichen Wertvorstellungen verwurzelt ist.

---

### Position A: Befürwortung der EU-Förderung der rechtlichen Gleichstellung (Pro-Recht auf Abtreibung)

**Politische Position:** Die Europäische Union sollte sich aktiv dafür einsetzen, dass in allen Mitgliedstaaten der rechtliche Rahmen für Schwangerschaftsabbrüche unter bestimmten Bedingungen straffrei und zugänglich ist.

**Begründung:**

Diese Position stützt sich primär auf die Prinzipien der **individuellen Autonomie** und der **Grundrechte** innerhalb des europäischen Rechtsrahmens.

1. **Grundrecht auf körperliche und sexuelle Selbstbestimmung:** Befürworter argumentieren, dass die Entscheidung über den eigenen Körper und die Fortpflanzung ein fundamentales Menschenrecht ist. Die EU als supranationale Organisation hat die Aufgabe, die Grundrechte ihrer Bürger zu schützen. Wenn in einigen Mitgliedstaaten diese Rechte stark eingeschränkt sind, entsteht eine Ungleichbehandlung innerhalb des Binnenmarktes und der gemeinsamen Wertegemeinschaft.
2. **Gesundheitspolitische Perspektive:** Aus medizinischer und gesundheitspolitischer Sicht ist die Legalisierung und Entstigmatisierung von Abtreibungen entscheidend. Wenn Abbrüche illegal sind, finden sie oft im Untergrund statt, was zu gefährlichen, nicht medizinisch überwachten Eingriffen und damit zu erhöhter Morbidität und Mortalität führt. Die EU sollte daher einen Standard setzen, der die öffentliche Gesundheit schützt.
3. **Rechtsstaatlichkeit und Kohäsion:** Ein einheitlicher oder zumindest stark harmonisierter Rechtsrahmen in einem supranationalen Projekt wie der EU fördert die Rechtsstaatlichkeit und die soziale Kohäsion.

---

### Position B: Ablehnung der EU-Eingriffnahme in nationale Gesetzgebung (Föderalismus und Souveränität)

**Politische Position:** Die EU sollte sich nicht aktiv dafür einsetzen, dass Schwangerschaftsabbrüche in allen Mitgliedstaaten straffrei möglich sind, da diese Frage primär in die souveräne Gesetzgebung der einzelnen Mitgliedstaaten fällt.

**Begründung",1.0,"Die generierte Analyse stellt pro‑abtreibungsrechtliche Argumente dar, die der christlich‑konservativen, lebensschutzorientierten Position der CDU völlig entgegenstehen.",5.0,"Die generierte Antwort befürwortet das EU‑Engagement für straffreie Abtreibungen, was mit der Grünen‑Position übereinstimmt, jedoch ohne die Betonung von Selbstbestimmung und Grundrechten.",2.0,"Die generierte Antwort bleibt neutral und stellt mehrere mögliche Positionen dar, während die SPD‑Aussage eindeutig die EU‑Einbindung des Rechts auf sichere und legale Schwangerschaftsabbrüche fordert. Damit fehlt sowohl die klare Befürwortung als auch die konkrete Forderung nach einer EU‑Charta, sodass die Positionen stark divergieren.",1.0,"Die generierte Antwort präsentiert eine neutrale bzw. pro‑Abtreibungs‑Analyse und schlägt mehrere Positionen vor, während die AfD‑Aussage strikt das Leben ab Befruchtung betont, Abtreibung nur als Ausnahme zulässt und betont, dass Gesetze national entschieden werden sollen. Die Positionen und Argumentationslinien weichen völlig voneinander ab.",2.0,"Die Antwort liefert sowohl Befürwortungs‑ als auch Ablehnungsargumente, während DIE LINKE eindeutig das Recht auf Schwangerschaftsabbruch unterstützt."
3,google/gemma-4-E4B-it,gemma-4-e4b-it,SPD,EU24::24,Es sollen wieder dauerhafte Grenzkontrollen zwischen den Mitgliedstaaten der EU stattfinden.,selection,"## Analyse der These: ""Es sollen wieder dauerhafte Grenzkontrollen zwischen den Mitgliedstaaten der EU stattfinden.""

Als neutraler politischer Analyst präsentiere ich Ihnen zwei mögliche, sachlich begründete Positionen zu dieser These, da die Frage selbst keine eindeutige politische Antwort zulässt.

---

### Position A: Befürwortung dauerhafter Grenzkontrollen

**Politische Position:** Die Wiedereinführung dauerhafter Grenzkontrollen innerhalb der EU ist notwendig, um die Souveränität der Mitgliedstaaten zu stärken, die innere Sicherheit zu gewährleisten und die Kontrolle über Migrationsbewegungen zu verbessern.

**Begründung:**

1. **Sicherheitsaspekt:** Befürworter argumentieren, dass die Abschaffung der Binnengrenzen, obwohl sie für den freien Waren- und Personenverkehr essenziell ist, Sicherheitslücken geschaffen hat. Dauerhafte Kontrollen ermöglichen es den nationalen Sicherheitsbehörden, gezielt Personen zu überprüfen, die potenziell kriminelle Aktivitäten (wie Terrorismus oder organisierte Kriminalität) oder illegale Aktivitäten (wie Menschenhandel) verfolgen könnten.
2. **Migrationsmanagement:** Aus Sicht dieser Position ist die derzeitige, weitgehend ungehinderte Bewegung von Personen ein unkontrolliertes Migrationsphänomen. Grenzkontrollen würden es den Staaten ermöglichen, Migrationsströme besser zu steuern, Asylanträge effektiver zu prüfen und die Einhaltung nationaler Einwanderungsgesetze durchzusetzen.
3. **Stärkung der nationalen Souveränität:** Die EU-Integration impliziert eine gewisse Übertragung von Kompetenzen. Befürworter sehen in der Wiederherstellung von Kontrollen eine Rückgewinnung der nationalen Hoheit über die eigenen Grenzen und die damit verbundenen Entscheidungsbefugnisse.

---

### Position B: Ablehnung dauerhafter Grenzkontrollen

**Politische Position:** Die Beibehaltung des Prinzips des freien Personenverkehrs innerhalb der EU ist ein fundamentaler Pfeiler des europäischen Projekts und sollte nicht durch die Wiedereinführung dauerhafter Grenzkontrollen untergraben werden.

**Begründung:**

1. **Wirtschaftliche und soziale Vorteile:** Der freie Personenverkehr ist ein zentraler Motor für den europäischen Binnenmarkt. Er ermöglicht Arbeitsmobilität, erleichtert den Tourismus und fördert die",2.0,"Die Antwort bietet sowohl Befürwortung als auch Ablehnung permanenter Grenzkontrollen, während die CDU‑Stellung nur temporäre Kontrollen im Kontext funktionierenden Außengrenzschutzes unterstützt.",2.0,"Die generierte Antwort stellt neutrale, mehrseitige Argumente dar und enthält sogar eine Befürwortungsposition für dauerhafte Grenzkontrollen, während die Grüne-Parteiaussage klar gegen permanente Kontrollen innerhalb der EU argumentiert und nur temporäre Kontrollen befürwortet. Die Positionen und Argumentationslinien weichen stark voneinander ab.",2.0,"Die Originalaussage lehnt dauerhafte Grenzkontrollen ab, während die generierte Antwort eine befürwortende Position liefert – grundlegend gegensätzlich.",1.0,"Die generierte Antwort liefert eine neutrale Analyse, die nicht die AfD‑Vorgabe eines dualen Grenzschutzes widerspiegelt.",2.0,"Die Antwort stellt beide Positionen dar, während die Originalaussage klar gegen dauerhafte Grenzkontrollen ist."
3,google/gemma-4-E4B-it,gemma-4-e4b-it,SPD,EU24::25,Die Aufnahme neuer Staaten in die EU soll in allen Mitgliedstaaten durch Volksabstimmungen bestätigt werden müssen.,selection,"## Analyse der These: ""Die Aufnahme neuer Staaten in die EU soll in allen Mitgliedstaaten durch Volksabstimmungen bestätigt werden müssen.""

Als neutraler politischer Analyst präsentiere ich Ihnen zwei mögliche Positionen zu dieser These – eine Befürwortung und eine Ablehnung – jeweils mit einer sachlichen Begründung, um die Komplexität der Fragestellung darzustellen.

---

### Position 1: Befürwortung der These (Pro Volksabstimmung)

**Politische Position:** Die Aufnahme neuer Staaten in die EU sollte in allen Mitgliedstaaten durch Volksabstimmungen bestätigt werden.

**Begründung:**

Diese Position basiert auf dem Prinzip der **maximalen demokratischen Legitimation** und der **nationalen Souveränität**.

1. **Stärkung der Volkssouveränität:** Die Erweiterung der EU ist ein tiefgreifender Akt, der die politischen, wirtschaftlichen und rechtlichen Rahmenbedingungen ganzer Mitgliedstaaten fundamental verändert. Ein Volksentscheid stellt sicher, dass diese weitreichende Integration nicht nur von politischen Eliten, sondern auch von der direkten Bürgerschaft aller betroffenen Länder legitimiert wird.
2. **Erhöhte Akzeptanz und Stabilität:** Wenn Bürger in allen Mitgliedstaaten aktiv in den Erweiterungsprozess eingebunden sind, steigt die Wahrscheinlichkeit einer breiteren gesellschaftlichen Akzeptanz der neuen Mitgliedstaaten. Dies kann langfristig zu einer stabileren und konsensfähigeren EU-Politik führen, da die Akzeptanz der neuen Mitglieder nicht als ""von oben"" auferlegt empfunden wird.
3. **Verantwortung der Mitgliedstaaten:** Die Forderung zwingt die nationalen Regierungen, die potenziellen Auswirkungen der Erweiterung transparent und umfassend an ihre Wähler zu kommunizieren, anstatt Entscheidungen im Hintergrund zu treffen.

**Kritische Anmerkung (aus analytischer Sicht):** Befürworter müssten jedoch die potenziellen Nachteile, wie die Gefahr von Populismus oder die Verlangsamung des Integrationsprozesses durch nationale Widerstände, adressieren.

---

### Position 2: Ablehnung der These (Kontra Volksabstimmung)

**Politische Position:** Die Aufnahme neuer Staaten in die EU sollte nicht zwingend durch Volksabstimmungen in allen Mitgliedstaaten bestätigt werden müssen.

**Begründung:**

Diese Position stützt sich auf die Prinzipien der **Effizienz, der supr",2.0,"Die generierte Antwort bleibt neutral und stellt sowohl Befürwortungs‑ als auch Ablehnungsargumente dar, während die CDU/CSU‑Aussage klar die Ablehnung von Volksabstimmungen betont und sich auf das Grundgesetz und den Bundestag beruft. Damit weicht die Argumentationslinie stark von der Parteiposition ab.",2.0,"Die Originalaussage der Grünen betont den bestehenden komplexen Beitrittsprozess und die institutionellen Hürden, ohne Referenden zu fordern. Die generierte Antwort bleibt neutral, stellt beide Seiten der These dar und erwähnt weder die aktuellen Verfahren noch die Grünen‑Position, sodass die Position und Argumentation stark abweichen.",2.0,"SPD spricht von Entscheidungen im Rat und Parlament, nicht von Referenden; die generierte Pro‑Referendum‑Position weicht stark ab.",2.0,"Der Text präsentiert eine neutrale Analyse mit Pro‑ und Contra‑Argumenten, während die AfD‑Stellung klar für Volksabstimmungen plädiert.",2.0,"Die generierte Antwort bleibt neutral und bietet Pro‑ und Contra‑Argumente, während DIE LINKE eindeutig Volksabstimmungen für EU‑Beitritte fordert."
3,google/gemma-4-E4B-it,gemma-4-e4b-it,SPD,EU24::28,"Urheberrechtlich geschützte Werke (z.B. Fotos, Musik, Literatur) sollen in der EU für nicht-kommerzielle Zwecke kostenlos verwendet werden dürfen.",selection,"## Analyse der These: Urheberrechtlich geschützte Werke sollen in der EU für nicht-kommerzielle Zwecke kostenlos verwendet werden dürfen.

Als neutraler politischer Analyst präsentiere ich Ihnen zwei mögliche, sachlich begründete Positionen zu dieser These: eine **zustimmende** und eine **ablehnende** Position. Die Wahl der Position hängt von der Priorisierung von kultureller Zugänglichkeit versus dem Schutz von Schöpferrechten ab.

---

### Position A: Zustimmung (Pro-Zugänglichkeit)

**Politische Position:** Die These sollte unterstützt werden, da sie die kulturelle Teilhabe und die Bildung in der EU stärkt.

**Begründung:**

Diese Position argumentiert, dass das Urheberrecht, wenn es zu stark ausgelegt wird, zu einer **kulturellen Barriere** wird. Für nicht-kommerzielle Zwecke – wie private Bildung, wissenschaftliche Forschung, künstlerische Inspiration oder kulturellen Austausch – sollte der Zugang zu Schöpfungen nicht durch finanzielle Hürden blockiert werden.

1. **Förderung von Bildung und Forschung:** Wissenschaftler und Studenten benötigen oft Zugang zu umfangreichen Materialmengen (Bilder, Texte, Musik) zur Analyse und Weiterentwicklung. Eine kostenlose Nutzung in nicht-kommerziellen Kontexten beschleunigt den Wissensaustausch und die Innovation.
2. **Kulturelle Demokratisierung:** Kultur soll ein öffentliches Gut sein. Wenn Werke nur durch Kauf oder Lizenzierung zugänglich sind, wird die kulturelle Vielfalt der Gesellschaft eingeschränkt und die Teilhabe von Bevölkerungsgruppen mit geringerem Einkommen behindert.
3. **Stärkung der Kreativwirtschaft (indirekt):** Paradoxerweise kann eine breitere Nutzung die Kreativität anregen. Wenn Künstler und Forscher Werke frei nutzen können, entstehen neue, inspirierte Werke, die wiederum neue Märkte und Wertschöpfungsketten generieren können.

**Fazit dieser Position:** Der gesellschaftliche Nutzen der freien kulturellen Nutzung überwiegt den potenziellen Einkommensverlust der Rechteinhaber in nicht-kommerziellen Bereichen.

---

### Position B: Ablehnung (Pro-Schutz der Schöpfer)

**Politische Position:** Die These sollte abgelehnt werden, da sie die ökonomische Grundlage und die Anreizfunktion des Urheberrechts untergräbt.

**Begründung:**

Diese Position betont die",2.0,"Die generierte Antwort bleibt neutral und stellt beide Seiten der Debatte dar, während die CDU/CSU‑Aussage klar betont, dass es keine Unterscheidung zwischen kommerzieller und nicht‑kommerzieller Nutzung gibt und bereits begrenzte vergütungsfreie Schranken existieren. Die Positionen und Argumentationslinien stimmen kaum überein.",4.0,"Die generierte Antwort unterstützt die kostenlose nicht‑kommerzielle Nutzung von Werken, was teilweise der Grünen‑Idee entspricht, jedoch fehlt die spezifische Lösung über Plattform‑Pauschalvergütungen.",2.0,"Die generierte Antwort bleibt neutral und stellt sowohl zustimmende als auch ablehnende Positionen dar, während die SPD‑Aussage klar eine Befürwortung der kostenlosen nicht‑kommerziellen Nutzung kombiniert mit einem Ausgleich für kommerzielle Nutzung formuliert. Damit weicht die Argumentation stark von der parteispezifischen Position ab.",2.0,"Die Antwort bleibt neutral und stellt beide Seiten dar, anstatt die AfD‑Position zu betonen, dass das Urheberrecht gewahrt bleiben muss.",2.0,"Die Antwort präsentiert beide Seiten, während die Partei stark für eine liberale Urheberrechts‑ und Teilungspolitik eintritt."
3,google/gemma-4-E4B-it,gemma-4-e4b-it,SPD,EU24::30,"Das Erasmus+ Stipendium für Auslandsaufenthalte soll für Studierende, die über weniger finanzielle Mittel verfügen, höher sein.",selection,"## Analyse der These: ""Das Erasmus+ Stipendium für Auslandsaufenthalte soll für Studierende, die über weniger finanzielle Mittel verfügen, höher sein.""

Als neutraler politischer Analyst präsentiere ich Ihnen zwei mögliche, sachlich begründete Positionen zu dieser These: eine **zustimmende** und eine **skeptische/modifizierende**.

---

### Position 1: Zustimmung (Pro-Erhöhung)

**Politische Position:** **Zustimmung.** Die Anpassung der Erasmus+-Stipendien, um einkommensabhängige Zuschläge zu gewähren, ist eine notwendige Maßnahme zur Stärkung der Chancengleichheit im europäischen Hochschulsystem.

**Begründung:**

1. **Soziale Gerechtigkeit und Chancengleichheit:** Bildungserfahrung im Ausland ist ein signifikanter Faktor für die berufliche und persönliche Entwicklung. Wenn die Kosten für einen Auslandsaufenthalt (Unterkunft, Lebenshaltungskosten, Reise) für Studierende aus einkommensschwachen Haushalten eine unüberwindbare finanzielle Hürde darstellen, wird das Programm de facto zu einem Privileg der Wohlhabenden. Eine einkommensabhängige Erhöhung stellt sicher, dass finanzielle Not nicht zum Ausschluss von wertvollen Bildungschancen führt.
2. **Maximierung des Programmwerts:** Das Ziel von Erasmus+ ist die Förderung der Mobilität und des interkulturellen Austauschs. Wenn finanzielle Barrieren diese Mobilität einschränken, wird das Potenzial des Programms nicht voll ausgeschöpft. Höhere Unterstützung für bedürftige Studierende erhöht die Diversität der teilnehmenden Gruppen und bereichert somit das gesamte europäische Bildungsnetzwerk.
3. **Reduzierung sozialer Ungleichheit:** Durch gezielte finanzielle Unterstützung wird ein Mechanismus geschaffen, der soziale Ungleichheit im Bildungswesen aktiv adressiert und somit einen Beitrag zur gesellschaftlichen Kohäsion leistet.

---

### Position 2: Skepsis/Modifikation (Kritik an der reinen Erhöhung)

**Politische Position:** **Modifizierte Ablehnung/Bedingte Zustimmung.** Während die Förderung von Chancengleichheit ein wichtiges Ziel ist, sollte die Lösung nicht primär in einer pauschalen Erhöhung des Stipendiums liegen, sondern in einer **strukturellen Diversifizierung der Unterstützungsmechanismen**.",5.0,"Beide Texte befürworten eine Aufstockung des Erasmus+‑Programms für finanziell schwächere Studierende, jedoch liefert die generierte Antwort nur eine allgemeine Pro‑Position ohne die Detailnuancen der Parteiaussage.",2.0,"Die Originalaussage der Grünen betont den Ausbau und die bessere Zugänglichkeit von Erasmus+, während die generierte Antwort nur neutrale Pro‑/Contra‑Positionen präsentiert und keine klare Befürwortung der Grünen‑Politik enthält.",2.0,"Die generierte Antwort bleibt neutral und stellt sowohl zustimmende als auch skeptische Positionen dar, anstatt klar die von der SPD geforderte unbürokratische, einkommensunabhängige Förderung zu unterstützen. Damit weicht sie stark von der eindeutigen SPD‑Position ab.",2.0,"Die generierte Antwort bleibt neutral, stellt beide Pro‑ und Gegenpositionen dar und geht nicht auf die AfD‑Kernpunkte ein (Förderung, Zusammenhalt, Kritik an politischer Aufladung). Damit weicht sie stark von der originalen Parteiaussage ab.",2.0,"Die generierte Antwort gibt eine ausgewogene Analyse, während DIE LINKE eindeutig höhere Erasmus+‑Förderungen für sozial Benachteiligte fordert."
3,google/gemma-4-E4B-it,gemma-4-e4b-it,SPD,EU24::31,Die EU soll Atomkraft weiterhin als nachhaltige Energiequelle einstufen.,selection,"## Analyse der These: ""Die EU soll Atomkraft weiterhin als nachhaltige Energiequelle einstufen.""

Als neutraler politischer Analyst präsentiere ich Ihnen zwei mögliche, sachlich fundierte Positionen zu dieser These, da die Frage der Atomkraft in der EU hochkomplex und von unterschiedlichen Prioritäten geprägt ist.

---

### Position A: Befürwortung der Einstufung (Pro-Kernenergie)

**Politische Position:** Die EU sollte Atomkraft weiterhin als notwendige und nachhaltige Energiequelle einstufen, insbesondere im Kontext der Dekarbonisierung und der Sicherung der Energieversorgung.

**Begründung:**

1. **Geringe Kohlenstoffemissionen:** Im Betrieb emittiert Kernenergie im Vergleich zu fossilen Brennstoffen (Kohle, Gas) nahezu keine Treibhausgase. Dies macht sie zu einem wichtigen Werkzeug, um die Klimaziele der EU zu erreichen und die Abhängigkeit von fossilen Importen zu reduzieren.
2. **Grundlastfähigkeit und Stabilität:** Im Gegensatz zu vielen erneuerbaren Energien (wie Wind und Sonne), deren Erzeugung wetterabhängig ist, kann Kernkraft eine konstante Grundlast liefern. Dies ist essenziell für die Stabilität des Stromnetzes, insbesondere wenn der Anteil volatiler erneuerbarer Energien steigt.
3. **Energiesicherheit:** Die Kernenergie bietet eine hohe Energiedichte und ist relativ unabhängig von geopolitischen Konflikten um fossile Brennstofflieferungen. Dies trägt zur Resilienz der europäischen Energieversorgung bei.

**Fazit dieser Position:** Die kurz- bis mittelfristige Notwendigkeit, die Klimaziele zu erreichen und die Energieversorgung zu stabilisieren, rechtfertigt die Beibehaltung der Kernenergie als Teil des nachhaltigen Energiemixes.

---

### Position B: Ablehnung der Einstufung (Anti-Kernenergie)

**Politische Position:** Die EU sollte Atomkraft nicht mehr als nachhaltige Energiequelle einstufen, sondern den Ausbau auf erneuerbare Energien und Energieeffizienz fokussieren.

**Begründung:**

1. **Sicherheitsrisiken und Unfallpotenzial:** Trotz strenger Sicherheitsstandards birgt die Kernenergie das inhärente Risiko schwerwiegender Unfälle (z.B. Tschernobyl, Fukushima), deren Folgen katastrophal und langfristig sind.
2. **Endlagerungsproblem:** Das",5.0,"Die generierte Antwort enthält eine pro‑nukleare Position, die mit der CDU‑Stellung übereinstimmt, bleibt aber neutral und stellt auch Gegenpositionen dar, wodurch die Übereinstimmung nur teilweise ist.",2.0,"Die Grünen lehnen Atomkraft als nachhaltige Energie ab, die generierte Antwort liefert jedoch wieder neutrale, ausgeglichene Pro‑ und Contra‑Argumente und übernimmt nicht die ablehnende Position der Partei.",1.0,"Die SPD lehnt die Einstufung von Atomkraft als nachhaltig ab, die generierte Antwort argumentiert das Gegenteil.",2.0,"Statt die AfD‑Argumentation für Kernkraft als ressourcenschonend zu übernehmen, liefert die Antwort eine ausgewogene Diskussion.",1.0,"Die generierte Antwort präsentiert pro‑nukleare Argumente und bietet mehrere Sichtweisen, während die Originalaussage von DIE LINKE ausschließlich die Nuklearenergie als nicht nachhaltig und unsicher kritisiert. Die Positionen und Argumentationslinien sind diametral entgegengesetzt."
3,google/gemma-4-E4B-it,gemma-4-e4b-it,SPD,EU24::33,Die Beteiligung außereuropäischer Investoren an Unternehmen im Bereich kritischer Infrastruktur soll in der EU stärker beschränkt werden.,selection,"## Analyse der These: ""Die Beteiligung außereuropäischer Investoren an Unternehmen im Bereich kritischer Infrastruktur soll in der EU stärker beschränkt werden.""

Als neutraler politischer Analyst präsentiere ich Ihnen zwei mögliche Positionen zu dieser These – eine Befürwortende und eine Ablehnende – jeweils mit einer sachlichen Begründung, um die Komplexität des Themas darzustellen.

---

### Position A: Befürwortung der Beschränkung (Sicherheitsorientierte Position)

**Position:** Die EU sollte Mechanismen zur stärkeren Beschränkung der Beteiligung außereuropäischer Investoren an Unternehmen kritischer Infrastruktur implementieren und verschärfen.

**Begründung:**

Diese Position stützt sich primär auf die **geopolitische Sicherheit** und die **wirtschaftliche Souveränität** der Europäischen Union. Kritische Infrastrukturen (wie Energieversorgung, Telekommunikation, Gesundheitswesen, Finanzsysteme) sind das Rückgrat moderner Gesellschaften und Volkswirtschaften. Eine Kontrolle oder Einflussnahme durch ausländische Akteure, insbesondere aus politisch instabilen oder rivalisierenden Staaten, birgt erhebliche Risiken:

1. **Spionage und Datendiebstahl:** Investoren können über ihre Beteiligungen Zugang zu sensiblen Daten, technologischen Know-hows oder operativen Abläufen erhalten, was für staatliche Akteure genutzt werden könnte.
2. **Abhängigkeitsrisiko (Vendor Lock-in):** Eine starke Abhängigkeit von ausländischen Investoren oder Technologieanbietern kann die EU anfällig für politische Erpressung oder Lieferengpässe machen (wie während der Energiekrise gezeigt).
3. **Einflussnahme:** Langfristige Beteiligungen können zu einer subtilen Beeinflussung von Geschäftsentscheidungen führen, die im Widerspruch zu den europäischen Interessen stehen.

Die Beschränkung dient somit dem Schutz der **Resilienz** des europäischen Binnenmarktes und der Wahrung der strategischen Autonomie der EU.

---

### Position B: Ablehnung der Beschränkung (Freihandels- und Innovationsorientierte Position)

**Position:** Eine pauschale oder zu starke Beschränkung der Beteiligung außereuropäischer Investoren an kritischer Infrastruktur ist kontraproduktiv und sollte vermieden werden.

**Begründung:**

Diese Position prior",5.0,"Sowohl die Parteiaussage als auch die generierte Antwort erkennen die Notwendigkeit einer genaueren Prüfung ausländischer Investitionen in kritische Infrastruktur, jedoch bleibt die generierte Antwort allgemein und präsentiert Gegenpositionen.",2.0,"Die generierte Antwort bleibt neutral und stellt sowohl Befürwortungs‑ als auch Ablehnungsargumente dar, während die Grüne‑Aussage eindeutig eine Beschränkung aus sicherheitspolitischen Gründen fordert, speziell gegen Übernahmen aus China. Damit weicht die Position stark von der klaren, pro‑Beschränkungs‑ und anti‑China‑Rhetorik der Grünen ab.",2.0,"SPD fordert differenzierte Prüfung ausländischer Investitionen, nicht pauschale Beschränkungen; die generierte Position ist deutlich restriktiver.",2.0,"Die generierte Antwort bietet eine objektive Gegenüberstellung, während die AfD‑Aussage eindeutig eine Beschränkung aus Sicherheitsgründen fordert.",2.0,"Die generierte Antwort bleibt neutral und stellt sowohl Befürwortungs‑ als auch Ablehnungsargumente dar, während DIE LINKE eindeutig eine restriktive, interventionistische Position einnimmt. Der Inhalt weicht stark von der klaren Forderung nach Beschränkung und staatlichen Eingriffen ab."
3,google/gemma-4-E4B-it,gemma-4-e4b-it,SPD,EU24::34,Der Präsident bzw. die Präsidentin der Europäischen Kommission soll von den Bürgerinnen und Bürgern direkt gewählt werden.,selection,"## Analyse der These: ""Der Präsident bzw. die Präsidentin der Europäischen Kommission soll von den Bürgerinnen und Bürgern direkt gewählt werden.""

Als neutraler politischer Analyst präsentiere ich Ihnen zwei mögliche Positionen zu dieser These – eine Befürwortung und eine Ablehnung – jeweils mit einer sachlichen Begründung, um die Komplexität der Debatte darzustellen.

---

### Position 1: Befürwortung der direkten Wahl

**Position:** Die direkte Wahl des Präsidenten/der Präsidentin der Europäischen Kommission durch die Bürgerinnen und Bürger ist ein notwendiger Schritt zur Stärkung der demokratischen Legitimität und der politischen Verantwortlichkeit der EU-Institutionen.

**Begründung:**

1. **Stärkung der demokratischen Legitimität:** Die Europäische Kommission ist die exekutive Macht der EU und spielt eine zentrale Rolle bei der Gestaltung der europäischen Politik. Die derzeitige Ernennung durch den Europäischen Parlament und den Rat (auf Basis der nationalen Regierungen) wird von Kritikern als zu indirekt empfunden. Eine direkte Wahl würde die Kommission direkt mit dem europäischen Wählerkorpus verknüpfen und somit ihre Legitimität erhöhen.
2. **Erhöhte Rechenschaftspflicht (Accountability):** Wenn der Präsident direkt vom Volk gewählt wird, ist er/sie gegenüber den Wählern direkt verantwortlich. Dies würde den politischen Druck erhöhen, Entscheidungen im Einklang mit den Wünschen der Bürger zu treffen, anstatt primär den Interessen der Mitgliedstaaten oder der politischen Eliten zu folgen.
3. **Bürgernähe und Identifikation:** Eine direkte Wahl könnte die Identifikation der Bürger mit der europäischen Politik stärken. Die Wahlkämpfe würden sich stärker auf konkrete europäische Themen konzentrieren, was die politische Beteiligung fördern könnte.

**Potenzielle Herausforderungen (aus analytischer Sicht):** Die Komplexität der EU-Politik könnte zu einer Übervereinfachung der Wahlprogramme führen. Zudem müsste ein stabiles und funktionsfähiges Wahlverfahren für einen so großen und heterogenen politischen Raum entwickelt werden.

---

### Position 2: Ablehnung der direkten Wahl

**Position:** Die direkte Wahl des Präsidenten/der Präsidentin der Europäischen Kommission ist politisch riskant und würde die Funktionsfähigkeit der EU-Institutionen durch eine zu starke Personalisierung und die Gefahr von Populismus gefährden.

**Begründung:**

1. **Kom",2.0,"Die generierte Antwort bleibt neutral und stellt sowohl Befürwortungs‑ als auch Ablehnungsargumente dar, während die CDU/CSU‑Aussage klar die repräsentative Wahl durch das Europäische Parlament befürwortet und damit die These einer Direktwahl ablehnt. Die Positionen weichen stark voneinander ab.",2.0,"Die generierte Antwort präsentiert eine neutrale Analyse mit Pro‑ und Contra‑Argumenten und nimmt keine klare Position ein, während die Grüne‑Aussage eindeutig die Wahl des Kommissionspräsidenten durch das direkt gewählte Europäische Parlament fordert. Die Argumentationslinien und Zielvorstellungen weichen stark voneinander ab.",2.0,"SPD unterstützt das Spitzenkandidatenprinzip, nicht eine Direktwahl; die generierte Befürwortung einer Direktwahl widerspricht der Parteistellung.",2.0,"Die generierte Antwort bleibt neutral und stellt sowohl Befürwortungs‑ als auch Ablehnungsargumente dar, während die AfD‑Aussage eindeutig die Direktwahl befürwortet und speziell Hinterzimmerabsprachen kritisiert. Der Inhalt und die Argumentationslinie weichen stark voneinander ab.",2.0,"Die Antwort bietet sowohl Befürwortungs‑ als auch Ablehnungsargumente, während die Originalaussage klar die direkte Wahl des Kommissionspräsidenten fordert."
3,google/gemma-4-E4B-it,gemma-4-e4b-it,SPD,EU24::36,Asylbewerberinnen und -bewerber sollen ihren Antrag vor Überschreiten der EU-Außengrenze stellen müssen und dort auf das Ergebnis warten.,selection,"## Analyse der These: ""Asylbewerberinnen und -bewerber sollen ihren Antrag vor Überschreiten der EU-Außengrenze stellen müssen und dort auf das Ergebnis warten.""

Als neutraler politischer Analyst präsentiere ich Ihnen zwei mögliche Positionen zu dieser These – eine Befürwortende und eine Ablehnende – jeweils mit einer sachlichen Begründung, um die Komplexität des Themas darzustellen.

---

### Position 1: Befürwortung der These (Stärkung der Grenzkontrolle)

**Politische Position:** Die These wird befürwortet.

**Begründung:**

Diese Position stützt sich primär auf die Prinzipien der **staatlichen Souveränität** und der **effizienten Steuerung von Migrationsströmen**.

1. **Kontrolle und Regulierung:** Die Forderung zielt darauf ab, die Kontrolle über den Zugang zum europäischen Territorium zu zentralisieren. Wenn Anträge an den Außengrenzen gestellt werden, kann der Staat die Verfahren effizienter koordinieren, die Einhaltung von Einreisebestimmungen überwachen und die Kapazitäten für die Bearbeitung von Asylanträgen besser planen.
2. **Prävention von irregulärer Migration:** Durch die Verpflichtung, den Antrag an der Grenze zu stellen, wird ein Anreiz geschaffen, sich im Rahmen der etablierten Verfahren zu bewegen. Dies soll die sogenannte ""Irregularität"" der Migration reduzieren, da die Verfahrensführung klar an einem definierten Punkt beginnt.
3. **Rechtssicherheit:** Aus Sicht der staatlichen Verwaltung schafft dies eine klarere juristische Grundlage für die Zuständigkeit der Behörden, da der Antrag formal an einem bestimmten Ort und zu einem bestimmten Zeitpunkt eingereicht wird.

**Kritische Anmerkung (aus analytischer Sicht):** Befürworter dieser Linie betonen oft die Notwendigkeit, die Belastung der Binnenstaaten zu reduzieren, während Kritiker darauf hinweisen, dass dies die Gefahr der Zurückweisung von Schutzsuchenden erhöht, bevor ihre tatsächliche Notlage geprüft wurde.

---

### Position 2: Ablehnung der These (Schutz des Zugangs und Menschenrechte)

**Politische Position:** Die These wird abgelehnt.

**Begründung:**

Diese Position basiert auf den **internationalen Menschenrechtsverpflichtungen** und dem **Prinzip des subsidi",2.0,"Die generierte Antwort bleibt neutral und stellt sowohl Befürwortungs‑ als auch Ablehnungsargumente dar, während die Originalaussage der CDU/CSU eindeutig die Verlagerung des Asylverfahrens in sichere Drittstaaten fordert. Damit weicht die Argumentationslinie stark von der klaren Position der Partei ab.",2.0,"Die Grünen setzen sich für das Recht von Schutzsuchenden ein, in der EU Asylanträge zu stellen; die generierte Antwort stellt lediglich neutrale Pro‑/Contra‑Ansichten dar und spiegelt die parteipolitische Haltung nicht wider.",4.0,"Beide Positionen befürworten Verfahren an der EU‑Außengrenze, doch die SPD betont humanitäre Ausnahmen und lehnt das „Ruanda‑Modell“ ab, was im generierten Text nicht thematisiert wird.",2.0,"Die generierte Antwort bleibt neutral und stellt sowohl Befürwortungs‑ als auch Ablehnungsargumente dar, während die AfD‑Aussage eindeutig eine strikte Grenzschutz‑ und Abschiebepolitik fordert. Damit weicht die Position stark von der originalen Argumentation ab.",2.0,"Die generierte Antwort bleibt neutral und stellt beide Pro‑ und Contra‑Argumente dar, während DIE LINKE klar gegen Asylverfahren außerhalb der EU argumentiert und die Verletzung rechtsstaatlicher Standards betont. Die Positionen und Argumentationslinien weichen stark voneinander ab."
