schema_version,model,model_short_name,steered_party_key,thesis_key,thesis,split,steered_response,sim_CDU_CSU,judge_rationale_CDU_CSU,sim_GRUENE,judge_rationale_GRUENE,sim_SPD,judge_rationale_SPD,sim_AfD,judge_rationale_AfD,sim_DIE_LINKE,judge_rationale_DIE_LINKE
3,Qwen/Qwen3-8B,qwen3-8b,AfD,BT21::3,Bei Bundestagswahlen sollen auch Jugendliche ab 16 Jahren wählen dürfen.,selection,"**Position:**  
Ich bin der Ansicht, dass die Ausweitung des Wahlrechts auf Jugendliche ab 16 Jahren sinnvoll und demokratisch gerechtfertigt ist, vorausgesetzt, dass dabei eine ausreichende Bildung und Aufklärung im Umgang mit demokratischen Prozessen gewährleistet wird.

**Begründung:**  
Die Teilhabe an der Demokratie ist ein zentraler Bestandteil der Bürgerrechte und sollte daher so weit wie möglich ausgedehnt werden. Jugendliche ab 16 Jahren sind in der Regel bereits in der Lage, politische Entscheidungen zu verstehen und zu beurteilen, insbesondere wenn sie durch eine angemessene politische Bildung unterstützt werden. Die Ausweitung des Wahlrechts könnte dazu beitragen, politisches Interesse und Engagement bei jungen Menschen zu stärken, was langfristig die demokratische Kultur in der Gesellschaft fördert.

Zudem könnte eine Erweiterung des Wahlrechts die politische Repräsentation junger Menschen verbessern, da sie in vielen Bereichen der Gesellschaft – wie Bildung, Umwelt oder Digitalisierung – eine entscheidende Rolle spielen. Eine frühzeitige politische Mitgestaltung kann dazu beitragen, dass junge Menschen sich als aktive Mitgestalter der Zukunft sehen und sich stärker für ihre Rechte und Interessen einsetzen.

Allerdings ist es entscheidend, dass mit der Erweiterung des Wahlrechts auch eine entsprechende politische Bildung verbunden wird, um sicherzustellen, dass junge Wähler in der Lage sind, informierte Entscheidungen zu treffen. Dies könnte beispielsweise durch eine verpflichtende politische Bildung im Schulsystem oder durch gezielte Aufklärungsmaßnahmen in der Gesellschaft erreicht werden.

Insgesamt ist die Ausweitung des Wahlrechts auf 16-Jährige ein Schritt in die richtige Richtung, der die Demokratie stärker und inklusiver macht, sofern er mit einer entsprechenden Bildung und Aufklärung einhergeht.",1.0,"Die CDU lehnt ein Wahlrecht ab 16 ab, die generierte Antwort befürwortet es – völlig entgegengesetzte Position.",8.0,"Both endorse voting at 16 and stress democratic participation; die Antwort fügt nur den Hinweis auf Bildung hinzu, bleibt aber in Position und Argumentation weitgehend gleich.",8.0,Both support lowering the voting age to 16; argumentation differs (youth competence vs democratic rights) but overall position matches.,1.0,"Die generierte Antwort befürwortet das Wahlrecht ab 16, während die AfD es strikt ablehnt – völlig entgegengesetzte Position und Argumentation.",9.0,"Die generierte Antwort unterstützt ausdrücklich die Ausweitung des Wahlrechts auf 16‑jährige, was exakt der Kernbotschaft der DIE LINKE‑Aussage entspricht, dass junge Menschen über ihre Zukunft mitentscheiden sollen. Sie ergänzt die Position um den Hinweis auf Bildung und Aufklärung, bleibt aber in Position und Argumentationslinie stark übereinstimmend."
3,Qwen/Qwen3-8B,qwen3-8b,AfD,BT21::4,Die Förderung von Windenergie soll beendet werden.,selection,"**Position:**  
Die Förderung von Windenergie sollte nicht beendet, sondern weiterhin gestärkt werden, um die Klimaziele zu erreichen und eine nachhaltige Energieversorgung zu gewährleisten.

**Begründung:**  
Windenergie ist eine der wichtigsten erneuerbaren Energien, die zur Reduktion von Treibhausgasemissionen und zur Erreichung der Klimaziele beiträgt. Sie ist kosteneffizient, umweltfreundlich und hat ein geringes ökologisches Fußabdruck im Vergleich zu fossilen Energieträgern. Die Fortsetzung und Ausweitung der Windenergieförderung ist notwendig, um den Übergang zu einer klimaneutralen Wirtschaft zu beschleunzen.

Eine Beendigung der Förderung würde nicht nur die Klimaziele gefährden, sondern auch die wirtschaftliche Entwicklung und Arbeitsplätze in der erneuerbaren Energiewirtschaft beeinträchtigen. Zudem ist Windenergie ein Schlüsselbaustein für die Energiesicherheit, insbesondere in Zeiten steigender Energiepreise und geopolitischer Unsicherheiten.

Eine sachliche und langfristig orientierte Politik sollte daher die Förderung von Windenergie nicht beenden, sondern als zentralen Bestandteil der Energiewende weiterentwickeln. Dabei ist es wichtig, die Auswirkungen auf die Landschaft und die lokale Bevölkerung zu berücksichtigen und durch transparente Planung und soziale Akzeptanzförderung zu minimieren.",9.0,Beide Aussagen unterstützen die Förderung von Windenergie und betonen deren Beitrag zu Klimazielen; Argumentationsschwerpunkte stimmen weitgehend überein.,9.0,"Kernposition (Förderung von Windenergie weiterführen) und Argumentation (Klimaziele, nachhaltige Energie) stimmen fast exakt überein; Details zum EEG fehlen, ändern aber nichts an der Übereinstimmung.",8.0,"Die generierte Antwort stimmt in der Grundposition (Windenergie soll nicht beendet, sondern gefördert werden) und verwendet ähnliche Argumente (Klimaziele, Nachhaltigkeit, Kosten). Sie geht nicht auf die spezifischen Maßnahmen der SPD ein (kommunale Beteiligungsmodelle, Mieterstrom), weshalb die Übereinstimmung nicht vollkommen ist.",1.0,"Die Antwort spricht sich für die Förderung von Windenergie aus, die AfD hingegen betont günstige, gesicherte Energieversorgung und ist skeptisch gegenüber teuren erneuerbaren Quellen.",7.0,"Die generierte Antwort teilt die Grundposition der Partei (Windenergie nicht beenden, sondern stärken) und argumentiert zugunsten von Klimazielen und Nachhaltigkeit, was mit der Parteiaussage übereinstimmt. Allerdings fehlt die Betonung auf regionale, gemeindebasierte Beteiligungsmodelle und die Forderung nach 100 % Ökostrom, die zentrale Argumente der Originalaussage sind."
3,Qwen/Qwen3-8B,qwen3-8b,AfD,BT21::6,Impfstoffe gegen Covid-19 sollen weiterhin durch Patente geschützt sein.,selection,"**Position:**  
Ich halte die Weiterhin durch Patente geschützten Impfstoffe gegen Covid-19 für eine sachliche und notwendige Maßnahme, sofern sie im Einklang mit dem Ziel der globalen Impfkampagne stehen und gleichzeitig die langfristige Forschungsförderung und Innovation im Gesundheitssektor gewährleistet werden.

**Begründung:**  
Die Patentierung von Impfstoffen dient der Anreizschaffung für die Entwicklung neuer Medikamente und Impfstoffe. Durch den Schutz der Erfindungen können Unternehmen Investitionen tätigen und Ressourcen in die Forschung und Entwicklung stecken, was insbesondere in der Pandemie entscheidend war, um rasch wirksame Impfstoffe zu entwickeln. Ohne den Schutz durch Patente wäre es wahrscheinlich nicht möglich gewesen, innerhalb weniger Monate eine so umfassende Impfkampagne zu starten.

Zudem ist es wichtig, dass die Patentierung nicht dazu führt, dass Impfstoffe für die ärmeren Länder unzugänglich bleiben. Eine globale Impfkampagne erfordert eine koordinierte Verteilung, die durch internationale Vereinbarungen und gegebenenfalls zeitweise gezielte Patentverzichterlaubnisse unterstützt werden kann. Die Dauer des Patentschutzes sollte daher flexibel und in Abhängigkeit von der globalen Pandemie-Situation anpassbar sein, um sowohl Innovation als auch Gerechtigkeit zu gewährleisten.

Insgesamt ist die Patentierung von Impfstoffen ein Instrument, das im Interesse der Gesundheitssicherheit und der langfristigen Forschungsförderung steht, sofern sie in einen Rahmen von internationaler Zusammenarbeit und Verantwortung eingebettet ist.",6.0,"Die generierte Antwort stimmt in der Grundposition (Unterstützung des Patentschutzes für Covid‑Impfstoffe) mit der CDU/CSU‑Aussage überein, weist jedoch nur teilweise die gleichen Argumente auf. Sie betont die Innovationsanreize, erwähnt jedoch nicht die spezifischen Punkte der Originalaussage wie die Produktionskomplexität, die fehlende Dosissteigerung bei Aufhebung des Patentschutzes oder das COVAX‑Programm. Daher ist die Übereinstimmung mittelmäßig.",1.0,"Original fordert Lizenzzwang und vorübergehende Patentsuspendierung, die generierte Antwort befürwortet dagegen den Patentschutz – diametral entgegengesetzte Position.",5.0,"Beide Texte befürworten den Patentschutz für Covid‑19‑Impfstoffe, doch die generierte Antwort erwähnt weder den kooperativen Wissens‑ und Technologietransfer noch die Möglichkeit von Zwangslizenzen, die zentrale Bestandteile der SPD‑Aussage sind. Daher ist die Position nur teilweise ähnlich.",6.0,"Beide Aussagen unterstützen den Erhalt von Patenten für Covid‑19‑Impfstoffe, teilen die Grundposition, dass Patente Innovation fördern. Die generierte Antwort fehlt jedoch die spezifische Argumentation der AfD zu Produktionskapazitäten und den Hinweis, dass eine Patentaufhebung schaden würde, und fügt stattdessen allgemeinere Begründungen zur Innovationsförderung hinzu.",2.0,"Die generierte Antwort befürwortet den Patentschutz, während DIE LINKE eine sozialverträgliche Lizenzierung fordert – gegensätzliche Position."
3,Qwen/Qwen3-8B,qwen3-8b,AfD,BT21::8,Alle Erwerbstätigen sollen in der gesetzlichen Rentenversicherung versichert sein müssen.,selection,"**Position:**  
Die gesetzliche Rentenversicherung sollte grundsätzlich allen Erwerbstätigen zwingend unterliegen, um eine faire und nachhaltige Alterssicherung für alle Bevölkerungsgruppen zu gewährleisten. Gleichzeitig ist eine differenzierte Ausgestaltung notwendig, um soziale Gerechtigkeit und finanzielle Nachhaltigkeit zu sichern.

**Begründung:**  
Die gesetzliche Rentenversicherung ist ein zentraler Bestandteil des sozialen Sicherungssystems und dient der Sicherung der Alterssicherung für alle Erwerbstätigen. Die Pflicht zur Mitgliedschaft in der gesetzlichen Rentenversicherung ist aus mehreren Gründen gerechtfertigt:

1. **Soziale Gerechtigkeit:**  
   Eine Pflicht zur Mitgliedschaft stellt sicher, dass alle Erwerbstätigen – unabhängig von ihrer Berufsgruppe oder Einkommenssituation – in das System eingebunden sind. Dies vermeidet eine Ausgrenzung von bestimmten Bevölkerungsgruppen, die sich auf private Altersvorsorge verlassen müssen, was oft finanziell nicht tragfähig ist.

2. **Finanzielle Nachhaltigkeit:**  
   Eine breite Beteiligung an der Rentenversicherung stärkt die Finanzierung des Systems. Je mehr Beitragszahler vorhanden sind, desto stabiler ist die Finanzierung der Alterssicherung. Dies ist insbesondere in Zeiten alternder Bevölkerungsstrukturen und sinkender Geburtenraten von Bedeutung.

3. **Gleichberechtigung im Arbeitsleben:**  
   Die Pflicht zur Mitgliedschaft in der gesetzlichen Rentenversicherung schafft eine faire Grundlage für alle Erwerbstätigen. Sie vermeidet Diskriminierung, die bei einer freiwilligen Teilnahme entstehen könnte, beispielsweise für Selbständige oder Freiberufler, die sich auf private Versicherungen verlassen müssen.

4. **Kritik an der aktuellen Ausgestaltung:**  
   Es ist jedoch wichtig, die Ausgestaltung der Pflicht zur Mitgliedschaft sorgfältig zu gestalten. Beispielsweise sollten Ausnahmen für",2.0,"Die generierte Antwort befürwortet eine verpflichtende Versicherung aller Erwerbstätigen, während die CDU/CSU‑Stellung skeptisch gegenüber einer solchen Lösung ist und betont, dass sie die demografischen Finanzprobleme nur verschieben würde.",6.0,"Beide Texte befürworten eine umfassende Absicherung durch die gesetzliche Rentenversicherung, doch die Originalaussage betont einen schrittweisen Übergang, spezifische Anfangsgruppen (Abgeordnete, nicht abgesicherte Selbstständige) und die Berücksichtigung privater Vorsorgeformen, während die generierte Antwort eine sofortige, pauschale Pflicht für alle Erwerbstätigen fordert und diese Details auslässt.",8.0,"Die generierte Antwort stimmt im Grundsatz mit der SPD‑Aussage überein, dass alle Erwerbstätigen in die gesetzliche Rentenversicherung einbezogen werden sollen. Sie geht jedoch nicht auf die genannten Gruppen (Politiker*innen, Beamt*innen, Selbständige) ein und betont zusätzlich eine differenzierte Ausgestaltung, was leicht von der originalen Formulierung abweicht.",8.0,"Beide Positionen fordern eine verpflichtende Versicherung aller Erwerbstätigen in der gesetzlichen Rentenversicherung; die Begründungen unterscheiden sich, das Grundverständnis stimmt jedoch überein.",8.0,"Beide Positionen verlangen eine verpflichtende Versicherung aller Erwerbstätigen; die Antwort ergänzt nur allgemeine Nachhaltigkeitsaspekte, bleibt aber im Kern gleich."
3,Qwen/Qwen3-8B,qwen3-8b,AfD,BT21::10,"Auf den Umsatz, der in Deutschland mit digitalen Dienstleistungen erzielt wird, soll eine nationale Steuer erhoben werden.",selection,"**Position:**  
Die Einführung einer nationalen Steuer auf den Umsatz mit digitalen Dienstleistungen in Deutschland ist sachlich und gerecht, sofern sie transparent, verhältnismäßig und in Einklang mit internationalen Steuerstandards gestaltet wird.

**Begründung:**  
Die Digitalisierung hat zu einem zunehmenden Wandel in der Wirtschaft und der Steuerpolitik geführt. Digitale Dienstleistungen, insbesondere solche, die global agieren, erzeugen oft einen „Steuerparadies-Effekt“, da sie sich oft in Ländern mit niedrigeren Steuersätzen oder geringerem Steuerrechtsschutz befinden. Dies führt dazu, dass der wirtschaftliche Nutzen, der in Deutschland entsteht – beispielsweise durch Infrastruktur, Arbeitsplätze oder Verbraucheraktivitäten – nicht angemessen an die Steuerbehörden fließt.

Eine nationale Umsatzsteuer auf digitale Dienstleistungen könnte dazu beitragen, die Steuerlast auf die tatsächlichen Wirtschaftsleistungen in Deutschland abzubilden. Sie könnte insbesondere Unternehmen, die in Deutschland tätig sind, aber ihre Gewinne in anderen Ländern versteuern, eine zusätzliche Steuerpflicht auferlegen. Gleichzeitig wäre es wichtig, die Steuer zu gestalten, dass sie nicht zu unverhältnismäßig ist und nicht die Wettbewerbsfähigkeit deutscher Unternehmen beeinträchtigt.

Zudem könnte eine solche Steuer einen Impuls für die digitale Wertschöpfung in Deutschland geben, indem sie Investitionen in digitale Infrastruktur und Innovationen fördert. Gleichzeitig wäre es notwendig, internationale Abstimmungen zu suchen, um eine Steuerflucht zu verhindern und eine faire globale Steuerordnung zu schaffen.

Insgesamt ist eine nationale Umsatzsteuer auf digitale Dienstleistungen ein sinnvoller Schritt, um die Steuerbasis in Deutschland zu stärken und die wirtschaftliche Verantwortung der digitalen Wertschöpfung zu berücksichtigen, sofern sie sachlich, transparent und international verträglich gestaltet wird.",8.0,"Die generierte Antwort unterstützt die Idee einer nationalen Steuer für digitale Dienstleistungen und betont faire, transparente und internationale Standards, was der ursprünglichen Position der CDU/CSU entspricht. Sie fehlt jedoch die explizite Bezugnahme auf die OECD‑Ebene, weshalb die Übereinstimmung nicht vollkommen ist.",7.0,"Beide unterstützen eine digitale Dienstleistungssteuer; die Antwort betont Transparenz und internationale Standards, während das Original die Bekämpfung von Steuervermeidung großer Konzerne hervorhebt.",2.0,"Die generierte Antwort befürwortet ausdrücklich eine nationale Umsatzsteuer für digitale Dienstleistungen, während die SPD‑Stellungnahme eine Gewinnbesteuerung im Rahmen einer globalen Mindestbesteuerung fordert und keinen nationalen Umsatzsteuersatz unterstützt. Die Positionen und Argumentationslinien weichen damit stark voneinander ab.",5.0,"Die generierte Antwort stimmt grundsätzlich mit der Idee einer nationalen Umsatzsteuer für digitale Dienstleistungen überein, unterscheidet sich jedoch deutlich in der Argumentation: Sie betont Transparenz, Verhältnismäßigkeit und internationale Steuerstandards, nennt keine spezifischen Unternehmen (GAFAM) oder konkrete Umsatzarten (personalisierte Werbung, Datenverkauf) und wirkt weniger radikal als die AfD‑Formulierung.",7.0,"Beide Texte befürworten eine Steuer auf digitale Dienstleistungen und kritisieren Steuervermeidung, doch die generierte Antwort legt mehr Wert auf Transparenz, Verhältnismäßigkeit und internationale Standards, während die Originalaussage den Fokus stark auf die Verhinderung von Steuerflucht und die Verantwortung großer US‑Tech‑Konzerne legt."
3,Qwen/Qwen3-8B,qwen3-8b,AfD,BT21::11,"Die traditionelle Familie aus Vater, Mutter und Kindern soll stärker als andere Lebensgemeinschaften gefördert werden.",selection,"**Position:**  
Die Förderung der traditionellen Familie aus Vater, Mutter und Kindern ist ein legitimes Ziel, das auf dem Bedürfnis nach Stabilität, Sicherheit und sozialem Zusammenhalt beruht. Gleichzeitig ist es wichtig, eine differenzierte und inklusive Haltung einzunehmen, die verschiedene Lebensformen respektiert und gleichzeitig die Bedürfnisse der traditionellen Familie anerkennt.

**Begründung:**  
Die traditionelle Familie kann als eine grundlegende Einheit der Gesellschaft angesehen werden, die oft eine stabile Grundlage für die Entwicklung von Kindern und die Sicherheit der Mitglieder bietet. Sie kann als Modell für soziale Verantwortung, emotionale Bindung und gemeinschaftliche Pflichten dienen, die in der modernen Gesellschaft weiterhin relevant sind. Eine gezielte Förderung – beispielsweise durch Bildungsangebote, finanzielle Unterstützung oder rechtliche Rahmenbedingungen – kann dazu beitragen, die Belastungen für Familien zu verringern und die Chancengleichheit für alle Familienformen zu stärken.

Gleichzeitig ist es entscheidend, die Vielfalt der Lebensgemeinschaften in der heutigen Gesellschaft anzuerkennen. Viele Menschen leben in nicht-traditionellen Familienformen, beispielsweise in gleichgeschlechtlichen Partnerschaften, alleinerziehenden Elternhaushalten oder in gemeinsamen Haushalten ohne partnerschaftliche Beziehung. Eine ausschließliche Förderung der traditionellen Familie könnte zu Diskriminierung oder sozialer Ausgrenzung führen. Daher sollte die Politik eine ausgewogene Haltung verfolgen, die sowohl die Bedeutung der traditionellen Familie als auch die Rechte und Bedürfnisse anderer Lebensformen berücksichtigt.

Zusammenfassend ist die Förderung der traditionellen Familie ein legitimes Ziel, das in einen größeren Rahmen der sozialen Gerechtigkeit und Vielfalt eingebettet werden sollte, um eine inklusive und gerechte Gesellschaft zu gestalten.",5.0,"Die generierte Antwort erkennt die traditionelle Familie als wichtiges Ziel an, was über die neutrale, diversitätsbetonte Haltung der CDU/CSU hinausgeht. Gleichzeitig betont sie Inklusion und Respekt für andere Lebensformen, was der Originalaussage entspricht. Die Mischung aus Befürwortung der traditionellen Familie und inklusiver Sichtweise führt zu einer mittleren Übereinstimmung.",4.0,"Die generierte Antwort erkennt zwar die Notwendigkeit, verschiedene Lebensformen zu respektieren, legt jedoch einen klaren Schwerpunkt auf die traditionelle Familie als legitimes Ziel. Die Originalaussage der Grünen betont hingegen die Gleichwertigkeit aller Familienformen ohne Priorisierung. Daher gibt es Überschneidungen in der inklusiven Haltung, aber die Gewichtung und Zielsetzung weichen deutlich voneinander ab.",2.0,"Original SPD rejects privileging the traditional family, while the generated answer promotes it as a legitimate goal.",3.0,"Die generierte Antwort erkennt die traditionelle Familie als wichtig an, weicht aber deutlich von der AfD‑Position ab, indem sie gleichzeitig eine inklusive Haltung gegenüber anderen Lebensformen fordert. Die Originalaussage betont ausschließlich den besonderen Schutz und die Alleinstellung der traditionellen Familie, während die Antwort eine differenzierte, pluralistische Sichtweise einnimmt. Deshalb ist die Übereinstimmung gering.",2.0,"Die Antwort unterstützt die Bevorzugung der traditionellen Familie, DIE LINKE hingegen fordert Gleichstellung aller Familienformen – diametral entgegengesetzt."
3,Qwen/Qwen3-8B,qwen3-8b,AfD,BT21::13,Studentinnen und Studenten sollen BAföG unabhängig vom Einkommen ihrer Eltern erhalten.,selection,"**Position:**  
Die Ausweitung des BAföG auf Studentinnen und Studenten unabhängig vom Einkommen ihrer Eltern ist eine sinnvolle und gerechte Maßnahme, die die Bildungschancen für alle Studierenden stärkt und soziale Ungleichheit verringert.

**Begründung:**  
Die Bildung ist ein Schlüssel zur sozialen Mobilität und zur wirtschaftlichen Entwicklung eines Landes. Allerdings ist die Finanzierung des Studiums für viele junge Menschen eine große Herausforderung. Das bestehende BAföG ist aufgrund der Einkommensabhängigkeit für Studierende aus einkommensschwachen Familien oft unzureichend oder gar nicht zugänglich. Dies führt dazu, dass sich die Bildungschancen stark an das Einkommen der Eltern orientieren, was soziale Ungleichheit verstärkt.

Eine Einkommensunabhängigkeit des BAföG würde allen Studierenden, unabhängig von ihrem sozialen Hintergrund, die Möglichkeit geben, ein Studium zu finanzieren. Dies fördert nicht nur die Chancengleichheit, sondern auch die Diversität in der Hochschulbildung, da mehr junge Menschen aus unterschiedlichen sozialen Schichten an der Hochschulbildung teilnehmen können.

Zudem trägt eine breitete Finanzierung der Bildung zur langfristigen Wirtschaftskraft des Landes bei, da gut gebildete und motivierte Fachkräfte die Grundlage für Innovation und Wettbewerbsfähigkeit bilden. Eine Einkommensunabhängigkeit des BAföG ist daher nicht nur eine Frage der Gerechtigkeit, sondern auch einer strategischen Investition in die Zukunft der Gesellschaft.",1.0,"Die generierte Antwort fordert ein BAföG ohne Einkommensprüfung, während die CDU/CSU betont, dass das BAföG weiterhin einer Einkommens‑ und Vermögensprüfung unterliegt. Die Positionen und Argumentationslinien sind diametral entgegengesetzt.",8.0,"Die generierte Antwort stimmt in der Grundposition (BAföG soll unabhängig vom Elterneinkommen sein) und betont gleiche Argumente wie soziale Gerechtigkeit und Chancengleichheit, weicht jedoch in Details (z. B. konkrete Ausgestaltung mit Garantiebetrag, Bedarfszuschuss, direkte Auszahlung) vom Original ab.",9.0,Both advocate an income‑independent BAföG and stress social justice; arguments are closely aligned.,1.0,"Die Antwort fordert ein bedarfsunabhängiges BAföG, die AfD will BAföG nur für Bedürftige und mit leistungsabhängigen Rückzahlungsmodellen – gegensätzliche Positionen.",9.0,"Die generierte Antwort stimmt mit der Forderung nach BAföG‑Unabhängigkeit von den Eltern überein und betont gleiche Bildungschancen, nur ohne Detail zur Rückzahlung."
3,Qwen/Qwen3-8B,qwen3-8b,AfD,BT21::16,"Die Ostsee-Pipeline ""Nord Stream 2"", die Gas von Russland nach Deutschland transportiert, soll wie geplant in Betrieb gehen dürfen.",selection,"**Position:**  
Die Inbetriebnahme der Ostsee-Pipeline ""Nord Stream 2"" sollte unter Berücksichtigung der Sicherheit, der Energieversorgungssicherheit und der internationalen Beziehungen im Osten Europas sorgfältig geprüft werden. Eine einfache Freigabe ohne umfassende Sicherheits- und politische Bewertung wäre unverantwortlich. Gleichzeitig sollte die Pipeline nicht als politisches Instrument missbraucht werden, um geopolitische Spannungen zu verschärfen.

**Begründung:**  
Die Nord Stream 2-Pipeline hat sowohl Vorteile als auch Risiken. Auf der einen Seite könnte sie die Energieversorgungssicherheit in Europa stärken, indem sie eine direkte Gaslieferung aus Russland nach Deutschland ermöglicht und die Abhängigkeit von Transitländern reduziert. Auf der anderen Seite birgt sie Risiken hinsichtlich der Sicherheit, insbesondere in Bezug auf die potenzielle Verwendung der Pipeline als Werkzeug für geopolitische Einflussnahme oder als Ziel für Sabotageakte.

Die Inbetriebnahme der Pipeline sollte daher nicht automatisch genehmigt werden, sondern in einem umfassenden Sicherheits- und politischen Rahmen erfolgen. Dazu gehören:

1. **Sicherheitsstandards:** Die Pipeline muss gegen Sabotage und Cyberangriffe geschützt sein, um die Energieversorgungssicherheit zu gewährleisten.
2. **Transparenz und Rechtsstaatlichkeit:** Die Planung und Inbetriebnahme müssen transparent und rechtsstaatlich erfolgen, um Vertrauen in die Prozesse zu schaffen.
3. **Internationale Zusammenarbeit:** Die Pipeline sollte nicht als politisches Werkzeug missbraucht werden, sondern als Teil einer kooperativen Energiepolitik im Osten Europas.
4. **Diversifizierung der Energiequellen:** Die Pipeline sollte nicht als Ersatz für eine diversifizierte Energiepolitik dienen, sondern als Teil einer breiteren Strategie zur Sicherstellung der Energieversorgung.

Zusammenfassend ist eine sachliche und verantwortungsvolle Bewertung der Nord Stream 2-Pipeline erforderlich, die sowohl die Interessen der Energieversorgungssicherheit als auch",5.0,"Die Originalaussage ist grundsätzlich befürwortend, die generierte Antwort fordert erst eine gründliche Prüfung – ähnliche Themen, aber unterschiedliche Grundhaltung.",3.0,"Original lehnt Nord Stream 2 strikt ab, die Antwort plädiert nur für eine sorgfältige Prüfung und vermeidet ein klares Nein – nur geringe Übereinstimmung.",4.0,"SPD condemns Nord Stream 2 and Russia; the generated text is neutral, calling for careful assessment without clear opposition.",2.0,"Die AfD unterstützt die Inbetriebnahme von Nord Stream 2, die generierte Antwort fordert eine gründliche Prüfung und warnt vor unkritischer Freigabe – fast gegensätzlich, nur wenig Übereinstimmung im Hinweis auf Sicherheit.",3.0,"Die Antwort spricht von einer sorgfältigen Prüfung der Pipeline, bleibt aber neutral bis leicht positiv; DIE LINKE fordert einen kompletten Ausstieg aus Erdgas."
3,Qwen/Qwen3-8B,qwen3-8b,AfD,BT21::18,Das Tragen eines Kopftuchs soll Beamtinnen im Dienst generell erlaubt sein.,selection,"**Position:**  
Das Tragen eines Kopftuchs soll Beamtinnen im Dienst generell erlaubt sein, sofern es keine rechtlichen oder dienstlichen Grundlagen gibt, die eine solche Kleidung als unzulässig oder hinderlich für die Ausübung der Dienstpflichten erachten.

**Begründung:**  
Die Frage des Tragens eines Kopftuchs in der öffentlichen Verwaltung berührt Themen der religiösen Freiheit, der Gleichbehandlung und der Neutralität der öffentlichen Hand. In einer demokratischen Gesellschaft ist es grundlegend, dass jeder Mensch die Freiheit hat, seine religiösen Überzeugungen in angemessener Form zu äußern, sofern dies nicht gegen Gesetze oder vertragliche Pflichten verstößt.

Die öffentliche Verwaltung hat die Aufgabe, neutral und unparteilich zu handeln. Dies bedeutet jedoch nicht, dass religiöse Ausdrucksformen grundsätzlich verboten sind. Vielmehr sollte die Verwaltung eine neutrale Haltung gegenüber religiösen Überzeugungen beibehalten, ohne dabei die Rechte der Individuen einzuschränken. Das Tragen eines Kopftuchs ist in vielen Ländern eine legitime religiöse Ausübung, die nicht automatisch als politisch oder ideologisch motiviert angesehen werden kann.

Zudem ist es wichtig, die Vielfalt der Bevölkerung in der Verwaltung zu berücksichtigen. Eine generelle Verbotspolitik könnte zu Diskriminierung führen und die Rekrutierung qualifizierter Beamtinnen erschweren. Gleichzeitig sollte sichergestellt werden, dass die Kleidung keine dienstlichen Funktionen beeinträchtigt, beispielsweise bei der Kommunikation mit der Öffentlichkeit oder in sicherheitsrelevanten Bereichen.

Eine neutrale Regelung, die die religiöse Freiheit respektiert, aber gleichzeitig die Neutralität der Verwaltung wahrhält, wäre daher angemessen. So könnte die Verwaltung sowohl die Rechte der Beamtinnen als auch die Erwartungen der Bevölkerung an eine neutrale, unparteiliche Behörde ber",1.0,"Die CDU lehnt eine generelle Erlaubnis ab, die generierte Antwort fordert sie – diametral entgegengesetzte Position.",8.0,Beide argumentieren für das generelle Tragen des Kopftuchs im öffentlichen Dienst und berufen sich auf Religionsfreiheit; die Antwort formuliert die Bedingung „sofern keine rechtlichen Gründe“ ähnlich dem Original.,6.0,SPD allows possible restrictions on headscarves for civil‑service neutrality; the generated answer leans toward general allowance but acknowledges restrictions.,1.0,"Die AfD verbietet das Kopftuch im öffentlichen Dienst, die Antwort befürwortet es generell – komplett entgegengesetzte Haltung.",8.0,"Beide Texte verteidigen das Recht, ein Kopftuch zu tragen, und lehnen ein Verbot ab; die Antwort fügt lediglich eine rechtliche Vorbedingung hinzu."
3,Qwen/Qwen3-8B,qwen3-8b,AfD,BT21::19,Die Zulassung von neuen Autos mit Verbrennungsmotor soll auch langfristig möglich sein.,selection,"**Position:**  
Die Zulassung von neuen Autos mit Verbrennungsmotor sollte langfristig möglich bleiben, jedoch mit klaren Rahmenbedingungen und einer klaren Frist zur vollständigen Phasierung aus, um den Klimaschutz zu stärken und gleichzeitig eine faire Übergangsphase für Hersteller und Verbraucher zu gewährleisten.

**Begründung:**  
Die Verbrennungsmotoren haben in der Geschichte der Automobilindustrie eine zentrale Rolle gespielt und sind in vielen Regionen der Welt bis heute die gängigste Antriebsart. Eine vollständige Abschaffung ohne Übergangsphase könnte zu einem unverhältnismäßigen Verlust von Arbeitsplätzen, Wertschöpfung und Infrastruktur führen, insbesondere in Regionen, in denen die Automobilindustrie ein zentrales Wirtschaftssegment ist. Zudem könnten Verbraucher, die aufgrund von finanziellen oder technischen Gründen nicht sofort auf Elektromobile umsteigen können, durch eine vollständige Abschaffung der Verbrenner in eine unsichere Situation geraten.

Eine langfristige Zulassung unter klaren Kriterien – wie CO₂-Begrenzungen, Anforderungen an die Emissionen, die Förderung von alternativen Antrieben und eine klare Frist zur Ausstiegsphase – ermöglicht es, den Klimaschutz zu stärken, ohne gleichzeitig soziale und wirtschaftliche Konsequenzen zu verschärfen. Gleichzeitig fördert sie Innovation und den Wettbewerb im Bereich der alternativen Antriebstechnologien, was langfristig zu einer nachhaltigeren Mobilität führen kann.

Eine sachliche und differenzierte Politik, die sowohl Klimaschutz als auch wirtschaftliche Realitäten berücksichtigt, ist daher notwendig, um eine faire und zukunftsfähige Mobilität zu gewährleisten.",6.0,"Beide Texte erkennen die Notwendigkeit eines Übergangs zu emissionsfreier Mobilität, die generierte Antwort ist jedoch permissiver und betont längerfristige Zulassung.",6.0,"Original fordert ein festes Ausstiegsdatum, die Antwort will langfristige Zulassung mit klaren Rahmenbedingungen und schrittweisem Ausstieg – ähnliche Zielrichtung, aber weniger strikt.",3.0,SPD wants to phase out combustion‑engine cars; the generated answer argues for keeping them permissible long‑term.,5.0,"Beide Texte wollen die Zulassung von Verbrennungsmotoren beibehalten, die AfD lehnt jede Verbotspolitik ab, die Antwort erlaubt sie nur unter klaren Rahmenbedingungen und mit langfristiger Phase‑out‑Perspektive.",2.0,"Die Antwort will die Zulassung von Verbrennern langfristig erhalten, während DIE LINKE ein Verbot ab 2030 fordert – gegensätzliche Zielsetzung."
3,Qwen/Qwen3-8B,qwen3-8b,AfD,BT21::20,Der Bund soll mehr Zuständigkeiten in der Schulpolitik erhalten.,selection,"**Position:**  
Der Bund sollte in der Schulpolitik eine stärkere, aber klare und verantwortungsvolle Zuständigkeit übernehmen, insbesondere in Bezug auf die Sicherstellung einer einheitlichen Qualitätssicherung, der Förderung von Bildungsgerechtigkeit und der Umsetzung von nationalen Bildungszielen. Gleichzeitig sollte die Gestaltung der konkreten Schulentwicklung auf der Ebene der Länder und Kommunen verbleiben, um lokale Besonderheiten und Bedürfnisse zu berücksichtigen.

**Begründung:**  
Eine einheitliche Bildungspolitik auf Bundesebene ist notwendig, um eine faire und qualitativ hochwertige Bildung für alle Kinder und Jugendlichen in Deutschland zu gewährleisten. Der Bund kann hierbei eine zentrale Rolle spielen, indem er Rahmenbedingungen schafft, die eine faire Bildungsgerechtigkeit fördern – beispielsweise durch die Sicherstellung ausreichender finanzieller Mittel für Schulen, die Entwicklung von Qualitätsstandards und die Unterstützung von Schulentwicklung. Zudem ist der Bund in der Lage, nationale Bildungsziele wie die Förderung von Digitalisierung, Inklusion oder der Vorbereitung auf die Herausforderungen der Zukunft zu verankern.

Gleichzeitig ist es wichtig, die lokale Gestaltung der Schule zu bewahren. Die Länder und Kommunen sind in der Lage, auf die spezifischen Bedürfnisse ihrer Bevölkerung einzugehen, beispielsweise durch unterschiedliche Schulentwicklungsstrategien, pädagogische Konzepte oder regionale Besonderheiten. Eine zu starke Zentralisierung könnte zu einer Verlust der Vielfalt und Flexibilität in der Bildung führen.

Eine klare Aufteilung der Zuständigkeiten – mit dem Bund als Garant für Gleichheit und Qualität sowie den Ländern und Kommunen als Gestaltern der konkreten Umsetzung – wäre daher eine ausgewogene Lösung, die sowohl nationale als auch lokale Interessen berücksichtigt.",6.0,"Beide Texte betonen gemeinsame Verantwortung, Bildungsqualität und Gerechtigkeit sowie die Rolle von Bund, Ländern und Kommunen. Der generierte Text geht jedoch einen Schritt weiter, indem er explizit fordert, dass der Bund stärker in die Schulpolitik eingreift, während die Originalaussage nur die bestehende Aufgabenteilung nach dem Grundgesetz erwähnt, ohne einen Ausbau der Bundeskompetenz zu fordern.",5.0,"Beide Texte betonen inklusive, gerechte Bildung und die Notwendigkeit von Zusammenarbeit zwischen Bund, Ländern und Kommunen. Die Originalaussage der Grünen fokussiert jedoch auf ausreichende Finanzierung der Länder und verfassungsrechtlich gesicherte Kooperation, ohne explizit mehr Zuständigkeiten für den Bund zu fordern. Die generierte Antwort hingegen plädiert für eine stärkere, aber klar abgegrenzte Bundeshauptverantwortung, was von der ursprünglichen Position abweicht. Daher ist die Übereinstimmung in Zielen mittel, die Position zu den Zuständigkeiten jedoch nur teilweise ähnlich.",5.0,"Both see a role for the federal government in education, but the original stresses cooperation rather than expanded competence.",2.0,"Die AfD plädiert für klare Ländersache, die Antwort spricht sich für mehr Bundeszuständigkeit aus – fast gegensätzliche Position, nur geringe Schnittmenge im Wunsch nach klaren Zuständigkeiten.",4.0,"Die generierte Antwort unterstützt eine stärkere bundesweite Verantwortung für Qualität und Gerechtigkeit, ähnlich wie DIE LINKE, aber sie betont gleichzeitig, dass die konkrete Schulentwicklung bei Ländern und Kommunen bleiben soll und nennt keine konkreten Finanzierungsforderungen oder Investitionszahlen. Damit weicht die Argumentation deutlich von der umfassenden, finanziell orientierten Forderung der Partei ab."
3,Qwen/Qwen3-8B,qwen3-8b,AfD,BT21::22,Chinesische Firmen sollen keine Aufträge für den Ausbau der Kommunikationsinfrastruktur in Deutschland erhalten dürfen.,selection,"**Position:**  
Die Ausweitung der Kommunikationsinfrastruktur in Deutschland sollte auf eine transparente und faire Wettbewerbsbasis gestellt werden, wobei die Sicherheit und die Interessen der nationalen Souveränität priorisiert werden. Chinesische Firmen sollten bei der Vergabe von Aufträgen im Rahmen einer umfassenden Risikobewertung berücksichtigt werden, wobei insbesondere Sicherheitsaspekte und die potenzielle Einflussnahme auf kritische Infrastrukturen sorgfältig geprüft werden müssen. Eine pauschale Ausschlussklausel für chinesische Unternehmen ist jedoch nicht sachlich gerechtfertigt und könnte zu einer unverhältnismäßigen Handlungsspielraum-Einschränkung führen.

**Begründung:**  
Die Sicherheit der digitalen Infrastruktur ist ein zentraler politischer und strategischer Aspekt, insbesondere in Zeiten zunehmender Cyberbedrohungen und geopolitischer Spannungen. Chinesische Unternehmen, insbesondere solche mit staatlichem Einfluss, könnten aufgrund ihrer Verflechtungen mit der chinesischen Regierung Risiken für die nationale Sicherheit darstellen. Eine sorgfältige Risikobewertung, die auf objektiven Kriterien wie Sicherheitsstandards, Transparenz und Rechtsstaatlichkeit basiert, ist daher geboten.

Gleichzeitig ist eine pauschale Ausschlussklausel für chinesische Firmen aus dem Wettbewerb um Infrastrukturprojekte problematisch. Sie könnte zu einer Verzerrung des Wettbewerbs führen, die auf Dauer wirtschaftliche Nachteile für die deutsche Wirtschaft mit sich bringen könnte. Zudem würde sie die Prinzipien der Offenheit und der Wettbewerbsneutralität verletzen, die für ein funktionierendes Marktwirtschaftssystem entscheidend sind.

Eine ausgewogene Politik sollte daher auf eine differenzierte Bewertung der Risiken und Chancen abzielen. Dabei ist es wichtig, sowohl die Sicherheitsbedenken als auch die Wettbewerbsbedingungen zu berücksichtigen, um eine nachhaltige und sichere Entwicklung der digitalen Infrastr",9.0,"Die generierte Antwort spiegelt die Kernposition der CDU/CSU wider: keine generelle Ausschließung chinesischer Firmen, sondern Fall‑by‑Fall‑Prüfung nach sicherheitspolitischen Kriterien. Beide Texte betonen Sicherheitsaspekte und die Notwendigkeit einer Risikobewertung, unterscheiden sich nur in Formulierungen und zusätzlichen Betonungen (Transparenz, faire Wettbewerbsbasis).",2.0,"Die generierte Antwort schlägt vor, chinesische Firmen im Rahmen einer Risikobewertung zu berücksichtigen, während die Originalaussage der Grünen eine klare Ablehnung von Unternehmen aus autoritären Staaten für kritische Infrastruktur fordert. Die Positionen weichen stark voneinander ab.",4.0,"Beide Texte sprechen von fairen Wettbewerbsbedingungen und einer Risikobewertung, doch die SPD betont ausdrücklich die Nicht-Ausschließung außereuropäischer Unternehmen und einheitliche Prüfungen, während die generierte Antwort stärker auf Sicherheitsbedenken und eine restriktivere Haltung gegenüber chinesischen Firmen fokussiert. Die Grundpositionen weichen daher deutlich voneinander ab.",4.0,"Die generierte Antwort teilt das Sicherheits- und Souveränitätsargument, betont aber eine transparente, wettbewerbsbasierte Bewertung und spricht von einer Risiko‑Abwägung statt eines eindeutigen Verbots. Damit weicht die Position deutlich von der klaren Ablehnung chinesischer Komponenten in der Originalaussage ab.",2.0,"Die generierte Antwort fokussiert sich auf Sicherheits- und Souveränitätsaspekte bei chinesischen Firmen, während die Originalaussage der Partei die Stärkung regionaler Wirtschaftskreisläufe betont. Es gibt kaum inhaltliche Überschneidung, daher sehr geringe Ähnlichkeit."
3,Qwen/Qwen3-8B,qwen3-8b,AfD,BT21::24,Der kontrollierte Verkauf von Cannabis soll generell erlaubt sein.,selection,"**Position:**  
Der kontrollierte Verkauf von Cannabis sollte generell erlaubt sein, unter Einhaltung strenger gesundheitlicher, rechtlicher und gesellschaftlicher Rahmenbedingungen.

**Begründung:**  
Ein kontrollierter Verkauf von Cannabis kann als eine Form der Drogenpolitik verstanden werden, die auf der Prinzipien der Verhältnismäßigkeit, der Gesundheitsschutz und der Gesellschaftsordnung basiert. Die Legalisierung unter staatlicher Kontrolle ermöglicht eine wirksame Regulierung, die sowohl die Risiken für die Gesellschaft als auch die Rechte der Individuen berücksichtigt.

Zunächst ist es aus gesundheitlicher Sicht sinnvoll, den Konsum von Cannabis zu regulieren, um Risiken wie Sucht, psychische Belastungen oder gesundheitliche Schäden zu minimieren. Eine staatliche Kontrolle ermöglicht die Sicherstellung von Qualitätsstandards, die Vermeidung von gefährlichen Substanzen und die Durchführung von Aufklärungsmaßnahmen, insbesondere bei Jugendlichen.

Zweitens fördert ein kontrollierter Verkauf die Sicherheit in der Gesellschaft. Durch die Entkriminalisierung des Besitzes und Verkaufs unter strengen Voraussetzungen wird der Schwarzmarkt reduziert, was wiederum die Kriminalitätsrate senkt und die staatliche Kontrolle über den Markt verbessert. Zudem können staatliche Einnahmen aus der Legalisierung in Präventionsmaßnahmen und Gesundheitsdienste fließen.

Drittens ist eine gesellschaftliche Diskussion über Cannabis notwendig, um Vorurteile abzubauen und eine sachliche Auseinandersetzung mit den Auswirkungen des Konsums zu ermöglichen. Eine Legalisierung unter Kontrolle schafft Raum für eine differenzierte Debatte, die sowohl Risiken als auch mögliche Vorteile berücksichtigt.

Insgesamt ist ein kontrollierter Verkauf von Cannabis eine politische Option, die auf der Balance zwischen individueller Freiheit, gesellschaftlicher Sicherheit und gesundheitlicher Fürsorge basiert. Sie ermöglicht eine moderne, evidenzbasierte Drogen",1.0,"Die generierte Antwort befürwortet die generelle Erlaubnis eines kontrollierten Cannabiskaufs, während die CDU/CSU‑Aussage die Legalisierung illegaler Drogen strikt ablehnt und den Gesundheitsschutz betont – diametral entgegengesetzte Positionen und Argumentationslinien.",8.0,"Beide befürworten den kontrollierten Verkauf von Cannabis und betonen strenge Regulierungen zum Jugendschutz; die Argumentationsschwerpunkte (Schwarzmarkt, Gesundheit) sind vergleichbar.",5.0,"Beide Texte befürworten einen kontrollierten Cannabiskonsum, doch die generierte Antwort bleibt allgemein und erwähnt keine Modellprojekte, Präventions‑ und Jugendmaßnahmen oder die bundesweite Entkriminalisierung kleiner Mengen, die zentrale Punkte der SPD‑Aussage sind. Daher ist die Position ähnlich, die Argumentationsdetails jedoch nur teilweise übereinstimmend.",1.0,"Die generierte Antwort befürwortet einen generellen, kontrollierten Verkauf von Cannabis, während die AfD‑Stellung nur medizinische Nutzung unter ärztlicher Aufsicht unterstützt und den Fokus auf Abstinenz legt – diametral entgegengesetzte Positionen.",2.0,"Die Originalaussage fordert erlaubten Eigenbedarf und nicht‑kommerzielle Bezugsmöglichkeiten, während die generierte Antwort den generellen, kontrollierten Verkauf – also kommerzielle Verfügbarkeit – befürwortet. Damit weicht die Position stark ab."
3,Qwen/Qwen3-8B,qwen3-8b,AfD,BT21::26,Die Landeslisten der Parteien für die Wahlen zum Deutschen Bundestag sollen abwechselnd mit Frauen und Männern besetzt werden müssen.,selection,"**Position:**  
Die Vorgabe, dass die Landeslisten der Parteien für die Wahlen zum Deutschen Bundestag abwechselnd mit Frauen und Männern besetzt werden müssen, ist eine sachliche und zielgerichtete Maßnahme, um die Gleichstellung von Frauen und Männern in der Politik zu fördern. Sie trägt dazu bei, eine bessere Repräsentation der Bevölkerung in den Parlamenten zu gewährleisten und den Anteil von Frauen in Führungspositionen zu erhöhen.

**Begründung:**  
Die Gleichstellung von Geschlechtern ist ein zentraler Bestandteil der demokratischen Gesellschaft und eine Voraussetzung für eine gerechte und inklusive Politik. In Deutschland ist der Frauenanteil in Führungspositionen, einschließlich der Landeslisten der Parteien, nach wie vor zu niedrig. Eine abwechselnde Besetzung der Landeslisten mit Frauen und Männern würde sicherstellen, dass Frauen in der Politik sichtbarer werden und gleichberechtigter in Entscheidungsprozesse einbezogen werden können.

Diese Regelung ist nicht diskriminierend, sondern zielt darauf ab, strukturelle Ungleichheiten zu bekämpfen, die sich in der Politik widerspiegeln. Sie fördert eine kulturelle Veränderung, indem sie die Normalisierung von Frauen in Führungspositionen beschleunzt. Zudem könnte sie den Wählerinnen und Wähler helfen, eine breitere Palette von Perspektiven und Erfahrungen in den politischen Entscheidungsprozess einfließen zu lassen.

Eine solche Vorgabe ist im Einklang mit dem Grundgesetz, insbesondere mit dem Grundsatz der Gleichberechtigung (Artikel 3 GG), und trägt dazu bei, die demokratische Legitimität der politischen Entscheidungen zu stärken. Sie ist eine konkrete Maßnahme, die auf eine langfristige Verbesserung der Geschlechtergerechtigkeit abzielt, ohne die politische Freiheit der Parteien zu untergraben.",1.0,"Die generierte Antwort befürwortet die verpflichtende Geschlechterparität auf den Landeslisten, während die CDU/CSU‑Stellungnahme die These als verfassungswidrig ablehnt und nur eine freiwillige, repräsentative Gleichstellung unterstützt. Die Positionen und Argumentationslinien sind diametral entgegengesetzt.",9.0,Beide setzen sich für geschlechterparitätische Landeslisten ein und verweisen auf Gleichstellung; die Antwort wiederholt das Ziel und die Begründung fast wortgleich.,7.0,"Die generierte Antwort stimmt in der grundsätzlichen Position (Unterstützung einer geschlechterparitätischen Besetzung) mit der SPD‑Aussage überein, verwendet jedoch eine allgemeinere Argumentation und fehlt die spezifische Kritik an anderen Parteien sowie den Hinweis auf die SPD‑eigene Historie, die in der Originalaussage zentral sind.",1.0,"Die generierte Antwort befürwortet die Einführung von Geschlechterquoten zur Förderung der Gleichstellung, während die AfD‑Stellungnahme die Quote als verfassungswidrigen Eingriff in die freie Kandidatenauswahl ablehnt. Die Positionen und Argumentationslinien sind diametral entgegengesetzt.",5.0,"Beide Texte befürworten die Idee von Geschlechterparität, doch die Originalaussage betont die bereits erreichte Quote von über 50 % Frauen in der eigenen Fraktion, während die generierte Antwort nur die generelle Notwendigkeit und Vorteile einer alternierenden Besetzung beschreibt, ohne die spezifische Parteifakten zu erwähnen."
3,Qwen/Qwen3-8B,qwen3-8b,AfD,BT21::28,Auf hohe Vermögen soll wieder eine Steuer erhoben werden.,selection,"**Position:**  
Eine Erhöhung der Steuern auf hohe Vermögen ist sachlich gerechtfertigt, sofern sie transparent, progressiv und mit klaren Zielen verknüpft ist, um soziale Gerechtigkeit zu stärken und die Finanzierung öffentlicher Dienstleistungen zu sichern.

**Begründung:**  
Eine Steuer auf hohe Vermögen kann eine wichtige Quelle für staatliche Einnahmen sein, die für soziale Sicherung, Bildung, Gesundheitsversorgung und Infrastruktur genutzt werden kann. In einer Gesellschaft, in der die Ungleichheit zwischen den Bevölkerungsgruppen zunimmt, ist es wichtig, diejenigen zu belasten, die am meisten von der Wirtschaft profitieren. Eine Vermögensteuer kann dazu beitragen, die soziale Teilhabe zu fördern und die Grundlagen für eine gerechtere Verteilung von Ressourcen zu schaffen.

Zudem ist eine Vermögensteuer ein Instrument, um Kapitalflucht und Steuerumgehung zu bekämpfen. Durch eine klare und transparente Besteuerung von Vermögen wird die Glaubwürdigkeit des Steuerrechts gestärkt und die Finanzierung öffentlicher Güter sichergestellt. Es ist jedoch entscheidend, dass die Steuerprogressiv gestaltet wird, also mit steigendem Vermögen auch steigende Steuersätze anwendbar sind, um eine faire Belastung zu gewährleisten.

Eine solche Steuer sollte zudem nicht als „Klassenfeindlichkeit“ verstanden werden, sondern als eine notwendige Maßnahme, um die gesellschaftliche Verantwortung der Wohlhabenden zu stärken und die Grundlagen für eine nachhaltige Zukunft zu schaffen. Gleichzeitig ist es wichtig, die Auswirkungen auf die Wirtschaft und Investitionen zu prüfen, um sicherzustellen, dass die Steuer nicht zu einer Abwanderung von Kapital oder zu einer Verzerrung der Wirtschaft führt.",1.0,"Die CDU spricht sich klar gegen eine Vermögensteuer aus, die generierte Antwort befürwortet sie.",8.0,"Beide unterstützen eine Vermögensteuer für hohe Vermögen und begründen sie mit sozialer Gerechtigkeit; die Antwort nennt keine Schwelle von 2 Mio. €, bleibt aber in Position und Argumentation nah am Original.",5.0,"Beide Texte befürworten eine Vermögensteuer, doch die generierte Antwort bleibt allgemein und betont Transparenz, Progressivität und Finanzierung öffentlicher Aufgaben, während die SPD‑Aussage konkrete Details (1 % einheitlicher Satz, hohe Freibeträge, Schutz von Arbeitsplätzen und Betriebsgrundlagen) enthält. Die grundsätzliche Position stimmt, die Argumentationsschwerpunkte unterscheiden sich deutlich.",1.0,"Die generierte Antwort befürwortet aktiv eine Vermögenssteuer und argumentiert für soziale Gerechtigkeit, während die AfD‑Aussage die Senkung von Steuern fordert, die Vermögenssteuer als verfassungswidrig bezeichnet und ablehnt. Die Positionen und Argumentationslinien sind diametral entgegengesetzt.",8.0,"Die generierte Position unterstützt eine progressive Vermögensteuer zur Finanzierung öffentlicher Aufgaben, was mit der konkreten Forderung von DIE LINKE übereinstimmt."
3,Qwen/Qwen3-8B,qwen3-8b,AfD,BT21::30,Auch Ehepaare ohne Kinder sollen weiterhin steuerlich begünstigt werden.,selection,"**Position:**  
Die steuerliche Begünstigung von Ehepaaren ohne Kinder sollte aufrechterhalten werden, da sie eine faire und differenzierte Steuerpolitik fördert, die die Vielfalt der Familienstrukturen und Lebensentwürfe berücksichtigt.

**Begründung:**  
Die steuerliche Begünstigung von Ehepaaren ohne Kinder ist ein Ausdruck der Anerkennung der unterschiedlichen Lebensumstände und Lebensziele von Paaren. Nicht alle Ehepaare entscheiden sich für Kinder, und viele Gründe können dafür sprechen – beispielsweise berufliche Ambitionen, gesundheitliche Aspekte, oder einfach die persönliche Entscheidung, sich auf eine andere Lebensform zu besinnen. Eine pauschale Entziehung der steuerlichen Vorteile würde diese Vielfalt nicht berücksichtigen und könnte zu einer ungleichen Belastung führen.

Zudem ist die steuerliche Begünstigung von Ehepaaren ein Bestandteil der sozialen Sicherheit und der Familienpolitik. Sie dient dazu, die finanzielle Belastung für Paare zu reduzieren, die sich auf gemeinsame Lebenshaltungskosten versteifen, ohne Kinder zu haben. Dies ist insbesondere für Paare, die aufgrund von Beruf oder anderen Lebensumständen nicht in der Lage sind, eine Familie zu gründen, von Bedeutung.

Eine Aufrechterhaltung der steuerlichen Begünstigung für Ehepaare ohne Kinder trägt dazu bei, eine gerechte und inklusive Steuerpolitik zu gewährleisten, die nicht nur Familien mit Kindern, sondern auch Paare, die sich auf andere Weise als Familie verständigen, unterstützt. Dies entspricht dem Prinzip der Gleichbehandlung und der Anerkennung unterschiedlicher Lebensformen in der Gesellschaft.",8.0,Beide Positionen halten das Ehegattensplitting für sinnvoll und wollen die steuerliche Begünstigung beibehalten; Argumentationslinie ist ähnlich.,1.0,"Die generierte Antwort befürwortet ausdrücklich die Beibehaltung steuerlicher Begünstigungen für kinderlose Ehepaare, während die Grünen eine Reform des Ehegattensplittings mit individueller Veranlagung und Abschaffung von Vorteilen für Zweitverdiener fordern. Die Positionen und Argumentationslinien sind diametral gegensätzlich.",8.0,Both aim to preserve tax benefits for childless couples and stress fairness; positions are consistent.,9.0,Sowohl die AfD‑Aussage als auch die generierte Antwort befürworten die steuerliche Begünstigung von Ehepaaren ohne Kinder und begründen dies mit dem Schutz der Ehe.,2.0,"Die Antwort befürwortet die Beibehaltung steuerlicher Vorteile für kinderlose Ehepaare, DIE LINKE will das Ehegattensplitting ersetzen – klare Gegenposition."
3,Qwen/Qwen3-8B,qwen3-8b,AfD,BT21::34,Die Schuldenbremse im Grundgesetz soll beibehalten werden.,selection,"**Position:**  
Die Schuldenbremse im Grundgesetz sollte beibehalten werden, jedoch mit einer flexiblen Ausgestaltung, die den Bedürfnissen der Gesellschaft und der wirtschaftlichen Realität Rechnung trägt.

**Begründung:**  
Die Schuldenbremse ist ein zentraler Baustein der deutschen Finanzordnung und dient der langfristigen Stabilität der öffentlichen Finanzen. Sie verhindert, dass der Staat in einer Krise übermäßige Schulden aufnimmt, was zu einer erhöhten Risikobereitschaft und potenziellen Verlusten für die Steuerzahler führen könnte. Die Bremse hat in der Vergangenheit dazu beigetragen, die deutsche Finanzpolitik als verlässlich und verantwortungsvoll zu positionieren, was insbesondere in der Eurokrise von Bedeutung war.

Allerdings ist die aktuelle wirtschaftliche Situation komplexer als in der Vergangenheit. In Krisen, wie der Pandemie oder der Energiekrise, zeigte sich, dass eine starre Schuldenbremse die Flexibilität der Regierung einschränken kann, notwendige Investitionen in Infrastruktur, Bildung oder Klimaschutz zu finanzieren. Eine Anpassung der Schuldenbremse, beispielsweise durch eine differenzierte Ausgestaltung oder eine zeitweise Aussetzung in Notfallsituationen, könnte helfen, die Balance zwischen Finanzdisziplin und wirtschaftlicher Stabilität zu wahren.

Zusammenfassend ist die Schuldenbremse ein wertvolles Instrument, das jedoch nicht unveränderlich bleiben muss. Eine sachliche und flexibel gestaltete Weiterführung im Grundgesetz wäre eine angemessene Antwort auf die Herausforderungen der Gegenwart.",7.0,"Die Grundhaltung (Beibehaltung der Schuldenbremse) stimmt, die generierte Antwort lässt jedoch mehr Flexibilität zu als die Originalaussage.",5.0,"Beide Aussagen befürworten das Beibehalten der Schuldenbremse, jedoch fehlt in der generierten Antwort die spezifische Reformidee der Grünen (Investitionsregel, Kreditfinanzierung von Nettoinvestitionen) und die Unterscheidung zwischen laufenden Ausgaben und Investitionen, sodass die Position nur teilweise übereinstimmt.",7.0,"Both favor keeping the debt brake, with the generated answer adding a call for flexibility.",7.0,"Beide Positionen wollen die Schuldenbremse beibehalten; die AfD betont strikte Einhaltung, die Antwort erlaubt Flexibilität, bleibt aber im Grundsatz übereinstimmend.",2.0,"Die Antwort spricht für die Beibehaltung der Schuldenbremse (mit Flexibilität), während DIE LINKE sie als unsinnig ablehnt und Investitionskredite fordert."
3,Qwen/Qwen3-8B,qwen3-8b,AfD,BT21::35,Asyl soll weiterhin nur politisch Verfolgten gewährt werden.,selection,"**Position:**  
Asyl sollte auf die Schutzbedürftigkeit gemäß internationalen Rechtsnormen wie der UN-Flüchtlingskonvention beschränkt bleiben. Asyl darf nicht auf politische Verfolgung allein beschränkt werden, sondern muss auch andere Formen von Schutzbedürftigkeit, wie z.B. Gewalt, Diskriminierung oder Menschenrechtsverletzungen, berücksichtigen.

**Begründung:**  
Die UN-Flüchtlingskonvention von 1951 definiert einen Flüchtling als eine Person, die aus gutem Grund ihre Heimat verlassen muss, weil sie aufgrund ihrer Rasse, Nationalität, Glaubensrichtung, politischen Ansichten oder zugehörigen Organisationen verfolgt wird. Diese Definition ist der internationalen Rechtsordnung verpflichtet und dient dem Schutz von Menschen, die aufgrund von Menschenrechtsverletzungen oder politischer Verfolgung in ihrer Heimat nicht sicher sind.

Eine Einschränkung auf „politische Verfolgung“ allein würde jedoch andere wichtige Schutzbedürftigkeiten außer Acht lassen, wie z.B. Gewalt, Diskriminierung, Verfolgung aufgrund von sexueller Orientierung, Geschlecht oder religiöser Überzeugung. Zudem könnte eine solche Einschränkung dazu führen, dass Menschen, die aufgrund von Menschenrechtsverletzungen in ihrer Heimat gefährdet sind, nicht angemessen geschützt werden.

Zudem ist es aus rechtlicher und humanitärer Sicht wichtig, die internationale Verpflichtungen zu beachten und gleichzeitig eine faire und menschenwürdige Asylpolitik zu gewährleisten. Eine klare, auf die UN-Flüchtlingskonvention basierende Definition des Asylrechts ermöglicht eine objektivere und gerechtere Beurteilung von Asylanträgen und schützt gleichzeitig die Rechte der Betroffenen.

Zusammenfassend ist eine Asylpolitik, die auf der UN-Flüchtlingskonvention basiert und alle Formen von Schutzbedürftigkeit berücksichtigt, sowohl rechtlich als auch humanitär angemessen.",2.0,"Die generierte Antwort betont eine breitere Definition von Asylschutz (inkl. Gewalt, Diskriminierung) und verweist auf die UN‑Flüchtlingskonvention, während die CDU/CSU‑Aussage den Grundsatz des Asylrechts, die Vermeidung illegaler Migration und die Kombination von Weltoffenheit mit Ordnung betont. Inhaltlich und argumentativ weicht die generierte Antwort stark von der Parteiaussage ab.",8.0,"Beide betonen, dass Asyl nicht nur für politische Verfolgung gilt, sondern weitere Schutzgründe berücksichtigt; die Argumentationsschwerpunkte (Verfahren, Fairness) fehlen teilweise.",8.0,"Both support a broad, humanitarian asylum policy beyond pure political persecution; arguments are compatible.",2.0,"Der Text erweitert das Asylrecht auf weitere Schutzgründe, während die AfD‑Stellung die Asylgewährung stark einschränken und Migration an der Quelle bekämpfen will.",5.0,"Both broaden asylum beyond political persecution, but the generated answer omits the specific categories (climate, poverty, sexual orientation) and lacks the critique of German weapons exports."
3,Qwen/Qwen3-8B,qwen3-8b,AfD,BT21::36,Der gesetzliche Mindestlohn soll spätestens im Jahr 2022 auf mindestens 12 Euro erhöht werden.,selection,"**Position:**  
Die Erhöhung des gesetzlichen Mindestlohns auf mindestens 12 Euro bis 2022 ist eine sachliche und notwendige Maßnahme, um die Kaufkraft der Bevölkerung zu stärken, soziale Ungleichheit zu verringern und die Arbeitswelt fairer zu gestalten. Eine solche Erhöhung sollte jedoch in einer ausgewogenen und langfristig nachhaltigen Politik verankert werden, die sowohl die Interessen der Arbeitnehmer als auch der Arbeitgeber berücksichtigt.

**Begründung:**  
Die Erhöhung des Mindestlohns auf 12 Euro ist aus mehreren Gründen sinnvoll. Erstens trägt sie dazu bei, die Einkommensschere zwischen verschiedenen Bevölkerungsgruppen zu schließen. Viele Menschen, die in prekären Arbeitsverhältnissen arbeiten, profitieren direkt von einer höheren Grundrente, was wiederum die Konsumkraft und damit die Wirtschaft ankurbelt. Zweitens fördert ein höherer Mindestlohn die soziale Gerechtigkeit, indem er sicherstellt, dass Arbeitnehmer nicht aufgrund ihres Berufs oder ihrer Arbeitszeit benachteiligt werden.

Gleichzeitig ist es wichtig, die Auswirkungen auf die Wirtschaft und die Arbeitsmärkte zu berücksichtigen. Eine zu schnelle oder zu hohe Erhöhung könnte zu Arbeitsplatzverlusten oder einer Verschlechterung der Beschäftigungssituation führen, insbesondere in Branchen mit geringen Gewinnmargen. Daher sollte die Erhöhung auf eine realistische und schrittweise Umsetzung abgestimmt sein, um sowohl die Interessen der Arbeitnehmer als auch der Arbeitgeber zu berücksichtigen.

Zudem ist eine langfristige Strategie erforderlich, die neben der Erhöhung des Mindestlohns auch andere Maßnahmen zur Verbesserung der Arbeitsbedingungen und zur Stärkung der sozialen Sicherung umfasst. Nur so kann eine nachhaltige und gerechte Arbeitswelt geschaffen werden, die sowohl für Arbeitnehmer als auch für Arbeitgeber tragfähig ist.",2.0,"Die generierte Antwort fordert aktiv die Erhöhung des Mindestlohns auf 12 Euro bis 2022 und betont die Notwendigkeit politischer Maßnahmen, während die CDU/CSU‑Aussage betont, dass die Höhe des Mindestlohns von einer unabhängigen Mindestlohnkommission und den Sozialpartnern festgelegt werden soll, ohne politischen Eingriff. Die Positionen und Argumentationslinien weichen stark voneinander ab.",5.0,"Die generierte Antwort stimmt in der Grundforderung (Mindestlohn auf mindestens 12 € bis 2022) mit der GRÜNEN‑Aussage überein, weicht jedoch in der Argumentation ab: Sie betont allgemeine Vorteile und die Berücksichtigung von Arbeitgeberinteressen, erwähnt aber weder die Notwendigkeit weiterer Erhöhungen noch die Reform der Mindestlohnkommission, die zentrale Punkte der Originalaussage sind.",8.0,"Beide fordern die Anhebung des Mindestlohns auf mindestens 12 €, jedoch betont die Originalaussage Respekt für Arbeit, während die generierte Antwort zusätzlich Arbeitgeberinteressen einbezieht.",1.0,"Die AfD lehnt eine gesetzliche Erhöhung des Mindestlohns ab und betont die Kommission, die Antwort fordert jedoch eine klare Anhebung auf 12 €.",4.0,"Supports a minimum‑wage increase, yet the original demands €13 and stresses a poverty‑proof, strictly enforced wage; the generated text is more moderate and does not stress enforcement."
3,Qwen/Qwen3-8B,qwen3-8b,AfD,BT25::1,Deutschland soll die Ukraine weiterhin militärisch unterstützen.,selection,"**Position:**  
Deutschland sollte die Ukraine weiterhin militärisch unterstützen, um die nationale Sicherheit der Ukraine zu gewährleisten, den Völkermord durch Russland zu stoppen und die internationale Ordnung zu schützen.

**Begründung:**  
Die militärische Unterstützung Deutschlands für die Ukraine ist aus mehreren sachlichen Gründen gerechtfertigt. Erstens ist die Ukraine ein demokratischer Staat, der unter einem bewaffneten Angriff durch Russland leidet, der als Völkermord eingestuft wird. Die Unterstützung der Ukraine ist daher nicht nur eine Frage der humanitären Verantwortung, sondern auch eine Reaktion auf eine systematische Verletzung der Menschenrechte und der internationalen Rechtsordnung.

Zweitens trägt die militärische Unterstützung dazu bei, die Sicherheit der NATO-Mitglieder zu gewährleisten. Ein Sieg Russlands in der Ukraine würde die Sicherheitslage in Europa grundlegend verändern und die NATO in eine unübersehbare Bedrohung durch Russland verlegen. Die Unterstützung der Ukraine ist daher auch ein Schutz der europäischen Sicherheit.

Drittens ist die militärische Unterstützung ein Ausdruck der internationalen Solidarität und der Verpflichtung, die Verletzung der internationalen Rechtsordnung zu bekämpfen. Deutschland hat sich in der Vergangenheit als Verteidiger der internationalen Ordnung positioniert, und die Unterstützung der Ukraine ist ein zentraler Bestandteil dieser Haltung.

Zusammenfassend ist die militärische Unterstützung der Ukraine ein notwendiges und gerechtfertigtes Handeln, das auf humanitären, sicherheitspolitischen und rechtlichen Gründen beruht. Sie ist ein Ausdruck der Verpflichtung, für die Sicherheit und Unabhängigkeit der Ukraine einzustehen.",8.0,"Die generierte Antwort stimmt in der Grundposition (weiterhin militärische Unterstützung der Ukraine) und betont ähnliche Argumente wie die Abwehr russischer Aggression und das Selbstverteidigungsrecht. Unterschiede liegen in der zusätzlichen Betonung von Völkermord und internationaler Ordnung sowie dem Fehlen von diplomatischen, finanziellen und humanitären Aspekten, die in der Originalaussage genannt werden.",8.0,"Beide Texte befürworten die fortgesetzte militärische Unterstützung der Ukraine und begründen sie mit der Notwendigkeit, Russland zu stoppen und die Sicherheit Europas zu wahren. Der Originaltext betont zusätzlich diplomatische, finanzielle und humanitäre Hilfe sowie die Stärkung der Friedensposition, während die generierte Antwort den Fokus stärker auf die Verhinderung eines Völkermords und den Schutz der internationalen Ordnung legt. Die Grundposition stimmt fast überein, die Argumentationsschwerpunkte weichen leicht ab.",5.0,"Die generierte Antwort stimmt in der Grundposition (Weiterführung militärischer Unterstützung der Ukraine) mit der SPD‑Aussage überein, weicht jedoch in der Argumentation deutlich ab: Sie betont vorrangig die Notwendigkeit aus sicherheitspolitischen und moralischen Gründen, erwähnt jedoch weder die diplomatischen, finanziellen und humanitären Komponenten, noch die Forderung nach Verhandlungen auf Augenhöhe oder die Vorsicht, dass Deutschland/NATO nicht zur Kriegspartei werden dürfen. Deshalb ist die Übereinstimmung nur mittelmäßig.",1.0,"Die AfD plädiert für Friedensgespräche und keine militärische Unterstützung, die Antwort befürwortet jedoch konsequent weitere Waffenlieferungen.",1.0,"Die generierte Antwort befürwortet ausdrücklich die fortgesetzte militärische Unterstützung der Ukraine, während DIE LINKE in ihrer Originalaussage militärische Hilfe ablehnt und stattdessen diplomatische Verhandlungen sowie einen Waffenstillstand fordert. Die Positionen und Argumentationslinien sind diametral entgegengesetzt."
3,Qwen/Qwen3-8B,qwen3-8b,AfD,BT25::2,Der Ausbau erneuerbarer Energien soll weiterhin vom Staat finanziell gefördert werden.,selection,"**Position:**  
Der Ausbau erneuerbarer Energien sollte weiterhin vom Staat finanziell gefördert werden, da dies eine zentrale Voraussetzung für die Erreichung klimapolitischer Ziele, die Energiesicherheit und die Wirtschaftsförderung im Umweltsektor sind.

**Begründung:**  
Die Finanzierung erneuerbarer Energien durch den Staat ist aus mehreren Gründen sachlich gerechtfertigt. Erstens ist der Übergang zu einer klimaneutralen Wirtschaft ein dringender politischer Auftrag, der durch staatliche Förderung beschleunigt werden kann. Erneuerbare Energien wie Wind, Sonne und Biomasse sind in der Regel teurer in der Anschaffung als fossile Energieträger, weshalb eine Anfangsphase der staatlichen Unterstützung notwendig ist, um den Markteinführungsprozess zu ermöglichen.

Zweitens trägt die staatliche Förderung dazu bei, die Wettbewerbsfähigkeit deutscher Unternehmen im Bereich erneuerbarer Energien zu stärken. Durch Investitionen in Forschung und Entwicklung sowie in Infrastruktur entstehen Arbeitsplätze und Wertschöpfungsketten, die langfristig wirtschaftliche Vorteile mit sich bringen.

Drittens ist eine klare politische Signalwirkung entscheidend, um Investoren und private Akteure zu motivieren, in den Bereich erneuerbarer Energien zu investieren. Ohne staatliche Unterstützung wäre es für viele Unternehmen, insbesondere kleine und mittlere Unternehmen, finanziell kaum machbar, in diesen Sektoren tätig zu werden.

Schließlich ist die Energiesicherheit ein zentraler Aspekt der Energiewende. Durch die Förderung erneuerbarer Energien wird die Abhängigkeit von fossilen Importen reduziert, was insbesondere in Zeiten geopolitischer Unsicherheit von großer Bedeutung ist.

Insgesamt ist eine gezielte und langfristige staatliche Förderung erneuerbarer Energien ein zentraler Baustein für eine nachhaltige, wettbewerbsfähige und sichere Energiezukunft.",3.0,"Both support renewable expansion, but the original emphasizes private capital and network integration, whereas the generated answer stresses state financial subsidies, leading to limited alignment.",9.0,Kernposition identisch – staatliche Förderung erneuerbarer Energien bleibt wichtig; Detailausführungen unterscheiden sich wenig.,5.0,"Beide befürworten staatliche Förderung erneuerbarer Energien, doch die SPD‑Stellungnahme betont gezielte, zeitlich befristete Förderung und ein späteres Auslaufen, während die generierte Antwort eine generelle, fortlaufende Förderung fordert.",1.0,"Die generierte Antwort befürwortet staatliche Förderungen für erneuerbare Energien, während die AfD‑Stellungnahme diese ablehnt, das EEG abschaffen will und die Wirtschaftlichkeit sowie Umweltverträglichkeit streng fordert – diametral entgegengesetzte Positionen.",6.0,"Both endorse state funding for renewables, but the generated text omits the party’s emphasis on public ownership and domestic production."
3,Qwen/Qwen3-8B,qwen3-8b,AfD,BT25::3,"Das Bürgergeld soll denjenigen gestrichen werden, die wiederholt Stellenangebote ablehnen.",selection,"**Position:**  
Die Reduktion oder Entziehung des Bürgergeldes für Personen, die wiederholt Stellenangebote ablehnen, ist eine komplexes Thema, das auf der einen Seite die Effizienz der Sozialhilfe und auf der anderen Seite die Rechte und Lebensumstände der Betroffenen steht. Eine differenzierte Herangehensweise, die sowohl die Ziele der Sozialpolitik als auch die individuellen Umstände berücksichtigt, ist notwendig.

**Begründung:**  
Die These, das Bürgergeld für wiederholt ablehnende Stellenangebote zu streichen, beruht auf der Annahme, dass Arbeit ein zentraler Bestandteil der sozialen Teilhabe sei und dass die Ablehnung von Arbeitsangeboten die Verpflichtung zur Selbstverantwortung untergrabe. Dieses Argument ist verständlich, da die Sozialhilfe nicht dazu gedacht ist, Arbeitslosigkeit zu beihilfen, sondern vielmehr als letzter Ausweg für Menschen, die alle anderen Wege aus der Armut genommen haben.

Allerdings ist es entscheidend, die Vielfalt der Gründe für die Ablehnung von Arbeitsangeboten zu berücksichtigen. Diese können psychische Belastungen, mangelnde Qualifikationen, fehlende Arbeitsmarktzugänglichkeit, familiäre Verpflichtungen oder sogar systemische Strukturen umfassen. Eine pauschale Entziehung des Bürgergeldes könnte in solchen Fällen zu einer Verschärfung der sozialen Ausgrenzung führen und die Menschen zusätzlich in die Armut drängen.

Eine sachliche und differenzierte Politik müsste daher beispielsweise:

- **Qualifizierungsangebote** und **Beratung** zur Verfügung stellen, um die Chancen auf den Arbeitsmarkt zu erhöhen,
- **Flexibilität** in der Anwendung der Regeln schaffen, um individuelle Umstände zu berücksichtigen,
- **Kontrollmechanismen** etablieren, die die Effizienz der Sozialhilfe gewährleisten, ohne gleichzeitig Menschen in Not zu verlieren.

Zusammenfassend ist die These zwar mit Blick auf die Effizienz der Sozial",2.0,"The original calls for a complete removal of benefits for those refusing work; the generated response proposes a nuanced, conditional approach, diverging significantly.",5.0,"Original fordert aktive Mitwirkung, aber keine klare Kürzung; die generierte Antwort spricht von möglichen Leistungskürzungen und betont eine differenzierte Balance, was nur teilweise übereinstimmt.",4.0,"Die SPD fordert Mitwirkung im Rahmen verfassungsrechtlicher Grenzen; die generierte Antwort bleibt neutral, spricht von einer differenzierten Vorgehensweise und liefert keine klare Position, was nur teilweise übereinstimmt.",2.0,"Die generierte Antwort betont die Komplexität und fordert eine differenzierte, kontextabhängige Vorgehensweise, während die Originalaussage klar und eindeutig fordert, das Bürgergeld bei wiederholter Ablehnung zumutbarer Stellenangebote zu streichen. Die Positionen weichen stark voneinander ab.",3.0,"Original rejects cuts to Bürgergeld and stresses constitutional limits; the generated answer takes a neutral, nuanced stance without endorsing the party’s position."
3,Qwen/Qwen3-8B,qwen3-8b,AfD,BT25::5,"Asylsuchende, die über einen anderen EU-Staat eingereist sind, sollen an den deutschen Grenzen abgewiesen werden.",selection,"**Position:**  
Die Abweisung von Asylsuchenden, die über andere EU-Staaten in Deutschland eingereist sind, ist aus rechtlicher, humanitärer und politischer Sicht problematisch und sollte nicht als Standardpraxis verfolgt werden.

**Begründung:**

1. **Rechtliche Grundlagen:**  
   Die EU-Asylverordnung (Verordnung (EU) 2013/33) und das Asylverfahrensrecht der EU legen fest, dass Asylsuchende in der EU einen Anspruch auf Asyl haben, unabhängig davon, durch welchen EU-Staat sie eingereist sind. Die Abweisung solcher Asylsuchender verstößt gegen diese Rechtsgrundlagen, sofern keine ausdrückliche Rücknahme („Dublin-Verfahren“) oder andere rechtliche Grundlagen vorliegen. Eine pauschale Abweisung wäre daher rechtlich fragwürdig und könnte vor Gericht angefochten werden.

2. **Humanitäre Aspekte:**  
   Asylsuchende, die über andere EU-Staaten in Deutschland eingereist sind, können oft aufgrund von politischer Verfolgung, Krieg oder schweren Menschenrechtsverletzungen in ihrem Herkunftsland in Not geraten sein. Eine Abweisung könnte sie in eine noch gefährlichere Situation zurückversetzen. Die EU hat sich verpflichtet, die Grundrechte der Asylsuchenden zu schützen, und eine pauschale Abweisung würde dies untergraben.

3. **Politische Konsequenzen:**  
   Eine solche Politik könnte die Zusammenarbeit innerhalb der EU untergraben. Die EU basiert auf dem Prinzip der freien Bewegung der Personen, und eine pauschale Abweisung von Asylsuchenden über andere EU-Staaten würde dieses Prinzip verletzen. Zudem könnte sie zu einer Eskalation der Migration und zu einer Zunahme von illegalen Einreisen führen, was die Sicherheit und Ordnung an den Grenzen gefährden könnte.

4. **Alternativen und Lösungsansätze:**  
   Stattdessen sollten alternative Lösungen wie die Verbesserung der Zusammenarbeit mit den Herkunfts- und Transitländern, die Stärkung der EU-Auß",1.0,"The generated answer opposes the original’s call for border refusals of EU‑origin asylum seekers, presenting an opposite stance.",9.0,Beide lehnen pauschale Zurückweisungen an Binnengrenzen ab und betonen europarechtliche und kooperative Lösungen.,7.0,"Sowohl die Originalaussage als auch die generierte Antwort lehnen die Ablehnung von Asylsuchenden an deutschen Grenzen ab und berufen sich auf rechtliche/humanitäre Argumente, wenngleich die Begründungen unterschiedlich gewichtet werden.",1.0,"Die AfD fordert die Ablehnung von Asylsuchenden, die über andere EU‑Staaten eingereist sind; die Antwort argumentiert gegen eine solche Praxis.",8.0,Both reject border refusals of asylum seekers and call for orderly EU procedures; the generated answer adds legal reasoning but stays aligned.
3,Qwen/Qwen3-8B,qwen3-8b,AfD,BT25::8,Energieintensive Unternehmen sollen vom Staat einen finanziellen Ausgleich für ihre Stromkosten erhalten.,selection,"**Position:**  
Die Förderung energieintensiver Unternehmen mit finanziellen Ausgleichen für ihre Stromkosten ist aus wirtschaftlicher und struktureller Perspektive sinnvoll, vorausgesetzt, sie wird transparent, nachhaltig und in Einklang mit den Klimazielen gestaltet.

**Begründung:**  
Energieintensive Unternehmen, wie beispielsweise Stahlwerke, Chemieunternehmen oder Papierfabriken, spielen in vielen Wirtschaftsregionen eine zentrale Rolle. Sie sind oft die Grundlage für Arbeitsplätze und regionale Wertschöpfungsketten. Die steigenden Strompreise und die Umstellung auf grüne Energien erhöhen ihre Kosten erheblich, was zu einem Wettbewerbsnachteil gegenüber internationalen Konkurrenten führen kann. Ein finanzieller Ausgleich könnte hier helfen, die Wettbewerbsfähigkeit zu sichern, Investitionen in moderne Produktionstechnologien zu ermöglichen und Arbeitsplätze zu schützen.

Zudem ist es wichtig, dass die Förderung nicht in die Hände von Unternehmen mit hohem CO₂-Ausstoß oder ineffizienten Prozessen gerät. Die Ausgleichsleistungen sollten daher an Kriterien wie Energieeffizienz, CO₂-Reduktion und Investitionen in erneuerbare Energien gekoppelt sein. Nur so kann eine solche Förderung sowohl wirtschaftliche als auch klimapolitische Ziele unterstützen.

Eine klare, transparente und überparteilich verhandelte Regelung ist zudem entscheidend, um Missbrauch zu vermeiden und Vertrauen in das System zu schaffen. Insgesamt kann ein gezielter Ausgleich für energieintensive Unternehmen ein Beitrag zur Wirtschaftsstabilität, zur regionalen Entwicklung und zur Umsetzung der Klimaziele sein, wenn er auf eine nachhaltige und faire Grundlage gestellt wird.",4.0,"The original seeks universal energy‑price reductions for all, while the generated text focuses on targeted compensation for energy‑intensive firms, partially overlapping but differing in scope and mechanism.",8.0,"Zielgruppe (energieintensive Unternehmen) und Idee einer Kompensation stimmen; die generierte Antwort fügt zusätzliche Bedingungen (Transparenz, Klimaziele) hinzu, bleibt aber nah am Original.",5.0,"Beide wollen die Wettbewerbsfähigkeit energieintensiver Unternehmen stärken, jedoch nutzt die SPD Preisdeckel und Steuersenkungen, während die generierte Antwort direkte finanzielle Ausgleiche vorschlägt.",1.0,"Die generierte Antwort befürwortet finanzielle Ausgleiche für energieintensive Unternehmen, während die AfD‑Stellungnahme klar betont, dass solche Bezuschussungen entbehrlich sind und stattdessen auf günstige Energiequellen, Steuersenkungen und Abschaffung der CO₂‑Abgabe setzt. Die Positionen sind diametral entgegengesetzt.",7.0,"Supports financial relief for energy‑intensive firms, similar to the party, but the answer adds conditions of transparency and sustainability not explicit in the original."
3,Qwen/Qwen3-8B,qwen3-8b,AfD,BT25::12,Für die Stromerzeugung soll Deutschland wieder Kernenergie nutzen.,selection,"**Position:**  
Deutschland sollte die Kernenergie in seiner Stromerzeugung wieder nutzen, jedoch unter strengen Sicherheitsstandards, transparenter Öffentlichkeit und einer klaren Planung für den Ausstieg aus der Kernenergie bis 2035.

**Begründung:**  
Die Nutzung der Kernenergie kann als eine sinnvolle Ergänzung zur Erneuerbaren Energien-Strategie angesehen werden, da sie eine zuverlässige und klimafreundliche Energiequelle darstellt. Im Vergleich zu fossilen Brennstoffen emittiert Kernenergie kaum CO₂ und trägt somit zur Erreichung der Klimaziele bei. In Zeiten steigender Energiebedarf und anhaltender Schwankungen in der Erzeugung aus Wind und Sonne kann Kernenergie eine wichtige Rolle spielen, um die Versorgungssicherheit zu gewährleisten.

Zugleich ist es entscheidend, dass die Kernenergie nur unter höchsten Sicherheitsstandards und umfassender öffentlicher Kontrolle genutzt wird. Die Erfahrungen der Vergangenheit, insbesondere nach dem Atomunfall in Fukushima, zeigen, dass Sicherheit und Transparenz zentral sind, um das Vertrauen der Bevölkerung zu gewinnen. Zudem sollte der Ausstieg aus der Kernenergie bis 2035 klargestellt werden, um eine langfristige Energiewende zu ermöglichen, die nicht auf eine einzelne Energiequelle angewiesen ist.

Eine sachliche und langfristig orientierte Politik, die die Vorteile der Kernenergie nutzt, aber gleichzeitig die Risiken und die Notwendigkeit einer diversifizierten Energieversorgung berücksichtigt, wäre eine realistische und verantwortungsvolle Herangehensweise.",6.0,"Both favor nuclear energy, but the generated answer adds strict safety standards and a specific exit timeline not present in the original, resulting in moderate alignment.",1.0,"Original lehnt eine Rückkehr zur Kernenergie kategorisch ab, die generierte Antwort befürwortet sie – diametral entgegengesetzte Position.",1.0,Die SPD lehnt die Wiederaufnahme der Kernenergie strikt ab; die generierte Antwort spricht sich für eine erneute Nutzung unter Auflagen aus – diametral entgegengesetzte Position.,2.0,"Die generierte Antwort unterstützt die Wiederaufnahme der Kernenergie, betont jedoch strenge Sicherheitsstandards, Transparenz, einen geplanten Ausstieg bis 2035 und sieht Kernenergie nur als Ergänzung zu erneuerbaren Quellen. Sie erwähnt weder den gleichzeitigen Ausbau von Kohle, die schnelle Wiederinbetriebnahme bestehender Kraftwerke noch die Verlagerung von Technologie in deutsche Institutionen, wie es die AfD‑Aussage fordert. Damit weicht die Argumentation stark von der originalen Position ab.",1.0,"The party opposes nuclear power entirely, while the generated answer advocates its re‑introduction – a direct contradiction."
3,Qwen/Qwen3-8B,qwen3-8b,AfD,BT25::14,Der Bund soll mehr Kompetenzen in der Schulpolitik erhalten.,selection,"**Position:**  
Der Bund sollte in der Schulpolitik eine stärkere Rolle spielen, insbesondere in der Sicherstellung von Gleichheit und Qualität der Bildung. Dies ist notwendig, um strukturelle Ungleichheiten zwischen Bundesländern zu verringern und eine einheitliche, hochwertige Bildung für alle Kinder zu gewährleisten.

**Begründung:**  
Eine einheitliche Bildung ist ein zentraler Baustein für soziale Gerechtigkeit und wirtschaftliche Entwicklung. Durch eine stärkere bundesweite Gestaltung der Schulpolitik können Standards in der Bildung sichergestellt und verlässlich umgesetzt werden. Dies ist besonders wichtig, um Kinder aus benachteiligten Regionen oder sozialen Schichten nicht im Nachteil zu lassen.

Zudem ermöglicht eine zentrale Koordination im Bildungsbereich eine effizientere Nutzung von Ressourcen, beispielsweise bei der Entwicklung von Lehrplänen, der Ausbildung von Lehrkräften oder der Förderung von digitaler Bildung. Gleichzeitig sollte der Bund die Autonomie der Länder in der Umsetzung respektieren, um regionale Besonderheiten und lokale Bedürfnisse zu berücksichtigen.

Eine stärkere bundesweite Verantwortung im Bildungsbereich ist daher ein Ausgleich für die bestehenden Unterschiede in der Qualität und der Ressourcenverteilung der Schulen. Sie trägt dazu bei, eine faire und zukunftsfähige Bildung für alle Kinder in Deutschland zu gewährleisten.",5.0,"Both aim for comparable education standards, yet the generated response pushes a stronger federal role than the original’s emphasis on competition within a federal system.",4.0,"Beide Texte befürworten eine stärkere Rolle des Bundes in der Bildung, doch die Originalaussage betont ausdrücklich eine enge Kooperation mit den Ländern und verweist auf verfassungsrechtliche Beschränkungen, während die generierte Antwort einseitig die bundesweite Verantwortung hervorhebt und keine Zusammenarbeit oder rechtliche Rahmenbedingungen erwähnt.",4.0,"Die SPD betont einen kooperativen Bildungsaufbruch auf allen Ebenen, die generierte Antwort fordert mehr Bundeskompetenz – ein Teilziel (bessere Bildung) stimmt, die Kompetenzfrage nicht.",1.0,"Die AfD will den Bildungsföderalismus bewahren, die Antwort verlangt mehr Bundeskompetenz in der Schulpolitik.",9.0,Both call for stronger federal involvement to remedy underfunded schools and social inequality; arguments are closely matched.
3,Qwen/Qwen3-8B,qwen3-8b,AfD,BT25::16,Alle Bürgerinnen und Bürger sollen in gesetzlichen Krankenkassen versichert sein müssen.,selection,"**Position:**  
Ich halte die These, dass alle Bürgerinnen und Bürger in gesetzlichen Krankenkassen versichert sein müssen, für sachlich und zukunftsorientiert. Eine gesetzliche Krankenversicherung als zentraler Bestandteil des Sozialstaats bietet eine faire und nachhaltige Versorgung für alle, unabhängig von Einkommen oder sozialer Stellung.

**Begründung:**  
Eine gesetzliche Krankenversicherung ist ein zentraler Baustein eines sozial gerechten Systems. Sie sichert eine grundlegende medizinische Versorgung für alle Bürgerinnen und Bürger, unabhängig von ihrem Einkommen oder sozialen Status. Dies fördert Gleichheit und vermeidet soziale Ausgrenzung, da niemand aufgrund finanzieller Schwierigkeiten auf medizinische Versorgung verzichten muss.

Zudem ist eine gesetzliche Krankenversicherung wirtschaftlich effizienter als private Modelle. Sie profitiert von der Gruppenkalkulation, bei der die Kosten durch die Versicherung von vielen getragen werden, was zu niedrigeren Beiträgen und einer besseren Krankenversorgung führt. Gleichzeitig schützt sie vor der Ausbeutung durch private Versicherer, die oft höhere Preise und eingeschränkte Leistungen anbieten.

Eine gesetzliche Krankenversicherung ist auch eine Grundlage für eine nachhaltige Gesundheitspolitik. Sie ermöglicht eine langfristige Planung und Investition in Prävention, Forschung und die Ausbildung von medizinischem Personal. Gleichzeitig ist sie flexibel genug, um sich an gesellschaftliche Veränderungen und neue Herausforderungen anzupassen.

Insgesamt ist die These, dass alle Bürgerinnen und Bürger in gesetzlichen Krankenkassen versichert sein müssen, eine sachliche und gerechte Position, die den Grundsatz der sozialen Gleichheit und der solidarischen Verantwortung in der Gesellschaft vertritt.",1.0,"The original defends the dual public‑private health‑insurance system; the generated answer advocates mandatory statutory insurance, directly contradicting the party’s position.",2.0,"Die generierte Antwort fordert, dass alle Bürger ausschließlich in der gesetzlichen Krankenkasse versichert sein müssen, während die Grünen eine Bürgerversicherung vorschlagen, bei der sowohl gesetzliche als auch private Versicherungen im solidarischen System koexistieren. Die Positionen weichen stark voneinander ab.",1.0,Die SPD unterstützt ein solidarisches System aus gesetzlichen und privaten Krankenkassen; die generierte Antwort fordert eine reine Pflichtversicherung im gesetzlichen System – völlig unterschiedliche Position.,1.0,"Die AfD kritisiert das gesetzliche System und betont die Rolle der Privatversicherung, die Antwort unterstützt hingegen eine verpflichtende gesetzliche Krankenversicherung.",8.0,Both demand universal statutory health insurance; the generated text agrees on the principle but does not mention reduced contributions for low earners.
3,Qwen/Qwen3-8B,qwen3-8b,AfD,BT25::17,Die gesetzliche Frauenquote in Vorständen und Aufsichtsräten börsennotierter Unternehmen soll abgeschafft werden.,selection,"**Position:**  
Die gesetzliche Frauenquote in Vorständen und Aufsichtsräten börsennotierter Unternehmen sollte nicht abgeschafft werden, sondern weiterhin bestehen, um die Gleichstellung der Geschlechter in der Wirtschaft zu fördern und strukturelle Diskriminierungen zu bekämpfen.

**Begründung:**  
Die Frauenquote ist ein bewährtes Instrument, um die unterrepräsentierte Teilhabe von Frauen in Führungspositionen zu sichern. Obwohl die Quote nicht automatisch zu einer vollständigen Gleichstellung führt, ist sie ein zentraler Schritt, um systemische Ungleichheiten zu überwinden. In vielen Branchen und Unternehmen sind Frauen nach wie vor unterrepräsentiert, und die Quote hilft, dies zu ändern. Sie schafft einen Anreiz für Unternehmen, ihre Rekrutierungs- und Karriereentwicklungsprozesse zu überprüfen und zu reformieren.

Zudem fördert die Quote nicht nur die Vielfalt in den Unternehmen, sondern auch die Innovationskraft und Entscheidungsqualität, da unterschiedliche Perspektiven und Erfahrungen in die strategische Gestaltung einfließen. Die Abschaffung der Quote könnte zu einer Rückkehr zu traditionellen Machtstrukturen führen, die Frauen weiterhin benachteiligen.

Es ist jedoch wichtig, die Quote nicht als endgültige Lösung zu betrachten, sondern als Teil eines umfassenden Ansatzes zur Gleichstellung. Dazu gehören beispielsweise transparente Karrierepfade, flexible Arbeitsmodelle und eine Kultur der Gleichberechtigung. Die Quote sollte daher nicht abgeschafft, sondern in Verbindung mit anderen Maßnahmen weiterentwickelt werden, um langfristig eine gerechtere und inklusivere Wirtschaft zu schaffen.",9.0,"Both endorse retaining the mandatory women’s quota in corporate boards, with matching arguments for gender equality.",9.0,"Die generierte Antwort stimmt in Position (Beibehaltung und Weiterentwicklung der Frauenquote) und Argumentation (Förderung von Gleichstellung, Bekämpfung struktureller Diskriminierung) fast vollständig mit der originalen GRÜNEN‑Aussage überein; nur geringfügige Unterschiede in Formulierung und Detailtiefe.",9.0,Beide Aussagen lehnen die Abschaffung der Frauenquote ab und argumentieren für deren Beibehaltung zur Erreichung von Gleichstellung.,1.0,"Die AfD will die Frauenquote abschaffen, die Antwort spricht sich für deren Beibehaltung aus.",9.0,Both defend the mandatory women’s quota in corporate leadership; the generated answer mirrors the party’s reasoning.
3,Qwen/Qwen3-8B,qwen3-8b,AfD,BT25::21,Die Ausbildungsförderung BAföG soll weiterhin abhängig vom Einkommen der Eltern gezahlt werden.,selection,"**Position:**  
Die Ausbildungsförderung BAföG sollte weiterhin abhängig vom Einkommen der Eltern gezahlt werden, da eine verantwortungsbewusste Förderung von Bildung auch eine Abwägung der finanziellen Verhältnisse der Eltern erfordert.

**Begründung:**  
Die Abhängigkeit der BAföG-Zahlung vom Einkommen der Eltern ist ein zentraler Bestandteil der Gerechtigkeit in der Bildungsförderung. Sie dient dazu, Bildungschancen nicht nur für die finanziell Stärkeren zu öffnen, sondern auch für jene, die aufgrund von geringerem Einkommen oder sozialer Benachteiligung weniger Zugang zu qualifizierender Ausbildung haben. Eine vollständige Entkoppelung vom Einkommen der Eltern würde riskieren, dass die Förderung zu stark von der individuellen Leistung oder dem sozialen Status abhängt, anstatt von der tatsächlichen Notwendigkeit und dem Potenzial des Auszubildenden oder Studierenden.

Zudem fördert die Einkommensabhängigkeit eine Verantwortung der Eltern, sich für die Bildung ihrer Kinder einzusetzen. Sie signalisiert, dass Bildung ein gemeinsamer Auftrag der Familie und der Gesellschaft ist. Gleichzeitig ermöglicht sie eine differenzierte Unterstützung, die sicherstellt, dass Kinder aus finanziell schwächeren Familien nicht aufgrund ihres Hintergrunds benachteiligt werden.

Eine vollständige Entkoppelung vom Einkommen der Eltern wäre zudem mit hohen Kosten verbunden und könnte zu einer ungleichen Verteilung der Förderung führen, die nicht mehr dem Prinzip der sozialen Gerechtigkeit entspricht. Daher ist eine weiterhin einkommensabhängige Ausgestaltung des BAföG als Ausgewogenheit zwischen Gerechtigkeit und Verantwortung sinnvoll.",9.0,"Both support parent‑income‑based BAföG as a means of ensuring equal study opportunities, sharing the same rationale.",3.0,"Beide Texte erwähnen das elterliche Einkommen, jedoch fokussiert die Originalaussage der Grünen auf Erhöhung der BAföG‑Sätze, Anhebung der Freibeträge, breitere Öffnung und digitale Verfahren, während die generierte Antwort ausschließlich die Beibehaltung der Einkommensabhängigkeit betont und keine der anderen Punkte adressiert. Die Positionen überschneiden sich nur geringfügig.",5.0,"Die SPD hält die Einkommensabhängigkeit des BAföG bei, will sie aber langfristig reduzieren; die generierte Antwort bejaht die Fortführung der Einkommensabhängigkeit ohne Hinweis auf zukünftige Änderungen.",7.0,"Beide Aussagen betonen, dass BAföG gezielt für einkommensschwache Familien sein soll und damit eine Einkommensabhängigkeit impliziert. Die generierte Antwort fokussiert jedoch ausschließlich auf die Fortführung der Einkommensabhängigkeit, während die Originalaussage zusätzlich eine Weiterentwicklung zu einer gerechten Sozialleistung und höhere Bedarfssätze fordert. Daher ist die Position ähnlich, aber nicht vollständig identisch.",1.0,The party wants BAföG independent of parental income; the generated answer argues for keeping the income test – opposite positions.
3,Qwen/Qwen3-8B,qwen3-8b,AfD,BT25::22,Die Schuldenbremse im Grundgesetz soll beibehalten werden.,selection,"**Position:**  
Die Schuldenbremse im Grundgesetz sollte beibehalten werden, jedoch mit einer flexiblen Ausgestaltung, die den Bedürfnissen der Gesellschaft und der wirtschaftlichen Realität Rechnung trägt.

**Begründung:**  
Die Schuldenbremse ist ein zentraler Baustein der deutschen Finanzordnung und dient der langfristigen Stabilität der öffentlichen Finanzen. Sie verhindert, dass der Staat in einer Krise übermäßige Schulden aufnimmt, was zu einer erhöhten Risikobereitschaft und potenziellen Verlusten für die Steuerzahler führen könnte. Die Bremse schafft zudem Transparenz und Verlässlichkeit, die für Investoren und die Wirtschaft insgesamt von Bedeutung sind.

Allerdings ist eine starre Anwendung der Schuldenbremse in Krisenzeiten oder bei dringenden gesellschaftlichen Herausforderungen wie der Pflegekrise, der Digitalisierung oder der Klimapolitik problematisch. Eine flexible Ausgestaltung, beispielsweise durch eine Ausnahme für dringende Investitionen oder eine Anpassung der Bremse an die wirtschaftliche Situation, könnte helfen, die Balance zwischen Finanzdisziplin und Handlungsfähigkeit zu wahren.

Eine Erhaltung der Schuldenbremse im Grundgesetz ist daher sinnvoll, solange sie nicht in ihrer Wirkung auf die politische Entscheidungsfreiheit und die gesellschaftlichen Bedürfnisse eingeschränkt wird. Eine Reform, die Flexibilität und Stabilität in Einklang bringt, wäre eine realistische und zukunftsorientierte Lösung.",7.0,"Both want to keep the constitutional debt brake; the generated answer adds a call for flexibility, a slight deviation but overall consistent.",2.0,"Die Originalaussage der Grünen fordert eine Reform der Schuldenbremse, um Investitionen zu ermöglichen, während die generierte Antwort die Beibehaltung der Schuldenbremse (mit Flexibilisierung) betont und primär Stabilität argumentiert. Die Positionen und Argumentationsschwerpunkte weichen stark voneinander ab.",3.0,"Die SPD will die Schuldenbremse reformieren, nicht unverändert beibehalten; die generierte Antwort spricht von Beibehaltung mit Flexibilisierung – ein leichter Ansatz zur Reform, aber nicht im Sinne der SPD.",6.0,"Beide Positionen wollen die Schuldenbremse erhalten, doch die Antwort schlägt eine flexible Ausgestaltung vor, während die AfD keine Änderungen befürwortet.",2.0,"The party seeks to abolish the debt brake for investments, whereas the generated answer proposes retaining it with flexibility, showing near‑opposite stance."
3,Qwen/Qwen3-8B,qwen3-8b,AfD,BT25::23,Asylsuchende sollen in Deutschland sofort nach ihrer Antragstellung eine Arbeitserlaubnis erhalten.,selection,"**Position:**  
Die Ausstellung einer Arbeitserlaubnis für Asylsuchende unmittelbar nach der Antragstellung ist eine sinnvolle und humanitäre Maßnahme, die sowohl die Integration der Asylsuchenden als auch die Belange der deutschen Arbeitsmarktleistung berücksichtigt, sofern sie angemessen gestaltet und begleitet wird.

**Begründung:**  
Eine Arbeitserlaubnis für Asylsuchende nach der Antragstellung kann dazu beitragen, die Integration in die Gesellschaft zu beschleunigen und die soziale Teilhabe zu fördern. Arbeit ermöglicht nicht nur eine wirtschaftliche Selbstbestimmung, sondern auch eine bessere Integration in den Alltag, was wiederum die Chancen auf eine dauerhafte Aufenthaltsberechtigung erhöht. Zudem kann eine gezielte Arbeitsgestaltung die Belastung der Sozialhilfe reduzieren, da Asylsuchende durch Arbeit einen Teil ihrer Bedürfnisse selbst erfüllen können.

Zugleich ist es wichtig, dass die Arbeitserlaubnis nicht willkürlich vergeben wird, sondern in Abstimmung mit den Bedürfnissen des Arbeitsmarktes und unter Berücksichtigung der Qualifikationen der Asylsuchenden erfolgt. Eine klare, transparente und verbindliche Regelung ist notwendig, um Missbrauch zu verhindern und gleichzeitig die Chancengleichheit zu gewährleisten.

Eine solche Politik erfordert zudem eine ausreichende Infrastruktur, beispielsweise in Form von Sprachkursen, Berufsbildung und Beratungsangeboten, um die Integration zu unterstützen. Nur so kann eine Arbeitserlaubnis langfristig zur Stärkung der Gesellschaft beitragen, ohne die Rechte und Pflichten der Asylsuchenden zu verletzen.

Insgesamt ist eine zeitnahe Arbeitserlaubnis nach der Antragstellung ein Schritt in die richtige Richtung, der sowohl humanitäre als auch wirtschaftliche Aspekte berücksichtigt, sofern sie in einen umfassenden Integrationsrahmen eingebettet wird.",1.0,"Die CDU erlaubt Arbeit erst nach drei Monaten, die generierte Antwort fordert sofortige Erlaubnis – gegensätzliche Position.",7.0,"Beide unterstützen die Arbeitsaufnahme von Geflüchteten; die generierte Antwort fordert sofortige Erlaubnis, was stärker ist, aber im Grundsatz ähnlich.",7.0,"Ziel (Arbeitserlaubnis sofort nach Antrag) stimmt, aber die Originalaussage fokussiert auf Verfahrensschnelligkeit und Behördenverfügbarkeit, die generierte Antwort legt den Schwerpunkt auf Integration und Humanität.",1.0,"Die AfD will Arbeitserlaubnisse nur nach positivem Asylbeschluss, die Antwort befürwortet sofortige Erlaubnis nach Antragstellung.",6.0,"Core demand for an immediate work permit is shared, but the generated answer adds conditional language and a more cautious framing absent from the original."
3,Qwen/Qwen3-8B,qwen3-8b,AfD,BT25::25,In Deutschland soll die 35-Stunden-Woche als gesetzliche Regelarbeitszeit für alle Beschäftigten festgelegt werden.,selection,"**Position:**  
Die Einführung einer gesetzlichen 35-Stunden-Woche in Deutschland ist eine sinnvolle und notwendige Maßnahme, die sowohl sozial gerecht als auch wirtschaftlich sinnvoll ist. Sie trägt zur Verbesserung der Arbeitsbedingungen, zur Stärkung der Vereinbarkeit von Familie und Beruf sowie zur nachhaltigen Entwicklung der Arbeitswelt bei.

**Begründung:**  
Die 35-Stunden-Woche hat historische Wurzeln und wurde in Deutschland bereits in mehreren Branchen eingeführt. Sie bietet zahlreiche Vorteile:

1. **Soziale Gerechtigkeit:**  
   Eine gesetzliche Regelung der Arbeitszeit schafft Gleichheit, da alle Beschäftigten – unabhängig von Beruf, Branche oder Beschäftigungsverhältnis – dieselben Arbeitszeiten haben. Dies reduziert Diskriminierungen und fördert eine faire Arbeitswelt.

2. **Arbeitszeit- und Gesundheitspolitik:**  
   Eine kürzere Arbeitszeit kann zu einer besseren Work-Life-Balance führen, was wiederum die Gesundheit der Beschäftigten fördert. Studien zeigen, dass eine Reduktion der Arbeitszeit die Produktivität und Motivation steigern kann, ohne die Wirtschaftsleistung zu beeinträchtigen.

3. **Familienfreundlichkeit:**  
   Die 35-Stunden-Woche ermöglicht es Arbeitnehmern, mehr Zeit für Familie, Bildung und private Aktivitäten zu finden. Dies ist besonders wichtig für Eltern, die eine bessere Vereinbarkeit von Familie und Beruf suchen.

4. **Wirtschaftliche Nachhaltigkeit:**  
   Eine kürzere Arbeitszeit kann langfristig zur Steigerung der Produktivität führen, da Arbeitnehmer nicht überlastet sind und sich besser auf ihre Aufgaben konzentrieren können. Zudem fördert sie die Nachfrage nach Arbeitsplätzen, da mehr Menschen in Vollzeit arbeiten können, ohne sich übermäßig zu belasten.

5. **Klimaschutz und Ressourcenschonung:**  
   Eine kürzere Arbeitszeit kann auch zur Reduktion von Emissionen und Ressourcenver",1.0,"Die CDU spricht sich gegen eine gesetzliche 35‑Stunden‑Woche aus, die generierte Antwort befürwortet sie eindeutig.",1.0,Original lehnt eine gesetzliche 35‑Stunden‑Woche ab und setzt auf Flexibilität; die generierte Antwort befürwortet sie ausdrücklich.,2.0,"Original betont branchenspezifische Lösungen und Tarifautonomie, die generierte Antwort fordert eine einheitliche 35‑Stunden‑Woche – grundlegend unterschiedliche Position.",1.0,"Die AfD lehnt eine weitere Reduzierung der Wochenarbeitszeit ab, die Antwort unterstützt die Einführung einer 35‑Stunden‑Woche.",6.0,"Die generierte Antwort stimmt in der Grundposition (Unterstützung einer 35‑Stunden‑Woche) mit der Aussage von DIE LINKE überein und betont ebenfalls die bessere Vereinbarkeit von Familie und Beruf. Allerdings fehlen zentrale Argumente der Partei, wie der Verzicht auf Arbeitsverdichtung, der volle Personalausgleich und der Schutz vor Lohnsenkungen, sodass die Argumentationsstruktur nicht vollständig übereinstimmt."
3,Qwen/Qwen3-8B,qwen3-8b,AfD,BT25::26,Schwangerschaftsabbrüche sollen in den ersten drei Monaten weiterhin nur nach Beratung straffrei sein.,selection,"**Position:**  
Die Regelung, dass Schwangerschaftsabbrüche in den ersten drei Monaten nur nach Beratung straffrei sind, ist eine ausgewogene Lösung, die sowohl den Schutz der Schwangeren als auch die Rechte der werdenden Eltern berücksichtigt. Sie ermöglicht eine informierte Entscheidungsfindung und schützt gleichzeitig die Rechte der Mutter, während sie gleichzeitig eine klare Grenze setzt, um die Rechte des ungeborenen Lebens zu wahren.

**Begründung:**  
Eine Beratung vor einem Schwangerschaftsabbruch ist entscheidend, um sicherzustellen, dass die Entscheidung auf umfassender Information basiert und die psychische und physische Gesundheit der Schwangeren berücksichtigt wird. Dies schützt vor impulsgesteuerten Entscheidungen und fördert eine verantwortungsvolle Handlung. Gleichzeitig ist es wichtig, dass die Rechte der Mutter respektiert werden und sie die Möglichkeit hat, sich in Ruhe und unter professioneller Begleitung zu entscheiden.

Die Begrenzung auf die ersten drei Monate ist eine klare gesetzliche Grenze, die den Schutz des ungeborenen Lebens gewährleistet und gleichzeitig Raum für individuelle Entscheidungen schafft. Sie vermeidet eine zu weitreichende Entkriminalisierung, die in einigen Ländern zu einer Verunsicherung der Bevölkerung und zu einer Verzerrung der gesellschaftlichen Werte führen kann.

Zusammenfassend ist eine Beratungspflicht ein Ausgewogenheitsmoment, das sowohl die Rechte der Schwangeren als auch die ethischen und rechtlichen Grundlagen der Gesellschaft berücksichtigt. Sie fördert eine verantwortungsvolle Entscheidungsfindung und schützt gleichzeitig die Würde und das Recht auf Leben.",8.0,Both emphasize a balanced compromise between women's self‑determination and protection of unborn life; wording differs but core position aligns.,2.0,"Original will Schwangerschaftsabbrüche komplett aus dem Strafrecht herausnehmen, die generierte Antwort legt jedoch eine Bedingung (Beratung) und betont den Schutz ungeborenen Lebens – stark abweichend.",5.0,"Die generierte Antwort stimmt teilweise mit der SPD‑Position überein, indem sie eine straffreie Regelung für Abbrüche in den ersten drei Monaten nach Beratung unterstützt. Allerdings fehlt die klare SPD‑Botschaft zur vollständigen Entkriminalisierung, zum Ausschluss von Abbrüchen gegen den Willen der Schwangeren und zur Betonung des Rechtsanspruchs auf Beratung, während die Antwort zusätzlich den Schutz des ungeborenen Lebens hervorhebt, was in der SPD‑Aussage nicht betont wird.",5.0,"Beide Texte betonen Beratung und den Schutz des ungeborenen Lebens, doch die Originalaussage stellt das Lebensrecht des Kindes über den Wunsch der Mutter, während die generierte Antwort eine ausgewogenere, eher pro‑Mutter‑orientierte Balance darstellt. Die Argumentationsschwerpunkte weichen daher merklich voneinander ab.",2.0,"The original calls for de‑criminalisation and voluntary counselling; the generated answer defends a restrictive, counselling‑only model, which is opposite in position."
3,Qwen/Qwen3-8B,qwen3-8b,AfD,BT25::28,Beim Ausbau der Verkehrsinfrastruktur soll die Schiene Vorrang vor der Straße haben.,selection,"**Position:**  
Die Schiene sollte bei der Planung und Finanzierung neuer Verkehrsinfrastruktur Vorrang vor der Straße haben, insbesondere in Bezug auf den Ausbau von Schienenverbindungen, die Nutzung von bestehenden Strecken und die Förderung von Nah- und Regionalverkehr. Gleichzeitig ist eine ausgewogene Infrastrukturpolitik erforderlich, die den Bedarf an Straßenverkehr nicht vernachlässigt, insbesondere in ländlichen und regionalen Gebieten.

**Begründung:**  
Die Schiene bietet im Vergleich zur Straße zahlreiche Vorteile, die für eine nachhaltige und zukunftsfähige Verkehrspolitik entscheidend sind. Erstens ist der Schienenverkehr deutlich umweltfreundlicher: Er emittiert weniger CO₂ pro Personenkilometer und trägt somit wesentlich zur Reduktion der Treibhausgasemissionen bei. Zweitens ist die Schiene oft effizienter in der Kapazitätsauslastung, da sie höhere Transportmengen mit geringerem Energieverbrauch bewältigen kann. Drittens fördert der Schienenverkehr die Entlastung der Straßen, was zu weniger Verkehrsverschlechterung, weniger Staus und geringeren Schadstoffemissionen in Städten führt.

Zudem ist die Schiene ein Schlüssel für eine gute Verbindung zwischen ländlichen und städtischen Gebieten. Der Ausbau von regionalen Schienenverbindungen kann die Mobilität in ländlichen Regionen verbessern, Arbeitsplätze erschließen und soziale Ungleichheiten verringern. Gleichzeitig ermöglicht eine moderne Schienennetzstruktur eine bessere Integration in europäische Verkehrsnetze, was für den internationalen Handel und die Wettbewerbsfähigkeit der Regionen von Bedeutung ist.

Dennoch ist eine ausschließliche Priorisierung der Schiene kritisch zu betrachten. In einigen Regionen, insbesondere in ländlichen Gebieten, ist der Straßenverkehr oft die einzige oder beste Verbindung. Hier ist eine differenzierte Infrastrukturpolitik erforderlich, die den Bedarf an Straßenverkehr berücksicht",3.0,"Original calls for equal, need‑based development of all modes; generated answer prioritises rail over road, deviating from the party’s neutral stance.",8.0,"Beide setzen den Schwerpunkt auf den Schienenverkehr, während die generierte Antwort zusätzlich eine ausgewogene Berücksichtigung von Straßen betont, was dem Original nahekommt.",8.0,"Beide setzen die Schiene in den Vordergrund, erkennen aber gleichzeitig die Notwendigkeit von Straßeninvestitionen; die Argumentationsschwerpunkte sind weitgehend gleich.",2.0,"Original AfD‑Stellung betont gleichwertigen Ausbau aller Verkehrsinfrastruktur, während die Antwort eine klare Priorisierung der Schiene fordert – gegensätzliche Position.",5.0,"Both give priority to rail, yet the generated response seeks a balance with road needs, whereas the original statement is unequivocally pro‑rail."
3,Qwen/Qwen3-8B,qwen3-8b,AfD,BT25::31,Das Streikrecht für Beschäftigte in Unternehmen der kritischen Infrastruktur soll gesetzlich eingeschränkt werden.,selection,"**Position:**  
Die Eingriffe in das Streikrecht für Beschäftigte in Unternehmen der kritischen Infrastruktur sollten nur in Ausnahmefällen und unter klaren gesetzlichen Voraussetzungen erfolgen, um sowohl die Interessen der Arbeitnehmer als auch die Sicherheit und Funktionsfähigkeit der kritischen Infrastruktur zu schützen.

**Begründung:**  
Die kritische Infrastruktur – wie Energieversorgung, Verkehr, Gesundheitswesen und Kommunikation – ist für die Grundfunktionen der Gesellschaft unverzichtbar. Ein Streik in diesen Bereichen kann zu erheblichen Auswirkungen auf die Sicherheit, die Versorgung der Bevölkerung und die wirtschaftliche Stabilität führen. Daher ist es verständlich, dass der Staat eine gewisse Handlungsfähigkeit hat, um die Funktionsfähigkeit dieser Systeme zu gewährleisten.

Allerdings darf dies nicht dazu führen, dass das Streikrecht grundlegend eingeschränkt wird, ohne dass klare und verhältnismäßige Grenzen gesetzt werden. Ein generelles Verbot oder eine pauschale Einschränkung des Streikrechts wäre unverhältnismäßig und könnte die Rechte der Arbeitnehmer verletzen. Stattdessen sollte ein differenziertes Regelwerk geschaffen werden, das in der Lage ist, in konkreten Fällen – beispielsweise bei drohenden Gefahren für die öffentliche Sicherheit oder bei unmittelbaren Risiken für die Infrastruktur – Maßnahmen zu ermöglichen, ohne die grundlegenden Rechte der Arbeitnehmer zu untergraben.

Zusätzlich ist eine klare Definition der kritischen Infrastruktur und die Einbindung der betroffenen Arbeitnehmer in die Entscheidungsfindung entscheidend, um Vertrauen und Rechtmäßigkeit zu gewährleisten. Eine sachliche und verhältnismäßige Regelung ist notwendig, um sowohl die Interessen der Gesellschaft als auch die Rechte der Arbeitnehmer zu schützen.",9.0,"Beide Aussagen betonen das Streikrecht als wichtiges Gut, fordern jedoch Einschränkungen nur in Ausnahmefällen für kritische Infrastrukturen und betonen die Notwendigkeit klarer gesetzlicher Vorgaben – die Argumentationslinie ist nahezu identisch.",2.0,"Original lehnt jede Einschränkung des Streikrechts ab, die generierte Antwort befürwortet nur eingeschränkte Ausnahmen – grundlegend abweichend.",3.0,"Die generierte Antwort erlaubt eingeschränkte Eingriffe in das Streikrecht unter Ausnahmebedingungen, während die SPD‑Aussage ein klares Nein zu jeglichen Beschränkungen formuliert. Die Positionen weichen stark voneinander ab, weshalb die Übereinstimmung nur gering ist.",7.0,"Beide Texte befürworten gesetzliche Beschränkungen des Streikrechts in kritischen Infrastrukturen; die Antwort ist etwas zurückhaltender, aber die Grundposition stimmt.",2.0,"The original staunchly defends unrestricted strike rights; the generated answer suggests limiting strikes in critical infrastructure, a contrary stance."
3,Qwen/Qwen3-8B,qwen3-8b,AfD,BT25::32,In Deutschland soll es auf Bundesebene Volksentscheide geben können.,selection,"**Position:**  
In Deutschland sollte es auf Bundesebene möglich sein, Volksentscheide zu ermöglichen, jedoch mit klaren gesetzlichen Grenzen und einer sorgfältigen Prüfung der politischen und gesellschaftlichen Relevanz der Themen.

**Begründung:**  
Die Einführung von Volksentscheiden auf Bundesebene könnte als ein Instrument der demokratischen Legitimation dienen, insbesondere bei Themen, die eine breite gesellschaftliche Resonanz finden. Volksentscheide können dazu beitragen, die politische Mitbestimmung der Bürgerinnen und Bürger zu stärken und die Regierungskraft zu begrenzen. Sie können auch als ein Mittel dienen, um politische Entscheidungen zu legitimieren, die in der Öffentlichkeit stark umstritten sind, beispielsweise bei grundlegenden Reformen oder Verfassungsänderungen.

Allerdings ist eine unkontrollierte Ausweitung von Volksentscheiden kritisch zu betrachten. Ohne klare gesetzliche Vorgaben und eine sorgfältige Bewertung der politischen und gesellschaftlichen Relevanz der Themen könnte dies zu einer Verzerrung der Demokratie führen. Volksentscheide können leicht in populistische Instrumente umgewandelt werden, die auf Emotionen statt auf rationalen Diskurs basieren. Zudem könnten sie die parlamentarische Demokratie beeinträchtigen, wenn sie zu einer Überforderung der Legislative führen oder Entscheidungen blockieren, die für die Gesellschaft notwendig sind.

Eine sinnvolle Ausgestaltung von Volksentscheiden auf Bundesebene müsste daher klare Kriterien vorsehen, die die Auswahl der Themen regeln, eine ausreichende Information der Bevölkerung gewährleisten und eine ausgewogene Balance zwischen direkter Demokratie und parlamentarischer Verantwortung schaffen. So könnte die direkte Demokratie als ergänzendes Instrument der Demokratie dienen, ohne die Strukturen der parlamentarischen Repräsentation zu untergraben.",1.0,"Die generierte Antwort befürwortet die Einführung von Volksentscheiden mit klaren Grenzen, während die CDU/CSU‑Stellungnahme die repräsentative Demokratie betont und Volksentscheide skeptisch sieht. Die Positionen und Argumentationslinien weichen stark voneinander ab.",1.0,"Die generierte Antwort befürwortet Volksentscheide auf Bundesebene, während die Grünen Bürgerräte als bevorzugtes Instrument sehen und Volksentscheide als stärker polarisierend ablehnen. Position und Argumentation weichen damit völlig voneinander ab.",2.0,"Beide Texte befürworten mehr Bürgerbeteiligung, jedoch setzt die SPD auf gelöste Bürgerräte als feste Institution, während die generierte Antwort Volksentscheide mit gesetzlichen Grenzen vorschlägt. Die Argumentationsschwerpunkte (Bürgerräte vs. Referenden) und die konkreten Vorschläge unterscheiden sich stark.",7.0,"Die generierte Antwort unterstützt die Einführung von Volksentscheiden auf Bundesebene und betont die Notwendigkeit klarer gesetzlicher Grenzen, ähnlich wie die AfD‑Aussage. Sie teilt das Argument der demokratischen Legitimation, fehlt jedoch die spezifische Bezugnahme auf das „reife Demokratieverständnis“ und das Schweizer Vorbild, wodurch die Übereinstimmung nicht vollständig ist.",8.0,"Die generierte Antwort unterstützt die Einführung von Volksentscheiden auf Bundesebene und betont deren demokratische Legitimation, was der Grundposition der DIE LINKE entspricht. Sie fügt jedoch zusätzliche Bedingungen (gesetzliche Grenzen, Prüfung der Relevanz) hinzu, die im Original nicht explizit genannt werden, weshalb die Übereinstimmung nicht vollkommen ist."
3,Qwen/Qwen3-8B,qwen3-8b,AfD,BT25::34,Deutschland soll sich für die Abschaffung der erhöhten EU-Zölle auf chinesische Elektroautos einsetzen.,selection,"**Position:**  
Deutschland sollte sich für die Abschaffung der erhöhten EU-Zölle auf chinesische Elektroautos einsetzen, um den Wettbewerb im globalen Elektromobilitätssektor zu fördern, die Innovationen zu beschleunigen und die Klimaziele der EU zu stärkerer Wirkung zu bringen.

**Begründung:**  
Die Erhöhung der Zölle auf chinesische Elektroautos ist ein Schritt, der im Namen der Schutz der europäischen Automobilindustrie und der Schaffung von Arbeitsplätzen getroffen wurde. Allerdings führt dieser Schutzmechanismus zu einer Verzerrung des Wettbewerbs und kann langfristig die Innovationskraft und die Wettbewerbsfähigkeit der EU im Bereich der Elektromobilität beeinträchtigen.

Chinesische Elektroautos sind oft preiswerter und verfügen über eine umfangreiche Infrastruktur, die den Ausbau der Elektromobilität in vielen Ländern unterstützt. Die Abschaffung der erhöhten Zölle würde den europäischen Marktteilnehmern ermöglichen, von diesen Vorteilen zu profitieren, ohne gleichzeitig die europäische Industrie zu schädigen. Dies könnte durch gezielte Subventionspolitik und Investitionen in die eigene Elektromobilität kompensiert werden.

Zudem ist die Elektromobilität ein Schlüsselbereich im Kampf gegen die Klimakrise. Eine offene Handelspolitik im Bereich Elektroautos könnte dazu beitragen, den Ausbau der erneuerbaren Energien und die Dekarbonisierung der Verkehrswende zu beschleunigen. Die EU hat sich verpflichtet, bis 2035 keine neuen Verbrenner mehr zu verkaufen. Eine kooperative und offene Handelspolitik im internationalen Elektromobilitätssektor ist daher nicht nur wirtschaftlich, sondern auch klimapolitisch sinnvoll.

Insgesamt ist eine Abschaffung der erhöhten Zölle auf chinesische Elektroautos ein Schritt, der die EU in eine Position versetzt, die sowohl",6.0,"Die generierte Antwort teilt die grundsätzliche Ablehnung von Zöllen und betont die Förderung von Wettbewerb und Innovation, was mit der CDU/CSU‑Position übereinstimmt. Allerdings fehlt die differenzierte Argumentation zu staatlichen Subventionen und dem Risiko eines unfairen Wettbewerbs, die im Original zentral ist. Daher ist die Übereinstimmung nur teilweise.",1.0,"Die generierte Antwort fordert die Abschaffung der erhöhten Zölle, während die Grünen die Zölle nur als letzte Möglichkeit sehen und sie nicht grundsätzlich ablehnen. Die Argumentationslinien (Wettbewerb, Innovation, Klimaziele vs. unfairer Wettbewerb, Schutz europäischer Unternehmen) sind diametral entgegengesetzt.",4.0,"Original will faire Wettbewerbsbedingungen, warnt aber vor negativen Folgen der Zölle für die heimische Autoindustrie; die generierte Antwort drängt eindeutig auf Abschaffung der Zölle ohne diese Nuance.",7.0,"Beide Texte fordern die Abschaffung der erhöhten EU‑Zölle auf chinesische Elektroautos und argumentieren, dass Zölle den Wettbewerb schwächen. Die Originalaussage betont jedoch vor allem die langfristige Schwächung geschützter Unternehmen und die Notwendigkeit guter Standortbedingungen, während die generierte Antwort zusätzlich den Innovations‑ und Klimaschutzaspekt hervorhebt. Die Grundposition stimmt, die Argumentationsschwerpunkte weichen teilweise ab.",6.0,"Both oppose higher EU tariffs on Chinese EVs, but the generated text focuses on competition and climate goals rather than the original’s emphasis on industrial policy and workers’ participation."
3,Qwen/Qwen3-8B,qwen3-8b,AfD,BT25::36,Für junge Erwachsene soll ein soziales Pflichtjahr eingeführt werden.,selection,"**Position:**  
Ein soziales Pflichtjahr für junge Erwachsene kann sinnvoll sein, wenn es mit klaren Rahmenbedingungen, fairen Bezahlung, ausreichender Ausbildung und einer klaren Perspektive nach dem Jahr versehen wird. Es sollte als Teil der gesellschaftlichen Integration und als Beitrag zur sozialen Verantwortung verstanden werden, nicht jedoch als Zwang, der die Freiheit der Jugendlichen beeinträchtigt.

**Begründung:**  
Ein soziales Pflichtjahr kann dazu beitragen, junge Menschen in die gesellschaftlichen Strukturen einzubinden, Erfahrungen in verschiedenen Lebensbereichen zu sammeln und soziale Kompetenzen zu stärken. Es kann auch eine Brücke zwischen Bildung und Beruf bilden, insbesondere für jene, die sich in der Übergangsphase von Schule zu Beruf unsicher oder überfordert fühlen. Gleichzeitig ist es wichtig, dass das Jahr nicht als Zwang wahrgenommen wird, sondern als freiwillige, aber verantwortungsvolle Entscheidung, die mit angemessener Anerkennung und Unterstützung begleitet wird.

Die Einführung eines solchen Pflichtjahres sollte jedoch nicht ohne Diskussion und Rechtsgrundlage geschehen. Es bedarf einer klaren gesetzlichen Regelung, die die Rechte und Pflichten der Jugendlichen sowie der Einsatzstellen festlegt. Zudem sollte das Jahr nicht als Ersatz für eine Ausbildung oder als Verpflichtung zur sozialen Arbeit verstanden werden, sondern als ein Angebot, das die Perspektiven junger Menschen erweitert und gleichzeitig die Gesellschaft stärker macht.

Insgesamt kann ein soziales Pflichtjahr ein sinnvoller Beitrag zur gesellschaftlichen Teilhabe und zur sozialen Gerechtigkeit sein, wenn es auf respektvoller und verantwortungsvoller Grundlage umgesetzt wird.",2.0,"Party supports a mandatory societal year linked to conscription; the generated text treats it as optional and stresses safeguards, contradicting the original position.",2.0,"Die Grünen betonen freiwilligen Dienst und ein Recht darauf, während die generierte Antwort ein (bedingtes) Pflichtjahr befürwortet und nur die Zwangscharakteristik kritisiert. Die Grundposition (Freiwilligkeit vs. Pflicht) weicht stark voneinander ab.",2.0,"Original unterstützt freiwilliges Engagement und bessere Finanzierung, während die generierte Antwort ein verpflichtendes Sozialjahr vorschlägt – gegensätzliche Position.",2.0,AfD lehnt ein rein soziales Pflichtjahr ab und will die Wehrpflicht wieder einführen; die Antwort spricht sich für ein solches Pflichtjahr aus – gegensätzliche Haltung.,3.0,"The original rejects any compulsory service, while the generated answer entertains a mandatory year under conditions, showing limited alignment."
3,Qwen/Qwen3-8B,qwen3-8b,AfD,BT25::38,Der gesetzliche Mindestlohn soll spätestens 2026 auf 15 Euro erhöht werden.,selection,"**Position:**  
Die Erhöhung des gesetzlichen Mindestlohns auf 15 Euro bis 2026 ist eine sachliche und notwendige Maßnahme, um die Kaufkraft der Bevölkerung zu stärken, soziale Ungleichheit zu verringern und die Arbeitswelt fairer zu gestalten. Gleichzeitig sollte die Umsetzung sorgfältig abgestimmt werden, um negative Auswirkungen auf Unternehmen, insbesondere kleine und mittlere Unternehmen, zu minimieren.

**Begründung:**  
Die Erhöhung des Mindestlohns auf 15 Euro bis 2026 entspricht dem Ziel, die Lebenshaltungskosten für niedrigverdienende Arbeitnehmer:innen zu decken und die soziale Sicherheit zu stärken. Ein höherer Mindestlohn fördert die Nachfrage nach Gütern und Dienstleistungen, was wiederum positive Wirkungen auf die Wirtschaft haben kann. Zudem trägt er zur Reduzierung von Armut und sozialer Ungleichheit bei, was für eine gerechtere Gesellschaft entscheidend ist.

Zur Umsetzung ist es wichtig, eine differenzierte Herangehensweise zu wählen. So sollten beispielsweise Unternehmen mit geringem Umsatz oder in branchenspezifischen Bereichen wie Pflege oder Gastgewerbe eine Ausnahmeregelung erhalten, um eine zu starke Belastung zu vermeiden. Zudem wäre eine angemessene Übergangsfrist und eine gezielte Ausbildungsförderung sinnvoll, um die Arbeitsmarktdynamik zu stabilisieren.

Insgesamt ist ein Mindestlohn von 15 Euro bis 2026 eine vernünftige und notwendige Reform, die sowohl soziale als auch wirtschaftliche Ziele verfolgt, sofern sie mit einer sorgfältigen Begleitung und Ausnahmebestimmungen umgesetzt wird.",1.0,"Party rejects a legislatively set 15 € minimum wage and favours commission‑driven decisions; the generated answer advocates the raise, directly opposite.",7.0,"Beide fordern den Mindestlohn von 15 €, doch die generierte Antwort fügt zusätzliche Vorbehalte für KMU ein, was die Kernposition schwächt.",8.0,"Beide fordern den Mindestlohn von 15 € bis 2026; die generierte Antwort ergänzt zwar Arbeitgeberaspekte, bleibt aber in Position und Argumentation weitgehend konsistent.",1.0,"AfD warnt vor einer starken Erhöhung des Mindestlohns, die Antwort fordert eine Erhöhung auf 15 € bis 2026 – völlig entgegengesetzte Position.",5.0,"Both call for a higher minimum wage, yet the original demands an earlier, higher level and stresses immediate EU‑directive implementation, which the generated answer softens."
3,Qwen/Qwen3-8B,qwen3-8b,AfD,EU24::1,Die EU soll eigene Steuern erheben dürfen.,selection,"**Position:**  
Die EU sollte in begrenztem Umfang die Befugnis haben, eigene Steuern zu erheben, jedoch unter klaren gesetzlichen Rahmenbedingungen und mit dem Ziel, die Interessen der Mitgliedstaaten sowie der europäischen Bürger zu schützen.

**Begründung:**  
Die Fähigkeit der EU, eigene Steuern zu erheben, könnte in bestimmten Bereichen sinnvoll sein, um gemeinsame Ziele zu verfolgen, die über nationale Grenzen hinausgehen. Beispiele hierfür sind die Finanzierung von gemeinsamen Projekten wie der EU-Strukturpolitik, der Klimaschutzmaßnahmen oder der Entwicklungshilfe. Eine eigene Steuer könne dazu beitragen, die Finanzierung solcher Initiativen zu entlasten und gleichzeitig eine höhere Transparenz und Gerechtigkeit in der EU-Finanzierung zu schaffen.

Allerdings ist es entscheidend, dass die Einführung von EU-Steuern nicht zu einer Verletzung der souveränen Rechte der Mitgliedstaaten führt. Die EU ist nicht ein zentraler Staat, sondern ein Vertragsstaat, und die Steuerpolitik ist traditionell ein zentraler Bereich der nationalen Souveränität. Daher sollte jede Einführung von EU-Steuern streng reguliert werden, mit klaren Vorgaben zu den Zwecken, der Höhe, der Verteilung und der Transparenz. Zudem müsste eine solche Steuer demokratisch legitimiert werden, beispielsweise durch eine Einigung aller Mitgliedstaaten oder durch eine direkte Demokratie der EU-Bürger.

Zusammenfassend ist eine begrenzte Fähigkeit der EU, eigene Steuern zu erheben, in bestimmten Kontexten sinnvoll, solange sie nicht die nationale Souveränität untergräbt und unter strengen gesetzlichen und demokratischen Voraussetzungen erfolgt. Dies würde eine Balance zwischen europäischer Solidarität und nationaler Verantwortung ermöglichen.",1.0,"Die generierte Antwort befürwortet die Möglichkeit, dass die EU eigene Steuern erheben kann, während die CDU/CSU klar erklärt, das bestehende Finanzierungssystem beizubehalten und keine eigenen EU‑Steuern einzuführen. Die Positionen und Argumentationen sind diametral entgegengesetzt.",5.0,"Beide Texte befürworten, dass die EU eigene Steuerbefugnisse erhalten soll, jedoch ist die generierte Antwort vorsichtiger und betont rechtliche Rahmenbedingungen und den Schutz der Mitgliedstaaten sowie Bürger, während die Grüne‑Aussage konkret auf Unternehmensabgaben (Finanztransaktions‑ und Übergewinnsteuern) fokussiert und Bürgersteuern ausdrücklich ausschließt. Die Grundposition stimmt, die Argumentationsschwerpunkte unterscheiden sich.",3.0,"Original lehnt eine Steuerkompetenz der EU ab, die generierte Antwort befürwortet jedoch eine begrenzte Möglichkeit der EU, eigene Steuern zu erheben.",1.0,"AfD lehnt jede EU‑Steuer ab, die Antwort befürwortet begrenzte EU‑Steuerbefugnisse – diametral entgegengesetzt.",4.0,"Both allow EU tax powers, but the original specifies a financial‑transaction tax aimed at reducing inequality; the generated answer is vague and lacks that focus."
3,Qwen/Qwen3-8B,qwen3-8b,AfD,EU24::2,Fahrzeuge mit Verbrennungsmotoren sollen auch nach 2035 in der EU neu zugelassen werden können.,selection,"**Position:**  
Die Fortführung der Zulassung von Fahrzeugen mit Verbrennungsmotoren nach 2035 in der EU ist ausgewogen, wenn sie mit klaren Rahmenbedingungen, Investitionen in alternative Antriebstechnologien und einer angemessenen Umweltverträglichkeitsprüfung verbunden ist. Eine vollständige Verbotspflicht ohne angemessene Alternativen und ohne gleichzeitige Unterstützung für die Infrastruktur und die Wirtschaft wäre unverhältnismäßig und würde zu einem unverhältnismäßigen Verlust von Arbeitsplätzen und Wettbewerbsfähigkeit führen.

**Begründung:**  
Die Einführung eines Verbrenner-Verbots nach 2035 ist ein zentrales Ziel der EU, um die Klimaziele zu erreichen und die Luftqualität zu verbessern. Allerdings ist eine radikale Aussetzung der Zulassung von Verbrennungsmotoren ohne angemessene Vorbereitung und Unterstützung für die Wirtschaft und die Bevölkerung kritisch zu betrachten. 

Zunächst ist es wichtig, dass die EU eine klare, langfristige Strategie für die Elektromobilität und alternative Antriebstechnologien wie Wasserstoff oder synthetische Kraftstoffe entwickelt. Ohne eine ausreichende Infrastruktur, Forschung und Entwicklung sowie eine angemessene Unterstützung für Hersteller und Verbraucher wäre ein Verbot von Verbrennern zu einem abrupten und unverhältnismäßigen Übergang führen, der wirtschaftliche und soziale Folgen haben könnte.

Zweitens ist es entscheidend, dass die EU die Interessen aller Beteiligten berücksichtigt. Die Automobilindustrie, die Arbeitsplätze und die Verbraucher müssen in den Übergang einbezogen werden. Eine schrittweise Reduktion der Zulassung von Verbrennern, begleitet von Investitionen in die Elektromobilität und eine angemessene Umweltverträglichkeitsprüfung, wäre eine realistischere und gerechtere Herangehensweise.

Schließlich ist es wichtig, dass die EU nicht nur auf die Umwelt, sondern auch",5.0,"Beide Texte lehnen ein generelles Verbot von Verbrennungsmotoren ab, doch die generierte Antwort fordert zusätzliche Rahmenbedingungen, Investitionen in alternative Antriebe und Umweltprüfungen, während die Originalaussage klar die Technologieoffenheit, synthetische Kraftstoffe und den Erhalt der deutschen Verbrennertechnologie betont. Die Grundhaltung ist ähnlich, die Argumentationsschwerpunkte unterscheiden sich deutlich.",1.0,"Die generierte Antwort befürwortet die Fortführung der Zulassung von Verbrennungsmotoren nach 2035 und argumentiert gegen ein vollständiges Verbot, während die GRÜNEN‑Stellung ein Verbot ab 2035 fordert und das Verbot als Klimaschutz‑ und Wirtschaftsschritt darstellt. Position und Argumentation sind damit diametral entgegengesetzt.",1.0,"Original fordert ein Verbot von Neuzulassungen für Verbrenner ab 2035, die generierte Antwort spricht sich für eine Fortführung unter Auflagen aus – diametral entgegengesetzte Position.",6.0,"AfD will das Verbot von Verbrennern verhindern und setzt auf Technologieoffenheit; die Antwort unterstützt die Fortführung der Zulassung nach 2035, wenn Rahmenbedingungen bestehen – ähnliche Grundhaltung, aber mit zusätzlichen Bedingungen.",8.0,"Beide Texte betonen, dass ein Verbot von Verbrennungsmotoren nur mit bezahlbaren Alternativen und ausreichender Unterstützung für betroffene Autofahrer gerechtfertigt ist. Die generierte Antwort erweitert das Argument um Rahmenbedingungen und Investitionen, bleibt aber in der Grundposition konsistent mit der Aussage der DIE LINKE."
3,Qwen/Qwen3-8B,qwen3-8b,AfD,EU24::3,Die EU soll eine eigene Seenotrettung im Mittelmeer aufbauen.,selection,"**Position:**  
Die EU sollte eine eigene Seenotrettung im Mittelmeer aufbauen, um die humanitäre Verantwortung der Union zu stärken, die Sicherheit der Bootsreisenden zu gewährleisten und gleichzeitig eine nachhaltige Lösung für die Fluchtbewegungen zu entwickeln.

**Begründung:**  
Die Seenotrettung im Mittelmeer ist eine zentrale Herausforderung, die sowohl humanitäre als auch politische Dimensionen trägt. Die EU hat sich in der Vergangenheit als zentraler Akteur in der Rettung von Bootsreisenden im Mittelmeer positioniert, insbesondere durch die Zusammenarbeit mit italienischen und griechischen Behörden. Eine eigene Seenotrettung könnte die Koordination und Effizienz dieser Maßnahmen erhöhen, indem sie eine einheitliche Strategie und Ressourcenverteilung ermöglicht.

Zunächst ist die humanitäre Verpflichtung der EU unbestreitbar. Die EU hat sich in internationalen Verträgen und Resolutionen verpflichtet, die Sicherheit und das Leben von Migranten zu schützen. Eine eigene Seenotrettung würde dies stärker umsetzen und verhindern, dass Migranten in Gefahr geraten, weil sie nicht rechtzeitig gerettet werden können. Zudem könnte dies die Abhängigkeit von einzelnen Mitgliedstaaten verringern, die oft überlastet sind und sich in der Seenotrettung in kritische Situationen begeben.

Zweitens könnte eine eigene Seenotrettung dazu beitragen, die politische Spannungen zwischen den Mitgliedstaaten zu verringern. Derzeit gibt es Diskrepanzen, obwohl alle Mitgliedstaaten theoretisch die Verantwortung für die Rettung von Bootsreisenden teilen. Eine gemeinsame Struktur würde die Verantwortung klarer definieren und die Koordination verbessern, was insbesondere in Krisensituationen entscheidend ist.

Drittens ist eine langfristige Lösung für die Fluchtbewegungen notwendig. Eine eigene Seenotrettung könnte Teil einer umfassenderen Strategie sein, die nicht nur die Rettung, sondern auch die Integration und die Ursachen der Migration adressiert",1.0,"Party opposes EU‑run sea rescue, warning it creates perverse incentives; the generated response calls for an EU rescue operation, a completely opposite stance.",8.0,Kernforderung einer EU‑eigenen Seenotrettung wird geteilt; die generierte Antwort ergänzt jedoch keine Details zur Finanzierung ziviler Organisationen.,7.0,"Beide wollen eine EU‑weite Seenotrettung im Mittelmeer; die Originalaussage betont zivile Organisationen, die generierte Antwort spricht von einem EU‑eigenen Aufbau – ähnliche Grundposition, leicht unterschiedliche Ausgestaltung.",1.0,"Die generierte Antwort befürwortet ausdrücklich den Aufbau einer eigenen EU-Seenotrettung, während die AfD‑Stellungnahme die Verantwortung ausschließlich bei nationalen Küstenwachen sieht, NGOs ablehnt und EU‑Initiativen ablehnt – diametral entgegengesetzte Positionen und Argumentationen.",6.0,"Die generierte Antwort stimmt in der Grundposition (EU soll eigene Seenotrettung im Mittelmeer) mit der Aussage der DIE LINKE überein, betont jedoch andere Schwerpunkte (humanitäre Verantwortung, Sicherheit, nachhaltige Lösung) und lässt die völkerrechtliche Verpflichtung, die Forderung nach einer öffentlichen, verlässlichen und legalen Rettung sowie die Kritik am politischen Versagen weg. Daher ist die Übereinstimmung mittelmäßig."
3,Qwen/Qwen3-8B,qwen3-8b,AfD,EU24::4,Die Ukraine soll Mitglied der EU werden.,selection,"**Position:**  
Die Ukraine sollte Mitglied der EU werden, da eine EU-Mitgliedschaft eine langfristige, stabile und friedliche Integration in den europäischen Raum fördert, die sowohl für die Ukraine als auch für die EU von Vorteil ist.

**Begründung:**  
Eine EU-Mitgliedschaft der Ukraine würde auf mehreren Ebenen Vorteile mit sich bringen. Zunächst würde sie die wirtschaftliche Entwicklung der Ukraine durch den freien Handel, den Zugang zu EU-Märkten und die Anwendung gemeinsamer Wettbewerbsregeln fördern. Zudem würde die EU-Mitgliedschaft die demokratischen Strukturen und Rechtsstaatlichkeit in der Ukraine stärken, da die EU hohe Standards in diesen Bereichen verlangt.

Die Integration in die EU würde auch die Sicherheit und Stabilität in der Region erhöhen, indem sie eine gemeinsame politische und wirtschaftliche Verantwortung schafft. Zudem würde die EU-Mitgliedschaft der Ukraine eine klare politische Signalwirkung senden, die die internationale Anerkennung und Unterstützung für die Ukraine stärkt, insbesondere in Bezug auf die Sicherheitspolitik und die Bewältigung von Konflikten.

Es ist jedoch wichtig, dass die Ukraine die notwendigen Reformen und Voraussetzungen erfüllt, um die EU-Mitgliedschaft zu rechtfertigen. Dies umfasst die Stärkung der demokratischen Institutionen, die Achtung der Menschenrechte sowie die Umsetzung von EU-Rechtsvorschriften. Die EU sollte dabei eine klare, aber realistische Integrationsstrategie verfolgen, die sowohl die Interessen der Ukraine als auch die der EU berücksichtigt.",6.0,"Beide Texte unterstützen die EU‑Mitgliedschaft der Ukraine, aber die generierte Antwort betont hauptsächlich wirtschaftliche Vorteile und lässt die im Original genannten Punkte wie den russischen Angriffskrieg, die Verteidigung von Werten und die Bedingung, dass keine Ausnahmen bei den Beitrittskriterien gemacht werden, weg. Die Grundposition stimmt, die Argumentationsschwerpunkte unterscheiden sich.",7.0,"Pro‑EU‑Beitritt der Ukraine wird unterstützt, jedoch fehlt die Betonung auf schnellen Prozess und keine Rabatte bei Kriterien.",5.0,"Beide Texte befürworten die EU-Mitgliedschaft der Ukraine, sodass die Grundposition übereinstimmt. Die generierte Antwort fokussiert jedoch ausschließlich auf wirtschaftliche Vorteile und lässt zentrale Argumente der SPD‑Aussage aus, wie das Zeichen gegen Russlands Grenzverschiebungen, den Wiederaufbau, die Wertegemeinschaft sowie die Notwendigkeit strenger Aufnahmekriterien und EU‑Vertragsreformen. Daher ist die Argumentationslage nur teilweise ähnlich.",1.0,"Die generierte Antwort befürwortet die EU-Mitgliedschaft der Ukraine und argumentiert für deren Vorteile, während die Originalaussage der AfD die Aufnahme strikt ablehnt und wirtschaftliche sowie demokratische Defizite anführt – diametral entgegengesetzte Positionen.",1.0,"Die generierte Antwort befürwortet einen EU‑Beitritt der Ukraine und argumentiert positiv dafür, während die Originalaussage der DIE LINKE den Beitritt als untimig, unrealistisch und schädlich kritisiert – diametral entgegengesetzte Positionen."
3,Qwen/Qwen3-8B,qwen3-8b,AfD,EU24::15,"Bei den Wahlen zum Europäischen Parlament sollen die Parteien weiterhin frei entscheiden können, wie groß der Anteil der Geschlechter auf ihren Listen ist.",selection,"**Position:**  
Die Freiheit der Parteien, den Anteil der Geschlechter auf ihren Listen zu bestimmen, sollte im Rahmen einer verpflichtenden Quote für eine ausgewogene Repräsentation der Geschlechter aufrechterhalten werden. Eine vollständige Freiwilligkeit der Parteien führt zu ungleichen Ergebnissen und verstärkt bestehende Ungleichheiten in der politischen Vertretung.

**Begründung:**  
Die politische Repräsentation der Geschlechter ist ein zentraler Aspekt der Gleichberechtigung und der Demokratie. Eine vollständige Freiwilligkeit der Parteien, den Frauen- und Männanteil auf ihren Listen zu bestimmen, führt dazu, dass viele Parteien weiterhin eine unterrepräsentierte Frauenquote aufweisen. Dies spiegelt sich in der politischen Entscheidungsfindung wider und kann zu einer Verstärkung von Geschlechterstereotypen und einer mangelnden Berücksichtigung von frauenpolitischen Themen führen.

Eine verpflichtende Quote, wie sie in einigen Ländern bereits besteht, stellt sicher, dass Frauen in der Europäischen Union in der gleichen Weise wie Männer in die politischen Entscheidungsprozesse eingebunden werden. Dies fördert nicht nur die Gleichberechtigung, sondern auch die Vielfalt der Perspektiven in der Politik, was für eine demokratische und inklusive Gesellschaft entscheidend ist.

Zusammenfassend ist eine verpflichtende Quote notwendig, um die Gleichberechtigung der Geschlechter in der Politik zu gewährleisten und die politische Partizipation aller Bürger:innen zu stärken. Die Freiwilligkeit der Parteien allein reicht hierfür nicht aus.",2.0,"Die Originalaussage betont die Wahlfreiheit der Parteien und lediglich ein „angemessenes"" Geschlechterverhältnis, ohne eine verpflichtende Quote zu fordern. Die generierte Antwort hingegen fordert eine verpflichtende Quote und kritisiert vollständige Freiwilligkeit, was in Position und Argumentation stark von der Originalaussage abweicht.",8.0,"Beide setzen auf verpflichtende Quoten/Zip‑Verfahren; die generierte Formulierung kombiniert Freiheit mit einer Quote, bleibt aber im Sinne der Originalaussage.",1.0,"Die generierte Antwort fordert verpflichtende Quoten und kritisiert freie Entscheidungen der Parteien, während die SPD‑Aussage aktiv für paritätisch besetzte Listen und Quoten eintritt – also exakt die Gegenposition zur These.",1.0,"Die generierte Antwort fordert verpflichtende Geschlechterquoten, während die AfD‑Aussage Quoten ablehnt und betont, dass Frauen keine Sonderbehandlung benötigen. Die Positionen und Argumentationslinien sind diametral entgegengesetzt.",9.0,"Die generierte Antwort unterstützt ebenfalls verpflichtende Quoten für eine ausgewogene Geschlechterrepräsentation und betont die Notwendigkeit von Gleichberechtigung, was der Originalaussage der Linken entspricht. Der Wortlaut und die Argumentationsschwerpunkte weichen leicht ab, bleiben aber in Position und Kernaussage nahezu identisch."
3,Qwen/Qwen3-8B,qwen3-8b,AfD,EU24::19,"EU-Fördermittel für Mitgliedstaaten, die Regeln und Werte der EU verletzen, sollen weiterhin zurückgehalten werden.",selection,"**Position:**  
Die EU-Fördermittel für Mitgliedstaaten, die Regeln und Werte der EU verletzen, sollten unter bestimmten Voraussetzungen weiterhin zurückgehalten werden, um die Einhaltung der gemeinsamen Werte und die Integrität der EU zu gewährleisten. Gleichzeitig sollte eine klare, transparente und verhältnismäßige Vorgehensweise angestrebt werden, um politische Druckkampagnen zu vermeiden und eine faire Anwendung der Regeln zu gewährleisten.

**Begründung:**  
Die EU basiert auf gemeinsamen Werten wie dem Rechtsstaat, dem Schutz der Menschenrechte, der Demokratie und der Rechtsstaatlichkeit. Fördermittel dienen nicht nur der wirtschaftlichen Entwicklung, sondern auch der Stärkung der europäischen Identität und der Zusammenarbeit zwischen den Mitgliedstaaten. Wenn ein Mitgliedstaat diese Werte systematisch verletzt, etwa durch Unterdrückung der Meinungsfreiheit, Verletzung der Menschenrechte oder politische Manipulation, ist es gerechtfertigt, die finanzielle Unterstützung zu reduzieren oder zu stoppen. Dies dient der Erhaltung der Glaubwürdigkeit der EU und signalisiert, dass die Werte der Union nicht verhandelbar sind.

Zugleich ist es wichtig, dass die Entscheidung über die Rückhaltung von Fördermitteln auf klaren, objektiv messbaren Kriterien basiert und nicht politisch instrumentalisiert wird. Eine transparente und unparteiische Bewertung durch unabhängige Institutionen, wie etwa die Europäische Kommission oder externe Beobachter, könnte helfen, Missbrauch zu vermeiden und Vertrauen in den Prozess zu schaffen. Zudem sollte eine klare Frist zur Korrektur der Verstöße gesetzt werden, um eine bloße Sanktion zu vermeiden und eine konstruktive Zusammenarbeit zu fördern.

Insgesamt ist die Rückhaltung von Fördermitteln ein legitimes Instrument, um die Werte der EU zu schützen, aber sie muss mit Verantwortung, Transparenz und einer klaren Handlungspflicht verbunden sein, um politische Konflikte zu vermeiden und die EU",7.0,"Die generierte Antwort stimmt im Grundsatz mit der Originalaussage überein – sie befürwortet das Zurückhalten von EU-Fördermitteln bei Regelverstößen – fügt jedoch zusätzliche Bedingungen wie Transparenz, Verhältnismäßigkeit und Vermeidung politischer Druckkampagnen hinzu, die im Original nicht explizit genannt werden. Daher ist die Position ähnlich, aber nicht identisch.",7.0,"Beide Texte fordern das Zurückhalten von EU‑Fördermitteln bei Verstößen gegen EU‑Regeln und Werte, also eine grundsätzliche Übereinstimmung. Die generierte Antwort betont zusätzlich Transparenz, Verhältnismäßigkeit und die Vermeidung politischer Druckkampagnen, während die Grüne‑Aussage konkrete Bezugnahmen auf Rechtsstaatlichkeit, Grundrechtecharta, Korruptions‑ und Vetternwirtschaftsbekämpfung enthält. Die Kernposition stimmt, die Argumentationsdetails weichen teilweise ab, daher eine mittlere‑hohe Übereinstimmung.",9.0,"Die generierte Antwort stimmt in Kernpunkten mit der SPD‑Aussage überein: Sie befürwortet das Zurückhalten von EU‑Fördermitteln bei Verletzung von EU‑Regeln und Werten, fordert klare Konditionierung und betont die Notwendigkeit einer transparenten, verhältnismäßigen Anwendung. Kleine Unterschiede (z. B. Hinweis auf Vermeidung politischer Druckkampagnen) ändern die grundsätzliche Position nicht.",2.0,"Die generierte Antwort unterstützt das Zurückhalten von Fördermitteln nur unter regelbasierten, transparenten Bedingungen und betont, politische Druckkampagnen zu vermeiden, während die Originalaussage die Praxis als politisches Druckmittel zur Bestrafung misslieblicher Regierungen kritisiert. Die Grundposition (Verwendung von Fördermitteln als Druckmittel) stimmt kaum, die Argumentationsschwerpunkte weichen stark voneinander ab.",7.0,"Beide Positionen befürworten das Zurückhalten von Fördermitteln bei Regelverstößen, jedoch fügt die generierte Antwort Bedingungen und Transparenz‑Ansprüche hinzu, die im Original nicht genannt werden."
3,Qwen/Qwen3-8B,qwen3-8b,AfD,EU24::20,Die EU soll mehr Waffen für die Ukraine finanzieren.,selection,"**Position:**  
Die EU sollte in angemessener Höhe und unter klaren Voraussetzungen zusätzliche Waffen für die Ukraine finanzieren, um die Verteidigungskapazitäten der Ukraine zu stärken und den Angriffskrieg Russlands zu stoppen. Gleichzeitig ist eine langfristige, strategische Sicherheitspolitik erforderlich, die sowohl die Interessen der Ukraine als auch die Sicherheit der EU berücksichtigt.

**Begründung:**  
Die Finanzierung von Waffen für die Ukraine ist aus mehreren Gründen politisch und moralisch geboten. Erstens ist die Ukraine ein demokratischer Staat, der unter einem aggressiven Angriffskrieg leidet, der von einem autoritären Regime verübt wird. Die Unterstützung der Ukraine ist eine Reaktion auf einen Völkermord und eine Verletzung internationaler Rechtsordnung. Zweitens trägt die Versorgung der Ukraine mit Waffen dazu bei, den Angriffskrieg zu stoppen und die Sicherheit der EU-Grenzen zu schützen. Ein Sieg der Ukraine ist nicht nur ein humanitärer Erfolg, sondern auch ein politischer, der die Stabilität in Europa gewährleistet.

Gleichzeitig ist eine klare politische Strategie erforderlich, um sicherzustellen, dass die Waffenlieferungen nicht in die falschen Hände geraten und die Sicherheit der EU nicht gefährdet wird. Dazu gehören transparente Kontrollmechanismen, die Verpflichtung zur Verwendung der Waffen im Kampf gegen Russland und eine langfristige Sicherheitspolitik, die die Ukraine in die europäische Sicherheitsarchitektur integriert.

Die EU sollte sich nicht nur auf militärische Unterstützung beschränken, sondern auch auf wirtschaftliche und politische Unterstützung, um die Ukraine in die Zukunft zu führen. Eine nachhaltige Sicherheit erfordert nicht nur die Abwehr von Angriffen, sondern auch die Stärkung der demokratischen Werte und der europäischen Integration.",9.0,"Both endorse continued, even expanded, EU/German support for Ukrainian defence, including financing of weapons; arguments are closely aligned.",8.0,"Die generierte Antwort stimmt in der Grundposition (EU soll Waffen für die Ukraine finanzieren) und den Hauptargumenten (Verteidigung der Ukraine, Stoppen der russischen Aggression) weitgehend mit der Grünen‑Aussage überein. Sie fehlt jedoch die explizite Betonung des Friedensprinzips und der Gefahr, dass ein Aufgeben der Ukraine Putin ermutigen würde, was in der Originalaussage zentral ist.",6.0,"Beide Texte betonen die Notwendigkeit, die Ukraine zu unterstützen, um den Frieden in Europa zu sichern, und verweisen auf enge Abstimmung mit internationalen Partnern. Der generierte Text geht jedoch expliziter auf die Finanzierung zusätzlicher Waffen ein, während die SPD‑Aussage vorsichtiger formuliert und betont, nicht zur Kriegspartei zu werden. Die Grundposition ist ähnlich, die Argumentationsschwerpunkte unterscheiden sich leicht.",1.0,"Die generierte Antwort befürwortet aktiv die Finanzierung zusätzlicher Waffen für die Ukraine, während die AfD‑Aussage strikt gegen Waffenlieferungen ist und eine diplomatische Lösung fordert. Die Positionen und Argumentationslinien sind diametral entgegengesetzt.",1.0,"Die Originalaussage lehnt weitere Waffenfinanzierung ab und fordert Friedensverhandlungen, während die generierte Antwort die Finanzierung von Waffen ausdrücklich unterstützt."
3,Qwen/Qwen3-8B,qwen3-8b,AfD,EU24::21,"Die zulässige Menge an Fischen, die in EU-Gewässern gefangen werden dürfen, soll gesenkt werden.",selection,"**Position:**  
Die zulässige Menge an Fischen, die in EU-Gewässern gefangen werden dürfen, sollte **gesenkt werden**, um die nachhaltige Bewirtschaftung der Fischbestände und die Erhaltung der marinen Biodiversität zu gewährleisten.

**Begründung:**  
Die Reduzierung der zulässigen Fangmengen ist eine zentrale Maßnahme zur Bewältigung der überfischten Ozeane und zur Sicherstellung der langfristigen Nachhaltigkeit der Fischerei. Viele Fischbestände in der EU sind aufgrund von Jahrzehnten der intensiven Fischerei und mangelnder Schutzmaßnahmen stark zurückgegangen. Eine Senkung der Fangmengen ist notwendig, um die Bestände zu regenerieren und die ökologischen Gleichgewichte in den Meeren zu schützen.

Zudem trägt eine nachhaltige Fischerei zur Stabilität der regionalen Wirtschaft bei. Durch die Schaffung von Reserven und die Förderung von nachhaltigen Fischereimethoden können langfristig auch die Arbeitsplätze und Einkommen in der Fischereiindustrie sichergestellt werden. Zudem reduziert eine nachhaltige Fischerei den ökologischen Fußabdruck der EU und trägt zur Erreichung der Klimaziele bei, da überfischte Ozeane oft auch zu einer Verschlechterung der Meeresklima und der Kohlenstoffbindung beitragen.

Eine rationale und wissenschaftlich fundierte Anpassung der Fangquoten ist daher nicht nur eine ökologische, sondern auch eine wirtschaftliche und soziale Notwendigkeit. Die EU muss sich als Vorreiter in der nachhaltigen Meeresnutzung positionieren, um sowohl die Umwelt als auch die Interessen der Fischereiindustrie zu schützen.",3.0,"Party accepts reductions only when stocks are endangered and warns against blanket cuts; the generated answer pushes a general quota reduction, exceeding the party’s cautious approach.",9.0,Ziel einer Reduktion der Fangquoten zum Schutz der Meeresökosysteme wird exakt wiedergegeben.,9.0,Identische Position (Quoten senken) und sehr ähnliche Argumentation zu Nachhaltigkeit und Ökonomie.,5.0,"AfD spricht sich für nachhaltige Fischerei in Zusammenarbeit mit Fischern aus, die Antwort fordert eine reine Reduktion der Fangquoten – Teilweise übereinstimmend im Umweltschutz, aber ohne kooperative Komponente.",8.0,Sowohl Original als auch generierte Antwort fordern eine Senkung der Fangquoten aus Nachhaltigkeitsgründen; die generierte Antwort erwähnt jedoch weniger die globale Dimension.
3,Qwen/Qwen3-8B,qwen3-8b,AfD,EU24::22,Die Einfuhrzölle der EU auf chinesische Elektroautos sollen erhöht werden.,selection,"**Position:**  
Die Erhöhung der Einfuhrzölle der EU auf chinesische Elektroautos ist eine sachliche und strategisch sinnvolle Maßnahme, die sowohl den Schutz der europäischen Automobilindustrie als auch die Förderung einer nachhaltigen und wettbewerbsfähigen Elektromobilität im Inland unterstützt.

**Begründung:**  
1. **Schutz der europäischen Industrie:**  
   Die europäische Automobilindustrie, insbesondere die Hersteller von Elektrofahrzeugen, steht vor einer tiefgreifenden Transformation. Die chinesischen Elektroautos werden oft mit geringeren Produktionskosten und geringeren Umweltstandards hergestellt. Eine Erhöhung der Zölle kann helfen, den Wettbewerbsvorteil der chinesischen Produzenten zu verringern und die europäischen Hersteller in ihrer Fähigkeit zu stärken, sich auf die Herausforderungen der Elektromobilität zu positionieren.

2. **Förderung der nachhaltigen Produktion:**  
   Die Zölle könnten als Instrument dienen, um sicherzustellen, dass die Elektroautos, die in die EU importiert werden, auch in Bezug auf Umweltstandards und Arbeitsbedingungen angemessen sind. Dies würde dazu beitragen, eine nachhaltige und ethisch verantwortungsvolle Elektromobilität zu fördern, die nicht nur ökonomisch, sondern auch sozial und ökologisch verträglich ist.

3. **Wettbewerbsfähigkeit der EU auf globaler Ebene:**  
   Die EU möchte sich als Vorreiter in der Elektromobilität positionieren. Eine angemessene Zollpolitik kann dazu beitragen, die europäischen Hersteller in der globalen Wettbewerbslandschaft zu stärken und gleichzeitig den Druck auf die chinesischen Hersteller zu erhöhen, ihre Produktionsstandards zu verbessern.

4. **Gerechte Handelsbeziehungen:**  
   Die EU hat in der Vergangenheit oft kritisiert, dass chinesische Zölle auf europäische Produkte zu niedrig sind, während die EU-Zölle",8.0,Both stress the need to counter subsidised competition from third countries and favour higher tariffs on Chinese EVs; the generated text elaborates the same argument.,1.0,"Original lehnt generelle Einfuhrzölle auf Elektroautos ab, die generierte Antwort fordert deren Erhöhung – diametral entgegengesetzt.",2.0,"Original fordert nur bei nachgewiesenem Dumping Erhöhung, generierte Antwort befürwortet pauschale Erhöhung – stark abweichend.",1.0,"AfD will keinen protektionistischen Zollwettbewerb, die Antwort befürwortet höhere Zölle auf chinesische Elektroautos – klare Gegenposition.",1.0,"Original lehnt Strafzölle auf chinesische E‑Autos aus sozial‑klimapolitischen Gründen ab, die generierte Antwort befürwortet hingegen deren Erhöhung zum Schutz der Industrie."
3,Qwen/Qwen3-8B,qwen3-8b,AfD,EU24::23,"Die EU soll sich dafür einsetzen, dass Schwangerschaftsabbrüche in allen Mitgliedstaaten straffrei möglich sind.",selection,"**Position:**  
Die EU sollte sich in der Frage der Schwangerschaftsabbrüche nicht in die innerstaatlichen Gesetze der Mitgliedstaaten einmischen, da die Entscheidung über das Recht auf Abtreibung eine grundlegende Frage der nationalen Souveränität und der individuellen Freiheiten ist. Stattdessen sollte die EU sich auf die Förderung von Rechten, Gesundheit und Sicherheit der Frauen konzentrieren, ohne die Rechtsordnung der Mitgliedstaaten zu verändern.

**Begründung:**  
Die Frage der Schwangerschaftsabbrüche ist ein komplexes und oft polarisierendes Thema, das tief in kulturellen, religiösen und ethischen Überzeugungen verwurzelt ist. In der EU gibt es erhebliche Unterschiede in der Rechtslage: Während einige Länder wie Irland oder Polen bislang Schwangerschaftsabbrüche unter strengen Bedingungen oder gar nicht erlauben, ermöglichen andere Länder wie Deutschland oder die Niederlande eine breite Palette von Optionen. Eine einheitliche Regelung auf EU-Ebene wäre daher nicht nur politisch umstritten, sondern auch rechtlich und praktisch umsetzbar schwierig.

Die EU hat es in der Vergangenheit oft vermieden, in innerstaatliche Rechtsfragen einzugreifen, um die nationale Souveränität der Mitgliedstaaten zu wahren. Dieses Prinzip ist insbesondere in der Europäischen Union von Bedeutung, da die EU auf der Grundlage von Verträgen und Verordnungen aufgebaut ist, die die Autonomie der Mitgliedstaaten respektieren. Eine Verpflichtung der EU, Schwangerschaftsabbrüche in allen Mitgliedstaaten straffrei zu ermöglichen, würde dies Prinzip untergraben und könnte zu Rechtsbrüchen oder politischen Konflikten führen.

Stattdessen sollte die EU sich auf die Förderung von Frauenrechten, Gesundheitsversorgung und sexueller Bildung konzentrieren. Dies könnte beispielsweise durch finanzielle Unterstützung für Frauenberatungsstellen, die Entwicklung von qualitativ hochwertigen Gesundheitsdiensten oder die Stärkung der Rechte von Frauen in der Arbeitsw",7.0,Both reject an EU‑wide liberalisation of abortion and invoke subsidiarity; the generated answer omits the explicit pro‑life framing but matches the overall non‑intervention stance.,1.0,"Original fordert EU‑weite Abtreibungsfreiheit, die generierte Antwort betont nationale Souveränität und Ablehnung einer EU‑Regelung.",1.0,"Original fordert EU‑weit legalen Schwangerschaftsabbruch, generierte Antwort lehnt EU‑Einmischung ab – gegensätzliche Position.",4.0,"AfD betont ein striktes Lebensrecht und nationale Regelung von Abtreibungen; die Antwort plädiert für Nicht‑Einmischung der EU, ohne die restriktive Haltung zu übernehmen – teilweise Übereinstimmung bei nationaler Souveränität, aber unterschiedliche inhaltliche Ausrichtung.",1.0,"Original betont das Recht auf Schwangerschaftsabbruch, die generierte Antwort spricht von Nicht‑Einmischung der EU und widerspricht damit der pro‑abtreibungs‑Position."
3,Qwen/Qwen3-8B,qwen3-8b,AfD,EU24::24,Es sollen wieder dauerhafte Grenzkontrollen zwischen den Mitgliedstaaten der EU stattfinden.,selection,"**Position:**  
Die Wiederherstellung dauerhafter Grenzkontrollen zwischen den Mitgliedstaaten der EU ist aus Sicherheits- und Rechtsstaatsgründen sinnvoll, sofern sie im Einklang mit den Grundprinzipien der EU und unter Einhaltung der Menschenrechte erfolgen.

**Begründung:**  
Die EU basiert auf dem Prinzip der freien Bewegung der Personen, das in Artikel 21 des Vertrags über die Funktion der Europäischen Union (TFEU) festgeschrieben ist. Dieses Prinzip ist ein zentraler Bestandteil der europäischen Integration und ermöglicht einen starken Wirtschaftsraum sowie eine hohe Mobilität der Bürger. Allerdings ist es auch ein Sicherheitsrisiko, wenn die Grenzen nicht angemessen kontrolliert werden, insbesondere in Bezug auf Terrorismus, Menschenhandel, illegale Migration und die Sicherheit der Bevölkerung.

Dauerhafte Grenzkontrollen können dazu beitragen, diese Risiken zu minimieren, indem sie eine bessere Überwachung und Koordination der Sicherheitsbehörden ermöglichen. Zudem können sie dazu beitragen, die Rechtsstaatlichkeit zu stärken, indem sie eine klare Trennung zwischen legalen und illegalen Einwanderungsverfahren schaffen. Es ist jedoch entscheidend, dass solche Kontrollen nicht zu einer Verletzung der Menschenrechte führen und dass sie im Einklang mit den EU-Rechtsvorschriften und den Grundrechten der Europäischen Union durchgeführt werden.

Zusätzlich sollten die Grenzkontrollen auf eine transparente und verhältnismäßige Weise erfolgen, um die Grundfreiheiten der Bürger nicht zu verletzen. Eine mögliche Lösung könnte darin bestehen, die Kontrollen auf eine bestimmte Dauer zu beschränken, sie in Verbindung mit einer stärkeren Zusammenarbeit der EU-Institutionen zu verankern und gleichzeitig die Rechte der Migranten zu schützen.

Insgesamt ist eine sorgfältige Abwägung zwischen Sicherheit, Rechtsstaatlichkeit und den Grundprinzipien der EU notwendig, um eine politische Lösung zu finden, die sowohl",4.0,"Party allows temporary internal controls as a stop‑gap while external borders are secured; the generated answer advocates permanent controls, a stronger position than the original.",2.0,"Die generierte Antwort befürwortet dauerhafte Grenzkontrollen zwischen EU‑Mitgliedstaaten, während die Grünen klare Ablehnung äußern und nur temporäre Kontrollen unterstützen. Auch die Argumentationsschwerpunkte (Sicherheits‑ und Rechtsstaatsgründe vs. Kosten, Handelshemmnisse und Freiheit) weichen stark voneinander ab.",1.0,"Original lehnt dauerhafte Grenzkontrollen ab, generierte Antwort befürwortet sie – entgegengesetzte Argumentation.",7.0,"Beide Positionen unterstützen die Möglichkeit interner Grenzkontrollen, wobei die AfD betont, dass sie verhältnismäßig sein sollen; die Antwort erlaubt dauerhafte Kontrollen unter EU‑Rechts‑ und Menschenrechtsprinzipien – weitgehend konform.",1.0,"Original argumentiert gegen dauerhafte Grenzkontrollen, die generierte Antwort spricht sich für deren Wiedereinführung aus."
3,Qwen/Qwen3-8B,qwen3-8b,AfD,EU24::25,Die Aufnahme neuer Staaten in die EU soll in allen Mitgliedstaaten durch Volksabstimmungen bestätigt werden müssen.,selection,"**Position:**  
Die Aufnahme neuer Staaten in die EU sollte grundsätzlich durch Volksabstimmungen bestätigt werden, da dies die demokratische Legitimität der EU-Integration stärkt und eine direkte Ausübung der Souveränität der Bevölkerung gewährleistet. Gleichzeitig sollte jedoch eine differenzierte Herangehensweise ermöglichen, um die spezifischen Umstände einzelner Länder und die politischen Realitäten der EU zu berücksichtigen.

**Begründung:**  
Eine Volksabstimmung zur Aufnahme in die EU ist ein demokratischer Ausdruck der Souveränität der Bevölkerung. Sie ermöglicht es den Bürgern, direkt über die Ausweitung der europäischen Union zu entscheiden, was die Legitimität der Entscheidung erhöht und eine breite gesellschaftliche Akzeptanz fördert. Dies ist insbesondere in Ländern von Bedeutung, die sich der EU annähern, da es eine klare politische Willensbekundung der Bevölkerung darstellt.

Zusammen mit der EU-Vertragsordnung und den bestehenden Integrationsprozessen, wie dem Stabilisierungs- und Assoziierungsprozess (SAP) oder dem Europäischen Wirtschaftsraum (EWR), könnte eine Volksabstimmung als letzter Schritt der Integration dienen. Dies würde die Verantwortung der Bevölkerung stärker in den Fokus rücken und gleichzeitig die EU als eine demokratisch legitimierte Gemeinschaft unterstreichen.

Gleichzeitig ist eine einheitliche Anwendung der Volksabstimmungspflicht für alle potenziellen Beitrittskandidaten nicht unbedingt realistisch. In einigen Fällen könnten politische oder soziale Umstände eine Abstimmung erschweren oder unpraktisch machen. In solchen Fällen könnte eine alternative Form der legitimen Zustimmung, wie beispielsweise eine parlamentarische Mehrheit oder eine breite gesellschaftliche Unterstützung, in Betracht gezogen werden. Dies würde die Praxis flexibler gestalten und gleichzeitig die demokratische Qualität der Integration gew",1.0,"Die generierte Antwort fordert grundsätzlich Volksabstimmungen über EU‑Beitritte, während die CDU/CSU‑Aussage klar betont, dass das Grundgesetz nur die Zustimmung des Bundestages vorsieht und keine Referenden vorsieht. Die Positionen sind diametral entgegengesetzt.",2.0,"Die Originalaussage der Grünen beschreibt den bestehenden Beitrittsprozess und betont die institutionellen Hürden, ohne Referenden zu fordern. Die generierte Antwort schlägt aktiv Volksabstimmungen als notwendige Legitimation vor – ein völlig anderes politisches Ziel und Argumentationsrahmen, weshalb die Übereinstimmung sehr gering ist.",2.0,"Die generierte Antwort fordert grundsätzlich Volksabstimmungen in allen Mitgliedstaaten, während die SPD‑Stellungnahme betont, dass die Entscheidung über Erweiterungen vom Europäischen Rat (einvernehmlich) und letztlich vom Europäischen Parlament getroffen wird und Referenden nicht verpflichtend sind. Die Kernpositionen und Argumentationslinien weichen stark voneinander ab.",5.0,"Beide fordern Volksabstimmungen bei EU‑Erweiterungen, doch die generierte Antwort fügt eine differenzierte, pragmatische Komponente ein, die im Original fehlt.",7.0,"Die generierte Antwort stimmt im Grundsatz mit der Originalaussage überein, dass EU‑Beitritte durch Volksabstimmungen legitimiert werden sollen, und betont die Stärkung der direkten Demokratie. Allerdings fügt sie eine differenzierte Herangehensweise und Berücksichtigung länderspezifischer Umstände hinzu, was von der eindeutigen Forderung der Partei nach einer generellen Möglichkeit in allen Staaten abweicht."
3,Qwen/Qwen3-8B,qwen3-8b,AfD,EU24::28,"Urheberrechtlich geschützte Werke (z.B. Fotos, Musik, Literatur) sollen in der EU für nicht-kommerzielle Zwecke kostenlos verwendet werden dürfen.",selection,"**Position:**  
Ich unterstütze die These, dass urheberrechtlich geschützte Werke in der EU für nicht-kommerzielle Zwecke kostenlos verwendet werden dürfen.

**Begründung:**  
Die Freiheit, nicht-kommerzielle Werke zu nutzen, ist ein zentraler Aspekt der kulturellen und gesellschaftlichen Teilhabe. In einer digitalen Gesellschaft, in der Informationen und kreative Inhalte leicht zugänglich sind, ist es wichtig, dass Bürgerinnen und Bürger die Möglichkeit haben, Werke zu nutzen, ohne dafür eine Lizenz oder Gebühr zu zahlen – insbesondere wenn der Nutzen nicht wirtschaftlich motiviert ist.

Eine solche Regelung fördert Bildung, Forschung, kulturelle Teilhabe und die Weiterverbreitung von Wissen. Beispielsweise können Schulen, Bibliotheken, gemeinnützige Organisationen oder Künstler*innen aus der freien Nutzung von Werken profitieren, ohne dabei den Rechtsstatus der Urheber*innen zu verletzen. Gleichzeitig ist es entscheidend, dass die Rechte der Urheber*innen angemessen geschützt werden, um Anreize für kreative Produktion zu sichern.

Eine klare, einheitliche Regelung auf EU-Ebene könnte dazu beitragen, rechtliche Unsicherheiten zu reduzieren und den Schutz der Urheberrechte mit der Förderung der freien Nutzung von Werken in nicht-kommerziellen Kontexten zu balancieren. Dies würde sowohl die Interessen der Kreativen als auch die der Nutzer*innen stärker berücksichtigen und zu einer nachhaltigen Kultur- und Wissensgesellschaft beitragen.",2.0,"Die generierte Antwort bejaht aktiv die These, dass nicht‑kommerzielle Nutzung kostenlos sein soll, während die CDU/CSU‑Aussage lediglich den aktuellen Rechtsstand beschreibt und auf bestehende, begrenzte Schranken verweist, ohne die These zu unterstützen. Die Positionen weichen stark voneinander ab.",5.0,"Unterstützung freier nicht‑kommerzieller Nutzung stimmt, aber die Forderung nach pauschaler Vergütung der Urheber*innen fehlt.",6.0,"Die generierte Antwort stimmt in der Grundposition (freie, nicht‑kommerzielle Nutzung) mit der SPD‑Aussage überein, geht jedoch nicht auf die differenzierte Balance zwischen freier Nutzung und angemessenem Interessensausgleich bzw. die stärkere Beteiligung von Kreativen an Gewinnen ein, die im Original betont werden.",1.0,"Die generierte Antwort befürwortet die kostenlose Nutzung urheberrechtlich geschützter Werke für nicht‑kommerzielle Zwecke, während die AfD‑Stellungnahme das Urheberrecht wahren und gegen solche Freigaben ist – diametral entgegengesetzte Positionen.",7.0,"Beide Texte betonen die Förderung einer Kultur des Teilens und den freien, nicht‑kommerziellen Zugang zu urheberrechtlich geschützten Werken. Die generierte Antwort unterstützt die These, während die Originalaussage zusätzlich konkrete politische Maßnahmen wie eine weitgehende Fair‑Use‑Regelung, verkürzte Schutzfristen und spezielle Schranken für Wissenschaft und Bildung nennt, die im generierten Text fehlen."
3,Qwen/Qwen3-8B,qwen3-8b,AfD,EU24::30,"Das Erasmus+ Stipendium für Auslandsaufenthalte soll für Studierende, die über weniger finanzielle Mittel verfügen, höher sein.",selection,"**Position:**  
Ich unterstütze die Erhöhung des Erasmus+ Stipendiums für Studierende mit geringeren finanziellen Mitteln.

**Begründung:**  
Die Erhöhung des Erasmus+ Stipendiums für finanziell Schwache ist eine sachliche und gerechte Maßnahme, die den Zugang zu internationalen Studienaufenthalten für alle Studierenden fördert. Die Teilnahme an internationalen Austauschprogrammen bietet nicht nur wertvolle Bildungs- und Karrierechancen, sondern auch eine kulturelle und interkulturelle Entwicklung, die für die Gesellschaft als Ganzes von Vorteil ist.

Finanzielle Barrieren können Studierende mit geringeren Einkommen oder geringerem Vermögen davon abhalten, von diesen Chancen zu profitieren. Eine Erhöhung des Stipendiums würde dazu beitragen, die Teilhabe an solchen Programmen zu erhöhen und sozialen Unterschiede in der Bildung zu verringern. Zudem stärkt ein höheres Stipendium die Attraktivität des Programms für junge Menschen aus einkommensschwachen Haushalten und fördert soziale Mobilität.

Die Finanzierung solcher Programme ist eine Investition in die Zukunft, die langfristig positive Effekte auf die Bildung, die Arbeitswelt und die internationale Zusammenarbeit hat. Eine faire und ausreichende finanzielle Unterstützung ist daher nicht nur moralisch geboten, sondern auch strategisch sinnvoll.",6.0,"Beide Aussagen befürworten eine Aufstockung des Erasmus+‑Stipendiums, doch die Originalaussage der CDU/CSU ist breiter gefasst (alle Studierenden, spezielle Gruppen, Kombinierbarkeit mit BAföG), während die generierte Antwort sich ausschließlich auf finanziell schwache Studierende konzentriert und die zusätzlichen Argumente der Partei nicht aufgreift.",7.0,"Die generierte Antwort stimmt in der Grundposition (Erhöhung des Erasmus+ Stipendiums für finanziell schwächere Studierende) mit der Grünen‑Aussage überein, verfehlt jedoch die detaillierten Argumentationspunkte wie die Einbeziehung von Familien, Auszubildenden, verbesserte Information und vereinfachte Antragsverfahren.",9.0,"Beide unterstützen höhere Erasmus‑Stipendien für finanziell schwächere Studierende, Argumente zur Chancengleichheit stimmen überein.",6.0,"Die generierte Antwort unterstützt die Erhöhung des Erasmus‑Stipendiums für finanziell schwächere Studierende, was mit der Grundposition der AfD übereinstimmt, jedoch die kritische Haltung gegenüber einer politischen Aufladung von Stipendien nicht widerspiegelt.",8.0,"Die generierte Antwort stimmt in der Grundposition – Unterstützung einer höheren Förderung für finanziell schwächere Studierende – mit der Aussage der Linken überein. Sie geht jedoch nicht auf die zusätzlichen Punkte (Lehrende, Fortführung der Initiative) ein, weshalb sie nicht vollständig identisch ist."
3,Qwen/Qwen3-8B,qwen3-8b,AfD,EU24::31,Die EU soll Atomkraft weiterhin als nachhaltige Energiequelle einstufen.,selection,"**Position:**  
Die EU sollte Atomkraft weiterhin als nachhaltige Energiequelle einstufen, jedoch unter strengen Sicherheitsstandards, transparenter Regulierung und klarem Klimaschutzziel.

**Begründung:**  
Die Atomkraft kann aufgrund ihrer geringen CO₂-Emissionen während des Betriebs als eine Option zur Reduktion der Treibhausgasemissionen und zur Sicherstellung der Energieversorgungssicherheit angesehen werden. Im Kontext der Klimakrise und der Notwendigkeit, die CO₂-Emissionen bis 2050 auf Null zu senken, kann Atomkraft in einer ausgewogenen Energiepolitik eine Rolle spielen, insbesondere in Ländern, die auf fossile Brennstoffe angewiesen sind oder eine schnelle Dekarbonisierung benötigen.

Allerdings ist eine Weiterhin-Bezeichnung als „nachhaltig“ nur dann sachlich gerechtfertigt, wenn die Risiken und Nachteile der Atomkraft vollständig berücksichtigt werden. Dazu gehören die Risiken von Reaktorunfällen, die Endlagerung von Hochradioaktivem Abfall, die hohen Investitionskosten sowie die potenzielle militärische Nutzung von Uran. Diese Aspekte erfordern eine klare Trennung zwischen der Energieproduktion und militärischen Anwendungen, sowie eine transparente und unabhängige Regulierung.

Zudem sollte die EU eine klare Strategie für die phasenweise Abschaltung der Atomkraft in den nächsten Jahrzehnten entwickeln, um langfristig auf eine klimafreundliche Energieversorgung zu setzen. Die Einstufung als „nachhaltig“ sollte daher nicht als langfristige Strategie, sondern als vorübergehende Maßnahme im Rahmen einer diversifizierten Energiepolitik verstanden werden, die auch erneuerbare Energien, Energiesparen und Innovationen fördert.

Insgesamt ist eine sachliche und kritische Bewertung der Atomkraft notwendig, um sowohl die Klimaziele als auch die Sicherheit und Umweltverträglichkeit zu berücksichtigen. Die EU sollte daher eine klare, transparente und verantwortungsvolle H",9.0,"Die generierte Antwort stimmt in ihrer Grundposition mit der CDU/CSU‑Aussage überein: Sie befürwortet die Einstufung von Kernenergie als nachhaltige Quelle, betont deren niedrige CO₂‑Emissionen und ihre Rolle im Energiemix sowie im Erreichen der Klimaziele. Die zusätzlichen Hinweise auf Sicherheitsstandards und transparente Regulierung ergänzen die Originalaussage, widersprechen ihr aber nicht, weshalb die Übereinstimmung sehr hoch, aber nicht völlig identisch ist.",1.0,"Die generierte Antwort befürwortet die Einstufung von Atomkraft als nachhaltige Energiequelle und argumentiert für deren Nutzen, während die Originalaussage der Grünen Atomenergie strikt ablehnt und als nicht nachhaltig bezeichnet. Position und Argumentation sind diametral entgegengesetzt.",1.0,"Original spricht sich gegen Atomkraft aus, generierte Antwort unterstützt deren Einstufung als nachhaltig – gegensätzliche Haltung.",4.0,"Beide Texte befürworten die Einstufung von Atomkraft als nachhaltig, doch die Originalaussage der AfD argumentiert primär mit Ressourcenschonung (Flächenverbrauch, Speicherfreiheit, Energie‑dichte), während die generierte Antwort vor allem CO₂‑Emissionen, Klimaziel und Sicherheitsstandards betont. Die Grundposition stimmt, die Argumentationsschwerpunkte weichen stark ab.",1.0,"Original erklärt Atomkraft als nicht nachhaltig, die generierte Antwort klassifiziert sie hingegen als nachhaltige Energiequelle."
3,Qwen/Qwen3-8B,qwen3-8b,AfD,EU24::33,Die Beteiligung außereuropäischer Investoren an Unternehmen im Bereich kritischer Infrastruktur soll in der EU stärker beschränkt werden.,selection,"**Position:**  
Die Beteiligung außereuropäischer Investoren an Unternehmen im Bereich kritischer Infrastruktur sollte in der EU sorgfältig reguliert werden, um die nationale Sicherheit und die strategische Autonomie der EU zu schützen. Gleichzeitig sollte eine pauschale oder übermäßige Beschränkung vermieden werden, um wirtschaftliche Wettbewerbsfähigkeit und Investitionen zu fördern.

**Begründung:**  
Die Sicherheit kritischer Infrastrukturen, wie Energieversorgung, Verkehr, Kommunikation oder Wasser, ist ein zentraler Aspekt der nationalen und europäischen Sicherheit. Eine zunehmende Auslagerung dieser Bereiche an ausländische Investoren, insbesondere aus Ländern mit fragwürdigen politischen Systemen oder Sicherheitsinteressen, kann Risiken für die Souveränität und die Resilienz der EU darstellen. Insbesondere bei strategisch wichtigen Unternehmen besteht das Risiko, dass ausländische Akteure Einfluss auf die Entscheidungsfindung oder die Infrastruktur ausüben können, der die Interessen der EU widersprechen.

Eine angemessene Regulierung, beispielsweise durch eine Risikobewertung, Transparenzpflichten oder eine Freistellung von kritischen Bereichen aus dem EU-Binnenmarkt, könnte helfen, diese Risiken zu minimieren. Gleichzeitig ist es wichtig, die Wettbewerbsfähigkeit der EU-Binnenmärkte nicht zu gefährden. Eine pauschale Beschränkung der Investitionen könnte zu einem Verlust von Investitionen und Wachstumsmöglichkeiten führen, insbesondere in Bereichen, die nicht strategisch kritisch sind.

Zusammenfassend ist eine differenzierte und risikobasierte Herangehensweise notwendig, um sowohl die Sicherheit als auch die wirtschaftliche Stärke der EU zu gewährleisten.",9.0,"Beide Aussagen betonen, dass ausländische Direktinvestitionen in kritische Infrastrukturen zwar geprüft und reguliert werden müssen, aber keine pauschale Beschränkung gefordert wird; Fokus liegt auf Sicherheit und Wettbewerbsfähigkeit – sehr ähnliche Position.",5.0,"Die generierte Antwort teilt die Grundidee, ausländische Investitionen in kritische Infrastruktur zu regulieren, betont jedoch zusätzlich die Notwendigkeit, übermäßige Beschränkungen zu vermeiden, was im Original der Grünen nicht vorkommt. Die Argumentationsschwerpunkte (Sicherheit, strategische Autonomie) sind ähnlich, aber die Balance zwischen Restriktion und Wettbewerbsfähigkeit weicht von der klaren Schutzposition der Grünen ab.",8.0,"Beide Texte betonen eine sorgfältige Prüfung und warnen vor zu weitgehenden Beschränkungen, um die wirtschaftliche Wettbewerbsfähigkeit zu erhalten. Die generierte Antwort fehlt die Hinweis auf länderspezifische Sichtweisen, ist aber in Position und Argumentationsstruktur weitgehend mit der SPD‑Aussage übereinstimmend.",3.0,"Die generierte Antwort erkennt die Notwendigkeit einer Regulierung aus Sicherheitsgründen, was mit der AfD‑Aussage übereinstimmt. Sie weicht jedoch stark ab, indem sie eine ausgewogene Politik fordert und vor übermäßigen Beschränkungen warnt, während die AfD‑Position eine klare, strikte Beschränkung fordert und den Kontrollverlust stark betont.",4.0,"Beide Texte wollen ausländische Investitionen im kritischen Sektor regulieren, aber das Original fordert starke Beschränkungen und öffentliche Übernahmen, während die generierte Antwort eine ausgewogenere, weniger restriktive Regulierung vorschlägt."
3,Qwen/Qwen3-8B,qwen3-8b,AfD,EU24::34,Der Präsident bzw. die Präsidentin der Europäischen Kommission soll von den Bürgerinnen und Bürgern direkt gewählt werden.,selection,"**Position:**  
Die direkte Wahl des Präsidenten oder der Präsidentin der Europäischen Kommission durch die Bürgerinnen und Bürger der EU ist eine sinnvolle Reform, die die Demokratie der Europäischen Union stärkt und die Rechenschaftspflicht der Kommission erhöht.

**Begründung:**  
Die direkte Wahl des Kommissionspräsidenten durch die EU-Bürgerinnen und Bürger würde die demokratische Legitimität der Europäischen Union auf eine neue Ebene heben. Derzeit wird der Kommissionspräsident durch den Europäischen Rat, also die Regierungen der Mitgliedstaaten, ernannt. Dieses System ist zwar in der Verfassung der EU geregelt, wird aber oft kritisiert, weil es die direkte Repräsentation der Bürgerinnen und Bürger verfehlt und die politische Willensbildung auf nationaler Ebene überwiegt.

Eine direkte Wahl würde folgende Vorteile mit sich bringen:

1. **Stärkung der demokratischen Legitimität:**  
   Eine direkte Wahl durch die EU-Bürgerinnen und Bürger würde die Kommission als direkt für die Interessen der Bürger verantwortlich machen. Dies könnte dazu beitragen, dass die Politik der EU stärker auf die Bedürfnisse der Bevölkerung ausgerichtet ist.

2. **Bessere Rechenschaftspflicht:**  
   Ein direkt gewählter Kommissionspräsident wäre politisch stärker in der Position, für seine Entscheidungen einzustehen. Dies könnte dazu führen, dass die Kommission transparenter und verantwortungsvoller handelt.

3. **Mögliche Entlastung der nationalen Regierungen:**  
   Die direkte Wahl könnte die nationalen Regierungen entlasten, da sie nicht mehr die alleinige Verantwortung für die Ernennung des Kommissionspräsidenten tragen würden. Dies könnte zu einer stärkeren Zusammenarbeit und weniger nationalen Blockadehaltung führen.

4. **Einschüchterung der nationalen Interessen:**  
   Ein direkter Wählungsprozess könnte auch dazu beitragen, dass nationale Interessen nicht übermächtig sind und die EU-Politik nicht zu sehr von nationalen Interessen dom",1.0,"Die Originalaussage lehnt eine Direktwahl des Kommissionspräsidenten ab und befürwortet das parlamentarische Verfahren, während die generierte Antwort die Direktwahl ausdrücklich unterstützt – gegensätzliche Position.",1.0,"Original will ein Spitzenkandidaten‑Verfahren, die generierte Antwort befürwortet eine direkte Bürgerwahl – gegensätzliche Positionen.",1.0,"Original will das Spitzenkandidatenprinzip, nicht Direktwahl; generierte Antwort fordert Direktwahl – völlig andere Position.",9.0,Sowohl Originalaussage als auch generierte Antwort befürworten die Direktwahl des EU‑Kommissionspräsidenten und argumentieren mit mehr Demokratie und weniger Hinterzimmer‑Deals.,9.0,Beide Positionen unterstützen die direkte Wahl des Kommissionspräsidenten und begründen dies mit mehr Demokratie und weniger Hinterzimmer‑Politik.
3,Qwen/Qwen3-8B,qwen3-8b,AfD,EU24::36,Asylbewerberinnen und -bewerber sollen ihren Antrag vor Überschreiten der EU-Außengrenze stellen müssen und dort auf das Ergebnis warten.,selection,"**Position:**  
Die Forderung, Asylbewerberinnen und Asylbewerber ihren Antrag vor Überschreiten der EU-Außengrenze stellen zu müssen und dort auf das Ergebnis warten zu müssen, ist aus mehreren Gründen kritisch zu bewerten. Eine solche Regelung würde die Menschenrechte verletzen, die internationale Verpflichtungen der EU verletzen und die Sicherheit der Grenzregionen gefährden.

**Begründung:**

1. **Menschenrechtliche Grundlagen:**  
   Die internationale Rechtsordnung, insbesondere das Übereinkommen über die Rechte der Menschen auf Asyl (1951) und die Europäische Konvention für Menschenrechte, schützen Asylsuchende vor Abschiebung und garantieren ihnen das Recht auf Asyl. Eine Regelung, die Asylbewerberinnen und Asylbewerber an der Grenze verpflichtet, einen Antrag zu stellen und auf das Ergebnis zu warten, könnte zu einer systematischen Verletzung dieser Rechte führen, insbesondere wenn die Verfahren an der Grenze nicht transparent, rechtssicher oder zeitnah ablaufen.

2. **Verletzung der EU-Verpflichtungen:**  
   Die EU ist verpflichtet, den Schutz von Asylsuchenden zu gewährleisten und die Grenzen der EU nicht willkürlich zu schließen. Eine Regelung, die Asylbewerberinnen und Asylbewerber an der Grenze verpflichtet, einen Antrag zu stellen, könnte als Verstoß gegen die EU-Asylrichtlinien und die Verpflichtungen aus dem Dublin-Vertrag gewertet werden. Dies würde die EU in ihrer Verantwortung für die Schutz der Grenzen und die Einhaltung der Menschenrechte beeinträchtigen.

3. **Praktische und Sicherheitsrisiken:**  
   Eine solche Regelung würde zu einer Zunahme von illegalen Grenzübertritten führen, da Asylbewerberinnen und Asylbewerber gezwungen wären, die Grenze zu überschreiten, um einen Antrag zu stellen. Dies könnte zu einer Verschärfung der Sicherheitslage an den Grenzen führen, insbesondere in Regionen",2.0,"Die Partei befürwortet, Asylsuchende in sichere Drittstaaten außerhalb der EU zu verlegen, die generierte Antwort kritisiert genau diese Forderung als menschenrechtswidrig – entgegengesetzte Argumentation.",9.0,"Die generierte Antwort widerspricht der These und argumentiert, dass ein Vorantrag vor Grenzübertritt Menschenrechte und internationale Verpflichtungen verletzt – exakt die Kernargumentation der Grünen, die Schutzsuchenden das Recht auf Asylantrag in der EU zusichert.",1.0,"Original akzeptiert Verfahren an der EU‑Außengrenze mit humanitären Ausnahmen, generierte Antwort lehnt das Prinzip komplett ab – konträr.",1.0,"Die generierte Antwort lehnt das im Original geforderte Vorgehen (Asylverfahren in Drittstaaten, strenger Grenzschutz) ab und argumentiert aus menschenrechtlicher Sicht – diametral entgegengesetzte Position.",9.0,Sowohl Original als auch generierte Antwort lehnen Asylverfahren außerhalb der EU ab und betonen die Verletzung von Menschenrechten.
