schema_version,model,model_short_name,steered_party_key,thesis_key,thesis,split,steered_response,sim_CDU_CSU,judge_rationale_CDU_CSU,sim_GRUENE,judge_rationale_GRUENE,sim_SPD,judge_rationale_SPD,sim_AfD,judge_rationale_AfD,sim_DIE_LINKE,judge_rationale_DIE_LINKE
3,meta-llama/Meta-Llama-3-8B-Instruct,meta-llama-3-8b-instruct,AfD,BT21::3,Bei Bundestagswahlen sollen auch Jugendliche ab 16 Jahren wählen dürfen.,selection,"Position:

Wir befürworten die Einführung eines reduzierten Wahlrechts für Jugendliche ab 16 Jahren bei Bundestagswahlen. Wir argumentieren, dass dies eine wichtige Schritt in Richtung einer stärkeren politischen Teilhabe und einer besseren Repräsentation junger Menschen in der Politik ist.

Begründung:

Die aktuelle Altersgrenze von 18 Jahren für das Wahlrecht bei Bundestagswahlen ist nicht mehr zeitgemäß. In Zeiten von digitaler Vernetzung, globalen Herausforderungen und politischen Veränderungen, die sich auf junge Menschen auswirken, ist es wichtig, dass sie sich auch stärker an der politischen Entscheidungsfindung beteiligen können. Durch die Einführung eines reduzierten Wahlrechts für Jugendliche ab 16 Jahren können junge Menschen bereits frühzeitig Erfahrungen im politischen Prozess sammeln und sich an der politischen Diskussion beteiligen.

Ein reduziertes Wahlrecht für Jugendliche ab 16 Jahren würde auch dazu beitragen, dass sie sich stärker an die politischen Prozesse in Deutschland binden und sich als aktive Bürgerinnen und Bürger engagieren. Dies könnte zu einer stärkeren politischen Mobilisierung junger Menschen führen und dazu beitragen, dass ihre Interessen und Bedürfnisse besser berücksichtigt werden.

Darüber hinaus würde die Einführung eines reduzierten Wahlrechts für Jugendliche ab 16 Jahren auch dazu beitragen, dass die politische Kultur in Deutschland verändert wird. Es würde dazu beitragen, dass politische Entscheidungen nicht mehr nur von älteren Menschen getroffen werden, sondern dass auch die Perspektiven und Erfahrungen junger Menschen berücksichtigt werden.

Es ist jedoch wichtig, dass die Einführung eines reduzierten Wahlrechts für Jugendliche ab 16 Jahren sorgfältig geplant und umgesetzt wird. Es ist notwendig, dass die politischen Parteien und die Gesellschaft sich auf die Bedürfnisse und Fähigkeiten junger Menschen einstellen und sicherstellen, dass sie die notwendigen Voraussetzungen für eine aktive politische Teilhabe haben.

Insgesamt befürworten wir die Einführung eines reduzierten",1.0,"Die generierte Antwort befürwortet das Wahlrecht ab 16, während die CDU/CSU das Wahlalter bei 18 belässt – gegensätzliche Positionen.",9.0,Beide befürworten das Wahlrecht ab 16 und betonen politische Teilhabe junger Menschen; Argumentationsschwerpunkte sind sehr ähnlich.,9.0,Beide Texte befürworten das Wahlrecht ab 16 und betonen die Notwendigkeit politischer Teilhabe junger Menschen; Argumentationsschwerpunkte sind weitgehend identisch.,1.0,"Die generierte Antwort befürwortet das Wahlrecht ab 16, während die AfD es strikt ablehnt – völlig entgegengesetzte Position und Argumentation.",9.0,Generated Position unterstützt das Wahlrecht ab 16 und argumentiert für stärkere Teilhabe – exakt wie die Originalaussage.
3,meta-llama/Meta-Llama-3-8B-Instruct,meta-llama-3-8b-instruct,AfD,BT21::4,Die Förderung von Windenergie soll beendet werden.,selection,"Position:

Die Förderung von Windenergie sollte nicht beendet werden, sondern vielmehr weiterhin gefördert und ausgebaut werden, um die Ziele der Klimapolitik und der Energiewende zu erreichen.

Begründung:

Die Förderung von Windenergie ist ein wichtiger Schritt in Richtung einer nachhaltigen Energieversorgung und einer Reduzierung der Treibhausgasemissionen. Windenergie ist eine erneuerbare Energiequelle, die keine endlichen Ressourcen verbraucht und keine negativen Auswirkungen auf die Umwelt hat. Im Gegensatz zu fossilen Energieträgern wie Kohle und Erdgas, die die Klimakrise verschärft haben, reduziert die Windenergie die CO2-Emissionen und unterstützt die Zielerreichung des Pariser Klimaabkommens.

Darüber hinaus hat die Windenergie in den letzten Jahren erheblich an Effizienz und Wirtschaftlichkeit gewonnen. Die Kosten für die Produktion von Windenergie haben sich reduziert, während die Effizienz der Anlagen gestiegen ist. Dies macht die Windenergie zu einer wirtschaftlich attraktiven Option für Unternehmen und Haushalte.

Die Beendigung der Förderung von Windenergie würde nicht nur die Klimapolitik behindern, sondern auch die Wirtschaft und die Arbeitsplätze in der Branche gefährden. Die Windindustrie ist ein wichtiger Wirtschaftszweig, der bereits Tausende von Arbeitsplätzen schafft und Milliarden von Euro in die Wirtschaft investiert.

Es ist auch wichtig zu beachten, dass die Förderung von Windenergie nicht nur auf die Errichtung neuer Anlagen abzielt, sondern auch auf die Modernisierung und Erneuerung bestehender Anlagen. Dies würde die Wirtschaftlichkeit und Effizienz der Windenergie weiter verbessern und die Treibhausgasemissionen weiter reduzieren.

Insgesamt ist die Förderung von Windenergie ein wichtiger Schritt in Richtung einer nachhaltigen Energieversorgung und einer Reduzierung der Treibhausgasemissionen. Es ist daher notwendig, die Förderung von Windenergie weiterhin zu fördern und ausz",9.0,Beide Aussagen unterstützen die Förderung und den Ausbau von Windenergie und führen ähnliche Klima‑ und Energieziel‑Argumente an.,9.0,"Kernposition (Weiterförderung von Windenergie) und Begründung (Klimaziele, Energiewende) stimmen überein, nur Detailnuancen unterscheiden sich.",8.0,"Die generierte Antwort stimmt mit der SPD‑Position überein, dass die Windenergie weiter gefördert werden soll, obwohl konkrete kommunale Maßnahmen fehlen.",1.0,"AfD kritisiert teure Energie und betont marktwirtschaftliche Rahmenbedingungen, die nicht explizit die Windförderung unterstützen; die Antwort fordert jedoch konsequent weitere Windförderung – gegensätzliche Haltung.",7.0,"Stimmt mit der grundsätzlichen Befürwortung von Windenergie überein, fehlt jedoch die regionale/kommunale Betonung der Originalaussage."
3,meta-llama/Meta-Llama-3-8B-Instruct,meta-llama-3-8b-instruct,AfD,BT21::6,Impfstoffe gegen Covid-19 sollen weiterhin durch Patente geschützt sein.,selection,"Position: Die Patente an Impfstoffen gegen Covid-19 sollten weiterhin geschützt werden, um die Forschung und Entwicklung neuer Impfstoffe zu fördern und die Verfügbarkeit von Impfstoffen zu sichern.

Begründung:

Die Covid-19-Pandemie hat die Welt in den letzten Jahren stark beeinträchtigt und hat die Notwendigkeit von Impfstoffen gegen das Virus unterstrichen. Die Entwicklung von Impfstoffen ist ein komplexer und aufwändiger Prozess, der von vielen Jahren Forschung und Entwicklung abhängt. Die Patente an Impfstoffen gegen Covid-19 dienen dazu, die Investitionen in die Forschung und Entwicklung zu sichern und die Entwickler zu motivieren, ihre Erfindungen zu schützen.

Die Schaffung von Patente an Impfstoffen gegen Covid-19 hat dazu beigetragen, dass die Forschung und Entwicklung von Impfstoffen beschleunigt wurde und dass die Verfügbarkeit von Impfstoffen verbessert wurde. Ohne Patente würden die Entwickler möglicherweise nicht genug investieren, um die Forschung und Entwicklung weiterzuführen, was die Verfügbarkeit von Impfstoffen und die Bekämpfung der Pandemie gefährden würde.

Darüber hinaus sind Patente an Impfstoffen gegen Covid-19 auch notwendig, um die Rechte der Entwickler zu schützen. Die Entwickler haben Jahre und Millionen von Dollar in die Forschung und Entwicklung investiert und haben ihre Erfindungen geschützt, um sie vor Kopien und Plagiaten zu schützen. Ohne Patente würden die Entwickler ihre Erfindungen nicht mehr schützen können und würden möglicherweise ihre Forschung und Entwicklung einstellen.

Insgesamt ist die Schaffung von Patente an Impfstoffen gegen Covid-19 notwendig, um die Forschung und Entwicklung zu fördern, die Verfügbarkeit von Impfstoffen zu sichern und die Rechte der Entwickler zu schützen.",8.0,"Die generierte Antwort stimmt mit der CDU/CSU‑Position zum Patentschutz überein und nutzt vergleichbare Argumente zu Forschung, Investitionen und Produktionskomplexität.",1.0,"Original fordert Lizenzvergabe/Patentsuspendierung, generierte Antwort will Patente schützen – gegensätzliche Position.",6.0,"Grundposition (Patentschutz) stimmt, aber die Originalaussage betont zusätzlich Lizenz‑ und Zwangslizenz‑Mechanismen, die im generierten Text fehlen.",9.0,Beide Positionen unterstützen den Erhalt von Patenten für Covid‑19‑Impfstoffe und begründen dies mit Innovationsförderung und Sicherung der Verfügbarkeit.,1.0,"Gegensätzliche Position: Original fordert offene Lizenzierung, generierte Antwort will Patente schützen."
3,meta-llama/Meta-Llama-3-8B-Instruct,meta-llama-3-8b-instruct,AfD,BT21::8,Alle Erwerbstätigen sollen in der gesetzlichen Rentenversicherung versichert sein müssen.,selection,"Position:

Wir fordern, dass alle Erwerbstätigen in der gesetzlichen Rentenversicherung versichert sein müssen, um eine sichere und nachhaltige Alterssicherung für alle Bürgerinnen und Bürger zu garantieren.

Begründung:

Die gesetzliche Rentenversicherung ist ein wichtiger Teil des deutschen Sozialsystems, der die Alterssicherung von Millionen von Menschen gewährleistet. Die aktuelle Situation, in der nicht alle Erwerbstätigen in der gesetzlichen Rentenversicherung versichert sind, führt zu einer Ungleichbehandlung und Unsicherheit für viele Menschen. Es ist notwendig, dass alle Erwerbstätigen, unabhängig von ihrer Branche, ihrer Einkommenshöhe oder ihrer Beschäftigungsdauer, in der gesetzlichen Rentenversicherung versichert sind.

Eine solche Regelung würde eine Vielzahl von Vorteilen bringen. Erstens würde sie zu einer besseren Verteilung der Lasten zwischen den Generationen führen, indem diejenigen, die länger arbeiten, auch länger rentenfinanziell unterstützt werden. Zweitens würde es zu einer besseren sozialen Integration von Menschen mit geringerem Einkommen oder in prekären Beschäftigungsverhältnissen führen, die sonst auf private Rentenversicherungen angewiesen wären. Drittens würde die gesetzliche Rentenversicherung als wichtiger Teil des Sozialsystems stabilisiert und nachhaltig gemacht werden, indem die Finanzierungssicherheit für die Zukunft gewährleistet wird.

Darüber hinaus würde eine solche Regelung auch zu einer besseren Wirtschafts- und Beschäftigungspolitik beitragen. Eine sichere Alterssicherung würde Menschen dazu ermutigen, sich länger in der Arbeit zu engagieren und sich auf langfristige Karriereziele zu konzentrieren, was zu einer besseren wirtschaftlichen Entwicklung und einer höheren Wirtschaftsleistung führen würde.

Insgesamt ist es notwendig, dass alle Erwerbstätigen in der gesetzlichen Rentenversicherung versichert sind, um eine sichere und nachhaltige Alterssicherung für alle Bürgerinnen und Bürger zu garant",1.0,"Die generierte Position fordert eine Versicherungspflicht, die CDU/CSU jedoch ablehnt und die Folgen kritisiert – diametral entgegengesetzt.",6.0,"Beide wollen eine umfassende gesetzliche Rentenversicherung, Original betont schrittweise Bürgerversicherung, generierte Antwort formuliert ein absolutes Muss.",9.0,Beide Formulierungen fordern eine Versicherung aller Erwerbstätigen in der gesetzlichen Rentenversicherung und begründen dies mit sozialer Sicherheit.,9.0,"Sowohl die Originalaussage als auch die generierte Antwort fordern, dass alle Erwerbstätigen in die gesetzliche Rentenversicherung einzahlen, mit ähnlichen Argumenten zur Finanzierbarkeit des Systems.",9.0,"Identische Forderung, alle Erwerbstätigen in die gesetzliche Rentenversicherung einzubeziehen, mit ähnlicher Begründung."
3,meta-llama/Meta-Llama-3-8B-Instruct,meta-llama-3-8b-instruct,AfD,BT21::10,"Auf den Umsatz, der in Deutschland mit digitalen Dienstleistungen erzielt wird, soll eine nationale Steuer erhoben werden.",selection,"Position:

Wir befürworten die Einführung einer nationalen Steuer auf den Umsatz, der in Deutschland mit digitalen Dienstleistungen erzielt wird. Wir sehen in dieser Maßnahme eine Möglichkeit, die wachsende digitale Wirtschaft in Deutschland zu stärken und die Finanzierung von öffentlichen Dienstleistungen und Investitionen zu sichern.

Begründung:

Die digitale Wirtschaft ist in Deutschland in den letzten Jahren rapide gewachsen und hat sich zu einem wichtigen Wirtschaftssektor entwickelt. Die Umsätze in diesem Bereich sind in den letzten Jahren um mehr als 20% gestiegen und werden in den kommenden Jahren weiterhin wachsen. Es ist jedoch zu beobachten, dass die meisten dieser Umsätze von ausländischen Unternehmen erzielt werden, die in Deutschland keine Steuern zahlen. Dies führt zu einer ungleichen Verteilung der Steuerlast und zu einer Beeinträchtigung der Finanzkraft des Staates.

Eine nationale Steuer auf den Umsatz mit digitalen Dienstleistungen würde dazu beitragen, diese Ungleichheit zu korrigieren und die Finanzkraft des Staates zu stärken. Die erzielten Einnahmen könnten für die Finanzierung von öffentlichen Dienstleistungen wie Bildung, Gesundheit und Infrastruktur verwendet werden. Darüber hinaus würde eine solche Steuer auch dazu beitragen, die Wettbewerbsfähigkeit deutscher Unternehmen in der digitalen Wirtschaft zu stärken, da sie auf eine faire Basis mit ausländischen Konkurrenten konkurrieren können.

Es ist jedoch wichtig, dass die Steuer so gestaltet wird, dass sie die Wettbewerbsfähigkeit deutscher Unternehmen nicht beeinträchtigt. Eine mögliche Lösung wäre eine reduzierte Steuer für kleine und mittelständische Unternehmen, die in Deutschland ansässig sind und ihre Umsätze in Deutschland erzielen. Große Unternehmen, die ihre Umsätze überwiegend ausländisch erzielen, sollten dagegen eine höhere Steuer zahlen.

Insgesamt sehen wir die Einführung einer nationalen Steuer auf den Umsatz mit digitalen Dienstleistungen als eine notwendige Ma",7.0,"Beide befürworten eine Besteuerung digitaler Unternehmen; die CDU/CSU betont die OECD‑Koordination, die generierte Antwort fokussiert auf nationale Umsetzung, bleibt aber inhaltlich nah.",8.0,"Ziel einer Besteuerung digitaler Dienste ist identisch; Original legt Wert auf Fairness und EU‑Koordination, generierte Antwort fokussiert auf Finanzierung und Wirtschaftsstärkung.",2.0,"Die SPD will eine globale Mindestbesteuerung auf Gewinne, nicht eine nationale Umsatzsteuer; die generierte Antwort schlägt Letzteres vor – gegensätzliche Position.",9.0,Beide Texte befürworten eine Digitalsteuer für große Tech‑Unternehmen und argumentieren mit Gerechtigkeit und Finanzierung öffentlicher Aufgaben.,8.0,"Beide befürworten eine digitale Dienstleistungssteuer; Argumentationsschwerpunkte (Steuervermeidung, Finanzierung) sind ähnlich."
3,meta-llama/Meta-Llama-3-8B-Instruct,meta-llama-3-8b-instruct,AfD,BT21::11,"Die traditionelle Familie aus Vater, Mutter und Kindern soll stärker als andere Lebensgemeinschaften gefördert werden.",selection,"Position:

Wir sollten die Vielfalt von Familienformen und Lebensgemeinschaften anerkennen und fördern, anstatt eine bestimmte Form der Familie als vorrangig zu betrachten. Eine solche Priorisierung kann zu Diskriminierung und Benachteiligung von Menschen in anderen Lebensgemeinschaften führen.

Begründung:

Die These, die traditionelle Familie aus Vater, Mutter und Kindern sollte stärker gefördert werden, ist eine retrospektive und homogene Vorstellung von Familie, die nicht mehr der Realität entspricht. Heute gibt es eine Vielzahl von Familienformen, wie beispielsweise Single-Eltern, Patchwork-Familien, LGBTQ+-Familien, Adoptivfamilien und viele mehr. Jede dieser Familienformen hat ihre eigenen Herausforderungen und Bedürfnisse, die es wert sind, anerkannt und unterstützt zu werden.

Eine Priorisierung der traditionellen Familie kann dazu führen, dass Menschen in anderen Lebensgemeinschaften benachteiligt werden. Dies kann zu Diskriminierung und Stigmatisierung von Menschen in nicht-traditionellen Familien führen, was ihre Rechte und Freiheiten beeinträchtigt. Es ist wichtig, dass alle Familienformen und Lebensgemeinschaften gleichermaßen anerkannt und unterstützt werden, um eine faire und inklusive Gesellschaft zu schaffen.

Darüber hinaus ist es wichtig zu beachten, dass die traditionelle Familie nicht die einzige Form der Familie ist, die eine gesunde und stabile Umgebung für Kinder bietet. Vielmehr gibt es viele andere Faktoren, die die Entwicklung von Kindern beeinflussen, wie beispielsweise die soziale und wirtschaftliche Situation der Eltern, die Bildung und die soziale Unterstützung.

Insgesamt ist es wichtig, dass wir die Vielfalt von Familienformen und Lebensgemeinschaften anerkennen und fördern, anstatt eine bestimmte Form der Familie als vorrangig zu betrachten. Dies kann dazu beitragen, eine faire und inklusive Gesellschaft zu schaffen, in der alle Menschen gleichermaßen anerkannt und unterstützt werden.",9.0,Sowohl Original als auch generierte Antwort lehnen eine Bevorzugung der traditionellen Familienform ab und betonen die Vielfalt von Familienformen.,9.0,Beide lehnen eine Bevorzugung der traditionellen Familie ab und betonen Gleichstellung aller Familienformen.,9.0,Beide Texte lehnen eine Bevorzugung der traditionellen Familie ab und betonen die Gleichstellung aller Familienformen.,1.0,"Die AfD betont die traditionelle Kernfamilie, während die Antwort die Vielfalt von Familienformen fördert – diametral entgegengesetzte Positionen.",9.0,"Kernbotschaft identisch: alle Familienformen sollen gleich behandelt werden, keine Bevorzugung der traditionellen Familie."
3,meta-llama/Meta-Llama-3-8B-Instruct,meta-llama-3-8b-instruct,AfD,BT21::13,Studentinnen und Studenten sollen BAföG unabhängig vom Einkommen ihrer Eltern erhalten.,selection,"Position:

Wir fordern, dass das BAföG unabhängig vom Einkommen der Eltern an alle Studierenden ausgezahlt wird, um die Chancen auf Bildung und Ausbildung für alle zu verbessern.

Begründung:

Das BAföG ist ein wichtiger Instrument zur Förderung der Bildung und Ausbildung von jungen Menschen in Deutschland. Es soll dazu beitragen, dass alle Menschen, unabhängig von ihrem sozialen Hintergrund, die Möglichkeit haben, ihre Ausbildung zu finanzieren und ihre Zukunft zu gestalten. Die aktuelle Regelung, dass das BAföG nur an Studierende ausgezahlt wird, wenn die Eltern ein bestimmtes Einkommen nicht überschreiten, ist jedoch diskriminierend und behindert die Chancen von Studierenden aus sozial schwächeren Familien.

Die unabhängige Auszahlung des BAföG würde dazu beitragen, dass alle Studierenden die gleichen Chancen auf Bildung und Ausbildung haben, unabhängig von ihrem sozialen Hintergrund. Es würde auch dazu beitragen, dass die Bildungschancen von Frauen und Minderheiten, die oft von sozialer Benachteiligung betroffen sind, verbessert werden. Zudem würde die unabhängige Auszahlung des BAföG dazu beitragen, dass die Bildungsexpansion und die Erhöhung der Bildungsbeteiligung in Deutschland vorangebracht werden kann.

Darüber hinaus würde die unabhängige Auszahlung des BAföG auch zu einer Verringerung der sozialen Ungleichheit in Deutschland beitragen. Die aktuelle Regelung führt dazu, dass Studierende aus sozial schwächeren Familien oft gezwungen sind, ihre Ausbildung zu unterbrechen oder zu beenden, wenn sie nicht genug Geld haben, um sich selbst zu unterstützen. Durch die unabhängige Auszahlung des BAföG würde dies verhindert und die Chancen auf Bildung und Ausbildung für alle Studierenden verbessert.

Insgesamt ist die unabhängige Auszahlung des BAföG ein wichtiger Schritt in Richtung einer gerechteren und chancengleichen Bildungspolitik in Deutschland. Es würde",1.0,"Die generierte Antwort fordert ein BAföG ohne Einkommensprüfung, während die CDU/CSU die Fortführung von Einkommens‑ und Vermögensprüfungen befürwortet.",9.0,"Ziel (elternunabhängiges BAföG) und Argumentation (Chancengleichheit, Grundsicherung) entsprechen dem Original sehr stark.",8.0,"Die generierte Antwort unterstützt ein elternunabhängiges BAföG, was mit der SPD‑Absicht zur Reform und Entlastung übereinstimmt, wenn auch weniger detailreich.",1.0,"AfD will BAföG leistungs‑ und bedarfsorientiert, die Antwort fordert ein bedingungsloses BAföG für alle – komplett gegensätzliche Haltung.",9.0,Vollständige Übereinstimmung in Position und Begründung für ein elternunabhängiges BAföG.
3,meta-llama/Meta-Llama-3-8B-Instruct,meta-llama-3-8b-instruct,AfD,BT21::16,"Die Ostsee-Pipeline ""Nord Stream 2"", die Gas von Russland nach Deutschland transportiert, soll wie geplant in Betrieb gehen dürfen.",selection,"Position:

Wir sollten die Ostsee-Pipeline ""Nord Stream 2"" wie geplant in Betrieb nehmen, da sie eine wichtige Quelle für die sichere und zuverlässige Energieversorgung Deutschlands und Europas darstellt.

Begründung:

Die Ostsee-Pipeline ""Nord Stream 2"" ist ein wichtiger Schritt zur Stabilisierung der Energieversorgung in Europa. Russland ist einer der größten Energieproduzenten der Welt und bietet Deutschland und Europa eine sichere und zuverlässige Energiequelle. Die Pipeline ermöglicht es, die Abhängigkeit von Erdgas aus anderen Regionen zu reduzieren und die Energieversorgung zu diversifizieren.

Darüber hinaus ist die Ostsee-Pipeline ""Nord Stream 2"" ein wichtiger Faktor für die wirtschaftliche Entwicklung Deutschlands und Europas. Die Pipeline wird die Energieversorgung sicherstellen und die Wirtschaftsentwicklung fördern. Die Energieversorgung ist ein wichtiger Faktor für die wirtschaftliche Entwicklung und die Pipeline wird dazu beitragen, die wirtschaftliche Entwicklung in Deutschland und Europa zu fördern.

Es ist auch wichtig zu beachten, dass die Ostsee-Pipeline ""Nord Stream 2"" eine wichtige Rolle bei der Reduzierung von CO2-Emissionen spielt. Die Pipeline ermöglicht es, die Energieversorgung zu diversifizieren und die Abhängigkeit von fossilen Brennstoffen zu reduzieren. Dies ist ein wichtiger Schritt in Richtung einer nachhaltigen Energiepolitik.

Insgesamt ist die Ostsee-Pipeline ""Nord Stream 2"" ein wichtiger Schritt für die sichere und zuverlässige Energieversorgung Deutschlands und Europas. Wir sollten die Pipeline wie geplant in Betrieb nehmen, um die Energieversorgung zu sichern und die wirtschaftliche Entwicklung zu fördern.",9.0,"Beide Positionen unterstützen Nord Stream 2 als Beitrag zur Versorgungssicherheit und betonen die Notwendigkeit, Missbrauch zu verhindern.",1.0,"Original spricht sich klar gegen Nord Stream 2 aus, generierte Antwort befürwortet die Inbetriebnahme – gegensätzliche Positionen.",1.0,"Die SPD verurteilt Russland und unterstützt Sanktionen, während die generierte Antwort die Inbetriebnahme von Nord Stream 2 befürwortet – komplett gegensätzliche Haltung.",9.0,Beide Positionen unterstützen den Ausbau von Nord Stream 2 und begründen dies mit günstiger und sicherer Energieversorgung.,1.0,"Komplett gegensätzliche Haltung: Original lehnt Nord Stream 2 ab, generierte Antwort befürwortet den Betrieb."
3,meta-llama/Meta-Llama-3-8B-Instruct,meta-llama-3-8b-instruct,AfD,BT21::18,Das Tragen eines Kopftuchs soll Beamtinnen im Dienst generell erlaubt sein.,selection,"Position:

Wir befürworten die generelle Erlaubnis des Kopftuchtragens für Beamtinnen im Dienst, da dies eine Frage der Religionsfreiheit und der Gleichbehandlung ist.

Begründung:

Die Religionsfreiheit ist ein grundlegendes Menschenrecht, das in Artikel 4 Absatz 1 des Grundgesetzes verankert ist. Dieses Recht schützt die Freiheit, seine religiösen Überzeugungen und Praktiken auszuüben, ohne von der Staatsgewalt behindert zu werden. Das Tragen eines Kopftuchs ist ein wichtiger Ausdruck religiöser Überzeugung und Praxis, insbesondere für Frauen, die sich zum Islam bekennen. Die Erlaubnis des Kopftuchtragens für Beamtinnen im Dienst würde somit die Religionsfreiheit und die Gleichbehandlung von Frauen und Männern in der Öffentlichkeit garantieren.

Darüber hinaus würde die Erlaubnis des Kopftuchtragens für Beamtinnen im Dienst auch die Integration von Frauen mit Migrationshintergrund fördern. Viele Frauen mit Migrationshintergrund tragen ein Kopftuch als Ausdruck ihrer kulturellen und religiösen Identität und sehen es als wichtigen Teil ihrer Selbstwahrnehmung. Die Erlaubnis des Kopftuchtragens würde ihnen die Möglichkeit geben, ihre religiösen und kulturellen Überzeugungen im öffentlichen Dienst auszudrücken und sich nicht zu verstecken oder zu verleugnen.

Es ist auch zu beachten, dass die Erlaubnis des Kopftuchtragens für Beamtinnen im Dienst nicht die Neutralität des Staates beeinträchtigen würde. Die Beamtinnen würden weiterhin verpflichtet sein, die Neutralität des Staates zu wahren und die Interessen des Staates zu vertreten. Das Tragen eines Kopftuchs würde keine Beeinträchtigung der Neutralität darstellen, da es sich um eine persönliche Entscheidung handelt, die nicht mit der Ausübung von Funktionen im öffentlichen Dienst in Konflikt steht.

Insgesamt ist die Erlaubnis des Kopftuchtragens für Beamtinnen im Dienst eine Frage der Religionsfreiheit, der Gleichbehand",1.0,"Die generierte Antwort spricht sich für ein generelles Kopftuchverbot aus, die CDU/CSU lehnt ein generelles Verbot ab und fordert Einzelfallprüfung.",9.0,Beide unterstützen das generelle Tragen des Kopftuchs für Beamtinnen und verweisen auf Religionsfreiheit.,2.0,"Die SPD erkennt mögliche Einschränkungen für Beamtinnen an, die generierte Antwort fordert uneingeschränkte Erlaubnis – widersprüchliche Position.",1.0,"AfD verbietet das Kopftuch im öffentlichen Dienst, die Antwort befürwortet es – völlig gegensätzliche Position.",9.0,Beide verteidigen das Recht auf Kopftuch im öffentlichen Dienst und berufen sich auf Religionsfreiheit.
3,meta-llama/Meta-Llama-3-8B-Instruct,meta-llama-3-8b-instruct,AfD,BT21::19,Die Zulassung von neuen Autos mit Verbrennungsmotor soll auch langfristig möglich sein.,selection,"Position:

Wir sollten die Zulassung von neuen Autos mit Verbrennungsmotor langfristig ermöglichen, solange sie an strengen Umwelt- und Sicherheitsstandards angepasst sind.

Begründung:

Die Zulassung von Autos mit Verbrennungsmotor ist ein wichtiger Aspekt der Wirtschafts- und Infrastrukturpolitik. Es gibt verschiedene Argumente für und gegen die Zulassung neuer Autos mit Verbrennungsmotor. Einige Argumente für die Zulassung sind:

* Die Automobilindustrie ist ein wichtiger Wirtschaftsfaktor in Deutschland und Europa, der viele Arbeitsplätze und Steuereinnahmen generiert.
* Die Zulassung von Autos mit Verbrennungsmotor kann dazu beitragen, die Mobilität und die wirtschaftliche Entwicklung in ländlichen und regionalen Gebieten zu fördern.
* Es gibt noch keine ausreichenden Alternativen für die Verbrennungsmotoren, insbesondere für Langstreckenfahrten und Lastwagen.

Andererseits gibt es auch Argumente gegen die Zulassung neuer Autos mit Verbrennungsmotor, wie:

* Die Verbrennungsmotoren sind ein wichtiger Faktor bei der Emission von Treibhausgasen und anderen Umweltbelastungen.
* Die Zulassung neuer Autos mit Verbrennungsmotor könnte die Umstellung auf alternative Antriebe wie Elektromotoren oder Hybridantriebe behindern.

Um diese Konflikte zu lösen, sollten wir die Zulassung von Autos mit Verbrennungsmotor langfristig ermöglichen, aber an strengen Umwelt- und Sicherheitsstandards angepasst sein. Dies könnte durch die Einführung von strengeren Emissionsnormen, die Förderung von Elektromobilität und die Entwicklung von sauberen Verbrennungsmotoren erreicht werden.

Insgesamt sollten wir die Zulassung von Autos mit Verbrennungsmotor langfristig ermöglichen, um die Wirtschaft und die Mobilität zu fördern, aber auch die Umwelt- und Sicherheitsbelange zu berücksichtigen.",2.0,"Die CDU/CSU will den Umstieg auf emissionsfreie Mobilität vorantreiben, während die generierte Antwort die langfristige Zulassung von Verbrennern befürwortet – nur schwache Übereinstimmung.",1.0,"Original fordert ein festes Ausstiegsdatum für Verbrennungsmotoren, generierte Antwort will deren Zulassung langfristig ermöglichen – entgegengesetzte Haltung.",1.0,Die SPD will den Verbrennungsmotor langfristig abschaffen und auf E‑Fahrzeuge umsteigen; die generierte Antwort unterstützt dessen fortbestehende Zulassung – gegensätzliche Sichtweise.,8.0,"Sowohl die AfD‑Aussage als auch die generierte Antwort wollen die Zulassung von Verbrennungsmotoren nicht verbieten und setzen auf Markt‑ bzw. Technologiefortschritt, wobei die Antwort zusätzlich Umweltstandards nennt.",1.0,"Entgegengesetzte Position: Original will Zulassung von Verbrennern ab 2030 stoppen, generierte Antwort will sie langfristig erlauben."
3,meta-llama/Meta-Llama-3-8B-Instruct,meta-llama-3-8b-instruct,AfD,BT21::20,Der Bund soll mehr Zuständigkeiten in der Schulpolitik erhalten.,selection,"Position:

Wir fordern eine stärkere Rolle des Bundes in der Schulpolitik, um eine bessere Koordinierung und Harmonisierung der Bildungspolitik auf Bundesebene zu erreichen. Dies soll dazu beitragen, dass die Bildungspolitik auf eine gemeinsame, nationale Agenda ausgerichtet wird und die bestehenden regionalen und kommunalen Unterschiede in der Bildungspolitik verringert werden.

Begründung:

Die Schulpolitik ist ein wichtiger Bereich, der die Zukunft von Millionen von Schülern und Studenten in Deutschland beeinflusst. Die derzeitige Situation, in der die Schulpolitik in erheblichem Maße von den Ländern und Kommunen bestimmt wird, führt zu einer Vielzahl von Unterschieden in der Bildungspolitik und -praxis. Dies kann zu einer Ungleichbehandlung von Schülern und Studenten führen, die in verschiedenen Regionen leben.

Ein stärkerer Bund in der Schulpolitik würde dazu beitragen, dass die Bildungspolitik auf eine gemeinsame, nationale Agenda ausgerichtet wird. Dies würde dazu beitragen, dass die Bildungspolitik auf eine bessere Koordinierung und Harmonisierung ausgerichtet wird und die bestehenden regionalen und kommunalen Unterschiede in der Bildungspolitik verringert werden.

Ein stärkerer Bund in der Schulpolitik würde auch dazu beitragen, dass die Bildungspolitik auf eine bessere Finanzierung ausgerichtet wird. Dies würde dazu beitragen, dass die Bildungsinstitutionen besser ausgestattet sind und die notwendigen Mittel für eine qualitativ hochwertige Bildung haben.

Darüber hinaus würde ein stärkerer Bund in der Schulpolitik dazu beitragen, dass die Bildungspolitik auf eine bessere Forschung und Entwicklung ausgerichtet wird. Dies würde dazu beitragen, dass die Bildungspolitik auf die neuesten Erkenntnisse und Entwicklungen in der Bildungsforschung ausgerichtet wird und die Bildungsinstitutionen besser auf die Bedürfnisse der Gesellschaft ausgerichtet sind.

Insgesamt würde ein stärkerer Bund in der Schulpolitik dazu beitragen,",3.0,Original betont geteilte Zuständigkeiten und keine klare Forderung nach mehr Bundeskompetenz; die generierte Antwort fordert aktiv stärkere Bundesrolle – nur das Ziel eines guten Bildungssystems stimmt.,3.0,"Der Originaltext betont ausreichende Landesfinanzierung und verfassungsrechtliche Zusammenarbeit, nicht eine stärkere Bundesrolle; die generierte Antwort fokussiert auf zentrale Bundeskompetenz, was nur teilweise übereinstimmt.",7.0,"Erfasst den Wunsch nach stärkerer Bundesbeteiligung, aber lässt Verfassungsänderung, Gleichwertigkeitsprinzip und konkrete Initiative aus.",1.0,Original AfD statement opposes federal centralisation in school policy; generated answer advocates stronger federal role – opposite positions.,7.0,"Both call for a stronger federal role in education, but the generated text omits the detailed financing and investment measures of the original."
3,meta-llama/Meta-Llama-3-8B-Instruct,meta-llama-3-8b-instruct,AfD,BT21::22,Chinesische Firmen sollen keine Aufträge für den Ausbau der Kommunikationsinfrastruktur in Deutschland erhalten dürfen.,selection,"Position:

Ich bin gegen die These, dass chinesische Firmen keine Aufträge für den Ausbau der Kommunikationsinfrastruktur in Deutschland erhalten dürfen. Stattdessen sollte die Vergabe von Aufträgen an chinesische Firmen sorgfältig und transparent überprüft werden, um sicherzustellen, dass sie den Anforderungen an die Sicherheit und Integrität der Kommunikationsinfrastruktur gerecht werden.

Begründung:

Die These, dass chinesische Firmen keine Aufträge für den Ausbau der Kommunikationsinfrastruktur in Deutschland erhalten dürfen, basiert auf der Annahme, dass chinesische Unternehmen aufgrund ihrer Verbindungen zur chinesischen Regierung und ihrer möglichen Verpflichtungen zur Überwachung und Kontrolle von Daten und Informationen eine Gefahr für die nationale Sicherheit und die Integrität der Kommunikationsinfrastruktur darstellen. Es ist jedoch wichtig zu beachten, dass dies keine allgemeingültige Aussage ist und dass es auch andere Faktoren wie die Qualität und die Zuverlässigkeit der Angebote, die Erfahrungen und Fähigkeiten der Unternehmen und die möglichen Vorteile für die deutsche Wirtschaft und Gesellschaft zu berücksichtigen sind.

Ein generelles Verbot von Aufträgen an chinesische Firmen würde möglicherweise zu einer Verdrängung von deutschen Unternehmen und zu einer Beeinträchtigung der Wettbewerbsfähigkeit auf dem Markt führen. Es ist auch zu beachten, dass die chinesische Regierung nicht automatisch eine Bedrohung für die nationale Sicherheit und die Integrität der Kommunikationsinfrastruktur darstellt, sondern dass es vielmehr auf die spezifischen Umstände und die Verbindungen zwischen den Unternehmen und der Regierung abzielt.

Es ist deshalb sinnvoller, die Vergabe von Aufträgen an chinesische Firmen sorgfältig und transparent zu überprüfen, um sicherzustellen, dass sie den Anforderungen an die Sicherheit und Integrität der Kommunikationsinfrastruktur gerecht werden. Dies kann durch die Einführung von strengen Sicherheitsstandards, die Überwachung von Datenflüssen und die Überprüfung von Verbindungen zwischen den Unternehmen und der",8.0,Beide Aussagen lehnen ein generelles Ausschließen chinesischer Anbieter ab und setzen auf Einzelfall‑Prüfung nach Sicherheitskriterien.,1.0,"Die Originalaussage lehnt chinesische Unternehmen in kritischer Infrastruktur ab, die generierte Antwort spricht sich dagegen aus und fordert nur sorgfältige Prüfung – diametral entgegengesetzte Position.",8.0,"Teilt die Ablehnung eines Verbots und betont Prüfungen zur Sicherheit, ähnlich der Vertrauenswürdigkeitsprüfung der SPD.",1.0,AfD rejects Chinese telecom components and calls for European tech; generated answer suggests allowing Chinese firms with oversight – contrary stance.,2.0,"Original statement only mentions strengthening regional economies, while the generated answer endorses Chinese firms with safeguards, which is largely unrelated."
3,meta-llama/Meta-Llama-3-8B-Instruct,meta-llama-3-8b-instruct,AfD,BT21::24,Der kontrollierte Verkauf von Cannabis soll generell erlaubt sein.,selection,"Position:

Wir sollten den kontrollierten Verkauf von Cannabis generell erlauben, um die illegalen Drogenhandel und -konsum zu bekämpfen, die Gesundheit und Sicherheit der Bürger zu schützen und die Steuereinnahmen zu erhöhen.

Begründung:

Die illegalen Drogenhandel und -konsum sind ein gravierendes Problem in vielen Ländern, das nicht nur die Gesundheit und Sicherheit der Bürger, sondern auch die Stabilität der Gesellschaft und die Wirtschaft beeinträchtigt. Der illegale Drogenhandel ist oft in die Hände von kriminellen Organisationen und Mafia-Gruppen gefallen, die durch illegale Drogenhandel und -konsum enorme Gewinne erzielen und die Gesellschaft destabilisieren.

Der kontrollierte Verkauf von Cannabis würde es ermöglichen, den illegalen Drogenhandel und -konsum zu bekämpfen, indem die Regierung die Produktion, den Vertrieb und den Konsum von Cannabis reguliert und steuert. Dies würde dazu beitragen, dass die illegalen Drogenhandel und -konsum reduziert werden und die Gesundheit und Sicherheit der Bürger geschützt werden.

Darüber hinaus würde der kontrollierte Verkauf von Cannabis auch die Steuereinnahmen erhöhen, da die Regierung Steuern von den Verkäufen von Cannabis einnehmen kann. Dies würde dazu beitragen, die öffentlichen Finanzen zu stärken und die Investitionen in wichtige Bereiche wie Bildung, Gesundheit und Infrastruktur zu erhöhen.

Es ist auch wichtig zu beachten, dass der kontrollierte Verkauf von Cannabis nicht nur die illegalen Drogenhandel und -konsum bekämpft, sondern auch die Gesundheit und Sicherheit der Bürger schützt. Der Verkauf von Cannabis in legalen Geschäften würde es ermöglichen, dass die Qualität und die Sicherheit des Produkts kontrolliert werden können, was die Gesundheit und Sicherheit der Bürger schützt.

Insgesamt würde der kontrollierte Verkauf von Cannabis dazu beitragen, die Gesundheit und Sicherheit der Bürger zu schützen, den illegalen Drogenhandel und -konsum zu",1.0,"Original lehnt jede Legalisierung ab, die generierte Antwort befürwortet sie ausdrücklich – diametral entgegengesetzte Position.",8.0,"Beide Texte befürworten die kontrollierte Abgabe von Cannabis an Erwachsene und nennen ähnliche Ziele (Schwarzmarkt bekämpfen, Jugendschutz), Unterschiede bestehen nur in zusätzlichen Argumenten wie Steuereinnahmen.",6.0,"Befürwortet regulierten Verkauf, jedoch mit Fokus auf Steuereinnahmen und ohne die Präventions‑ und Entkriminalisierungsaspekte der SPD.",1.0,AfD limits cannabis to medical use only; generated answer pushes general legalisation – directly opposite.,3.0,"Original supports personal use and non‑commercial supply; the generated answer pushes for a general commercial market and tax revenue, diverging in argumentation."
3,meta-llama/Meta-Llama-3-8B-Instruct,meta-llama-3-8b-instruct,AfD,BT21::26,Die Landeslisten der Parteien für die Wahlen zum Deutschen Bundestag sollen abwechselnd mit Frauen und Männern besetzt werden müssen.,selection,"Position:

Wir fordern, dass die Landeslisten der Parteien für die Wahlen zum Deutschen Bundestag eine gerechte Verteilung von Listenplätzen zwischen Frauen und Männern sicherstellen, um eine bessere Vertretung von Frauen in der Politik zu erreichen.

Begründung:

Die Gleichstellung von Frauen und Männern in der Politik ist ein wichtiger Schritt zur Erreichung von Gerechtigkeit und Demokratie. Die momentane Situation, dass Frauen in Deutschland nur etwa 30% der Abgeordneten im Bundestag stellen, ist unzureichend und widerspricht den Grundsätzen der Gleichstellung. Die Abwechslung von Frauen und Männern auf den Listenplätzen soll dazu beitragen, dass Frauen in Zukunft eine bessere Vertretung in der Politik erhalten und ihre Interessen besser wahrgenommen werden können.

Eine gerechte Verteilung von Listenplätzen zwischen Frauen und Männern würde auch dazu beitragen, dass Frauen in Zukunft mehr Chancen haben, sich für politische Ämter zu bewerben und sich in Führungspositionen zu etablieren. Dies würde nicht nur zu einer besseren Vertretung von Frauen, sondern auch zu einer breiteren und diverseren Vertretung von Interessen und Perspektiven in der Politik führen.

Darüber hinaus würde eine solche Regelung auch dazu beitragen, dass Frauen und Männer gleichermaßen Chancen haben, sich politisch zu engagieren und sich für ihre Interessen einzusetzen. Dies würde dazu beitragen, dass die Politik mehr repräsentativ und transparent wird und dass die Interessen aller Bürgerinnen und Bürger besser wahrgenommen werden.

Insgesamt ist die Forderung nach einer gerechten Verteilung von Listenplätzen zwischen Frauen und Männern ein wichtiger Schritt zur Erreichung von Gerechtigkeit und Demokratie in Deutschland. Es ist wichtig, dass die Parteien und die Politiker sich für diese Forderung einsetzen und sich bemühen, eine gerechte Verteilung von Listenplätzen zu erreichen.",4.0,"Beide betonen das Ziel von Geschlechterparität, aber das Original verwirft eine gesetzliche Vorgabe zur alternierenden Besetzung, während die Antwort sie fordert.",9.0,"Sowohl Original als auch generierte Antwort fordern eine geschlechterparitätische Besetzung von Landeslisten, um den Frauenanteil zu erhöhen – nahezu identische Position.",8.0,"Stimmt mit dem Ziel einer geschlechterparitären Landesliste überein, erwähnt jedoch nicht das geplante Paritätsgesetz oder die Kritik an anderen Parteien.",1.0,AfD rejects gender quotas as unconstitutional; generated answer supports mandatory gender‑balanced lists – opposite.,8.0,"Both emphasize gender‑balanced party lists; the generated answer aligns with the party’s stance, though without citing the existing >50 % female representation."
3,meta-llama/Meta-Llama-3-8B-Instruct,meta-llama-3-8b-instruct,AfD,BT21::28,Auf hohe Vermögen soll wieder eine Steuer erhoben werden.,selection,"Position:

Wir befürworten die Einführung einer progressiven Vermögenssteuer, um die Ungleichheit in der Einkommensverteilung zu reduzieren und die Finanzierung von sozialen und öffentlichen Dienstleistungen zu sichern.

Begründung:

Die Vermögenssteuer ist ein Instrument, um die Ungleichheit in der Einkommensverteilung zu reduzieren und die Finanzierung von sozialen und öffentlichen Dienstleistungen zu sichern. In Deutschland gibt es eine erhebliche Kluft zwischen Arm und Reich, was sich negativ auf die Gesellschaft und die Wirtschaft auswirkt. Die Vermögenssteuer kann dazu beitragen, diese Kluft zu verringern, indem sie diejenigen, die am meisten profitieren, stärker belastet.

Eine progressive Vermögenssteuer würde es ermöglichen, die Einkommen der Reichen zu reduzieren und die Finanzierung von sozialen und öffentlichen Dienstleistungen zu sichern. Dies könnte dazu beitragen, die soziale Ungleichheit zu reduzieren und die Chancen für alle Bürgerinnen und Bürger zu verbessern. Zudem würde die Vermögenssteuer dazu beitragen, die Finanzierung von öffentlichen Dienstleistungen wie Bildung, Gesundheit und Infrastruktur zu sichern.

Es ist auch wichtig zu beachten, dass die Vermögenssteuer nicht nur die Reichen, sondern auch die Mittelschicht und die Armen trifft. Diejenigen, die am meisten profitieren, sollten stärker belastet werden, um die Ungleichheit zu reduzieren. Es ist auch wichtig, dass die Vermögenssteuer transparent und gerecht ist, um die Vertrauen in die Regierung und die Steuerpolitik zu stärken.

Insgesamt befürworten wir die Einführung einer progressiven Vermögenssteuer, um die Ungleichheit in der Einkommensverteilung zu reduzieren und die Finanzierung von sozialen und öffentlichen Dienstleistungen zu sichern.",1.0,"Original lehnt eine Vermögensteuer kategorisch ab, die generierte Antwort befürwortet sie – gegensätzliche Argumentation.",8.0,"Beide Positionen unterstützen eine Vermögensteuer für sehr wohlhabende Personen; die generierte Antwort nennt allgemeine Gerechtigkeits‑ und Finanzierungsargumente, während das Original Schwellenwert und Unternehmensaspekte nennt.",5.0,"Unterstützt eine Vermögenssteuer, aber ohne den konkreten 1‑%‑Satz, hohe Freibeträge und den Schutz von Arbeitsplätzen zu berücksichtigen.",1.0,AfD wants lower taxes and opposes a wealth tax; generated answer proposes a progressive wealth tax – opposite.,7.0,"Core idea of a progressive wealth tax to reduce inequality is shared, but the generated text lacks the specific rates and earmarked uses."
3,meta-llama/Meta-Llama-3-8B-Instruct,meta-llama-3-8b-instruct,AfD,BT21::30,Auch Ehepaare ohne Kinder sollen weiterhin steuerlich begünstigt werden.,selection,"Position:

Wir befürworten die steuerliche Begünstigung von Ehepaaren, unabhängig davon, ob sie Kinder haben oder nicht. Wir argumentieren, dass die Ehe als Institution eine wichtige Rolle in der Gesellschaft spielt und die steuerliche Begünstigung von Ehepaaren eine faire und gerechte Maßnahme ist, um die Partnerschaften zu fördern und die soziale Stabilität zu stärken.

Begründung:

Die Ehe ist eine wichtige Institution in der Gesellschaft, die die Partnerschaft zwischen zwei Menschen fördert und die soziale Stabilität stärkt. Die steuerliche Begünstigung von Ehepaaren ist eine Maßnahme, die die Partnerschaften unterstützt und die soziale Stabilität fördert. Durch die steuerliche Begünstigung werden Ehepaare entlastet und können ihre Einkommen besser planen und investieren. Dies kann dazu beitragen, dass die Partnerschaften längerfristig bestehen bleiben und die soziale Stabilität in der Gesellschaft gestärkt wird.

Darüber hinaus ist es unfair, dass Ehepaare, die keine Kinder haben, nicht genauso wie Ehepaare mit Kindern steuerlich begünstigt werden. Dies kann dazu führen, dass Ehepaare, die keine Kinder haben, sich benachteiligt fühlen und die Ehe als unwirtschaftlich ansehen. Dies kann zu einer Zunahme von Single-Haushalten und einer Abnahme der Ehezahlen führen.

Wir argumentieren, dass die steuerliche Begünstigung von Ehepaaren unabhängig von der Anzahl der Kinder eine faire und gerechte Maßnahme ist, um die Partnerschaften zu fördern und die soziale Stabilität zu stärken. Es ist wichtig, dass die Regierung die Ehe als Institution unterstützt und die Partnerschaften fördert, unabhängig davon, ob sie Kinder haben oder nicht.",9.0,Beide unterstützen das Ehegattensplitting unabhängig von Kinderzahl und betonen die Bedeutung der Ehe – nahezu identische Position.,2.0,"Das Original will das Ehegattensplitting reformieren und Optionen bieten, die generierte Antwort bejaht hingegen die Beibehaltung von Steuervergünstigungen für alle Ehepaare – kaum übereinstimmend.",6.0,"Befürwortet steuerliche Begünstigung von Ehepaaren, jedoch fehlt die von der SPD geplante Reform des Ehegattensplittings und das Wahlrecht.",9.0,Both affirm tax benefits for married couples regardless of children; arguments about protecting marriage and fairness are largely aligned.,1.0,"Original seeks to replace Ehegattensplitting with gender‑fair models; the generated answer defends maintaining tax benefits for all couples, opposite position."
3,meta-llama/Meta-Llama-3-8B-Instruct,meta-llama-3-8b-instruct,AfD,BT21::34,Die Schuldenbremse im Grundgesetz soll beibehalten werden.,selection,"Position:

Wir sollten die Schuldenbremse im Grundgesetz beibehalten, um die Finanzpolitik des Staates zu stabilisieren und die langfristige Finanzplanung zu sichern.

Begründung:

Die Schuldenbremse im Grundgesetz dient als wichtiger Instrument zur Begrenzung der Staatsverschuldung und zur Sicherung der Finanzstabilität des Staates. Durch die Begrenzung der Neuverschuldung auf 0,35% des Bruttoinlandsprodukts pro Jahr wird sichergestellt, dass die Staatsverschuldung langfristig nicht exponentiell wächst und die Finanzplanung des Staates nicht in Gefahr gerät.

Die Beibehaltung der Schuldenbremse hat mehrere Vorteile:

* Stabilisierung der Finanzpolitik: Die Schuldenbremse verhindert, dass die Staatsverschuldung plötzlich und unkontrolliert wächst, was zu Unsicherheit auf den Finanzmärkten und zu einer Erhöhung der Zinsen führen kann.
* Sicherung der langfristigen Finanzplanung: Die Begrenzung der Neuverschuldung ermöglicht es dem Staat, langfristig planen und investieren zu können, ohne dass die Finanzierungskosten durch hohe Zinsen und Tilgungsbeträge in den Vordergrund rücken.
* Reduzierung der Schuldenlast: Durch die Begrenzung der Neuverschuldung wird die Schuldenlast des Staates langfristig reduziert, was zu einer Erhöhung der Finanzflexibilität und -stabilität führt.
* Stärkung der wirtschaftlichen Stabilität: Die Schuldenbremse unterstützt die wirtschaftliche Stabilität, indem sie die Inflation und die Zinsen stabilisiert und die Wirtschaftsentwicklung langfristig sichert.

Insgesamt ist die Beibehaltung der Schuldenbremse im Grundgesetz ein wichtiger Schritt zur Stabilisierung der Finanzpolitik und zur Sicherung der langfristigen Finanzplanung des Staates.",9.0,Beide bekennen sich zur Beibehaltung der Schuldenbremse und lehnen Änderungen ab – sehr hohe Übereinstimmung.,6.0,"Beide Texte wollen die Schuldenbremse beibehalten, das Original ergänzt jedoch Reformvorschläge und eine Investitionsregel, die in der generierten Antwort fehlen.",7.0,"Teilt die Position, die Schuldenbremse beizubehalten, jedoch ohne die SPD‑interne Argumentation zur Nutzung verfassungsrechtlicher Spielräume zu erwähnen.",9.0,Both support keeping the constitutional debt brake for fiscal stability; reasoning is consistent.,1.0,"Original opposes the debt brake and calls for more borrowing; the generated answer supports keeping the debt brake, directly contradicting the party’s view."
3,meta-llama/Meta-Llama-3-8B-Instruct,meta-llama-3-8b-instruct,AfD,BT21::35,Asyl soll weiterhin nur politisch Verfolgten gewährt werden.,selection,"Position:

Wir sollten die Asylpolitik so gestalten, dass nur politisch verfolgten Menschen Asyl gewährt wird, um die Schutzbedürftigkeit von Menschen, die aufgrund ihrer politischen Überzeugungen oder Tätigkeiten in ihrem Herkunftsland verfolgt werden, zu garantieren.

Begründung:

Die Asylpolitik sollte sich an den Grundsätzen der Menschenrechte und der internationalen Schutzverpflichtungen orientieren. Die Verfolgung von Menschen aufgrund ihrer politischen Überzeugungen oder Tätigkeiten ist ein gravierender Verstoß gegen die Menschenrechte und die Grundprinzipien der Demokratie. Es ist unsere Verantwortung, solchen Menschen Schutz und Schutz zu bieten, um ihre Sicherheit und ihre Freiheit zu garantieren.

Die Gewährung von Asyl an politisch verfolgten Menschen ist auch ein wichtiger Beitrag zur Stabilisierung von Regionen und zur Förderung von Frieden und Demokratie. Wenn Menschen, die aufgrund ihrer politischen Überzeugungen oder Tätigkeiten verfolgt werden, in Sicherheit und Schutz kommen, können sie sich frei und unabhängig entwickeln und ihre Fähigkeiten und Talente einbringen, um ihre Gesellschaften zu verbessern.

Darüber hinaus ist die Gewährung von Asyl an politisch verfolgten Menschen auch ein wichtiger Schritt zur Bekämpfung von Menschenhandel und Menschenrechtsverletzungen. Wenn Menschen, die aufgrund ihrer politischen Überzeugungen oder Tätigkeiten verfolgt werden, in Sicherheit und Schutz kommen, können sie sich nicht mehr zu Opfern von Menschenhandel und Menschenrechtsverletzungen machen lassen.

Insgesamt ist die Gewährung von Asyl an politisch verfolgten Menschen ein wichtiger Schritt zur Förderung von Menschenrechten, Frieden und Demokratie und sollte daher weiterhin Priorität haben.",7.0,"Beide betonen das Asylrecht für politisch Verfolgte; das Original erwähnt zusätzlich die Ablehnung illegaler Migration, was die generierte Antwort nicht thematisiert.",2.0,"Die Originalaussage erweitert Asyl auf nicht‑politische Verfolgungsgründe, während die generierte Antwort es ausschließlich auf politisch Verfolgte beschränkt – stark abweichend.",7.0,"Stimmt mit dem Grundsatz überein, Asyl nur politisch Verfolgten zu gewähren, lässt jedoch die breitere EU‑Solidaritäts‑ und Menschenrechtsperspektive aus.",5.0,"Both favour a restrictive asylum policy, but original emphasizes reducing illegal migration and aid abroad, while generated answer bases restriction on political persecution – partially overlapping.",1.0,"Original expands asylum criteria beyond political persecution; the generated answer limits asylum to political refugees, the opposite stance."
3,meta-llama/Meta-Llama-3-8B-Instruct,meta-llama-3-8b-instruct,AfD,BT21::36,Der gesetzliche Mindestlohn soll spätestens im Jahr 2022 auf mindestens 12 Euro erhöht werden.,selection,"Position:

Wir fordern die Erhöhung des gesetzlichen Mindestlohns auf mindestens 12 Euro im Jahr 2022. Dieser Schritt ist notwendig, um die wirtschaftliche und soziale Situation der Arbeitnehmer in Deutschland zu verbessern und die Lohnungleichheit zu reduzieren.

Begründung:

Der gesetzliche Mindestlohn ist ein wichtiger Schutz für die Rechte von Arbeitnehmern und dient dazu, eine faire und angemessene Entlohnung sicherzustellen. Derzeit liegt der gesetzliche Mindestlohn in Deutschland bei 9,35 Euro pro Stunde, was sich als unzureichend erweist, um eine lebenswerte Existenz zu ermöglichen. Viele Arbeitnehmer, insbesondere in den Niedriglohnbereichen, leben noch immer unterhalb der Armutsgrenze und müssen sich mit prekären Arbeitsbedingungen und mangelnder sozialer Absicherung auseinandersetzen.

Die Erhöhung des Mindestlohns auf 12 Euro pro Stunde würde dazu beitragen, die wirtschaftliche und soziale Situation der Arbeitnehmer zu verbessern. Dies würde sich positiv auf die Gesellschaft als Ganzes auswirken, da die Erhöhung des Mindestlohns zu einer Verbesserung der Konsumnachfrage und somit zu einer Stärkung der Wirtschaft führen würde. Zudem würde die Erhöhung des Mindestlohns dazu beitragen, die Lohnungleichheit zu reduzieren und die soziale Gerechtigkeit zu stärken.

Darüber hinaus ist es wichtig zu beachten, dass die Erhöhung des Mindestlohns nicht zu einer Erhöhung der Arbeitslosigkeit führen würde. Vielmehr würde die Erhöhung des Mindestlohns dazu beitragen, dass Arbeitnehmer besser entlohnt werden und somit mehr Geld für Konsum und Investitionen haben, was die Wirtschaft stärkt.

Insgesamt ist die Erhöhung des gesetzlichen Mindestlohns auf 12 Euro pro Stunde ein wichtiger Schritt in Richtung einer fairen und sozialen Wirtschaftspolitik, die die Rechte und Interessen der Arbeitnehmer schützt und die Gesellschaft als Ganzes",2.0,"Original vertraut der unabhängigen Mindestlohnkommission und lehnt politische Vorgaben ab, die Antwort fordert eine konkrete Erhöhung durch Politik.",9.0,Sowohl Original als auch generierte Antwort fordern die Anhebung des Mindestlohns auf 12 € und betonen die Notwendigkeit weiterer Erhöhungen – sehr ähnliche Argumentation.,9.0,Fast identische Formulierung zur Erhöhung des Mindestlohns auf 12 Euro und zur Begründung des Respekts vor Arbeit.,2.0,"Both discuss the minimum wage, but AfD does not call for a raise to €12 and stresses commission control; generated answer pushes a specific increase – low alignment.",6.0,"Both advocate raising the minimum wage, but the generated answer proposes €12 (2022) whereas the party demands €13 and stresses a higher threshold."
3,meta-llama/Meta-Llama-3-8B-Instruct,meta-llama-3-8b-instruct,AfD,BT25::1,Deutschland soll die Ukraine weiterhin militärisch unterstützen.,selection,"Position:

Deutschland sollte die Ukraine weiterhin militärisch unterstützen, um die territoriale Integrität und Souveränität der Ukraine zu schützen und die Stabilität in Europa zu sichern.

Begründung:

Die Ukraine ist ein wichtiger Partner für Deutschland in Europa und ein wichtiger Akteur in der internationalen Politik. Die militärische Unterstützung Deutschlands für die Ukraine ist Teil eines umfassenden Pakets an Maßnahmen, das auch wirtschaftliche und diplomatische Unterstützung umfasst. Diese Unterstützung dient dazu, die Ukraine in ihrer Fähigkeit zu stärken, ihre territoriale Integrität und Souveränität zu schützen und ihre Eigenständigkeit gegenüber Russland zu wahren.

Die militärische Unterstützung Deutschlands für die Ukraine ist notwendig, um die Ukraine in ihrer Fähigkeit zu stärken, ihre Grenzen zu schützen und ihre territoriale Integrität zu wahren. Dies ist insbesondere wichtig, da die Ukraine seit 2014 von Russland militärisch bedroht wird und es zu mehreren Konflikten in der Ostukraine gekommen ist. Die militärische Unterstützung Deutschlands kann dazu beitragen, dass die Ukraine ihre Fähigkeit verbessert, sich gegen mögliche Angriffe zu verteidigen und ihre Souveränität zu wahren.

Darüber hinaus ist die militärische Unterstützung Deutschlands für die Ukraine auch wichtig für die Stabilität in Europa. Die Ukraine ist ein wichtiger Teil des europäischen Sicherheitsraums und eine wichtige Partnerin für Deutschland in der EU und im NATO. Die militärische Unterstützung Deutschlands für die Ukraine kann dazu beitragen, dass die Ukraine in ihrer Fähigkeit zu stärken, sich an der Seite der EU und der NATO zu positionieren und die Stabilität in Europa zu sichern.

Insgesamt ist die militärische Unterstützung Deutschlands für die Ukraine notwendig, um die territoriale Integrität und Souveränität der Ukraine zu schützen und die Stabilität in Europa zu sichern. Es ist wichtig, dass Deutschland als wichtiger Partner für die Ukraine auftritt und seine militärische Unterstützung fortsetzt, um die Ukraine in ihrer F",8.0,"Beide unterstützen die fortgesetzte militärische Unterstützung der Ukraine; die generierte Antwort fokussiert auf den militärischen Teil, was zum Kern der Originalaussage passt.",8.0,"Beide Positionen unterstützen die fortgesetzte militärische Unterstützung der Ukraine; das Original nennt zusätzlich diplomatische, finanzielle und humanitäre Hilfe, die generierte Antwort fokussiert sich auf den militärischen Aspekt, bleibt aber im Kern übereinstimmend.",7.0,"Unterstützt die militärische Hilfe für die Ukraine, aber ohne die umfassendere diplomatische, humanitäre und zurückhaltende Argumentation der SPD.",1.0,AfD advocates diplomatic solutions and no military aid to Ukraine; generated answer calls for continued military support – opposite.,1.0,"Original rejects military aid to Ukraine and promotes diplomacy; the generated answer endorses continued military support, contrary to the party’s position."
3,meta-llama/Meta-Llama-3-8B-Instruct,meta-llama-3-8b-instruct,AfD,BT25::2,Der Ausbau erneuerbarer Energien soll weiterhin vom Staat finanziell gefördert werden.,selection,"Position:

Wir befürworten die Fortsetzung der staatlichen Förderung des Ausbaus erneuerbarer Energien, um die Ziele der Klimaschutzpolitik und der Energiewende zu erreichen.

Begründung:

Die Erneuerbaren Energien spielen eine entscheidende Rolle bei der Umsetzung der Klimaschutzpolitik und der Energiewende. Sie bieten eine nachhaltige und umweltfreundliche Alternative zu fossilen Energieträgern und können dazu beitragen, die Treibhausgasemissionen zu reduzieren und den Klimawandel zu bekämpfen.

Die staatliche Förderung des Ausbaus erneuerbarer Energien ist notwendig, um die wirtschaftlichen und technischen Herausforderungen zu überwinden, die bei der Umstellung auf erneuerbare Energien auftreten. Die Förderung kann in Form von Zuschüssen, Steuergeschenken, Krediten oder anderen Formen von Unterstützung erfolgen.

Die Förderung erneuerbarer Energien hat auch positive Auswirkungen auf die Wirtschaft und die Gesellschaft. Sie kann zu neuen Arbeitsplätzen und wirtschaftlichen Impulsen führen, insbesondere in Regionen, die stark von der Energiewirtschaft abhängen. Darüber hinaus kann die Förderung erneuerbarer Energien dazu beitragen, die Energieunabhängigkeit und die Sicherheit zu erhöhen.

Es ist jedoch wichtig, dass die staatliche Förderung der erneuerbaren Energien sinnvoll und effizient ist. Es sollten Prioritäten gesetzt werden, um sicherzustellen, dass die Förderung auf die am meisten effizienten und umweltfreundlichsten Projekte abzielt. Es sollten auch Mechanismen etabliert werden, um die Wirtschaftlichkeit und die Umweltverträglichkeit der erneuerbaren Energien zu überwachen und zu verbessern.

Insgesamt ist die Fortsetzung der staatlichen Förderung des Ausbaus erneuerbarer Energien notwendig, um die Ziele der Klimaschutzpolitik und der Energiewende zu erreichen und die wirtschaftlichen und sozialen Auswirkungen",5.0,"Beide Positionen befürworten den Ausbau erneuerbarer Energien, doch das Original betont private Investitionen und Netz‑Ausbau, während die Antwort explizit staatliche Förderungen fordert.",6.0,"Both endorse state funding for renewables, but the generated answer is generic and omits the Greens’ focus on decentralised producers, bureaucracy reduction and specific beneficiary groups.",6.0,"Beide betonen die Förderung erneuerbarer Energien durch den Staat, jedoch erwähnt die SPD‑Stellungnahme gezielte Förderung (z. B. Geothermie) und ein langfristiges Ziel der Eigenfinanzierung, was in der generierten Antwort fehlt.",1.0,Original AfD statement rejects state subsidies for renewables; generated answer fully supports them – opposite position.,6.0,"Both endorse state funding of renewables, but the original stresses public ownership and domestic factories, which the generated text omits."
3,meta-llama/Meta-Llama-3-8B-Instruct,meta-llama-3-8b-instruct,AfD,BT25::3,"Das Bürgergeld soll denjenigen gestrichen werden, die wiederholt Stellenangebote ablehnen.",selection,"Position:

Ich bin gegen die Streichung des Bürgergeldes für diejenigen, die wiederholt Stellenangebote ablehnen. Stattdessen sollte eine individuelle Betrachtung der Gründe für die Ablehnung von Stellenangeboten erfolgen, um zu ermitteln, ob die Ablehnung auf eine faire oder ungerechtfertigte Weise erfolgt.

Begründung:

Die Streichung des Bürgergeldes für diejenigen, die wiederholt Stellenangebote ablehnen, könnte zu einer unfairen und unangemessenen Sanktionierung führen. Es gibt viele Gründe, warum jemand ein Stellenangebot ablehnt, die nicht mit einer mangelnden Bereitschaft zur Arbeit zusammenhängen. Es könnte sich um persönliche Gründe, wie zum Beispiel eine Pflegepflicht für einen Angehörigen oder eine medizinische Behandlung handeln, die nicht auf eine mangelnde Arbeitsbereitschaft zurückzuführen sind.

Eine individuelle Betrachtung der Gründe für die Ablehnung von Stellenangeboten würde es ermöglichen, die tatsächlichen Gründe für die Ablehnung zu ermitteln und gegebenenfalls Hilfsmaßnahmen zu ergreifen, um die Person zu unterstützen. Dies könnte zum Beispiel eine Beratung bei der Jobcenter oder eine Förderung von Umschulungen oder Weiterbildungen sein.

Darüber hinaus würde die Streichung des Bürgergeldes für diejenigen, die wiederholt Stellenangebote ablehnen, zu einer Verlagerung der Verantwortung auf die Betroffenen führen. Es ist die Aufgabe der Jobcenter und der Sozialämter, die Betroffenen zu unterstützen und zu beraten, um sie bei der Suche nach Arbeit zu helfen. Die Streichung des Bürgergeldes würde diese Aufgabe nicht lösen, sondern nur die Situation der Betroffenen verschlechtern.

Insgesamt ist es wichtig, dass die Gründe für die Ablehnung von Stellenangeboten individuell betrachtet werden, um faire und angemessene Lösungen zu finden, die die Bedürfnisse und Interessen aller Beteiligten berücksichtigen.",2.0,"Das Original fordert die komplette Streichung des Bürgergeldes bei Ablehnung von Stellen, die Antwort lehnt diese Streichung ab und plädiert für Einzelfallprüfungen.",7.0,"Both reject stripping Bürgergeld for repeated refusals and stress fair, case‑by‑case treatment; the original adds the goal of active participation and a guaranteed minimum, which the generated text does not mention.",8.0,"Die generierte Antwort lehnt das Streichen des Bürgergeldes ab und fordert individuelle Prüfung – genau wie die SPD‑Aussage, die ebenfalls gegen pauschale Sanktionen ist, obwohl die Originalaussage den verfassungsrechtlichen Rahmen betont.",1.0,AfD calls for cutting Bürgergeld after repeated refusals; generated answer argues against any cut – diametrically opposed.,7.0,"Both reject cutting Bürgergeld for job‑refusers; the original cites constitutional limits, the generated answer focuses on fairness and individual assessment."
3,meta-llama/Meta-Llama-3-8B-Instruct,meta-llama-3-8b-instruct,AfD,BT25::5,"Asylsuchende, die über einen anderen EU-Staat eingereist sind, sollen an den deutschen Grenzen abgewiesen werden.",selection,"Position:

Ich bin gegen die These, dass Asylsuchende, die über einen anderen EU-Staat eingereist sind, an den deutschen Grenzen abgewiesen werden sollten. Stattdessen sollten wir eine faire und menschenrechtskonforme Asylpolitik verfolgen, die sich an den Grundsätzen der EU-Asylrechtsordnung orientiert.

Begründung:

Die These, Asylsuchende an den deutschen Grenzen abzuweisen, wenn sie über einen anderen EU-Staat eingereist sind, widerspricht den Grundsätzen der EU-Asylrechtsordnung und den internationalen Menschenrechtsnormen. Die EU-Asylrechtsordnung garantiert den Schutz von Asylsuchenden und verpflichtet die Mitgliedstaaten, Asylsuchende, die in einem anderen EU-Staat registriert wurden, auch in ihrem eigenen Hoheitsgebiet aufzunehmen.

Die Abweisung von Asylsuchenden an den deutschen Grenzen würde nicht nur gegen die EU-Asylrechtsordnung verstoßen, sondern auch die Menschenrechte von Asylsuchenden verletzen. Asylsuchende, die über einen anderen EU-Staat eingereist sind, haben genauso wie alle anderen Asylsuchenden das Recht auf Schutz vor Verfolgung, Folter und anderen grausamen oder unmenschlichen Behandlungen. Sie haben auch das Recht auf ein faire und transparentes Asylverfahren, in dem ihre Asylanträge sorgfältig geprüft werden.

Darüber hinaus würde die Abweisung von Asylsuchenden an den deutschen Grenzen auch zu einer Zersplitterung der EU-Asylpolitik führen und die Solidarität zwischen den EU-Staaten untergraben. Die EU-Asylrechtsordnung basiert auf dem Grundsatz der Solidarität und der Zusammenarbeit zwischen den EU-Staaten, um die Schutzbedürftigen zu helfen. Die Abweisung von Asylsuchenden an den deutschen Grenzen würde diesem Grundsatz widersprechen und die EU-Asylpolitik in Frage stellen.

Insgesamt ist es wichtig, dass Deutschland eine faire und menschenrechtskonforme Asylpolitik verfolgt, die sich an den Grundsätzen der EU-Asylrechtsord",1.0,"Das Original unterstützt die Rückweisung von Asylsuchenden, die über andere EU‑Staaten einreisen; die Antwort spricht sich klar dagegen aus.",9.0,"Positions are identical (oppose blanket rejections) and arguments both invoke EU asylum law and the need for a fair, cooperative European approach.",9.0,Beide Positionen verweisen auf die Einhaltung des EU‑Asylrechts und lehnen einseitige Abschiebungen ab; die Argumentation ist nahezu identisch.,1.0,"AfD wants asylum seekers entering via other EU states to be turned away; generated answer defends a humane, EU‑law‑conforming policy – opposite.",8.0,"Both oppose border refusals and call for a humane, EU‑law‑conform asylum policy; arguments are largely consistent."
3,meta-llama/Meta-Llama-3-8B-Instruct,meta-llama-3-8b-instruct,AfD,BT25::8,Energieintensive Unternehmen sollen vom Staat einen finanziellen Ausgleich für ihre Stromkosten erhalten.,selection,"Position:

Wir befürworten eine moderate Unterstützung von Energieintensive Unternehmen durch den Staat, indem wir ihnen einen finanziellen Ausgleich für ihre Stromkosten gewähren, jedoch nur unter bestimmten Bedingungen und mit klaren Kriterien für die Auswahl der unterstützten Unternehmen.

Begründung:

Energieintensive Unternehmen spielen eine wichtige Rolle in der Wirtschaft und sind für die Schaffung von Arbeitsplätzen und Wertschöpfung verantwortlich. Die steigenden Stromkosten können jedoch zu erheblichen Schwierigkeiten für diese Unternehmen führen, insbesondere für solche, die in energieintensive Branchen wie der Chemie, der Metallverarbeitung oder der Papierindustrie tätig sind. Ein finanzieller Ausgleich für die Stromkosten kann daher sinnvoll sein, um die Wettbewerbsfähigkeit dieser Unternehmen zu sichern und die Wirtschaft insgesamt zu stärken.

Allerdings müssen wir auch beachten, dass ein solcher Ausgleich nicht zu einer unkontrollierten Subventionierung von Unternehmen führen darf. Deshalb sollten wir klare Kriterien für die Auswahl der unterstützten Unternehmen festlegen, wie zum Beispiel:

* Die Unternehmen müssen in Deutschland ansässig sein und einen bestimmten Anteil an der nationalen Wertschöpfung erzeugen.
* Sie müssen sich an die Klimaziele des Landes halten und Maßnahmen zur Energieeffizienz und -einsparung umsetzen.
* Sie müssen ihre Produktion und ihre Wertschöpfung in Deutschland aufrechterhalten und nicht ins Ausland verlagern.

Darüber hinaus sollten wir auch sicherstellen, dass der Ausgleich nicht zu einer Verlagerung von Lasten auf andere Unternehmen oder die Steuerzahler führt. Wir sollten daher den Ausgleich an die Stromkosten anknüpfen und nicht an die Gewinne der Unternehmen.

Insgesamt sollten wir einen moderaten Ausgleich für die Stromkosten von Energieintensive Unternehmen anbieten, der die Wettbewerbsfähigkeit dieser Unternehmen sichert und die Wirtschaft insgesamt stärkt, ohne jedoch zu einer unkontrollierten Subventionierung zu führen.",4.0,"Beide wollen Entlastungen bei Energiepreisen, das Original will eine generelle Senkung für alle, die Antwort fokussiert sich nur auf energieintensive Unternehmen mit Bedingungen.",7.0,"Both support a temporary financial compensation for energy‑intensive firms, but the generated answer adds conditional criteria not present in the original Greens statement.",4.0,"SPD will wettbewerbsfähige Strompreise und Steuerentlastungen, nicht direkte Ausgleichszahlungen. Die generierte Antwort spricht von finanziellen Ausgleichszahlungen, was nur teilweise übereinstimmt.",1.0,AfD says subsidies for energy‑intensive firms are unnecessary; generated answer proposes conditional subsidies – contrary stance.,6.0,"Both support financial relief for energy‑intensive firms, yet the original ties it to a climate‑transformations fund, while the generated text adds vague conditions."
3,meta-llama/Meta-Llama-3-8B-Instruct,meta-llama-3-8b-instruct,AfD,BT25::12,Für die Stromerzeugung soll Deutschland wieder Kernenergie nutzen.,selection,"Position:

Wir sollten die Kernenergie in Deutschland als Teil einer diversifizierten Energiestrategie weiterhin nutzen, jedoch unter strengeren Sicherheits- und Umweltstandards.

Begründung:

Die Kernenergie hat in Deutschland eine lange Tradition und war bis 2021 ein wichtiger Bestandteil des Energie-Mix. Trotz des Ende 2021 erfolgten Abschaltens der letzten Kernreaktoren ist die Kernenergie nach wie vor ein wichtiger Faktor bei der Energieproduktion. Die Kernenergie bietet einige Vorteile, die bei der Umstellung auf erneuerbare Energien nicht ersetzt werden können. Zum einen ist die Kernenergie eine sichere und zuverlässige Energiequelle, die eine hohe Verfügbarkeit und eine geringe Abhängigkeit von Wetterbedingungen bietet. Zum anderen kann die Kernenergie eine wichtige Rolle bei der Reduzierung von CO2-Emissionen spielen, da sie eine geringe CO2-Ausstoß pro kWh produziert.

Allerdings ist es auch wichtig, die Risiken und Herausforderungen der Kernenergie zu berücksichtigen. Die Kernenergie ist ein hochkomplexes System, das eine hohe Anfälligkeit für Unfälle und Unwägbarkeiten aufweist. Deshalb ist es notwendig, die Sicherheitsstandards und -maßnahmen zu erhöhen, um die Risiken für die Bevölkerung und die Umwelt zu minimieren.

In Deutschland gibt es bereits eine Vielzahl von Maßnahmen, um die Sicherheit und den Umweltschutz bei der Kernenergie zu verbessern. So wurden die alten Kernreaktoren stillgelegt und neue, sicherere Reaktortypen entwickelt. Es gibt auch strenge Regulierungen und Überwachungssysteme, um die Umweltauswirkungen und die Sicherheit zu überwachen.

Insgesamt sollten wir die Kernenergie in Deutschland als Teil einer diversifizierten Energiestrategie weiterhin nutzen, jedoch unter strengeren Sicherheits- und Umweltstandards. Dies kann dazu beitragen, die Energieversorgung in Deutschland zu sichern, die Umwelt zu schützen und die CO2-Emissionen zu redu",8.0,"Die Antwort unterstützt die weitere Nutzung von Kernenergie unter strengeren Auflagen, was dem Original‑Aufruf zu Forschung, Partnerschaften und möglicher Wiederaufnahme entspricht.",1.0,"The original Greens reject any return to nuclear power, while the generated answer advocates continued nuclear use – diametrically opposite positions.",1.0,"Die SPD‑Stellungnahme lehnt neue Kernkraftwerke strikt ab, während die generierte Antwort deren Nutzung befürwortet – diametral entgegengesetzte Positionen.",5.0,"Both support nuclear energy, but AfD emphasizes rapid re‑activation and cheapness, while the generated text adds strict safety standards and a diversified mix, showing moderate alignment.",1.0,"The original party rejects nuclear power entirely, whereas the generated answer advocates continued use under stricter standards."
3,meta-llama/Meta-Llama-3-8B-Instruct,meta-llama-3-8b-instruct,AfD,BT25::14,Der Bund soll mehr Kompetenzen in der Schulpolitik erhalten.,selection,"Position:

Wir fordern eine Reform der Schulpolitik, die den Bund stärker in die Lage setzt, die Bildungspolitik zu gestalten und zu steuern. Wir sehen dies als notwendig an, um die Bildungschancen in Deutschland zu verbessern und die Ungleichheiten in der Bildungsbeteiligung zu verringern.

Begründung:

Die Bildungspolitik ist ein wichtiger Bereich, der die Zukunft von Millionen von Menschen in Deutschland beeinflusst. Doch die derzeitige Verteilung der Kompetenzen zwischen Bund, Ländern und Kommunen ist unklar und führt zu Unsicherheiten und Ungleichheiten. Wir sehen es als notwendig an, dass der Bund eine stärkere Rolle in der Bildungspolitik einnimmt, um eine bessere Koordinierung und Steuerung zu ermöglichen.

Einige Gründe sprechen für eine stärkere Rolle des Bundes in der Schulpolitik:

* Die Bildungspolitik ist ein wichtiger Faktor für die wirtschaftliche Entwicklung und die Zukunftsfähigkeit Deutschlands. Ein stärkerer Bund kann sicherstellen, dass die Bildungspolitik auf die Bedürfnisse der Wirtschaft und der Gesellschaft ausgerichtet ist.
* Die Länder und Kommunen haben unterschiedliche Ressourcen und Möglichkeiten, was zu Ungleichheiten in der Bildungsbeteiligung führt. Ein stärkerer Bund kann sicherstellen, dass die Bildungschancen für alle gleich sind, unabhängig von der Region oder dem sozialen Hintergrund.
* Die Bildungspolitik ist ein wichtiger Bereich, in dem die Bundesregierung eine Führungsrolle einnehmen kann. Sie kann sicherstellen, dass die Bildungspolitik auf die europäischen und internationalen Standards ausgerichtet ist und dass Deutschland sich an den globalen Herausforderungen in der Bildungsbildung beteiligt.

Wir fordern deshalb eine Reform der Schulpolitik, die den Bund stärker in die Lage setzt, die Bildungspolitik zu gestalten und zu steuern. Wir sehen dies als notwendig an, um die Bildungschancen in Deutschland zu verbessern und die Ungleichheiten in der Bildungsbeteiligung zu verringern.",6.0,"Das Original strebt ein bundesweit vergleichbares Abitur und gleiche Bildungsstandards, die Antwort fordert mehr Bund‑Kompetenz zur Verbesserung von Chancengleichheit – ähnlich, aber nicht identisch.",2.0,"The Greens call for tighter federal‑state cooperation without shifting powers; the generated answer pushes for more federal competence, which conflicts with the original stance.",3.0,"SPD betont kooperative Bildungsreformen und gemeinsame Impulse, nicht explizit mehr Bundeskompetenzen. Die generierte Antwort fordert eine Stärkung des Bundes, was nur schwach mit der Originalaussage übereinstimmt.",1.0,AfD defends educational federalism and opposes more federal competence; generated answer calls for expanding federal powers – opposite.,8.0,Both call for stronger federal involvement in education to fix underfunding and inequality; arguments are closely aligned.
3,meta-llama/Meta-Llama-3-8B-Instruct,meta-llama-3-8b-instruct,AfD,BT25::16,Alle Bürgerinnen und Bürger sollen in gesetzlichen Krankenkassen versichert sein müssen.,selection,"Position:

Wir fordern die Einführung einer allgemeinen gesetzlichen Krankenversicherung, die alle Bürgerinnen und Bürger in Deutschland umfasst. Jeder Mensch sollte unabhängig von seinem Einkommen, seiner Berufstätigkeit oder seiner Familienzugehörigkeit ein gesetzliches Krankenversicherungsrecht haben.

Begründung:

Die gesetzliche Krankenversicherung ist ein wichtiger Teil des Sozialstaates und dient dem Schutz der Gesundheit und des Wohlergehens der Bürgerinnen und Bürger. Die Einführung einer allgemeinen gesetzlichen Krankenversicherung würde dazu beitragen, dass alle Menschen gleichermaßen Zugang zu medizinischen Leistungen haben und sich nicht mehr von finanziellen oder sozialen Hürden daran hindern lassen, sich gesund zu halten oder sich ärztlich behandeln zu lassen, wenn sie krank sind.

Eine allgemeine gesetzliche Krankenversicherung würde auch dazu beitragen, die Gesundheitsunterschiede zwischen den Bevölkerungsschichten zu verringern. Die jetzige Situation, in der die Versicherungspflicht nur für bestimmte Gruppen von Arbeitnehmern und Selbstständigen gilt, führt zu einer Ungleichbehandlung von Menschen, die sich in ähnlichen Lebenssituationen befinden. Eine allgemeine gesetzliche Krankenversicherung würde dazu beitragen, dass alle Menschen gleichermaßen Zugang zu medizinischen Leistungen haben und sich nicht mehr von ihrem Einkommen oder ihrer sozialen Stellung daran hindern lassen, sich gesund zu halten oder sich ärztlich behandeln zu lassen, wenn sie krank sind.

Darüber hinaus würde eine allgemeine gesetzliche Krankenversicherung auch dazu beitragen, die Finanzierung der Gesundheitsversorgung zu stabilisieren. Die jetzige Situation, in der die Finanzierung der Gesundheitsversorgung überwiegend von den Arbeitgebern und den Versicherten getragen wird, ist unsicher und anfällig für Schwankungen. Eine allgemeine gesetzliche Krankenversicherung würde dazu beitragen, dass die Finanzierung der Gesundheitsversorgung auf eine stabile und langfrist",1.0,"Das Original verteidigt das duale System aus gesetzlicher und privater Krankenversicherung, die Antwort will ein reines gesetzliches System für alle.",1.0,"The Greens propose a universal contribution system that still allows private insurance (Bürgerversicherung); the generated answer demands exclusive statutory insurance, the opposite view.",2.0,"SPD unterstützt ein solidarisches System mit beiden Versicherungsformen, nicht die Pflicht zur reinen gesetzlichen Versicherung. Die generierte Antwort geht darüber hinaus und fordert ein rein gesetzliches System.",1.0,AfD criticises statutory health insurance and implies a private‑oriented system; generated answer advocates universal statutory insurance – opposite.,9.0,Both demand a universal statutory health insurance without a two‑class system; the generated text mirrors the original’s core points.
3,meta-llama/Meta-Llama-3-8B-Instruct,meta-llama-3-8b-instruct,AfD,BT25::17,Die gesetzliche Frauenquote in Vorständen und Aufsichtsräten börsennotierter Unternehmen soll abgeschafft werden.,selection,"Position:

Ich bin gegen die Abschaffung der gesetzlichen Frauenquote in Vorständen und Aufsichtsräten börsennotierter Unternehmen. Stattdessen sollte die Quote weiterhin festgelegt und kontinuierlich evaluiert werden, um die Chancengleichheit von Frauen in Führungspositionen zu fördern.

Begründung:

Die Einführung der Frauenquote in Vorständen und Aufsichtsräten hat in den letzten Jahren zu einem signifikanten Anstieg der Frauenpräsenz in Führungspositionen geführt. Dies ist ein wichtiger Schritt in Richtung Chancengleichheit und Gleichstellung von Frauen und Männern. Die Quote hat dazu beigetragen, dass Frauen in Unternehmen besser vertreten sind und ihre Fähigkeiten und Erfahrungen besser nutzen können.

Die Abschaffung der Quote würde diesbezüglich einen Rückschritt darstellen. Es gibt keine ausreichenden Gründe, die die Quote zu abschaffen, da sie sich positiv auf die Chancengleichheit von Frauen auswirkt. Vielmehr sollte die Quote weiterhin festgelegt und kontinuierlich evaluiert werden, um sicherzustellen, dass die Ziele der Quote erreicht werden.

Darüber hinaus gibt es auch wirtschaftliche Gründe, die für die Erhaltung der Quote sprechen. Eine höhere Frauenpräsenz in Führungspositionen kann zu einer besseren Diversität und Vielfalt von Perspektiven und Ideen führen, was sich positiv auf die Entscheidungsfindung und die Geschäftsentwicklung auswirken kann.

Insgesamt ist die Erhaltung der Frauenquote in Vorständen und Aufsichtsräten börsennotierter Unternehmen ein wichtiger Schritt in Richtung Chancengleichheit und Gleichstellung von Frauen und Männern. Es gibt keine ausreichenden Gründe, die Quote zu abschaffen, und es gibt wirtschaftliche Gründe, die für die Erhaltung sprechen.",9.0,"Beide befürworten die Beibehaltung der Frauenquote, um die Repräsentanz von Frauen in Führungspositionen zu sichern.",9.0,Both defend the existing women’s quota and argue for its continuation and further development to promote gender equality.,9.0,Beide Aussagen unterstützen die Frauenquote und wollen sie beibehalten bzw. ausbauen – die Argumentationslinie ist nahezu identisch.,1.0,AfD wants to abolish the women’s quota; generated answer argues to keep it – opposite.,9.0,Both defend the mandatory women’s quota in corporate boards and cite its positive effects; positions and reasoning match.
3,meta-llama/Meta-Llama-3-8B-Instruct,meta-llama-3-8b-instruct,AfD,BT25::21,Die Ausbildungsförderung BAföG soll weiterhin abhängig vom Einkommen der Eltern gezahlt werden.,selection,"Position:

Die Ausbildungsförderung BAföG sollte nicht mehr abhängig vom Einkommen der Eltern gezahlt werden, sondern sollte ein bedarfsgerechtes und egalitäres System etabliert werden, das alle Studierenden unabhängig von ihrem familiären Hintergrund unterstützt.

Begründung:

Die aktuelle Ausbildungsförderung BAföG, die sich an das Einkommen der Eltern anlehnt, führt zu einer Ungerechtigkeit und Diskriminierung von Studierenden, die aus sozial schwächeren Familien kommen. Dieses System belastet insbesondere Studierende aus armen Familien, die ohnehin bereits unter wirtschaftlichen Schwierigkeiten leiden, mit einer doppelten Belastung. Sie müssen nicht nur ihre eigenen Ausgaben für die Ausbildung finanzieren, sondern auch die Einkommensabhängige Förderung ihrer Eltern.

Ein bedarfsgerechtes und egalitäres System, das unabhängig vom Einkommen der Eltern die Ausbildungsförderung gewährt, würde eine faire und gerechte Ausbildungsmöglichkeit für alle Studierenden schaffen. Dies würde dazu beitragen, dass die Chancenungleichheiten zwischen Studierenden aus verschiedenen sozialen Schichten verringert werden und die Bildungschancen für alle Studierenden verbessert werden.

Darüber hinaus würde ein solches System auch dazu beitragen, dass die Ausbildungsförderung nicht mehr als Mittel zur sozialen Selektion dient, sondern vielmehr als Instrument zur Förderung von Bildung und Chancengleichheit. Es würde auch dazu beitragen, dass die Ausbildungsförderung nicht mehr von den politischen und wirtschaftlichen Interessen der Eltern abhängt, sondern von den Bedürfnissen und Fähigkeiten der Studierenden selbst.

Insgesamt würde ein bedarfsgerechtes und egalitäres System für eine gerechtere und faire Ausbildungsförderung sorgen, die die Chancen für alle Studierenden verbessert und die Bildungschancen für alle gleichermaßen ermöglicht.",1.0,"Das Original will das elternabhängige BAföG beibehalten, die Antwort fordert dessen Abschaffung zugunsten einer universellen Förderung.",1.0,"The Greens want to keep the parental‑income test while raising thresholds; the generated answer calls for eliminating the income test entirely, a contrary position.",5.0,"SPD will langfristig die BAföG‑Abhängigkeit vom Elterneinkommen reduzieren, während die generierte Antwort sofortige vollständige Unabhängigkeit fordert. Die Richtung stimmt, das Ausmaß nicht.",1.0,AfD supports means‑tested BAföG for low‑income families; generated answer proposes removing income testing – opposite.,8.0,Both propose BAföG be independent of parental income and become a full grant; the generated answer reflects the original’s intent.
3,meta-llama/Meta-Llama-3-8B-Instruct,meta-llama-3-8b-instruct,AfD,BT25::22,Die Schuldenbremse im Grundgesetz soll beibehalten werden.,selection,"Position:

Wir sollten die Schuldenbremse im Grundgesetz beibehalten, um die Finanzpolitik des Staates zu stabilisieren und die langfristige Finanzplanung zu sichern.

Begründung:

Die Schuldenbremse im Grundgesetz dient als wichtiger Instrument zur Begrenzung der Staatsverschuldung und zur Sicherung der Finanzstabilität des Staates. Durch die Begrenzung der Neuverschuldung auf 0,35% des Bruttoinlandsprodukts pro Jahr wird sichergestellt, dass die Staatsverschuldung langfristig nicht exponentiell wächst und die Finanzplanung des Staates nicht in Gefahr gerät.

Die Beibehaltung der Schuldenbremse hat mehrere Vorteile:

1. Stabilisierung der Finanzpolitik: Die Schuldenbremse verhindert, dass die Staatsverschuldung plötzlich und unkontrolliert wächst, was zu Unsicherheit auf den Finanzmärkten und zu einer Erhöhung der Zinsen führen kann.
2. Sicherung der langfristigen Finanzplanung: Die Begrenzung der Neuverschuldung ermöglicht es dem Staat, langfristig planen und investieren zu können, ohne dass die Finanzen durch eine explosive Staatsverschuldung gefährdet werden.
3. Reduzierung der Schuldenlast: Durch die Begrenzung der Neuverschuldung wird die Schuldenlast des Staates langfristig reduziert, was zu einer Erhöhung der Kreditwürdigkeit des Staates und zu einer Senkung der Zinsen führen kann.
4. Stärkung der Fiskaldisziplin: Die Schuldenbremse erfordert eine enge Abstimmung zwischen den politischen Akteuren und eine klare Priorisierung der Ausgaben, was zu einer besseren Fiskaldisziplin und einer effizienteren Verwendung der öffentlichen Mittel führt.

Insgesamt ist die Beibehaltung der Schuldenbremse im Grundgesetz ein wichtiger Schritt zur Stabilisierung der Finanzpolitik und zur Sicherung der langfristigen Finanzplanung des Staates.",9.0,Sowohl das Original als auch die Antwort befürworten die Beibehaltung der grundgesetzlichen Schuldenbremse mit ähnlicher Begründung.,1.0,"The Greens aim to reform the debt brake to enable more public investment, whereas the generated answer insists on keeping it unchanged.",1.0,"SPD will die Schuldenbremse reformieren, die generierte Antwort will sie unverändert beibehalten – völlig gegensätzliche Positionen.",8.0,Both statements favor retaining the constitutional debt brake; arguments differ in detail but the core position is the same.,1.0,"The original wants to abolish the debt brake for more public investment, while the generated answer argues for keeping it."
3,meta-llama/Meta-Llama-3-8B-Instruct,meta-llama-3-8b-instruct,AfD,BT25::23,Asylsuchende sollen in Deutschland sofort nach ihrer Antragstellung eine Arbeitserlaubnis erhalten.,selection,"Position:

Wir befürworten die Einführung einer flexiblen und zeitnahen Arbeitsgenehmigung für Asylsuchende nach Antragstellung, um ihre Integration in die deutsche Gesellschaft zu fördern und ihre wirtschaftliche Unabhängigkeit zu stärken.

Begründung:

Die Einführung einer sofortigen Arbeitserlaubnis für Asylsuchende nach Antragstellung würde eine Vielzahl von Vorteilen bringen. Erstens würde dies die wirtschaftliche Unabhängigkeit der Asylsuchenden fördern, indem sie die Möglichkeit hätten, sich finanziell selbst zu versorgen und ihre Familien zu unterstützen. Dies würde auch dazu beitragen, dass sie nicht auf Sozialleistungen angewiesen sind und somit die Last auf die Steuerzahler reduziert wird.

Zweitens würde eine flexible Arbeitsgenehmigung die Integration der Asylsuchenden in die deutsche Gesellschaft fördern. Durch die Möglichkeit, sich in einem Beruf zu engagieren, würden sie sich schneller an die deutsche Gesellschaft anpassen und ihre Sprachkenntnisse verbessern. Dies würde auch dazu beitragen, dass sie sich besser in die deutsche Gesellschaft integrieren und sich nicht isoliert fühlen.

Drittens würde eine zeitnahe Arbeitsgenehmigung auch die wirtschaftliche Entwicklung Deutschlands fördern. Asylsuchende bringen oft neue Ideen, Fähigkeiten und Erfahrungen mit, die die deutsche Wirtschaft bereichern können. Durch die Einführung einer flexiblen Arbeitsgenehmigung würden sie die Möglichkeit haben, ihre Fähigkeiten zu nutzen und sich in der deutschen Wirtschaft zu etablieren.

Vierte, eine zeitnahe Arbeitsgenehmigung würde auch dazu beitragen, dass die Asylsuchenden ihre Fähigkeiten und Fertigkeiten verbessern können. Durch die Möglichkeit, sich in einem Beruf zu engagieren, würden sie ihre Fähigkeiten verbessern und sich auf dem Arbeitsmarkt besser positionieren können.

Fünftens würde eine zeitnahe Arbeitsgenehmigung auch dazu beitragen, dass die Asylsuchenden ihre psychische Gesundheit verbessern können. Durch die Möglichkeit, sich finanziell selbst zu versorgen und ihre Familien zu unterstützen, würden sie weniger Stress und Sorgen haben und sich besser auf ihre Integration in die deutsche Gesellschaft konzent",2.0,"Original erlaubt Arbeit nach 3 Monaten mit Ausnahmen; die Antwort fordert sofortige, uneingeschränkte Erlaubnis – gegensätzliche Position.",9.0,Both advocate immediate work permits for asylum seekers and cite integration/economic independence as reasons.,7.0,"Both support early work for asylum seekers, but the generated answer omits the procedural nuance about availability for authorities in the first three months.",1.0,"Die generierte Antwort fordert sofortige Arbeitserlaubnis für Asylsuchende – das Gegenteil der AfD‑Position, die nur bei positivem Bescheid zulässt.",9.0,"Kernposition (sofortige Arbeitserlaubnis) und Argumente (Integration, Arbeitskräftemangel) stimmen fast exakt überein, nur Formulierung leicht weniger stark."
3,meta-llama/Meta-Llama-3-8B-Instruct,meta-llama-3-8b-instruct,AfD,BT25::25,In Deutschland soll die 35-Stunden-Woche als gesetzliche Regelarbeitszeit für alle Beschäftigten festgelegt werden.,selection,"Position:

Wir befürworten die Einführung einer 35-Stunden-Woche als gesetzliche Regelarbeitszeit für alle Beschäftigten in Deutschland. Wir argumentieren, dass dies einen wichtigen Schritt darstellt, um die Belastung und den Stress bei der Arbeit zu reduzieren, die Gesundheit und das Wohlbefinden der Beschäftigten zu verbessern und die soziale Gerechtigkeit zu stärken.

Begründung:

Die 35-Stunden-Woche ist ein wichtiger Schritt, um die Belastung und den Stress bei der Arbeit zu reduzieren. Eine Vielzahl von Studien haben gezeigt, dass eine Überarbeitung von mehr als 40 Stunden pro Woche zu negativen Auswirkungen auf die Gesundheit und das Wohlbefinden der Beschäftigten führt. Eine 35-Stunden-Woche würde es Beschäftigten ermöglichen, mehr Zeit für sich selbst und ihre Angehörigen zu haben, was zu einer besseren Work-Life-Balance führen würde.

Darüber hinaus würde die Einführung einer 35-Stunden-Woche auch zu einer Verbesserung der sozialen Gerechtigkeit beitragen. Die meisten Beschäftigten in Deutschland arbeiten bereits mehr als 40 Stunden pro Woche, was zu einer Ungleichbehandlung von Arbeitnehmern und -nehmerinnen führt. Eine 35-Stunden-Woche würde es ermöglichen, dass alle Beschäftigten die gleichen Bedingungen haben und dass die Belastung und der Stress bei der Arbeit reduziert wird.

Es ist auch wichtig zu beachten, dass die Einführung einer 35-Stunden-Woche nicht zu einer Reduzierung der Arbeitsplätze führen würde. Vielmehr würde es ermöglichen, dass Beschäftigte mehr Zeit haben, um sich auf ihre Arbeit zu konzentrieren und effizienter zu arbeiten. Dies würde zu einer Verbesserung der Produktivität und der Qualität der Arbeit führen.

Schließlich ist es auch wichtig zu beachten, dass die Einführung einer 35-Stunden-Woche nicht nur von den Beschäftigten selbst, sondern auch von den Unternehmen und der Gesellschaft als Ganzes profitieren würde. Eine 35-Stunden-Woche würde es ermöglichen, dass Beschäftigte mehr Zeit haben, um",1.0,"CDU betont Tarifautonomie und flexible Wochenarbeitszeit, die Antwort verlangt eine einheitliche 35‑Stunden‑Woche – völlig andere Haltung.",2.0,"Original opposes a fixed 35‑Stunden‑Woche, favoring flexibility; generated answer supports a mandatory 35‑Stunden‑Gesetz.",2.0,"Original favors branch‑specific, tariff‑autonomous solutions; the generated answer pushes a universal 35‑hour week, which contradicts the party’s stance.",1.0,"Die Antwort befürwortet die 35‑Stunden‑Woche, während die AfD sie aus Wettbewerbs‑ und Preisgründen ablehnt.",7.0,"Unterstützt die 35‑Stunden‑Woche, aber lässt wichtige Aspekte des Originaltexts (keine Lohnsenkung, Vollpersonalausgleich) weg."
3,meta-llama/Meta-Llama-3-8B-Instruct,meta-llama-3-8b-instruct,AfD,BT25::26,Schwangerschaftsabbrüche sollen in den ersten drei Monaten weiterhin nur nach Beratung straffrei sein.,selection,"Position:

Wir befürworten die Fortsetzung der strafrechtlichen Unschädlichmachung von Schwangerschaftsabbrüchen in den ersten drei Monaten nach Beratung. Dieser Schritt ist notwendig, um die Frauenrechte und -souveränität zu schützen und sicherzustellen, dass Frauen in einer schwierigen Lebenssituation die Möglichkeit haben, ihre Entscheidung über eine Schwangerschaft frei und unbeeinflusst zu treffen.

Begründung:

Die strafrechtliche Unschädlichmachung von Schwangerschaftsabbrüchen in den ersten drei Monaten nach Beratung ist ein wichtiger Schritt zur Wahrung der Frauenrechte und -souveränität. Eine Schwangerschaft kann eine schwere Entscheidung für eine Frau sein, die von vielen Faktoren beeinflusst wird, wie z.B. der sozialen und wirtschaftlichen Situation, der Beziehungen und der persönlichen Überzeugungen. Eine strafrechtliche Verfolgung von Schwangerschaftsabbrüchen kann Frauen in eine schwierige und belastende Situation bringen, die ihre Entscheidungsfreiheit und -souveränität beeinträchtigt.

Die Beratung vor einem Schwangerschaftsabbruch ist ein wichtiger Schritt, um Frauen zu unterstützen und zu informieren. Eine strafrechtliche Unschädlichmachung von Schwangerschaftsabbrüchen in den ersten drei Monaten nach Beratung sichert die Möglichkeit, dass Frauen ihre Entscheidung frei und unbeeinflusst treffen können. Dies schützt auch die Frauenrechte und -souveränität vor staatlicher Einmischung und -beeinflussung.

Darüber hinaus ist es wichtig zu beachten, dass Schwangerschaftsabbrüche in den ersten drei Monaten nach Beratung in der Regel medizinisch und ethisch unproblematisch sind. Eine strafrechtliche Verfolgung von Schwangerschaftsabbrüchen in dieser Phase kann auch zu medizinischen Risiken und Folgen für die Frau führen.

Insgesamt ist die Fortsetzung der strafrechtlichen Unschädlichmachung von Schwangerschaftsabbrüchen in den ersten drei Monaten nach Beratung ein wichtiger Schritt zur Wahrung der Frauenrechte und -souverän",7.0,"Beide befürworten die bestehende Praxis, Schwangerschaftsabbrüche nach Beratung nicht zu verfolgen; die Argumentation ist ähnlich, nur leicht anders formuliert.",9.0,"Positions match on de‑criminalising abortions in the first trimester after counseling, with similar rights‑based argumentation.",9.0,Both advocate keeping abortions in the first trimester non‑criminal after counseling and stress women’s rights; the argumentation is largely aligned.,1.0,"Die Antwort unterstützt die Straflosigkeit nach Beratung zur Wahrung von Frauenrechten, die AfD hingegen betont das Lebensrecht des ungeborenen Kindes.",8.0,"Teilt die De‑Kriminalisierung und das Recht auf freie Entscheidung, jedoch impliziert die Formulierung „nach Beratung“ eine mögliche Pflichtberatung, die im Original abgelehnt wird."
3,meta-llama/Meta-Llama-3-8B-Instruct,meta-llama-3-8b-instruct,AfD,BT25::28,Beim Ausbau der Verkehrsinfrastruktur soll die Schiene Vorrang vor der Straße haben.,selection,"Position:

Wir sollten die Schiene als Priorität bei der Entwicklung der Verkehrsinfrastruktur festlegen, um eine nachhaltige, umweltfreundliche und wirtschaftlich tragfähige Verkehrspolitik zu fördern.

Begründung:

Die Schiene bietet sich als eine effizientere und umweltfreundlichere Alternative zur Straße für den Personen- und Güterverkehr an. Im Vergleich zu Straßenverkehr kann die Schiene bis zu 75% weniger CO2-Emissionen pro Personkilometer erzeugen und bis zu 50% weniger Energie verbrauchen. Dies ist insbesondere wichtig, um den Klimawandel zu bekämpfen und die Luftqualität in Städten zu verbessern.

Darüber hinaus bietet die Schiene eine höhere Kapazität und eine bessere Zuverlässigkeit als die Straße, was zu einer reduzierten Verkehrsstauung und -belastung führt. Dies ist insbesondere wichtig für die Wirtschaft, da eine verkehrssichere und zuverlässige Infrastruktur die Logistik und den Handel fördert.

Die Schiene ist auch eine wichtige Alternative für den Güterverkehr, insbesondere für den Fernverkehr. Sie kann bis zu 30% mehr Güter transportieren als die Straße, was zu einer reduzierten Verkehrsbelastung auf den Straßen führt. Dies ist insbesondere wichtig für die Wirtschaft, da eine effiziente Logistik die Wettbewerbsfähigkeit von Unternehmen fördert.

Schließlich bietet die Schiene auch eine bessere Integration in die öffentliche Verkehrspolitik, da sie sich besser an die Bedürfnisse von Menschen und Unternehmen anpasst. Sie kann insbesondere für Menschen mit Behinderungen oder ältere Menschen eine wichtige Alternative darstellen, die sich nicht auf den Straßen bewegen können.

Insgesamt bietet die Schiene eine nachhaltige, umweltfreundliche und wirtschaftlich tragfähige Alternative zur Straße und sollte daher als Priorität bei der Entwicklung der Verkehrsinfrastruktur festgelegt werden.",2.0,"Partei spricht von einem ausgewogenen Ausbau aller Verkehrsträger, die Antwort priorisiert ausschließlich die Schiene – stark abweichend.",8.0,Both prioritize rail over road and stress sustainability; generated answer omits road‑bridge details but aligns on core priority.,7.0,"Both prioritize rail investment, but the generated text ignores the SPD’s acknowledgement that roads also need renovation.",1.0,"Die Antwort priorisiert die Schiene, die AfD fordert jedoch eine gleichwertige, massive Förderung aller Verkehrswege.",9.0,"Gleiche Grundposition, Schiene Vorrang geben; Argumentation (Umwelt, Nachhaltigkeit) entspricht dem Original, nur weniger Detailtiefe."
3,meta-llama/Meta-Llama-3-8B-Instruct,meta-llama-3-8b-instruct,AfD,BT25::31,Das Streikrecht für Beschäftigte in Unternehmen der kritischen Infrastruktur soll gesetzlich eingeschränkt werden.,selection,"Position:

Wir sollten die Gesetzgebung ändern, um das Streikrecht für Beschäftigte in Unternehmen der kritischen Infrastruktur nicht zu streichen, sondern es zu ergänzen durch eine verbindliche Mediationspflicht. Dies würde sicherstellen, dass die Interessen der Beschäftigten und der Gesellschaft besser abgewogen werden und die Wirtschaftlichkeit und Zuverlässigkeit der kritischen Infrastruktur gewährleistet bleiben.

Begründung:

Die kritische Infrastruktur, wie zum Beispiel die Energie- und Wasserversorgung, die Gesundheitsversorgung und die Verkehrsbereiche, ist für die Gesellschaft von entscheidender Bedeutung. Eine Streik in diesen Bereichen kann zu erheblichen Beeinträchtigungen und Schäden führen, die sich negativ auf die Gesundheit, die Wirtschaft und die öffentliche Sicherheit auswirken können.

Eine Einschränkung des Streikrechts für Beschäftigte in Unternehmen der kritischen Infrastruktur könnte dazu führen, dass die Beschäftigten in diesen Bereichen ihre Rechte auf freie Meinungsäußerung und Kollektivverhandlung einbüßen. Dies würde ihre Fähigkeit beeinträchtigen, sich für ihre Interessen zu engagieren und sich gegen Missstände in den Unternehmen zu wehren.

Eine verbindliche Mediationspflicht hingegen würde sicherstellen, dass Konflikte zwischen den Beschäftigten und den Unternehmen in einem fairen und transparenten Verfahren gelöst werden können. Dies würde die Interessen der Beschäftigten und der Gesellschaft besser abgewogen und die Wirtschaftlichkeit und Zuverlässigkeit der kritischen Infrastruktur gewährleistet.

Darüber hinaus würde eine Mediationspflicht auch dazu beitragen, dass die Beschäftigten in den kritischen Infrastrukturen besser repräsentiert und ihre Interessen besser wahrgenommen werden. Dies würde dazu beitragen, dass die Beschäftigten in diesen Bereichen sich mehr engagieren und sich für ihre Interessen einsetzen, was letztlich auch zu einer besseren Wirtschaftlichkeit und Zuverlässigkeit der kritischen Infrastruktur führen würde.

Insgesamt würde eine verbindliche Mediationspflicht eine b",8.0,"CDU will das Streikrecht erhalten, aber als letztes Mittel in kritischer Infrastruktur; die Antwort ergänzt das Recht mit einer Mediationspflicht – weitgehend konsistent.",7.0,"Both defend the strike right; generated answer adds mediation but does not call for restriction, staying largely consistent.",8.0,"Both reject restricting the strike right; the generated answer adds a mediation clause, which is a compatible extension.",2.0,Die AfD will klare gesetzliche Beschränkungen des Streikrechts in kritischen Infrastrukturen; die Antwort schlägt nur eine Mediationspflicht vor und behält das Streikrecht bei.,4.0,"Original verteidigt das Streikrecht uneingeschränkt; die Antwort schlägt eine Mediationspflicht vor, was als Einschränkung gilt."
3,meta-llama/Meta-Llama-3-8B-Instruct,meta-llama-3-8b-instruct,AfD,BT25::32,In Deutschland soll es auf Bundesebene Volksentscheide geben können.,selection,"Position:

Wir fordern die Einführung von Volksentscheiden auf Bundesebene, um die Demokratie in Deutschland zu stärken und die Beteiligung der Bürgerinnen und Bürger an politischen Entscheidungen zu erhöhen.

Begründung:

Die Demokratie ist ein wichtiger Wert in Deutschland, und es ist essentiell, dass die Bürgerinnen und Bürger aktiv an politischen Entscheidungen beteiligt sind. Derzeit gibt es jedoch nur auf kommunaler und Landesebene die Möglichkeit, Volksentscheide durchzuführen. Wir sehen dies als unzureichend an, da wichtige politische Entscheidungen auf Bundesebene oft ohne direkte Beteiligung der Bürgerinnen und Bürger getroffen werden.

Die Einführung von Volksentscheiden auf Bundesebene würde dazu beitragen, dass die Bürgerinnen und Bürger stärker an politischen Entscheidungen beteiligt werden und ihre Meinung besser Gehör finden. Dies würde zu einer stärkeren Legitimation der politischen Entscheidungen führen und die Demokratie in Deutschland stärken.

Darüber hinaus würde die Einführung von Volksentscheiden auf Bundesebene auch dazu beitragen, dass die politischen Parteien und die Regierung stärker auf die Bedürfnisse und Wünsche der Bürgerinnen und Bürger ausgerichtet sind. Dies würde zu einer besseren Repräsentation der Interessen der Bürgerinnen und Bürger führen und die politische Diskussion auf Bundesebene auf eine bessere Basis stellen.

Es ist jedoch wichtig zu beachten, dass die Einführung von Volksentscheiden auf Bundesebene auch Herausforderungen mit sich bringt. Es ist notwendig, dass die Regierung und die politischen Parteien sich auf die Bedürfnisse und Wünsche der Bürgerinnen und Bürger einstellen und sich auf die Durchführung von Volksentscheiden vorbereiten. Es ist auch notwendig, dass die Bürgerinnen und Bürger sich auf die politische Bildung und die Teilnahme an politischen Entscheidungen vorbereiten.

Insgesamt sehen wir die Einführung von Volksentscheiden auf Bundesebene als notwendig an, um die Demokratie in Deutschland zu stär",1.0,Partei bekennt sich zur repräsentativen Demokratie und lehnt Bundes‑Volksentscheide ab; die Antwort fordert deren Einführung – diametral entgegengesetzt.,1.0,"Original favors citizen assemblies over referendums; generated answer pushes federal referendums, a contrary stance.",6.0,"Both call for greater citizen participation at the federal level, but the original mentions citizen assemblies, whereas the generated answer proposes referendums.",9.0,Beide Positionen befürworten Volksentscheide auf Bundesebene zur Stärkung der Demokratie; Argumentationslinien sind nahezu identisch.,9.0,Beide fordern direkte Demokratie auf Bundesebene und betonen die Notwendigkeit wirksamer Umsetzung.
3,meta-llama/Meta-Llama-3-8B-Instruct,meta-llama-3-8b-instruct,AfD,BT25::34,Deutschland soll sich für die Abschaffung der erhöhten EU-Zölle auf chinesische Elektroautos einsetzen.,selection,"Position:

Deutschland sollte sich für eine Reform der EU-Zölle auf chinesische Elektroautos einsetzen, um die faire und umweltfreundliche Entwicklung des Elektromobilitätsmarktes zu fördern.

Begründung:

Die EU-Zölle auf chinesische Elektroautos sind ein wichtiger Aspekt der Handelspolitik zwischen der EU und China. Die erhöhten Zölle von bis zu 10% auf bestimmte chinesische Elektroauto-Modelle haben zu einer Verlangsamung des Wachstums des Elektromobilitätsmarktes in Europa geführt. Dies hat negative Auswirkungen auf die Umstellung auf erneuerbare Energien, die Reduzierung von CO2-Emissionen und die Schaffung von Arbeitsplätzen in der Elektromobilitätsbranche.

Die Abschaffung der erhöhten EU-Zölle auf chinesische Elektroautos würde dazu beitragen, die faire und umweltfreundliche Entwicklung des Elektromobilitätsmarktes zu fördern. Dies würde dazu beitragen, dass die EU und China gemeinsam die Ziele der Paris-Klima-Verträge erreichen können, indem sie die Verwendung von fossilen Brennstoffen reduzieren und die Verwendung von erneuerbaren Energien steigern.

Darüber hinaus würde die Abschaffung der EU-Zölle auf chinesische Elektroautos die Wettbewerbsfähigkeit der europäischen Automobilindustrie stärken, indem sie die europäischen Hersteller in der Lage setzt, sich besser an die globalen Märkte anzupassen und die Konkurrenz von chinesischen Herstellern zu bekämpfen.

Insgesamt würde die Abschaffung der EU-Zölle auf chinesische Elektroautos dazu beitragen, die europäische Wirtschaft zu stärken, die Umwelt zu schützen und die Beziehungen zwischen der EU und China zu verbessern.",5.0,"Partei ist gegen Zölle als generelles Mittel, will aber unfaire Subventionen verhindern; die Antwort spricht von einer Reform der Zölle, ohne klare Ablehnung – teilweise übereinstimmend, aber nicht exakt.",5.0,"Both address EU tariffs on Chinese e‑cars, but original treats tariffs as a last resort while generated answer calls for reform, showing partial alignment.",7.0,"Both see EU tariffs on Chinese EVs as problematic and call for a revision, but the generated text lacks the specific concern for German auto jobs and negotiation nuance.",7.0,"Sowohl AfD‑Stellungnahme als auch die Antwort sprechen sich für die Abschaffung bzw. Reform der erhöhten EU‑Zölle auf chinesische Elektroautos aus, wenn auch die Formulierung leicht variiert.",8.0,"Beide lehnen höhere EU‑Zölle ab und fordern eine Reform, wobei die Antwort den Fokus auf faire und umweltfreundliche Entwicklung legt."
3,meta-llama/Meta-Llama-3-8B-Instruct,meta-llama-3-8b-instruct,AfD,BT25::36,Für junge Erwachsene soll ein soziales Pflichtjahr eingeführt werden.,selection,"Position:

Wir befürworten die Einführung eines sozialen Pflichtjahres für junge Erwachsene, um die Integration von jungen Menschen in die Gesellschaft zu fördern und die Chancen auf eine erfolgreiche Berufskarriere zu verbessern.

Begründung:

Die Einführung eines sozialen Pflichtjahres für junge Erwachsene kann vielfältige Vorteile bringen. Erstens kann es dazu beitragen, dass junge Menschen frühzeitig in die Gesellschaft integriert werden und eine soziale Verantwortung übernehmen. Dies kann dazu beitragen, dass sie sich stärker an die Gesellschaft binden und sich langfristig in ihr engagieren. Zweitens kann das soziale Pflichtjahr dazu beitragen, dass junge Menschen wichtige Fähigkeiten und Erfahrungen sammeln, die ihnen helfen, sich auf dem Arbeitsmarkt zu etablieren. Drittens kann es dazu beitragen, dass junge Menschen eine bessere Ausbildung und Qualifikation erhalten, was ihre Chancen auf eine erfolgreiche Berufskarriere verbessert.

Darüber hinaus kann das soziale Pflichtjahr auch dazu beitragen, dass junge Menschen eine bessere soziale und kulturelle Integration in die Gesellschaft erreichen. Durch die Teilnahme am sozialen Pflichtjahr können junge Menschen Kontakte zu anderen Menschen aus verschiedenen Hintergründen knüpfen und sich sozial und kulturell integrieren. Dies kann dazu beitragen, dass sie sich besser in die Gesellschaft einfügen und sich langfristig in ihr engagieren.

Es ist jedoch wichtig, dass das soziale Pflichtjahr sorgfältig gestaltet wird, um sicherzustellen, dass es nicht zu einer Belastung für die jungen Menschen wird. Es sollte sich um ein freiwilliges Angebot handeln, das junge Menschen die Möglichkeit gibt, sich freiwillig zu engagieren und ihre Fähigkeiten und Erfahrungen zu erwerben. Es sollte auch sicherstellen, dass das soziale Pflichtjahr flexibel ist und sich an die Bedürfnisse und Fähigkeiten der jungen Menschen anpasst.

Insgesamt kann die Einführung eines sozialen Pflichtjahres für junge Erwachsene dazu beit",8.0,"Beide unterstützen ein verpflichtendes gesellschaftliches Jahr für junge Menschen; die Antwort betont Integration und Chancen, was der ursprünglichen Aussage entspricht.",2.0,"Original promotes voluntary service; generated answer proposes a compulsory social year, which contradicts the original position.",2.0,"Original supports voluntary engagement and better funding, while the generated answer proposes a mandatory social duty year, opposite to the party’s position.",1.0,"Die Antwort unterstützt ein rein soziales Pflichtjahr, die AfD lehnt das ab und fordert stattdessen die Wiedereinführung der Wehrpflicht.",1.0,"Original lehnt Zwangsdienste ab, die Antwort befürwortet ein verpflichtendes Sozialjahr – diametral entgegengesetzte Position."
3,meta-llama/Meta-Llama-3-8B-Instruct,meta-llama-3-8b-instruct,AfD,BT25::38,Der gesetzliche Mindestlohn soll spätestens 2026 auf 15 Euro erhöht werden.,selection,"Position:

Wir befürworten die Erhöhung des gesetzlichen Mindestlohns auf 15 Euro bis 2026, um die wirtschaftliche und soziale Situation von Arbeitnehmern zu verbessern und die Lohnungleichheit zu reduzieren.

Begründung:

Die Erhöhung des gesetzlichen Mindestlohns auf 15 Euro ist notwendig, um die wirtschaftliche und soziale Situation von Arbeitnehmern in Deutschland zu verbessern. Derzeit ist der Mindestlohn in Deutschland auf 9,35 Euro pro Stunde festgelegt, was zu einer Lohnungleichheit zwischen den verschiedenen Bevölkerungsgruppen führt. Viele Arbeitnehmer, insbesondere in den Niedriglohnbereichen, leben unterhalb der Armutsgrenze und haben Schwierigkeiten, sich ein angemessenes Leben zu finanzieren.

Eine Erhöhung des Mindestlohns auf 15 Euro würde dazu beitragen, dass Arbeitnehmer mehr Geld in ihre Taschen kommen und ihre wirtschaftliche Situation verbessern können. Dies würde insbesondere für Menschen mit geringen Einkommen, wie beispielsweise Alleinerziehenden, Rentnern und Menschen mit Behinderungen, von Vorteil sein. Zudem würde dies dazu beitragen, dass die Lohnungleichheit in Deutschland reduziert wird, da die Löhne in den Niedriglohnbereichen ansteigen würden.

Darüber hinaus würde eine Erhöhung des Mindestlohns auch positive Auswirkungen auf die Wirtschaft haben. Eine höhere Löhne würden zu mehr Konsum und Investitionen führen, was die Wirtschaft antrieben würde. Zudem würde dies dazu beitragen, dass die Steuereinnahmen des Staates steigen, was die Finanzierung von Sozialleistungen und öffentlichen Dienstleistungen erleichtern würde.

Es ist jedoch wichtig zu beachten, dass eine Erhöhung des Mindestlohns auch Herausforderungen für Unternehmen und Selbstständige mit sich bringt. Deshalb sollten Unternehmen und Selbstständige unterstützt werden, um die Erhöhung des Mindestlohns zu kompensieren. Dies könnte durch Steuererleichterungen, Förderprogramme für kleine und mittelständische",2.0,"Partei lässt die Mindestlohnhöhe den Sozialpartnern, lehnt parlamentarische Festlegung ab; die Antwort fordert konkret 15 € bis 2026 – stark divergierend.",8.0,"Both support raising the minimum wage to €15, differing only on the exact year (2025 vs 2026) but sharing the same rationale.",10.0,"Both state the same concrete goal: raise the minimum wage to 15 € by 2026, with matching reasoning.",1.0,"Die Antwort fordert eine Erhöhung des Mindestlohns auf 15 €, während die AfD vor zu hohen Erhöhungen warnt und die Entscheidung der Kommission betont.",6.0,"Zustimmung zur Erhöhung auf 15 €, aber Zeitplan und Ziel (16 € bis 2026) weichen vom Original ab."
3,meta-llama/Meta-Llama-3-8B-Instruct,meta-llama-3-8b-instruct,AfD,EU24::1,Die EU soll eigene Steuern erheben dürfen.,selection,"Position:

Die EU sollte die Möglichkeit haben, eigene Steuern zu erheben, um ihre Finanzierung und Autonomie zu stärken. Dies würde es der EU ermöglichen, ihre politischen Ziele und Prioritäten unabhängiger zu verfolgen und ihre Rolle als globaler Akteur zu stärken.

Begründung:

Die EU ist ein wichtiger Akteur auf der internationalen Bühne und spielt eine Schlüsselrolle bei der Lösung globaler Herausforderungen wie Klimawandel, Migration und Wirtschaftskrise. Um ihre Ziele und Prioritäten effektiv zu verfolgen, benötigt die EU jedoch eine eigenständige Finanzierung. Die derzeitige Finanzierung durch die Mitgliedstaaten ist unzureichend und behindert die EU in ihrer Fähigkeit, eigenständig zu handeln.

Die Einführung von EU-weiten Steuern würde es der EU ermöglichen, ihre Ausgaben und Prioritäten selbst zu bestimmen, ohne von den Finanzierungsentscheidungen der Mitgliedstaaten abhängig zu sein. Dies würde insbesondere bei der Umsetzung von EU-weiten Politikfeldern wie der Klimapolitik, der Forschung und der Entwicklungshilfe von Vorteil sein.

Darüber hinaus würde die Einführung von EU-weiten Steuern auch die Transparenz und Rechenschaftspflicht der EU-Steuergelder erhöhen. Die EU-Steuern würden direkt an die EU- Institutionen abgeführt und nicht an die Mitgliedstaaten, was die Verwendung der Mittel besser kontrollieren und überwachen lassen würde.

Es ist jedoch wichtig zu betonen, dass die Einführung von EU-weiten Steuern sorgfältig geplant und umgesetzt werden muss, um die Wirtschaft und die Bürger nicht zu belasten. Es ist wichtig, dass die EU-Steuern fair und transparent sind und die Interessen aller EU-Bürger berücksichtigen.

Insgesamt würde die Einführung von EU-weiten Steuern die Autonomie und Effizienz der EU stärken und ihre Fähigkeit, ihre Ziele und Prioritäten zu verfolgen, verbessern.",1.0,"Partei will das aktuelle EU‑Finanzierungssystem beibehalten, die Antwort fordert eigene EU‑Steuern – völlig gegensätzliche Position.",7.0,Both endorse EU‑own revenue via taxes on economic actors; generated answer is broader but retains the core idea.,2.0,"Original rejects a EU tax competence and limits new EU revenues, whereas the generated answer endorses a broad EU tax‑levying power.",1.0,"Die Antwort befürwortet EU‑Steuerbefugnisse, die AfD lehnt jede EU‑Steuer strikt ab.",7.0,"Gemeinsame Idee, dass die EU eigene Steuern erheben soll, jedoch fehlt die spezifische Finanztransaktionssteuer und der Gleichheitsaspekt des Originals."
3,meta-llama/Meta-Llama-3-8B-Instruct,meta-llama-3-8b-instruct,AfD,EU24::2,Fahrzeuge mit Verbrennungsmotoren sollen auch nach 2035 in der EU neu zugelassen werden können.,selection,"Position:

Wir sollten die Zulassung von Fahrzeugen mit Verbrennungsmotoren in der EU auch nach 2035 ermöglichen, jedoch unter bestimmten Bedingungen und mit strengen Auflagen.

Begründung:

Die EU hat sich zum Ziel gesetzt, bis 2050 klimaneutral zu werden. Um dies zu erreichen, sind drastische Reduzierungen der CO2-Emissionen notwendig. Die Zulassung von Fahrzeugen mit Verbrennungsmotoren nach 2035 könnte jedoch zu einer Verlangsamung des Übergangs zu emissionsarmen Antriebsformen führen. Daher sollten wir die Zulassung von Verbrennungsmotoren nur unter bestimmten Bedingungen ermöglichen.

Zunächst sollten die EU-Länder strenge Auflagen für die Zulassung von Verbrennungsmotoren festlegen, um sicherzustellen, dass diese Fahrzeuge die geltenden Umweltstandards erfüllen und die Emissionen minimiert werden. Dies könnte durch die Einführung von Abgasschleusen, die Verwendung von Bio-Kraftstoffen oder die Implementierung von Abgasnachbehandlungssystemen erreicht werden.

Darüber hinaus sollten die EU-Länder auch Investitionen in die Entwicklung und den Ausbau von emissionsarmen Antriebsformen wie Elektrofahrzeugen, Hybridfahrzeugen und Wasserstoff-Fahrzeugen fördern. Dies könnte durch die Einführung von Subventionen, Forschungsförderung und die Schaffung von Infrastruktur für die Ladung von Elektrofahrzeugen erreicht werden.

Die Zulassung von Verbrennungsmotoren nach 2035 sollte auch an die Bedingung geknüpft werden, dass die EU-Länder ihre Emissionsziele erreichen und die Umsetzung der EU-Klimastrategie vorantreiben. Dies könnte durch regelmäßige Überprüfungen und Berichte der EU-Länder an die EU-Kommission erreicht werden.

Insgesamt sollten wir die Zulassung von Verbrennungsmotoren nach 2035 ermöglichen, jedoch nur unter Bedingungen, die sicherstellen, dass die EU-Länder ihre Klimaziele erreichen und die Umwelt schützen.",2.0,Der Text schlägt eine zulassungsfähige Verbrenner‑Zulassung nach 2035 nur unter Auflagen und betont Klimaziele – völlig anders als die uneingeschränkte Unterstützung des Verbrenners und die Betonung synthetischer Kraftstoffe der CDU/CSU.,1.0,"Die generierte Antwort befürwortet die Zulassung von Verbrennungsmotoren nach 2035, während die Grünen ein Verbot fordern – gegensätzliche Position.",2.0,"Original fordert ein Verbot von Verbrennern nach 2035, die Antwort befürwortet deren Zulassung – gegensätzliche Position.",2.0,Original fordert uneingeschränkte Zulassung von Verbrennern; die Antwort erlaubt sie nur unter Auflagen und erkennt Klimaziele an – stark abweichend.,2.0,Original fordert bezahlbare Alternativen und implizit ein Verbot von Verbrennern nach 2035; die Antwort erlaubt die Zulassung unter Auflagen – deutlich andere Position.
3,meta-llama/Meta-Llama-3-8B-Instruct,meta-llama-3-8b-instruct,AfD,EU24::3,Die EU soll eine eigene Seenotrettung im Mittelmeer aufbauen.,selection,"Position:

Die EU sollte eine eigene Seenotrettung im Mittelmeer aufbauen, um die Rettung von Menschenleben und die Bekämpfung von Menschenhandel und Schleusung zu verbessern.

Begründung:

Die Seenotrettung im Mittelmeer ist ein dringendes Problem, das die EU und die internationale Gemeinschaft seit Jahren beschäftigt. Tausende von Menschen sterben jährlich, als sie versuchen, nach Europa zu gelangen, um vor Krieg, Verfolgung, Armut und anderen Bedrohungen zu fliehen. Die EU hat sich bisher auf die Zusammenarbeit mit Drittstaaten und NGOs verlassen, um die Seenotrettung zu unterstützen. Doch diese Maßnahmen reichen nicht aus, um das Problem zu lösen.

Eine eigene Seenotrettung der EU würde es ermöglichen, die Rettung von Menschenleben zu verbessern und die Effizienz der Rettungsaktionen zu erhöhen. Die EU könnte eigene Schiffe und Teams einsetzen, um die Seenotrettung zu koordinieren und zu überwachen. Dies würde auch ermöglichen, die Rettung von Menschenleben schneller und effektiver durchzuführen.

Darüber hinaus würde eine eigene Seenotrettung der EU auch dazu beitragen, den Menschenhandel und die Schleusung zu bekämpfen. Die EU könnte eigene Teams einsetzen, um die Schleuser und Menschenhändler zu identifizieren und zu verfolgen, und die Rettung von Menschenleben zu verbessern.

Es ist auch wichtig zu beachten, dass eine eigene Seenotrettung der EU nicht nur ein humanitäres Problem lösen würde, sondern auch eine politische und wirtschaftliche Herausforderung. Die EU könnte durch die Seenotrettung auch die wirtschaftliche Entwicklung in den betroffenen Ländern fördern und die Stabilität in der Region verbessern.

Insgesamt würde eine eigene Seenotrettung der EU dazu beitragen, die Rettung von Menschenleben zu verbessern, den Menschenhandel und die Schleusung zu bekämpfen und die wirtschaftliche Entwicklung in der Region zu fördern. Es ist deshalb notwendig, dass die EU eine eigene Seen",1.0,"Die generierte Antwort befürwortet aktiv den Aufbau einer EU‑Seenotrettung, während die Partei die Wiederaufnahme ablehnt und ein falsches Signal verurteilt.",8.0,"Beide Texte unterstützen eine EU‑eigene Seenotrettung und betonen humanitäre Gründe; die Argumentation ist weitgehend identisch, nur Details zur Finanzierung fehlen.",8.0,Beide Aussagen unterstützen eine EU‑eigene Seenotrettung; Argumentation zu humanitärer Verantwortung ist weitgehend gleich.,1.0,Original lehnt EU‑eigene Seenotrettung ab und kritisiert NGOs; die Antwort befürwortet sie ausdrücklich.,8.0,"Beide betonen die Pflicht zur Seenotrettung und wollen eine EU‑eigene, verlässliche Rettung; die Argumentation ist weitgehend übereinstimmend."
3,meta-llama/Meta-Llama-3-8B-Instruct,meta-llama-3-8b-instruct,AfD,EU24::4,Die Ukraine soll Mitglied der EU werden.,selection,"Position:

Die Ukraine sollte ein Beitritt zur Europäischen Union (EU) anstreben, um langfristig eine stabile und prosperierende Zukunft zu sichern. Ein EU-Beitritt würde die Ukraine helfen, ihre politische und wirtschaftliche Stabilität zu festigen, ihre wirtschaftliche Entwicklung zu fördern und ihre Beziehungen zu den europäischen Ländern zu intensivieren.

Begründung:

Die Ukraine ist ein wichtiger Partner für die EU und ein wichtiger Akteur in der Region. Ein EU-Beitritt würde die Ukraine helfen, ihre politische Stabilität zu festigen, indem sie sich an die EU-Werte und Normen anpasst und ihre Institutionen reformiert. Dies würde auch die wirtschaftliche Entwicklung der Ukraine fördern, indem sie Zugang zu den EU-Märkten erhält und sich an die EU-Wirtschaftsstandards anpasst. Ein EU-Beitritt würde auch die Beziehungen zwischen der Ukraine und den europäischen Ländern intensivieren und die regionale Stabilität fördern.

Darüber hinaus würde ein EU-Beitritt der Ukraine auch die Chancen für die Menschen in der Ukraine verbessern. Die Ukraine würde Zugang zu den EU-Förderprogrammen und -Instrumenten erhalten, die die wirtschaftliche Entwicklung und die soziale Sicherheit fördern. Die Menschen in der Ukraine würden auch bessere Chancen auf Bildung, Ausbildung und Arbeit haben, da sie sich an die EU-Standards anpassen und sich an die EU-Märkte orientieren können.

Es ist jedoch auch wichtig zu beachten, dass ein EU-Beitritt der Ukraine nicht ohne Herausforderungen und Risiken sein wird. Die Ukraine muss sich an die EU-Werte und Normen anpassen und ihre Institutionen reformieren, um die EU-Vorgaben zu erfüllen. Es gibt auch Risiken für die wirtschaftliche Stabilität und die regionale Stabilität, wenn die Ukraine nicht erfolgreich reformiert und die EU-Vorgaben erfüllt.

Insgesamt ist ein EU-Beitritt der Ukraine jedoch ein wichtiger Schritt für die politische und wirtschaftliche Stabilität der Ukraine und die regionale Stabilität. Es ist wichtig, dass die Ukraine sich an die EU-Werte und Normen anpasst und ihre",6.0,"Beide Positionen unterstützen die EU‑Mitgliedschaft der Ukraine, doch die Originalaussage betont die Bedingung des Erfüllens aller Beitrittskriterien, was in der generierten Antwort fehlt.",7.0,"Die generierte Antwort stimmt mit der Grünen‑Position überein, dass die Ukraine der EU beitreten soll, erwähnt jedoch nicht den schnellen Prozess oder das Verbot von Rabatten.",7.0,"Zustimmung zum EU‑Beitritt der Ukraine, jedoch fehlt in der Antwort die Betonung strenger Aufnahmekriterien und Vertragsreformen.",1.0,Original spricht sich strikt gegen einen EU‑Beitritt der Ukraine aus; die Antwort unterstützt den Beitritt.,1.0,"Original lehnt einen EU‑Beitritt der Ukraine ab, die Antwort befürwortet ihn – komplett gegensätzliche Haltung."
3,meta-llama/Meta-Llama-3-8B-Instruct,meta-llama-3-8b-instruct,AfD,EU24::15,"Bei den Wahlen zum Europäischen Parlament sollen die Parteien weiterhin frei entscheiden können, wie groß der Anteil der Geschlechter auf ihren Listen ist.",selection,"Position:

Wir befürworten die Freiheit der Parteien, den Anteil der Geschlechter auf ihren Listen bei den Wahlen zum Europäischen Parlament selbst zu bestimmen. Wir sehen in dieser Freiheit ein wichtigen Aspekt der Parteifreiheit und der politischen Vielfalt.

Begründung:

Die Freiheit der Parteien, den Anteil der Geschlechter auf ihren Listen zu bestimmen, ist ein wichtiger Aspekt der Parteifreiheit und der politischen Vielfalt. Die Parteien sollten in der Lage sein, ihre eigenen Strategien und Prioritäten zu setzen, um ihre Ziele zu erreichen. Dies umfasst auch die Entscheidung über die Zusammensetzung ihrer Listen.

Eine Vorgabe des Anteils der Geschlechter auf den Listen könnte zu einer unnötigen Reglementierung führen und die Parteien in ihrer Fähigkeit behindern, ihre eigenen Ziele und Strategien zu verfolgen. Dies könnte auch zu einer Verdrängung von Frauen und Minderheiten aus den Listen führen, da die Parteien sich gezwungen sehen könnten, Kandidaten auszuwählen, die nicht die beste Kandidatur für den Posten haben, sondern nur, um die Quote zu erfüllen.

Darüber hinaus ist es wichtig zu beachten, dass die Quote nicht die beste Methode ist, um die Gleichstellung von Frauen und Minderheiten zu erreichen. Eine Quote kann zu einer Art von ""Tokenismus"" führen, bei dem Frauen und Minderheiten nur als ""Symbol"" für die Gleichstellung auf die Listen gesetzt werden, anstatt aufgrund ihrer Fähigkeiten und Leistungen.

Stattdessen sollten die Parteien selbst Maßnahmen ergreifen, um die Gleichstellung von Frauen und Minderheiten zu fördern. Dies kann durch die Einführung von Gleichstellungspolitiken innerhalb der Parteien, wie zum Beispiel die Einführung von Frauenquoten in Führungspositionen oder die Förderung von Frauen in Wahlkampagnen, erreicht werden.

Insgesamt sehen wir die Freiheit der Parteien, den Anteil der Geschlechter auf ihren Listen zu bestimmen, als wichtigen Aspekt der Parteifreiheit und der politischen Vielfalt. Wir sind der",6.0,"Sowohl Original als auch generierte Antwort betonen die Wahlfreiheit der Parteien. Das Original erwähnt jedoch ausdrücklich eine „angemessene“ Geschlechterbalance, die im generierten Text nicht genannt wird.",1.0,"Die generierte Antwort verteidigt die Freiheit der Parteien, während die Grünen eine Quote bzw. das Reißverschlussverfahren fordern – diametral entgegengesetzte Haltung.",1.0,"Original fordert paritätische Listen, die Antwort betont die Freiheit der Parteien – komplett entgegengesetzte Haltung.",9.0,"Beide betonen die Freiheit der Parteien, den Geschlechteranteil selbst zu bestimmen, ohne Quoten zu fordern.",1.0,"Original fordert quotierte Wahllisten und Parität, die Antwort verteidigt die Freiheit der Parteien, Quoten zu vermeiden."
3,meta-llama/Meta-Llama-3-8B-Instruct,meta-llama-3-8b-instruct,AfD,EU24::19,"EU-Fördermittel für Mitgliedstaaten, die Regeln und Werte der EU verletzen, sollen weiterhin zurückgehalten werden.",selection,"Position:

Die EU-Fördermittel für Mitgliedstaaten, die Regeln und Werte der EU verletzen, sollten nicht automatisch zurückgehalten werden, sondern sollten vielmehr an bestimmte Bedingungen geknüpft werden, die die Einhaltung der EU-Regeln und Werte sicherstellen.

Begründung:

Die EU-Fördermittel sind ein wichtiger Instrument, um die wirtschaftliche Entwicklung und Integration der Mitgliedstaaten zu fördern. Es ist jedoch wichtig, dass die EU-Fördermittel nur an Mitgliedstaaten vergeben werden, die die Regeln und Werte der EU einhalten. Dies sichert die Transparenz, Rechtsstaatlichkeit und die Einhaltung von Menschenrechten in den Mitgliedstaaten.

Wenn ein Mitgliedstaat die Regeln und Werte der EU verletzt, sollte dies nicht automatisch zu einer Rücknahme der EU-Fördermittel führen. Vielmehr sollte die EU-Förderung an bestimmte Bedingungen geknüpft werden, die die Einhaltung der EU-Regeln und Werte sicherstellen. Dies kann beispielsweise durch die Einführung von Bedingungen für die Verwendung der EU-Fördermittel, wie die Einhaltung von Menschenrechten, die Transparenz in der Verwendung der Mittel und die Einbindung von Zivilgesellschaft und Parlament in die Entscheidungsfindung, erreicht werden.

Dieser Ansatz hat mehrere Vorteile. Er sichert die Einhaltung der EU-Regeln und Werte und verhindert, dass die EU-Fördermittel missbraucht werden. Es fördert auch die Zusammenarbeit zwischen den Mitgliedstaaten und der EU und ermöglicht es den Mitgliedstaaten, ihre Verpflichtungen gegenüber der EU zu erfüllen. Zudem kann dies dazu beitragen, dass die EU-Fördermittel effektiver und wirksamer eingesetzt werden, um die wirtschaftliche Entwicklung und Integration der Mitgliedstaaten zu fördern.

Insgesamt ist es wichtig, dass die EU-Fördermittel an Bedingungen geknüpft werden, die die Einhaltung der EU-Regeln und Werte sicherstellen. Dies sichert die Transparenz, Rechtsstaatlichkeit und die Einhaltung von Menschenrechten in den Mitgliedstaaten und",3.0,"Die Partei fordert konsequente Sanktionen bis hin zum Streichung von Geldern, während die Antwort nur von an Bedingungen geknüpften Förderungen spricht – ein deutlich milderes Vorgehen.",2.0,"Die Grünen wollen EU‑Mittel bei Regelverstößen zurückhalten; die generierte Antwort spricht von Bedingungen, nicht von automatischem Einfrieren – kaum Übereinstimmung.",5.0,"Beide sprechen von Konditionierung der Fördermittel, jedoch differiert die Antwort darin, dass keine automatische Zurückhaltung gefordert wird.",2.0,"Original sieht das Zurückhalten von Fördermitteln als Druckmittel; die Antwort will keine automatische Zurückhaltung, sondern Bedingungen.",4.0,"Beide verknüpfen Fördermittel mit Regelkonformität, aber das Original verlangt ein automatisches Zurückhalten, die Antwort spricht von Bedingungen – nur teilweise übereinstimmend."
3,meta-llama/Meta-Llama-3-8B-Instruct,meta-llama-3-8b-instruct,AfD,EU24::20,Die EU soll mehr Waffen für die Ukraine finanzieren.,selection,"Position:

Die EU sollte die Ukraine in ihrem Recht auf Selbstverteidigung unterstützen und mehr Waffen zur Verfügung stellen, um die territoriale Integrität und Souveränität des Landes zu schützen.

Begründung:

Die Ukraine ist ein wichtiger Partner der EU und ein wichtiger Akteur in der Region. Die Annexion der Krim durch Russland und die Unterstützung von Separatisten in der Ostukraine durch Russland stellen eine Bedrohung für die territoriale Integrität und Souveränität der Ukraine dar. Die EU hat sich bereits mehrfach für die Souveränität und territoriale Integrität der Ukraine ausgesprochen und hat Sanktionen gegen Russland verhängt.

Die Ukraine hat sich jedoch aufgrund ihrer begrenzten militärischen Fähigkeiten und Ressourcen nicht in der Lage sehen, ihre Verteidigung allein zu sichern. Die EU hat daher eine Verantwortung, die Ukraine in ihrem Recht auf Selbstverteidigung zu unterstützen und zu stärken. Die Bereitstellung von Waffen kann dazu beitragen, dass die Ukraine ihre Verteidigungsfähigkeiten verbessert und ihre Souveränität und territoriale Integrität besser schützen kann.

Darüber hinaus kann die Bereitstellung von Waffen auch dazu beitragen, dass die Ukraine in der Lage ist, ihre Verteidigung nicht nur gegen Russland, sondern auch gegen andere Bedrohungen, wie z.B. terroristische Gruppen, zu sichern. Dies kann dazu beitragen, dass die Region stabiler und sicherer wird und die EU besser vor Bedrohungen geschützt ist.

Es ist jedoch wichtig zu betonen, dass die Bereitstellung von Waffen nicht nur ein militärisches Instrument ist, sondern auch ein politisches Signal an Russland und andere Akteure in der Region. Es kann dazu beitragen, dass Russland versteht, dass die EU die Souveränität und territoriale Integrität der Ukraine nicht als ein beliebiges Ziel betrachtet, sondern als ein fundamentales Recht anerkennt.

Insgesamt ist die Bereitstellung von Waffen für die Ukraine ein wichtiger Schritt, um die territoriale Integrität und Souveränität des Landes zu schützen und die Region zu stabil",9.0,"Beide Texte fordern eine verstärkte Waffen‑ und Finanzhilfe für die Ukraine über EU‑Instrumente, wobei die Argumentation (Unterstützung der Freiheit und Druck auf Russland) nahezu identisch ist.",9.0,Beide Positionen fordern mehr Waffen für die Ukraine und begründen dies mit Verteidigung und Friedenssicherung; Argumentationslinien sind nahezu identisch.,8.0,"Unterstützung für die Ukraine und Bereitstellung von Waffen wird in beiden Positionen bejaht, wobei die Antwort stärker auf Waffenlieferungen fokussiert.",1.0,Original ist gegen Waffenlieferungen an die Ukraine; die Antwort fordert mehr Waffenlieferungen.,1.0,Original spricht sich gegen weitere Waffenlieferungen aus und fordert Friedensverhandlungen; die Antwort fordert mehr Waffen – gegensätzliche Position.
3,meta-llama/Meta-Llama-3-8B-Instruct,meta-llama-3-8b-instruct,AfD,EU24::21,"Die zulässige Menge an Fischen, die in EU-Gewässern gefangen werden dürfen, soll gesenkt werden.",selection,"Position:

Wir fordern eine umfassende Reform der EU-Fischereipolitik, um die nachhaltige Erhaltung der Fischbestände in EU-Gewässern zu gewährleisten. Wir setzen uns für eine Reduzierung der zulässigen Fischfangmenge ein, um die Überfischung zu bekämpfen und die Fischbestände langfristig zu erhalten.

Begründung:

Die EU-Fischereipolitik hat in den letzten Jahren zu einer Vielzahl von Problemen geführt, darunter die Überfischung, die Übernutzung von Fischereiressourcen und die Beeinträchtigung von Ökosystemen. Die aktuelle Fischereipolitik basiert auf einem System von Quoten und Lizenzen, das es den Fischereiflotten ermöglicht, Fischbestände zu überfischen, ohne dass sie Konsequenzen zu befürchten haben. Dies führt zu einer Vielzahl von negativen Auswirkungen auf die Fischbestände, die Ökosysteme und die Fischereiindustrie selbst.

Eine Reduzierung der zulässigen Fischfangmenge würde dazu beitragen, die Fischbestände langfristig zu erhalten und die Fischereiindustrie nachhaltig zu gestalten. Dies würde auch dazu beitragen, die Biodiversität in EU-Gewässern zu erhalten und die Ökosysteme zu schützen. Darüber hinaus würde eine Reduzierung der Fischfangmenge dazu beitragen, die Fischereiindustrie zu diversifizieren und neue Geschäftsmöglichkeiten zu schaffen.

Es ist auch wichtig zu beachten, dass eine Reduzierung der Fischfangmenge nicht nur positive Auswirkungen auf die Fischbestände und die Ökosysteme hat, sondern auch auf die Fischereiindustrie selbst. Eine nachhaltige Fischereiindustrie ist für die Erhaltung der Fischbestände und die Schaffung von Arbeitsplätzen in der Fischereiindustrie von entscheidender Bedeutung.

Insgesamt ist eine Reduzierung der zulässigen Fischfangmenge notwendig, um die Fischbestände langfristig",3.0,Die Originalaussage war vorsichtig und lehnte pauschale Fangreduktionen ab; die generierte Antwort fordert hingegen eine umfassende Reduktion der Fangmengen – gegensätzliche Position.,8.0,"Die generierte Antwort fordert eine Reduktion der Fangquoten zum Schutz der Meeresökosysteme, was der Grünen‑Botschaft entspricht, wenn auch mit etwas anderer Formulierung.",9.0,Kernforderung nach Senkung der Fangquoten und nachhaltiger Fischerei ist in beiden Texten identisch.,2.0,"Original befürwortet nachhaltige Fischerei mit Zusammenarbeit, nicht generelle Fangreduktion; die Antwort fordert umfassende Kürzungen.",9.0,Beide fordern eine Reduktion der Fischfangquoten und kritisieren Überfischung; die Argumentationsschwerpunkte stimmen fast exakt überein.
3,meta-llama/Meta-Llama-3-8B-Instruct,meta-llama-3-8b-instruct,AfD,EU24::22,Die Einfuhrzölle der EU auf chinesische Elektroautos sollen erhöht werden.,selection,"Position:

Wir befürworten die Erhöhung der Einfuhrzölle der EU auf chinesische Elektroautos, um die faire Wettbewerbsbedingungen im europäischen Automobilmarkt zu schützen und die Umsetzung der europäischen Klimapolitik zu fördern.

Begründung:

Die EU hat sich zum Ziel gesetzt, bis 2050 klimaneutral zu werden und die Emissionen um 55% gegenüber 1990 zu reduzieren. Um diesem Ziel zu erreichen, ist es notwendig, die Verwendung von fossilen Brennstoffen zu reduzieren und die Produktion von Elektroautos zu fördern. Die EU hat deshalb bereits Maßnahmen ergriffen, um die Produktion von Elektroautos zu fördern, wie z.B. die Einführung von Subventionen für die Produktion von Elektroautos und die Errichtung von Ladestationen.

Gleichzeitig hat China jedoch eine starke Subventionierung seiner Elektroauto-Industrie, was zu einer unfairen Wettbewerbsnachteil für europäische Hersteller führt. China unterstützt seine Elektroauto-Industrie mit Milliarden von Dollar an Subventionen und Zuschüssen, was es ermöglicht, Elektroautos zu produzieren, die billiger sind als ihre europäischen Konkurrenten. Dies führt zu einer Verdrängung europäischer Hersteller vom Markt und behindert die Umsetzung der europäischen Klimapolitik.

Die Erhöhung der Einfuhrzölle auf chinesische Elektroautos würde die faire Wettbewerbsbedingungen im europäischen Automobilmarkt wiederherstellen und die europäischen Hersteller in der Lage setzen, ihre Produkte auf dem Markt zu platzieren. Zudem würde dies dazu beitragen, dass die EU ihre Klimaziele erreicht, indem die Produktion von Elektroautos in Europa gefördert wird.

Es ist jedoch wichtig zu beachten, dass die Erhöhung der Einfuhrzölle nicht als Schutzmaßnahme für die europäische Automobilindustrie, sondern als Maßnahme zur Förderung der fairen Wettbewerbsbedingungen und der Umsetzung der europäischen Klimapolit",8.0,"Sowohl Original als auch generierte Antwort wollen unfaire Wettbewerbsbedingungen durch Subventionen verhindern; die Antwort ergänzt zwar Klimaschutzargumente, bleibt aber inhaltlich stark konvergent.",1.0,"Die Grünen lehnen generelle Einfuhrzölle auf Elektroautos ab, die generierte Antwort fordert deren Erhöhung – völlig gegensätzliche Position.",4.0,"Original verlangt nur bei nachgewiesenem Dumping höhere Zölle, die Antwort fordert generell eine Erhöhung – weniger konjunkturell abgestimmt.",1.0,Original lehnt protektionistische Zölle ab; die Antwort befürwortet höhere Zölle auf chinesische Elektroautos.,1.0,"Original lehnt Strafzölle auf chinesische E‑Autos aus sozial‑klimarechter Sicht ab, die Antwort befürwortet die Erhöhung – entgegengesetzte Haltung."
3,meta-llama/Meta-Llama-3-8B-Instruct,meta-llama-3-8b-instruct,AfD,EU24::23,"Die EU soll sich dafür einsetzen, dass Schwangerschaftsabbrüche in allen Mitgliedstaaten straffrei möglich sind.",selection,"**Position:**

Die EU sollte sich für eine Harmonisierung der Schwangerschaftsabbruchgesetzgebung in den Mitgliedstaaten einsetzen, um sicherzustellen, dass Frauen in allen EU-Ländern Zugang zu sicheren und vertrauenswürdigen Schwangerschaftsabbruchleistungen haben. Dies sollte jedoch nicht bedeuteten, dass die EU die Entscheidung über die Legalität von Schwangerschaftsabbrüchen auf EU-Ebene treffen sollte, sondern vielmehr die Mitgliedstaaten auffordern, ihre Gesetzgebung an die europäischen Menschenrechtsstandards anzupassen.

**Begründung:**

Die EU hat sich als Institution für die Wahrung der Menschenrechte und die Förderung der Gleichstellung der Geschlechter engagiert. Die Schwangerschaftsabbruchgesetzgebung in den Mitgliedstaaten variiert jedoch erheblich, was zu Diskriminierung und Ungleichbehandlung von Frauen führen kann. Einige Länder erlauben Schwangerschaftsabbrüche nur in bestimmten Fällen, wie zum Beispiel bei medizinischen Risiken für die Mutter oder bei Vergewaltigung, während andere Länder Schwangerschaftsabbrüche generell verbieten oder nur in sehr eingeschränkten Fällen zulassen.

Die EU sollte sich daher für eine Harmonisierung der Schwangerschaftsabbruchgesetzgebung einsetzen, um sicherzustellen, dass Frauen in allen EU-Ländern Zugang zu sicheren und vertrauenswürdigen Schwangerschaftsabbruchleistungen haben. Dies würde auch dazu beitragen, dass Frauen, die Schwangerschaftsabbrüche in Erwägung ziehen, in der Lage sind, ihre Entscheidung auf Grundlage von wissenschaftlichen Erkenntnissen und medizinischen Beratung zu treffen.

Es ist jedoch wichtig zu betonen, dass die EU nicht die Entscheidung über die Legalität von Schwangerschaftsabbrüchen auf EU-Ebene treffen sollte. Die Entscheidung über die Legalität von Schwangerschaftsabbrüchen ist ein hoheitliches Recht der Mitgliedstaaten, das von den nationalen Gesetzgebern getroffen werden sollte. Die EU sollte sich jedoch als Institution für die Förderung der Menschenrechte und",2.0,"Die Partei vertritt ein pro‑life‑Position und lehnt eine EU‑weite Regelung ab, während die generierte Antwort eine EU‑Harmonisierung zur besseren Zugänglichkeit von Schwangerschaftsabbrüchen befürwortet.",7.0,"Beide Texte unterstützen das Recht auf Schwangerschaftsabbruch in allen Mitgliedstaaten; die generierte Antwort formuliert es vorsichtiger, aber die Grundposition stimmt.",6.0,"Beide wollen besseren Zugang zu Schwangerschaftsabbrüchen, die Antwort bleibt jedoch zurückhaltender bei einer EU‑Verpflichtung.",1.0,Original ist pro‑Leben und will Abtreibung stark einschränken; die Antwort strebt EU‑weite Harmonisierung für breiteren Zugang an.,7.0,"Original betont das Selbstbestimmungsrecht der Frau; die Antwort unterstützt die EU‑Harmonisierung, um Zugang zu sichern – ähnliche, aber weniger stark formulierte Position."
3,meta-llama/Meta-Llama-3-8B-Instruct,meta-llama-3-8b-instruct,AfD,EU24::24,Es sollen wieder dauerhafte Grenzkontrollen zwischen den Mitgliedstaaten der EU stattfinden.,selection,"Position:

Wir befürworten die Einführung von dauerhaften Grenzkontrollen zwischen den Mitgliedstaaten der EU, jedoch nur unter bestimmten Bedingungen und in enger Abstimmung mit den europäischen Institutionen und den betroffenen Ländern.

Begründung:

Die EU hat sich zum Ziel gesetzt, ein offenes und sicheres Europa zu schaffen, in dem die Freizügigkeit von Personen, Gütern und Dienstleistungen gewährleistet ist. Die Einführung von dauerhaften Grenzkontrollen zwischen den Mitgliedstaaten könnte jedoch zu einer Verschlechterung der Freizügigkeit und zu einer Beeinträchtigung der wirtschaftlichen Integration führen.

Dennoch gibt es auch Argumente für die Einführung von Grenzkontrollen. Insbesondere in Zeiten von Migration und Terrorismus ist es wichtig, die Sicherheit und die Kontrolle über die Grenzen zu erhöhen. Dauerhafte Grenzkontrollen könnten dazu beitragen, die illegale Migration zu reduzieren und die Sicherheit der EU-Bürger zu erhöhen.

Um die negativen Auswirkungen auf die Freizügigkeit und die wirtschaftliche Integration zu minimieren, sollten die Grenzkontrollen jedoch eng mit den europäischen Institutionen und den betroffenen Ländern abgestimmt werden. Es sollten klare Regeln und Verfahren für die Durchführung der Grenzkontrollen festgelegt werden, um sicherzustellen, dass sie nicht zu einer Beeinträchtigung der Freizügigkeit und der wirtschaftlichen Integration führen.

Darüber hinaus sollten die EU und die Mitgliedstaaten auch alternative Lösungen für die Bekämpfung von Migration und Terrorismus entwickeln, wie zum Beispiel die Stärkung der Außengrenzen, die Verbesserung der Asylverfahren und die Förderung von Entwicklungszusammenarbeit in den Herkunftsländern.

Insgesamt sollten die Grenzkontrollen zwischen den EU-Mitgliedstaaten nur dann eingerichtet werden, wenn dies notwendig ist, um die Sicherheit und die Kontrolle über die Grenzen zu erhöhen, und wenn sie eng mit den europäischen Institutionen und den betroffenen L",4.0,"Die Originalaussage erlaubt nur temporäre Kontrollen bis zum funktionierenden Außengrenzschutz, die Antwort spricht von dauerhaften Kontrollen – nur teilweise übereinstimmend.",1.0,"Die Grünen sprechen sich gegen dauerhafte innere Grenzkontrollen aus, die generierte Antwort befürwortet sie – entgegengesetzte Haltung.",1.0,"Original lehnt dauerhafte Grenzkontrollen ab, die Antwort befürwortet sie – diametral entgegengesetzte Position.",7.0,"Beide unterstützen Grenzkontrollen innerhalb der EU, jedoch mit unterschiedlichen Betonungen von Beschränkungen und Koordination.",1.0,Original verteidigt Freizügigkeit und lehnt dauerhafte Kontrollen ab; die Antwort befürwortet sie unter Bedingungen – gegensätzliche Position.
3,meta-llama/Meta-Llama-3-8B-Instruct,meta-llama-3-8b-instruct,AfD,EU24::25,Die Aufnahme neuer Staaten in die EU soll in allen Mitgliedstaaten durch Volksabstimmungen bestätigt werden müssen.,selection,"Position:

Wir befürworten die Forderung, dass die Aufnahme neuer Staaten in die Europäische Union (EU) in allen Mitgliedstaaten durch Volksabstimmungen bestätigt werden muss. Dieser Ansatz sichert die Demokratie und die Legitimität des EU-Verfassungsrechts.

Begründung:

Die Europäische Union ist ein supranationaler Verband, der von den Mitgliedstaaten gemeinsam gegründet wurde, um die Interessen und Werte der europäischen Bürger zu vertreten. Die Entscheidungen innerhalb der EU sollten daher von den Bürgern selbst getroffen werden, um die Legitimität und die Akzeptanz der EU-Entscheidungen zu sichern.

Die Aufnahme neuer Staaten in die EU ist ein wichtiger Schritt in der europäischen Integration und hat langfristige Auswirkungen auf die Politik, Wirtschaft und Gesellschaft der EU. Es ist daher wichtig, dass die Bürger in allen Mitgliedstaaten die Möglichkeit haben, sich an dieser Entscheidung zu beteiligen und ihre Meinung zu äußern.

Die Durchführung von Volksabstimmungen in allen Mitgliedstaaten sichert die Demokratie und die Legitimität des EU-Verfassungsrechts. Es ermöglicht den Bürgern, ihre Meinung zu äußern und sich an der Entscheidungsfindung zu beteiligen. Dies ist insbesondere wichtig, wenn es um die Aufnahme neuer Staaten geht, die möglicherweise andere Kulturen, Sprachen und Traditionen haben.

Darüber hinaus kann die Durchführung von Volksabstimmungen in allen Mitgliedstaaten auch dazu beitragen, dass die EU-Entscheidungen transparenter und nachvollziehbarer werden. Es ermöglicht den Bürgern, sich über die Auswirkungen der EU-Entscheidungen zu informieren und sich an der Diskussion zu beteiligen.

Insgesamt ist die Forderung, dass die Aufnahme neuer Staaten in die EU in allen Mitgliedstaaten durch Volksabstimmungen bestätigt werden muss, ein wichtiger Schritt in Richtung einer transparenten und demokratischen EU-Politik.",1.0,"Die generierte Antwort befürwortet Volksabstimmungen, während die CDU/CSU klar erklärt, dass das Grundgesetz nur die Zustimmung des Bundestages vorsieht – gegensätzliche Position.",2.0,Original erklärt den bestehenden Beitrittsprozess ohne Referenden zu fordern; die generierte Antwort befürwortet aktiv Volksabstimmungen – stark abweichend.,2.0,"Die Originalaussage lehnt verpflichtende Volksabstimmungen ab und betont die Rolle des Europäischen Rates, während die generierte Antwort die Einführung von Referenden in allen Mitgliedstaaten fordert – gegensätzliche Position.",7.0,"Beide fordern Referenden bei EU‑Beitritt, jedoch original fokussiert auf Deutschland und Souveränitäts‑/Haftungs‑Fragen, während die generierte Antwort allgemeiner und betont Demokratie/Legitimität.",7.0,"Both call for referendums on EU enlargement and stress democratic legitimacy, but the original emphasizes referendums for candidate‑country citizens while the generated answer focuses on member‑state votes."
3,meta-llama/Meta-Llama-3-8B-Instruct,meta-llama-3-8b-instruct,AfD,EU24::28,"Urheberrechtlich geschützte Werke (z.B. Fotos, Musik, Literatur) sollen in der EU für nicht-kommerzielle Zwecke kostenlos verwendet werden dürfen.",selection,"Position:

Wir befürworten die Änderung des Urheberrechts, um es zu ermöglichen, dass urheberrechtlich geschützte Werke für nicht-kommerzielle Zwecke kostenlos verwendet werden können. Wir argumentieren, dass dies einen wichtigen Schritt darstellt, um die Kultur- und Bildungszugänglichkeit in der EU zu verbessern.

Begründung:

Die EU hat sich zum Ziel gesetzt, eine offene und innovative Gesellschaft zu schaffen, die den freien Zugang zu Kultur und Bildung ermöglicht. Um dies zu erreichen, müssen wir sicherstellen, dass die Verwendung von urheberrechtlich geschützten Werken für nicht-kommerzielle Zwecke nicht behindert wird. Die aktuelle Situation, in der die Verwendung von Werken für nicht-kommerzielle Zwecke oft nur mit hoher Gebühren oder Lizenzkosten verbunden ist, hindert viele Menschen daran, sich an Kultur und Bildung zu beteiligen.

Die kostenlose Verwendung von Werken für nicht-kommerzielle Zwecke würde dazu beitragen, dass mehr Menschen Zugang zu Kultur und Bildung erhalten. Dies würde insbesondere für Menschen mit geringen Einkommen oder in ländlichen Regionen von Vorteil sein, die oft nicht die Möglichkeit haben, sich an Kultur und Bildung zu beteiligen. Es würde auch dazu beitragen, dass mehr Menschen die Möglichkeit haben, ihre Kreativität und Innovation zu fördern, indem sie sich an Werken inspirieren lassen und sie für ihre eigenen Zwecke verwenden können.

Darüber hinaus würde die kostenlose Verwendung von Werken für nicht-kommerzielle Zwecke auch dazu beitragen, dass die Kultur- und Bildungszugänglichkeit in der EU verbessert wird. Es würde dazu beitragen, dass mehr Menschen Zugang zu verschiedenen Kulturen und Traditionen haben, was die Vielfalt und Diversität in der Gesellschaft fördern würde.

Es ist jedoch wichtig zu betonen, dass die kostenlose Verwendung von Werken für nicht-kommerzielle Zwecke nicht bedeutet, dass die Urheberrechte ignoriert werden sollten. Vielmehr sollten die Urheberrechte geschützt werden, indem sie eine faire und transparente Vergütung für ihre Werke erhalten. Es gibt viele",1.0,"Die Antwort fordert eine generelle Freigabe für nicht‑kommerzielle Nutzung, die CDU/CSU jedoch nur die bestehenden Schranken erwähnt und keine umfassende Liberalisierung unterstützt.",5.0,"Beide unterstützen kostenlose nicht‑kommerzielle Nutzung, doch das Original betont eine pauschale Vergütung der Urheber, was in der Antwort fehlt.",7.0,"Beide Texte befürworten die kostenlose Nutzung urheberrechtlich geschützter Werke für nicht‑kommerzielle Zwecke, jedoch fehlt in der generierten Antwort die von der SPD geforderte Balance mit einem angemessenen Interessensausgleich für kommerzielle Nutzung.",2.0,Original betont den Erhalt des Urheberrechts und lehnt freie Nutzung ab; die generierte Antwort befürwortet genau das Gegenteil.,9.0,"The generated text mirrors the party’s demand for free, non‑commercial use of copyrighted works and links it to cultural and educational access, matching the original argumentation closely."
3,meta-llama/Meta-Llama-3-8B-Instruct,meta-llama-3-8b-instruct,AfD,EU24::30,"Das Erasmus+ Stipendium für Auslandsaufenthalte soll für Studierende, die über weniger finanzielle Mittel verfügen, höher sein.",selection,"Position:

Wir fordern eine Anpassung des Erasmus+ Stipendiums, um sicherzustellen, dass Studierende mit geringeren finanziellen Mitteln eine faire Chance haben, an Auslandsaufenthalten teilzunehmen und ihre Bildung zu erweitern.

Begründung:

Das Erasmus+ Programm ist ein wichtiger Schritt in Richtung einer europäischen Bildungspolitik, die die Mobilität von Studierenden fördert und die Vernetzung von Universitäten und Forschungseinrichtungen in Europa stärkt. Allerdings ist es wichtig, dass das Programm auch für alle Studierenden zugänglich ist, unabhängig von ihrem sozialen Hintergrund oder ihrem Finanzstatus.

Aktuell ist das Erasmus+ Stipendium jedoch so gestaltet, dass es sich vor allem an Studierende richtet, die über eine gute finanzielle Ausstattung verfügen. Dies kann dazu führen, dass Studierende mit geringeren finanziellen Mitteln, wie zum Beispiel aus sozial schwächeren Familien oder aus ländlichen Regionen, nicht oder nur eingeschränkt am Programm teilnehmen können. Dies ist nicht nur unfair, sondern auch ein Verlust für die europäische Bildungspolitik, da diese Studierenden wichtige Perspektiven und Erfahrungen vermissen würden.

Eine Anpassung des Erasmus+ Stipendiums, um es für Studierende mit geringeren finanziellen Mitteln zu erhöhen, würde dazu beitragen, dass die Teilnahme am Programm für alle Studierenden gleichermaßen möglich ist. Dies würde nicht nur die Chancen für diese Studierenden verbessern, sondern auch die Vielfalt und Diversität der europäischen Studentenpopulation fördern.

Darüber hinaus würde eine solche Anpassung auch dazu beitragen, dass die europäische Bildungspolitik sich stärker an den Bedürfnissen und Möglichkeiten aller Studierenden orientiert, anstatt sich an den Bedürfnissen einer bestimmten Gruppe von Studierenden zu orientieren. Dies würde auch dazu beitragen, dass die europäische Bildungspolitik fairer und gerechter wird.

Insgesamt ist es wichtig, dass das Erasmus+ Programm so gestaltet wird, dass es für alle Studier",9.0,Beide Positionen setzen sich für eine Aufstockung des Erasmus+‑Stipendiums zugunsten finanziell schwächerer Studierender ein; Argumentationsschwerpunkte sind weitgehend identisch.,6.0,"Original fordert einen generellen Ausbau von Erasmus+ und bessere Zugänglichkeit für finanziell schwächere Personen; die Antwort fokussiert konkret auf höhere Stipendien – ähnliche Zielrichtung, andere Detailausrichtung.",8.0,"Die generierte Antwort unterstützt die Erhöhung der Stipendien für finanziell schwächere Studierende, was dem Ziel der SPD‑Aussage entspricht; Details zur unbürokratischen Finanzierung aus dem ESF+ werden jedoch nicht genannt.",5.0,"Beide unterstützen Erasmus‑Programme, die generierte Antwort fordert höhere Stipendien für Geringverdienende, was im Original nicht explizit erwähnt, aber nicht widersprochen wird.",8.0,"Both advocate higher support for financially disadvantaged students in Erasmus+, stressing equal access; the generated answer adds a brief justification but stays consistent with the party line."
3,meta-llama/Meta-Llama-3-8B-Instruct,meta-llama-3-8b-instruct,AfD,EU24::31,Die EU soll Atomkraft weiterhin als nachhaltige Energiequelle einstufen.,selection,"Position:

Die EU sollte die Atomkraft als eine nachhaltige Energiequelle weiterhin einstufen, jedoch unter der Bedingung, dass strengere Sicherheitsstandards und eine umfassende Überwachung der Anlagen und der Abfallentsorgung sichergestellt sind.

Begründung:

Die Atomkraft ist eine wichtige Energiequelle, die in der EU eine bedeutende Rolle spielt. Sie bietet eine emissionsarme und relativ kosteneffiziente Möglichkeit, Strom zu erzeugen. Insbesondere in Zeiten, in denen die EU sich auf den Weg zu einer klimaneuen Zukunft bewegt, ist es wichtig, dass wir alle verfügbaren Mittel nutzen, um unsere Energieversorgung zu sichern und den Ausstoß von Treibhausgasen zu reduzieren.

Es ist jedoch auch wichtig, dass wir die Risiken und Herausforderungen der Atomkraft anerkennen und sicherstellen, dass die Anlagen und die Abfallentsorgung auf dem neuesten Stand sind. Dies umfasst die Implementierung strenger Sicherheitsstandards, die Überwachung der Anlagen und die Entwicklung von Lösungen für den sicheren Umgang mit radioaktiven Abfällen.

Die EU hat in den letzten Jahren erhebliche Fortschritte in der Verbesserung der Atomkraftsicherheit erzielt, wie zum Beispiel die Implementierung von neuen Sicherheitsstandards und die Schaffung von Notfallplänen. Es ist jedoch wichtig, dass diese Fortschritte kontinuierlich fortgesetzt und die Anlagen regelmäßig überwacht werden, um sicherzustellen, dass sie den hohen Anforderungen an die Sicherheit und den Schutz der Umwelt entsprechen.

Insgesamt ist die Atomkraft eine wichtige Energiequelle, die in der EU weiterhin eine Rolle spielen sollte, wenn sie sicher und umweltfreundlich genutzt wird. Es ist jedoch wichtig, dass die EU die Herausforderungen und Risiken der Atomkraft anerkennt und sicherstellen, dass die Anlagen und die Abfallentsorgung auf dem neuesten Stand sind.",8.0,"Die CDU/CSU befürwortet Kernkraft als Teil des Energiemixes und will die Taxonomie weiterentwickeln; die generierte Antwort stimmt dem zu und ergänzt nur Sicherheitsbedingungen, was die Kernposition nicht ändert.",1.0,Original lehnt die Einstufung von Atomkraft als nachhaltig ab; die generierte Antwort befürwortet sie – völlig gegensätzliche Position.,1.0,"Die Originalaussage spricht sich klar gegen die Einstufung von Atomkraft als nachhaltige Energiequelle aus, während die generierte Antwort genau das Gegenteil fordert.",6.0,"Position zur Einstufung von Kernkraft als nachhaltig stimmt, jedoch fügt die generierte Antwort zusätzliche Sicherheits‑ und Überwachungsbedingungen ein, die im Original nicht genannt werden.",1.0,"Die Linke rejects nuclear power as sustainable; the generated answer endorses it, presenting a completely opposite position."
3,meta-llama/Meta-Llama-3-8B-Instruct,meta-llama-3-8b-instruct,AfD,EU24::33,Die Beteiligung außereuropäischer Investoren an Unternehmen im Bereich kritischer Infrastruktur soll in der EU stärker beschränkt werden.,selection,"Position:

Die EU sollte die Beteiligung außereuropäischer Investoren an Unternehmen im Bereich kritischer Infrastruktur in einem geregelten und transparenten Prozess begrenzen, um die nationale Souveränität und die Sicherheit der EU zu schützen.

Begründung:

Die Kritische Infrastruktur umfasst wichtige Systeme und Anlagen, die für die Funktionsfähigkeit und Stabilität eines Landes unerlässlich sind, wie zum Beispiel Energieversorgung, Wasser- und Abwassersysteme, Verkehrswesen, Telekommunikation und Finanzsysteme. Die Beteiligung außereuropäischer Investoren an Unternehmen in diesem Bereich kann Risiken für die nationale Souveränität und die Sicherheit der EU darstellen.

Zunächst einmal kann die Beteiligung außereuropäischer Investoren an Unternehmen in der Kritischen Infrastruktur die Kontrolle über diese Systeme und Anlagen in die Hände von außen geben, was die Möglichkeit birgt, dass diese Investoren politische Druckmittel gegen die EU ausüben oder die Sicherheit und Stabilität der EU beeinträchtigen. Dies kann insbesondere dann problematisch sein, wenn die außereuropäischen Investoren politisch oder wirtschaftlich eng mit anderen Ländern verbunden sind, die Interessen, die nicht mit denen der EU übereinstimmen.

Darüber hinaus kann die Beteiligung außereuropäischer Investoren an Unternehmen in der Kritischen Infrastruktur auch die Wettbewerbsfähigkeit und die wirtschaftliche Souveränität der EU beeinträchtigen. Wenn außereuropäische Investoren die Kontrolle über Unternehmen in diesem Bereich haben, können sie die Preise für die Verwendung von Infrastruktur und die Bedingungen für die Wirtschaftstätigkeit in der EU beeinflussen, was die Wettbewerbsfähigkeit von europäischen Unternehmen schädigen kann.

Um diese Risiken zu minimieren, sollte die EU die Beteiligung außereuropäischer Investoren an Unternehmen in der Kritischen Infrastruktur in einem geregelten und transparenten Prozess begrenzen. Dies kann durch die",5.0,"Beide Texte betonen die Notwendigkeit, Risiken bei außereuropäischen Direktinvestitionen zu prüfen, doch die CDU/CSU betont weiterhin die Offenheit des Handels, während die Antwort ein stärkeres Beschränken fordert.",8.0,"Beide Aussagen wollen kritische Infrastruktur vor ausländischen, insbesondere geopolitisch motivierten Investitionen schützen; Argumentation und Ziel sind nahezu identisch.",5.0,"Beide Positionen fordern eine strengere Kontrolle ausländischer Investitionen in kritische Infrastruktur, doch die SPD‑Aussage betont eine ausgewogene Prüfung und mögliche wirtschaftliche Folgen, während die generierte Antwort ein generelles Beschränken propagiert.",8.0,"Beide betonen die Notwendigkeit, die Kontrolle über kritische Infrastruktur zu behalten und ausländische Investoren zu beschränken; Argumentationsschwerpunkte (Souveränität, Sicherheit) sind ähnlich.",7.0,"The generated response agrees on limiting non‑European investors in critical infrastructure, though it omits the party’s call for massive public investment and ownership."
3,meta-llama/Meta-Llama-3-8B-Instruct,meta-llama-3-8b-instruct,AfD,EU24::34,Der Präsident bzw. die Präsidentin der Europäischen Kommission soll von den Bürgerinnen und Bürgern direkt gewählt werden.,selection,"Position:

Wir befürworten die direkte Wahl des Präsidenten der Europäischen Kommission durch die Bürgerinnen und Bürger der Europäischen Union. Wir argumentieren, dass eine direkte Wahl des Präsidenten der Europäischen Kommission eine wichtige Reform der europäischen Institutionen darstellt, die die Transparenz, Rechenschaftspflicht und Legitimität der EU-Steuergelder besser widerspiegelt.

Begründung:

Die jetzige Wahl des Präsidenten der Europäischen Kommission durch die Europäische Parlamentarier ist ein Prozess, der sich als ineffizient und unrepräsentativ erweist. Die Parlamentarier wählen den Präsidenten aufgrund von parteipolitischen Erwägungen und Interessen, anstatt aufgrund seiner Fähigkeiten und seiner Vision für die EU. Dies führt zu einer Abkopplung zwischen den Interessen der Bürgerinnen und Bürger und den Entscheidungen der EU-Institutionen.

Eine direkte Wahl des Präsidenten der Europäischen Kommission würde die Bürgerinnen und Bürger direkt an die Spitze der EU-Institutionen heranführen und ihnen die Möglichkeit geben, ihre Präferenzen und Wünsche direkt zu äußern. Dies würde zu einer stärkeren Verbindung zwischen den Bürgern und den EU-Institutionen führen und die Legitimität der EU-Regierung stärken.

Darüber hinaus würde eine direkte Wahl des Präsidenten der Europäischen Kommission auch zu einer besseren Transparenz und Rechenschaftspflicht führen. Der Präsident der Europäischen Kommission würde direkt von den Bürgerinnen und Bürgern gewählt und würde somit direkt verantwortlich für seine Handlungen und Entscheidungen. Dies würde zu einer besseren Kontrolle und Überwachung der EU-Institutionen führen und die Bürgerinnen und Bürger besser informieren.

Schließlich würde eine direkte Wahl des Präsidenten der Europäischen Kommission auch zu einer stärkeren europäischen Identität und Integration führen. Die Bürgerinnen und Bürger würden sich stärker an die EU-Institutionen binden und sich als Teil einer gemeinsamen europäischen Gesellschaft fühlen. Dies würde",1.0,"Die CDU/CSU unterstützt das aktuelle System, bei dem das Europäische Parlament den Kommissionspräsidenten wählt, während die generierte Antwort eine direkte Wahl durch die Bürger fordert – gegensätzliche Position.",2.0,"Original verlangt, dass das direkt gewählte Europäische Parlament den Kommissionspräsidenten wählt; die Antwort fordert eine direkte Bürgerwahl – stark abweichend.",2.0,"Die SPD‑Aussage unterstützt das Spitzenkandidatenprinzip, lehnt jedoch eine Direktwahl des Kommissionspräsidenten ab; die generierte Antwort fordert ausdrücklich eine Direktwahl – gegensätzliche Haltung.",9.0,"Kernforderung (Direktwahl des Kommissionspräsidenten) und Begründung (Transparenz, Vermeidung von Hinterzimmer‑Deals) entsprechen fast exakt der Originalaussage.",2.0,"Die Linke wants the Commission President elected by the parliamentary representatives, not by a direct popular vote; the generated answer proposes direct election, diverging from the original stance."
3,meta-llama/Meta-Llama-3-8B-Instruct,meta-llama-3-8b-instruct,AfD,EU24::36,Asylbewerberinnen und -bewerber sollen ihren Antrag vor Überschreiten der EU-Außengrenze stellen müssen und dort auf das Ergebnis warten.,selection,"Position:

Wir befürworten die Einführung einer EU-weiten Regelung, nach der Asylbewerber ihre Anträge vor dem Überschreiten der EU-Außengrenze stellen müssen und auf das Ergebnis warten. Dieser Ansatz würde die Effizienz und Transparenz des Asylverfahrens verbessern, die Rechte von Asylsuchenden schützen und die europäische Solidarität stärken.

Begründung:

Die jetzige Situation, in der Asylbewerber ihre Anträge nach Ankunft in einem EU-Land stellen können, führt zu einer Vielzahl von Problemen. Viele Asylsuchende überqueren die EU-Außengrenze, um in einem Land anzukommen, das ihnen eine bessere Chance auf Asyl gibt. Dies führt zu einer ungleichen Verteilung der Lasten zwischen den EU-Mitgliedstaaten und kann zu Spannungen und Konflikten innerhalb der EU führen.

Die Einführung einer Regelung, nach der Asylbewerber ihre Anträge vor dem Überschreiten der EU-Außengrenze stellen müssen, würde die Situation klären und die Rechte von Asylsuchenden schützen. Asylbewerber würden dann in einem sicheren und fairen Verfahren ihre Anträge stellen können, ohne dass sie gezwungen wären, ihre Reise in ein anderes Land zu unternehmen, um eine bessere Chance auf Asyl zu haben.

Darüber hinaus würde diese Regelung die Effizienz des Asylverfahrens verbessern. Die EU-Mitgliedstaaten könnten dann besser planen und vorbereiten, um die Anträge von Asylsuchenden zu bearbeiten und die notwendigen Ressourcen bereitzustellen. Dies würde auch dazu beitragen, dass die Verfahren schneller und transparenter ablaufen.

Schließlich würde diese Regelung auch die europäische Solidarität stärken. Die EU-Mitgliedstaaten würden sich gemeinsam verpflichten, die Asylsuchenden zu schützen und zu unterstützen, unabhängig davon, in welchem Land sie ihre Anträge stellen. Dies würde dazu beitragen, dass die EU als ein solidarischer und menschenfre",8.0,"Sowohl die Originalaussage als auch die generierte Antwort fordern, dass Asylverfahren in sicheren Drittstaaten stattfinden, wobei die Argumentationsschwerpunkte (Sicherheit, Rechtsstaatlichkeit vs. Effizienz) leicht variieren, aber die Grundposition übereinstimmt.",1.0,Original betont das Recht auf Asylantrag innerhalb der EU und Registrierung an der Grenze; die generierte Antwort verlangt Antragstellung vor Grenzübertritt – gegensätzliche Position.,7.0,"Sowohl die Originalaussage als auch die generierte Antwort befürworten Verfahren an der EU‑Außengrenze, jedoch fehlt in der generierten Antwort die Betonung humanitärer Ausnahmen und die Ablehnung von Remote‑Verfahren, die in der SPD‑Aussage zentral sind.",7.0,"Beide fordern Asylverfahren vor EU‑Außengrenzen/​in Drittstaaten, jedoch legt die generierte Antwort mehr Wert auf Effizienz und Solidarität, während das Original stärker auf Grenzschutz und Abschiebemodelle fokussiert.",1.0,"The party opposes external asylum procedures as unlawful, while the generated answer supports requiring asylum applications before crossing the EU border, a directly opposite position."
