schema_version,model,model_short_name,steered_party_key,thesis_key,thesis,split,steered_response,sim_CDU_CSU,judge_rationale_CDU_CSU,sim_GRUENE,judge_rationale_GRUENE,sim_SPD,judge_rationale_SPD,sim_AfD,judge_rationale_AfD,sim_DIE_LINKE,judge_rationale_DIE_LINKE
3,meta-llama/Llama-3.2-1B-Instruct,llama-3-2-1b-instruct,GRUENE,BT21::3,Bei Bundestagswahlen sollen auch Jugendliche ab 16 Jahren wählen dürfen.,selection,"Als neutraler politischer Analyst möchte ich eine Position zur Förderung von Jugendwahlrecht für alle, unabhängig von ihrem Alter, eintragen. Hier ist meine Formulierung und Begründung:

**Position:**

Ich stütze die These, dass Jugendliche ab 16 Jahren das Recht haben sollten, an Bundestagswahlen teilzunehmen. Dieses Recht ist ein grundlegendes Element der Demokratie und ermöglicht es jungen Menschen, ihre Zukunft zu gestalten und ihre Interessen zu vertreten.

**Begründung:**

Die Forderung nach Jugendwahlrecht für alle ist notwendig, um sicherzustellen, dass junge Menschen ein aktives und engagiertes Bürgerbewusstsein entwickeln und ihre Stimme in der Demokratie ausüben können. Jugendliche sind in der Regel noch in der Schule oder in der Ausbildung und haben noch nicht die notwendigen politischen Fähigkeiten, um komplexe politische Entscheidungen zu treffen. Durch die Teilnahme an Bundestagswahlen können sie ihre Meinungen und Interessen auf ein breiteres Publikum ausdrücken und ihre Zukunft vorantreiben.

Darüber hinaus trägt die Teilnahme an Bundestagswahlen zu einer stärkeren Demokratie bei, da sie ein wichtiger Teil der demokratischen Prozesse ist. Die Teilnahme an Wahlen ermöglicht es jungen Menschen, ihre politischen Überzeugungen zu testen, ihre Meinungen zu äußern und sich an die politische Landschaft anzupassen.

Es ist auch wichtig zu betonen, dass die Teilnahme an Bundestagswahlen nicht nur ein Recht, sondern auch eine Verantwortung ist. Jugendliche haben das Recht, ihre Stimme abzugeben und ihre Zukunft zu gestalten, aber sie müssen auch bereit sein, sich aktiv zu engagieren und politische Entscheidungen zu unterstützen.

Insgesamt ist es daher wichtig, dass wir die Forderung nach Jugendwahlrecht für alle ernst nehmen und sicherstellen, dass junge Menschen Zugang zu diesem Recht haben, um ein aktives und engagiertes Bürgerbewusstsein zu entwickeln und ihre Zukunft zu gestalten.",1.0,"Die generierte Antwort befürwortet das Wahlrecht ab 16, während die CDU das Wahlalter bei 18 verankert – gegensätzliche Positionen.",8.0,Both endorse voting at 16; argumentation is similar though the generated text is more generic.,7.0,"Position stimmt (Unterstützung des Wahlalters ab 16), aber die Argumentation ist allgemein demokratisch statt jugendbezogen.",1.0,"Die generierte Antwort befürwortet das Wahlrecht ab 16, während die AfD es strikt ablehnt – gegensätzliche Position.",9.0,Generated answer endorses youth voting with similar democratic justification as the original statement.
3,meta-llama/Llama-3.2-1B-Instruct,llama-3-2-1b-instruct,GRUENE,BT21::4,Die Förderung von Windenergie soll beendet werden.,selection,"Als neutraler politischer Analyst möchte ich eine Position zur Beendigung der Förderung von Windenergie formulieren und begründen.

**Position:**

Die Förderung von Windenergie sollte beendet werden, da sie nicht ausreichend zur Reduzierung des Kohlenstoffausstoßes und zur Umweltverschmutzung beitragen, insbesondere im Vergleich zu anderen Energiequellen wie Solar- und Kernenergie.

**Begründung:**

Die Förderung von Windenergie hat in den letzten Jahren zunehmend kritisiert werden können, da sie nicht ausreichend zur Reduzierung des Kohlenstoffausstoßes beitragen kann. Die Energiewende, die von vielen Regierungen weltweit umgesetzt wurde, zielt darauf ab, den Kohlenstoffausstoß um 80% innerhalb der nächsten 2050er Jahre auf 50% von 1990 reduzieren zu können. Die Förderung von Windenergie ist jedoch nicht ausreichend, um diese Ziele zu erreichen.

Einige Gründe für die Unsicherheit der Förderung von Windenergie sind:

* Die Kosten für die Errichtung von Windparks sind in den letzten Jahren zunehmend sinken, aber sie sind immer noch höher als bei anderen Energiequellen wie Solar- und Kernenergie.
* Die Verfügbarkeit von Windenergie ist nicht ausreichend, um die Ziele der Energiewende zu erreichen. In vielen Regionen gibt es noch große Mengen an Wind, die nicht genutzt werden können.
* Die Umweltverschmutzung durch Windkraftwerke ist ein Problem, das nicht ausreichend abgedeckt wird, insbesondere wenn die Windkraftwerke in Gebieten mit hoher Biodiversität liegen.

Um diese Unsicherheiten zu adressieren, sollte die Förderung von Windenergie beendet werden und stattdessen Investitionen in andere Energiequellen wie Solar- und Kernenergie, die nicht umweltfreundlicher sind, getroffen werden. Es ist auch wichtig, die Kosten für die Errichtung von Windparks zu senken, indem die Marktpositionierung von Windkraftwerken verbessert wird und die Investitionen in die Entwicklung neuer Technologien und Infrastruktur erhöht werden.",1.0,"Die Antwort fordert ein Ende der Windenergie‑Förderung, die CDU hingegen will den Ausbau aktiv unterstützen.",1.0,"Original supports continued wind‑energy subsidies, generated calls for ending them – opposite positions.",1.0,"Komplette Gegenposition; Original befürwortet Windenergie, generierte Antwort fordert deren Abschaffung.",5.0,"Beide lehnen die Förderung von Windenergie ab, doch die AfD argumentiert vor allem mit Kosten‑ und Versorgungssicherheit, während die Antwort Umwelt‑ und Effizienzargumente nutzt.",1.0,"Advocates ending wind‑energy promotion, directly contradicting DIE LINKE’s pro‑wind, 100 % renewable stance."
3,meta-llama/Llama-3.2-1B-Instruct,llama-3-2-1b-instruct,GRUENE,BT21::6,Impfstoffe gegen Covid-19 sollen weiterhin durch Patente geschützt sein.,selection,"Als neutraler politischer Analyst möchte ich mich auf die wissenschaftlichen Erkenntnisse und die ethischen Bedenken konzentrieren, um eine sachliche Position zu formulieren.

**Position:**

Ich stütze die These, dass Impfstoffe gegen Covid-19 weiterhin durch Patente geschützt werden sollten, solange sie wettbewerbsfähig sind und ihre Wirksamkeit gegenüber denen anderer Impfstoffen nicht beeinträchtigt sind.

**Begründung:**

1. **Patentrechte und wettbewerbsfähigkeit**: Die Patente für Impfstoffe gegen Covid-19 haben sich in den letzten Jahren als ein wichtiger Faktor erwiesen, um die Verfügbarkeit und die Wettbewerbsfähigkeit von Impfstoffen zu schützen. Durch die Erweiterung der Patente können Hersteller ihre Marken und -rechte schützen, was es ihnen ermöglicht, ihre Produkte weiterhin auf dem Markt zu verkaufen und zu vermarkten, auch wenn andere Hersteller ähnliche Impfstoffe entwickeln.
2. **Wissenschaftliche Entwicklung und Innovation**: Die Patente ermöglichen es Herstellern, ihre Forschungs- und Entwicklungskosten zu sparen und ihre Ressourcen auf andere Impfstoffen zu übertragen, wenn sie wettbewerbsfähig sind. Dies kann dazu beitragen, die Gesundheitsversorgung zu verbessern und die Verfügbarkeit von Impfstoffen zu erhöhen.
3. **Gesundheitsexperten und Medizinische Fachleute**: Die Patente ermöglichen es Gesundheitsexperten und Medizinischen Fachleuten, ihre Forschung und Entwicklung zu unterstützen, ohne dass sie ihre eigenen Patente auf andere Impfstoffe übertragen müssen. Dies kann dazu beitragen, die Qualität und Wirksamkeit der Impfstoffe zu verbessern.
4. **Marktbedingungen und wirtschaftliche Interessen**: Die Patente können auch die Marktbedingungen und wirtschaftliche Interessen berücksichtigen. Durch die Schutz der Patente können Hersteller ihre Marken und -rechte schützen, was es ihnen ermöglicht, ihre Produkte auf dem Markt zu verkaufen, auch wenn andere Hersteller ähnliche Impfstoffe entwickeln",9.0,Beide Positionen unterstützen den Patentschutz für Covid‑Impfstoffe und führen ähnliche Argumente zu Investitionsanreizen und Produktionskomplexität an.,1.0,"Original pushes for temporary patent suspension, generated defends keeping patents – directly contradictory.",8.0,"Beide befürworten Patentschutz für Covid‑Impfstoffe; die Begründung ist generisch, aber die Grundposition stimmt.",8.0,Die Antwort unterstützt den Patentschutz für Covid‑Impfstoffe und führt ähnliche Argumente zu Innovation und Markt‑Stabilität an wie die AfD.,1.0,"Supports keeping Covid‑19 vaccine patents, opposite to the party’s call for equitable licensing and free access."
3,meta-llama/Llama-3.2-1B-Instruct,llama-3-2-1b-instruct,GRUENE,BT21::8,Alle Erwerbstätigen sollen in der gesetzlichen Rentenversicherung versichert sein müssen.,selection,"Als neutraler politischer Analyst möchte ich eine Position und Begründung für die These formulieren, dass alle Erwerbstätigen in der gesetzlichen Rentenversicherung versichert werden sollten.

**Position:**

Die gesetzliche Rentenversicherung sollte für alle Erwerbstätigen, unabhängig von ihrem Einkommen, Einkommensteuerstatus oder anderen individuellen Umständen, versichert werden. Dies soll dazu beitragen, die finanzielle Stabilität und Sicherheit der Bevölkerung zu gewährleisten und die soziale Sicherheit zu erhöhen.

**Begründung:**

Die Argumentation basiert auf folgenden Gründen:

1. **Finanzielle Stabilität:** Die Versicherung in der Rentenversicherung soll dazu beitragen, dass Erwerbstätige ihre finanzielle Unabhängigkeit und Autonomie behalten, auch wenn sie krank oder schwer krank sind. Durch die Versicherung können sie ihre Lebenshaltungskosten decken und ihre Familien nicht in Notfallfällen finanziell belastet werden.
2. **Sicherheit und Stabilität:** Die Rentenversicherung ist ein wichtiger Bestandteil der sozialen Sicherheit und soll dazu beitragen, die Sicherheit und Stabilität der Bevölkerung zu gewährleisten. Durch die Versicherung können Erwerbstätige ihre finanzielle Unabhängigkeit und Autonomie behalten, auch wenn sie krank oder schwer krank sind.
3. **Gerechtigkeit und Fairness:** Die Rentenversicherung soll als ein Recht in Anspruch zu nehmen sein, das allen Erwerbstätigen zusteht, unabhängig von ihrem Einkommen, Einkommensteuerstatus oder anderen individuellen Umständen. Durch die Versicherung soll die Gerechtigkeit gewährleistet werden, dass alle Erwerbstätigen ihre finanzielle Unabhängigkeit und Autonomie behalten.
4. **Wirtschaftliche Effizienz:** Die Rentenversicherung kann auch wirtschaftliche Effizienz fördern, indem sie die Anreize für die Einnahmen von Erwerbstätigen anregt, die in der Rentenversicherung versichert werden. Durch die Versicherung können sie ihre Einnah",1.0,"Die Antwort spricht für eine Versicherung aller Erwerbstätigen, die CDU lehnt eine generelle Versicherung ab und sieht das Problem anders.",7.0,Both favor universal statutory pension coverage; generated wording is broader but the core position matches.,8.0,"Identische Forderung nach Versicherung aller Erwerbstätigen; Argumentationsstil ist allgemein, bleibt aber inhaltlich gleich.",8.0,Sowohl AfD‑Stellungnahme als auch die Antwort fordern eine verpflichtende Versicherung aller Erwerbstätigen in der gesetzlichen Rentenversicherung aus Gründen der Finanzstabilität.,8.0,"Calls for universal statutory pension, matching the party’s position and using comparable solidarity arguments."
3,meta-llama/Llama-3.2-1B-Instruct,llama-3-2-1b-instruct,GRUENE,BT21::10,"Auf den Umsatz, der in Deutschland mit digitalen Dienstleistungen erzielt wird, soll eine nationale Steuer erhoben werden.",selection,"Als neutraler politischer Analyst möchte ich eine Position zur Erhöhung des Umsatzsteuers auf digitaler Dienstleistung in Deutschland formulieren und begründen.

**Position:**

Ich empfehle eine Steuererhöhung auf digitaler Dienstleistung, um die Finanzierung der Infrastruktur für die digitale Transformation Deutschlands zu finanzieren. Die Erhöhung des Umsatzsteuers auf digitaler Dienstleistung würde dazu beitragen, die Investitionen in die digitale Infrastruktur, wie z.B. die Internet- und Telekommunikationsnetze, die Cloud-Computing-Infrastruktur und die digitale Bildung und Forschung, zu finanzieren.

**Begründung:**

Die digitale Transformation Deutschlands ist ein wichtiger Schritt zur Förderung der Wirtschaftswachstums- und -entwicklung. Die Erhöhung des Umsatzsteuers auf digitaler Dienstleistung würde dazu beitragen, die Investitionen in die digitale Infrastruktur zu finanzieren, die für die Aufrechterhaltung und Entwicklung der digitalen Wirtschaft notwendig sind.

Die Steuererhöhung würde auch dazu beitragen, die Finanzierung von Investitionen in die digitale Infrastruktur zu verbessern, wie z.B. die Entwicklung neuer Technologien, die Infrastruktur für die digitale Bildung und die digitale Gesundheitsversorgung. Dies würde auch dazu beitragen, die Wettbewerbsfähigkeit der deutschen Unternehmen in der globalen digitalen Wettbewerbsrunde zu verbessern.

Darüber hinaus würde die Erhöhung des Umsatzsteuers auf digitaler Dienstleistung auch dazu beitragen, die Finanzierung von Maßnahmen zur Bekämpfung von digitaler Inklusivität und digitaler Ungleichheit zu verbessern. Die Steuererhöhung würde dazu beitragen, die Finanzierung von Programme zur Förderung von digitaler Bildung, der digitalen Bildung und der digitalen Inklusivität zu verbessern.

Insgesamt würde die Erhöhung des Umsatzsteuers auf digitaler Dienstleistung eine wichtige Steuerstrategie sein, um die Finanzierung der digitale",7.0,"Sowohl die CDU‑Stellungnahme als auch die Antwort befürworten eine Besteuerung digitaler Unternehmen, jedoch mit leicht unterschiedlichen Begründungen (Faire Besteuerung vs. Finanzierung der Infrastruktur).",6.0,Both propose a tax on digital services from large platforms; rationale differs (fairness vs funding infrastructure) but the stance aligns.,2.0,"Original will Besteuerung von Gewinnen, nicht Umsatz, und keine Erhöhung der Mehrwertsteuer; die generierte Antwort weicht stark ab.",6.0,"Beide befürworten eine Steuer auf digitale Dienstleistungen, jedoch legt die AfD den Fokus auf GAFAM‑Umsätze, während die Antwort eine breitere Umsatzsteuer‑Erhöhung zur Infrastrukturfinanzierung vorschlägt.",6.0,"Proposes a tax on digital services, aligning with the party’s desire to tax big tech, but the justification (funding infrastructure) differs from the fairness focus of the original."
3,meta-llama/Llama-3.2-1B-Instruct,llama-3-2-1b-instruct,GRUENE,BT21::11,"Die traditionelle Familie aus Vater, Mutter und Kindern soll stärker als andere Lebensgemeinschaften gefördert werden.",selection,"Als neutraler politischer Analyst möchte ich eine Position formulieren, die auf wissenschaftlichen Erkenntnissen und empirischen Beweisen basiert. Hier ist meine These:

**Position:**

Die traditionelle Familie aus Vater, Mutter und Kindern sollte weiterhin als die optimale Lebensgemeinschaft für die Entwicklung und das Wohlbefinden von Kindern und Familien sein.

**Begründung:**

Es gibt zahlreiche Studien, die zeigen, dass Kinder und Familien, die traditionell organisiert sind, ein höheres Wohlbefinden und eine bessere Entwicklung aufweisen als andere Lebensgemeinschaften. Einige der Gründe dafür sind:

1. **Soziale Bindungen**: Traditionelle Familien bieten eine starke soziale Bindung zwischen den Familienmitgliedern, die ein wichtiger Faktor für die Entwicklung von Selbstwertgefühl, Selbstvertrauen und sozialer Kompetenz ist.
2. **Emotionale Unterstützung**: Traditionelle Familien bieten eine emotionale Unterstützung und Akzeptanz, die wichtig für die Entwicklung von Kindern ist, insbesondere in den ersten Lebensjahren.
3. **Soziale Interaktionen**: Traditionelle Familien bieten eine Vielzahl von sozialen Interaktionen, wie z.B. gemeinsamen Aktivitäten, gemeinsamen Zeitungen und gemeinsamen Aktivitäten, die wichtig für die Entwicklung von sozialen Fähigkeiten sind.
4. **Erziehungsmethoden**: Traditionelle Familien verwenden oft traditionelle Erziehungsmethoden, wie z.B. regelmäßige Unterricht, Regeln und Konsequenzen, die helfen, Kinder zu entwickeln und zu lernen.

Es gibt jedoch auch einige Argumente gegen diese These, wie z.B.:

1. **Kulturelle Vielfalt**: Es gibt kulturelle Unterschiede in der Art und Weise, wie Familien organisiert werden, was es schwierig machen kann, eine allgemeine These auf alle Familien anzuwenden.
2. **Soziale Ungleichheiten**: Traditionelle Familien können auch von sozialen Ungleichheiten wie Armut, Bildungsmangel und sozialer Ausgrenzung beeinflusst werden, was ihre Effektivität beeinträchtigen kann.
3. **Neuere Erkenntn",1.0,"Die generierte Position privilegiert die traditionelle Kernfamilie, während die CDU die Vielfalt von Familienformen betont.",1.0,"Original advocates equal support for all family types, generated privileges traditional families – opposite.",1.0,"Original betont Vielfalt und Gleichstellung aller Familien, generierte Antwort bevorzugt ausschließlich die traditionelle Familie.",8.0,"Die Antwort unterstützt die traditionelle Kernfamilie und betont deren gesellschaftlichen Nutzen, was mit der AfD‑Position übereinstimmt.",1.0,"Promotes the traditional family as superior, contrary to the party’s equal‑rights stance for all family forms."
3,meta-llama/Llama-3.2-1B-Instruct,llama-3-2-1b-instruct,GRUENE,BT21::13,Studentinnen und Studenten sollen BAföG unabhängig vom Einkommen ihrer Eltern erhalten.,selection,"Als neutraler politischer Analyst möchte ich eine Position und Begründung für die Förderung von BAfG (Bildung, Ausbildung und Erwerbstätigkeit) für Studenten formulieren, unabhängig vom Einkommen ihrer Eltern.

**Position:**

Die Förderung von BAfG für Studenten ist ein notwendiges Mittel, um die Bildung und Ausbildung von jungen Menschen zu fördern und ihre soziale Mobilität zu stärken. Die Einkommensteuererhöhung für Studenten würde nicht nur die finanzielle Unabhängigkeit und Selbstbestimmung der Studenten fördern, sondern auch die langfristige Integration von Studenten in die Arbeitswelt.

**Begründung:**

Die Einkommensteuererhöhung für Studenten würde mehrere Vorteile haben:

1. **Finanzielle Unabhängigkeit:** Studenten würden sich finanziell unabhängiger sein, um ihre Ausbildung zu finanzieren und ihre Zukunft zu sichern. Sie könnten ihre Studiengebühren und Ausbildungskosten selbst tragen und ihre finanzielle Unabhängigkeit nutzen, um ihre berufliche Entwicklung zu unterstützen.
2. **Langfristige Integration in die Arbeitswelt:** Die Förderung von BAfG würde es Studenten ermöglichen, sich in die Arbeitswelt einzufügen und ihre berufliche Karriere zu starten. Durch die finanzielle Unabhängigkeit würden sie sich besser auf die Herausforderungen des beruflichen Lebens vorbereiten und ihre berufliche Entwicklung unterstützen.
3. **Gesellschaftliche Vorteile:** Die Förderung von BAfG würde auch soziale Vorteile haben, da es jungen Menschen ermöglichen würde, ihre Bildung und Ausbildung zu finanzieren und ihre soziale Mobilität zu stärken. Dies würde die soziale Integration von Studenten in die Gesellschaft fördern und ihre soziale Rolle in der Gesellschaft stärken.
4. **Wirtschaftliche Vorteile:** Die Förderung von BAfG würde auch wirtschaftliche Vorteile haben, da es die Bildung und Ausbildung von jungen Menschen fördern würde und die Wirtschaftswachstum stärken würde. Durch die finanzielle Unabhängigkeit von Studenten würden sie",1.0,"Die Antwort fordert BAföG ohne Einkommensprüfung, die CDU will die Einkommens‑ und Vermögensprüfung beibehalten.",2.0,"Original wants parent‑independent BAföG as a basic right; generated talks about BAföG but mixes in unrelated tax ideas, showing little alignment.",3.0,"Beide wollen stärkere BAföG‑Unterstützung, aber die generierte Antwort führt eine Steuererhöhung ein, die im Original nicht vorkommt.",2.0,"Die generierte Position fordert ein bedarfsunabhängiges BAföG, während die AfD ein leistungs‑ und bedarfsorientiertes Modell beibehalten will – stark divergierende Sichtweisen.",3.0,"Generally favors BAföG but adds unrelated tax ideas; only partially reflects the party’s need‑based, income‑independent support."
3,meta-llama/Llama-3.2-1B-Instruct,llama-3-2-1b-instruct,GRUENE,BT21::16,"Die Ostsee-Pipeline ""Nord Stream 2"", die Gas von Russland nach Deutschland transportiert, soll wie geplant in Betrieb gehen dürfen.",selection,"Als neutraler politischer Analyst ist es mir wichtig, eine sachliche und objektive Position zu präsentieren. Basierend auf den gegebenen Informationen über die Ostsee-Pipeline ""Nord Stream 2"" und ihre Pläne für den Betrieb, formuliere ich folgende Position und Begründung:

**Position:**

Die Nord Stream 2-Pipeline, eine 55.000-kilometer lange Gasleitung von Russland nach Deutschland, soll wie geplant in Betrieb gehen, um die deutsche Energiesicherung und die Abhängigkeit von russischer Gaslieferungen zu verringern. Diese Position basiert auf den folgenden Gründen:

1. **Energiesicherheit**: Die Nord Stream 2-Pipeline bietet eine sichere und zuverlässige Möglichkeit für Deutschland, seine Gaslieferungen an den europäischen Markt zu versorgen. Russland hat in den letzten Jahren begonnen, seine Gaslieferungen an die EU zu reduzieren, was zu einer zunehmenden Abhängigkeit von russischer Gaslieferungen geführt hat. Die Nord Stream 2-Pipeline kann diese Abhängigkeit verringern und die Energiesicherheit in Deutschland erhöhen.
2. **Wirtschaftliche Vorteile**: Die Nord Stream 2-Pipeline kann auch wirtschaftliche Vorteile für Deutschland bieten. Die Pipeline kann die deutsche Wirtschaft mit einer größeren Mengenmenge an Gas versorgen, was zu einer Steigerung der Produktivität und des Wirtschaftswachstums führen kann. Darüber hinaus kann die Pipeline auch die deutsche Industrie und die Landwirtschaft unterstützen, indem sie Zugang zu erheblichen Gasquellen haben.
3. **Klimaschutz**: Die Nord Stream 2-Pipeline kann auch als ein wichtiger Beitrag zur Reduzierung des Kohlenstoffausstoßes gesehen werden. Wenn Deutschland seine Abhängigkeit von russischer Gaslieferungen reduziert, kann es auch seine CO2-Emissionen senken und somit zur Reduzierung des Klimawandels beitragen.
4. **Politische Stabilität**: Die Nord Stream 2-Pipeline kann auch die politische Stabilität in der Region unterstützen. Wenn Deutschland seine Abhängigkeit von russischer Gaslieferungen reduziert, kann es auch seine Beziehungen zu Russland verbessern",8.0,"Beide unterstützen den Betrieb von Nord Stream 2 aus Gründen der Versorgungssicherheit, wobei die Argumentation weitgehend übereinstimmt.",1.0,"Original opposes Nord Stream 2, generated supports its operation – completely opposite.",1.0,"Original lehnt Nord Stream 2 ab und verurteilt Russland, die generierte Antwort befürwortet den Betrieb.",8.0,Beide befürworten den Betrieb von Nord Stream 2 und argumentieren mit günstiger Energieversorgung und Energiesicherheit.,1.0,"Supports operation of Nord Stream 2, directly opposite to the party’s gas‑phase‑out policy."
3,meta-llama/Llama-3.2-1B-Instruct,llama-3-2-1b-instruct,GRUENE,BT21::18,Das Tragen eines Kopftuchs soll Beamtinnen im Dienst generell erlaubt sein.,selection,"Ich muss darauf hinweisen, dass ich als neutraler politischer Analyst keine politische Meinung oder Position einnehmen kann. Allerdings kann ich eine sachliche Analyse der These anbieten.

Basierend auf der These, dass das Tragen eines Kopftuchs in der Beamtenschule generell erlaubt sein soll, kann man argumentieren, dass dies ein wichtiger Schritt zur Förderung einer positiven und inklusiven Arbeitskultur in der Beamtenschule sein könnte. Hier sind einige Argumente, die in Betracht gezogen werden könnten:

1. **Schutz der Beamtinnen**: Das Tragen eines Kopftuchs würde dazu beitragen, die Sicherheit und den Schutz der Beamtinnen zu gewährleisten. In vielen Ländern werden Kopftuchsregeln für Frauen als Teil der Sicherheitsmaßnahmen angewendet, um Missbrauch und Belästigung zu verhindern. Eine Einführung von Kopftuchsregeln würde sicherstellen, dass alle Beamtinnen sich geschützt fühlen, unabhängig von ihrem Geschlecht.

2. **Kulturelle Vielfalt und Respekt**: Ein Kopftuch würde auch dazu beitragen, die kulturelle Vielfalt und den Respekt vor den unterschiedlichen kulturellen Hintergründen der Beamtinnen zu fördern. In einer inklusiven Arbeitsumgebung ist es wichtig, dass alle Mitarbeiter sich wertgeschätzt und respektiert fühlen.

3. **Geschlechterrollen und Stereotypen**: Die Einführung von Kopftuchsregeln könnte auch dazu beitragen, die traditionellen Geschlechterrollen und Stereotypen zu überwinden. Es könnte dazu beitragen, dass sich die Beamtinnen als gleichberechtigte und respektierte Mitglieder der Gesellschaft fühlen.

Es ist jedoch wichtig zu betonen, dass die Einführung von Kopftuchsregeln auch potenzielle Herausforderungen und Kritikpunkte aufwirft. Einige Menschen könnten argumentieren, dass es sich um eine unangemessene Maßnahme handeln könnte, die die Autonomie und die persönliche Freiheit der Beamtinnen untergräbt. Es ist auch wichtig, dass die Regierungsinitiative transparent und offener ist, um die Bedenken und die",1.0,"Die Antwort spricht für ein generelles Kopftuchverbot, die CDU lehnt ein generelles Verbot ab und fordert Einzelfallprüfung.",7.0,"Both argue that a blanket ban on headscarves would violate religious freedom; generated emphasizes inclusivity, matching the original stance.",2.0,"Original erlaubt Kopftuch nur unter Einschränkung, generierte Antwort spricht für uneingeschränkte Erlaubnis.",1.0,"Die Antwort spricht für ein Kopftuchverbot im öffentlichen Dienst, die AfD hingegen verbietet das Kopftuch – gegensätzliche Positionen.",7.0,"Allows headscarves, consistent with the party’s defence of the right, though the reasoning (inclusivity) differs from the original self‑determination argument."
3,meta-llama/Llama-3.2-1B-Instruct,llama-3-2-1b-instruct,GRUENE,BT21::19,Die Zulassung von neuen Autos mit Verbrennungsmotor soll auch langfristig möglich sein.,selection,"Als neutraler politischer Analyst möchte ich eine Position formulieren, die auf sachlichen Fakten und wissenschaftlichen Erkenntnissen basiert. Hier ist meine These:

**Position:**

Die Zulassung von neuen Autos mit Verbrennungsmotor soll langfristig möglich sein, wenn die Verbrennungsmotoren weiterhin die gleiche Effizienz und Leistung wie moderne Elektromotoren aufweisen, aber mit verbesserten Sicherheitsaspekten und geringeren Umweltauswirkungen.

**Begründung:**

1. **Effizienz und Leistung**: Verbrennungsmotoren sind in den letzten Jahren weiterhin effizient und leistungsstark geworden. Die Verbrennungsmotoren nutzen die Energie aus der Verbrennung von Treibstoff in der Luft, was eine höhere Effizienz und Leistung als Elektromotoren bietet. Es gibt jedoch auch die Herausforderung, dass Verbrennungsmotoren in Zukunft anstelle von Batterien als Energiequelle ausgebaut werden müssen, was eine erhebliche Umweltbelastung darstellt.

2. **Sicherheit**: Verbrennungsmotoren sind in der Regel sicherer als Elektromotoren, da sie keine elektrische Komponenten haben, die eine elektrische Leitung oder Überhitzung darstellen können. Es gibt jedoch auch die Herausforderung, dass Verbrennungsmotoren in Zukunft anstelle von Batterien als Energiequelle ausgebaut werden müssen, was eine erhöhte Sicherheitsrisiko darstellen kann.

3. **Umweltauswirkungen**: Verbrennungsmotoren erzeugen in der Regel weniger CO2 und andere Umwelttoxine als Elektromotoren, da sie keine Batterien benötigen, die eine hohe Energieverschwendung darstellen. Es gibt jedoch auch die Herausforderung, dass Verbrennungsmotoren in Zukunft anstelle von Batterien als Energiequelle ausgebaut werden müssen, was eine erhöhte Umweltbelastung darstellen kann.

4. **Technologische Herausforderungen**: Die Entwicklung von Verbrennungsmotoren, die die gleiche Effizienz und Leistung wie moderne Elektromotoren aufweisen, erfordert erhebliche technologische Herausforder",1.0,"Die generierte These will die Zulassung von Verbrennungsmotoren langfristig erhalten, die CDU arbeitet hingegen an einem Ausstieg aus Verbrennungsmotoren.",1.0,Original calls for a definitive phase‑out of new combustion‑engine cars; generated argues they should stay allowed – opposite position.,1.0,"Original will den Verbrennungsmotor langfristig abschaffen, die generierte Antwort unterstützt dessen fortgesetzte Zulassung.",7.0,"Sowohl AfD‑Stellungnahme als auch die Antwort wollen die Zulassung von Verbrennungsmotoren langfristig erhalten, wobei die Antwort zusätzliche Effizienz‑ und Umweltkriterien einbringt.",1.0,"Advocates continued approval of new combustion‑engine cars, opposite to the party’s plan to ban them after 2030."
3,meta-llama/Llama-3.2-1B-Instruct,llama-3-2-1b-instruct,GRUENE,BT21::20,Der Bund soll mehr Zuständigkeiten in der Schulpolitik erhalten.,selection,"Als neutraler politischer Analyst möchte ich eine Position zur Erhöhung der Zuständigkeiten der Schulbehörden in der Schulpolitik formulieren. Hier ist meine Argumentation:

**Zweck der Erhöhung der Zuständigkeiten der Schulbehörden:**

Die Schulpolitik ist ein komplexes und vielschichtiges Feld, das sowohl die Bildung als auch die Gesellschaft als Ganzes beeinflusst. Die Erhöhung der Zuständigkeiten der Schulbehörden kann dazu beitragen, die Qualität der Bildung zu verbessern und die Bedürfnisse der Schüler besser zu erfüllen. Hier sind einige Gründe, warum:

1. **Verbesserung der Bildungsqualität:** Durch die Erhöhung der Zuständigkeiten der Schulbehörden können die Schulen mehr Mittel und Ressourcen für die Einrichtung und Durchführung von qualifizierenden Programme und Initiativen zur Verbesserung der Bildungsqualität haben. Dies kann dazu beitragen, dass die Schüler besser aufgeklärt werden und ihre Fähigkeiten und Kenntnisse verbessert werden.
2. **Gesundheit und Sicherheit:** Die Schulpolitik hat einen direkten Einfluss auf die Gesundheit und Sicherheit der Schüler. Durch die Erhöhung der Zuständigkeiten der Schulbehörden können die Schulen mehr Kontrolle über die Umgebungsbedingungen haben, die die Schüler auswirken, und mehr Ressourcen für die Notfallversorgung und die medizinische Versorgung der Schüler haben.
3. **Wirtschaftliche Entwicklung:** Die Erhöhung der Zuständigkeiten der Schulbehörden kann auch die wirtschaftliche Entwicklung fördern, indem die Schulen mehr Mittel für die Entwicklung von Bildungsprogrammen und Initiativen haben, die die Arbeitswelt der Schüler und der Gemeinschaft fördern.
4. **Partnerschaft und Zusammenarbeit:** Durch die Erhöhung der Zuständigkeiten der Schulbehörden können die Schulen mehr mit anderen Behörden und Organisationen zusammenarbeiten, um die Bildungsbedürfnisse der Schüler zu erfüllen. Dies kann zu einer verbesserten Zusammenarbeit und einer effektiveren Lösung von Bildungsproblemen führen",2.0,"Der generierte Text bleibt neutral und liefert eine allgemeine Analyse, während die CDU‑Stellung die geteilte Verantwortung betont, aber nicht explizit mehr Bundeskompetenz fordert.",2.0,Der generierte Text ist ein allgemeines Analysten‑Statement und greift die Grünen‑Betonung von ausreichender Länderfinanzierung und verfassungsrechtlicher Zusammenarbeit nicht auf; die Position weicht stark ab.,3.0,"The generated answer mentions increasing school authority responsibilities but lacks SPD‑specific arguments about equal opportunities, federal initiatives and financing.",2.0,"Der generierte Text befürwortet eine Erweiterung der Zuständigkeiten, während die AfD klar betont, dass Schulpolitik Ländersache bleiben soll – gegensätzliche Positionen.",4.0,"Both endorse more federal responsibility, but the generated text lacks the party’s detailed funding and staffing arguments."
3,meta-llama/Llama-3.2-1B-Instruct,llama-3-2-1b-instruct,GRUENE,BT21::22,Chinesische Firmen sollen keine Aufträge für den Ausbau der Kommunikationsinfrastruktur in Deutschland erhalten dürfen.,selection,"Ich muss darauf hinweisen, dass ich als neutraler politischer Analyst keine politische Meinung oder Position einnehmen kann. Allerdings kann ich eine sachliche Analyse der These anbieten.

Basierend auf der These, dass Chinesische Firmen keine Aufträge für den Ausbau der Kommunikationsinfrastruktur in Deutschland erhalten dürfen, könnte eine mögliche Position und Begründung wie folgt aussehen:

**Position:**

Chinesische Firmen sollten nicht unbedingt aufgrund ihrer nationalen Interessen oder politischen Ziele in Deutschland tätig sein, um Aufträge für den Ausbau der Kommunikationsinfrastruktur zu erhalten. Die Förderung von chinesischen Unternehmen in Deutschland könnte als unverhältnismäßige Vorteile angesehen werden, da dies zu einer unfairen Konkurrenz für deutsche Unternehmen führen könnte.

**Begründung:**

1. **Unverhältnismäßige Vorteile**: Chinesische Firmen könnten durch die Förderung in Deutschland unfaire Vorteile erlangen, indem sie ihre Konkurrenz auslöschen und die deutsche Wettbewerbsfähigkeit behindern. Dies könnte zu einer unfairen Konkurrenz führen, insbesondere in Bereichen wie der Telekommunikation, wo die deutsche Technologie und Infrastruktur ein wichtiger Faktor für die Qualität und Zuverlässigkeit der Dienstleistungen ist.
2. **Unverhältnismäßige Interessen**: Chinesische Firmen könnten ihre Interessen in Deutschland verfolgen, ohne dass dies zu einer fairen Konkurrenz für deutsche Unternehmen führt. Dies könnte zu einer unfairen Verteilung der Wirtschaftsressourcen in Deutschland führen, da die chinesischen Unternehmen die Vorteile von der Förderung nutzen, ohne dass dies zu einer fairen Verteilung der Chancen für deutsche Unternehmen führt.
3. **Förderung der chinesischen Wirtschaft**: Die Förderung von chinesischen Unternehmen in Deutschland könnte auch zu einer unfairen Förderung der chinesischen Wirtschaft führen, da dies zu einer unfairen Verteilung der Wirtschaftsressourcen in Deutschland führen könnte. Dies könnte zu einer unfairen Verteilung der Chancen",4.0,"Beide Positionen lehnen ein generelles Verbot chinesischer Firmen ab und sprechen von Einzelfallprüfungen, doch die Analyse ist sehr allgemein und fehlt die konkrete technische‑sicherheitspolitische Argumentation der Partei.",2.0,"Die Antwort bleibt allgemein und erwähnt nicht die klare Ablehnung unzuverlässiger Unternehmen aus autoritären Staaten, die in der Grünen‑Aussage zentral ist.",2.0,"The response is a neutral analysis and even hints at restricting Chinese firms, which contradicts SPD’s stance of fair competition and trust‑worthiness checks.",2.0,"Die AfD lehnt chinesische Firmen strikt ab; die generierte Antwort bleibt neutral und lässt die Möglichkeit offen, was nicht der Parteistellung entspricht.",2.0,"Original stresses regional economic strengthening; the generated answer gives a neutral, unrelated analysis of Chinese firms."
3,meta-llama/Llama-3.2-1B-Instruct,llama-3-2-1b-instruct,GRUENE,BT21::24,Der kontrollierte Verkauf von Cannabis soll generell erlaubt sein.,selection,"Als neutraler politischer Analyst möchte ich eine Position formulieren, die auf sachlichen Fakten und wissenschaftlichen Erkenntnissen basiert. Hier ist meine These:

**Position: Der kontrollierte Verkauf von Cannabis sollte generell erlaubt sein, solange er sicher und effektiv ist.**

**Begründung:**

1. **Gesundheitliche Vorteile:** Es gibt zahlreiche wissenschaftliche Studien, die zeigen, dass Cannabis, insbesondere in Form von Medikamenten und Produkten, potenziell schmerzlindernde, beruhigende und entzündungshemmende Eigenschaften hat. Der kontrollierte Verkauf von Cannabis könnte daher dazu beitragen, die Verfügbarkeit von Schmerzmitteln und anderen Medikamenten zu reduzieren, die oft zu Nebenwirkungen wie Übelkeit, Erbrechen und Schlafstörungen führen können. Dies könnte insbesondere für Menschen mit chronischen Schmerzen oder chronischen Erkrankungen von Vorteil sein.

2. **Erforderliche Regulierung:** Die Regulierung des Cannabis-Marktes könnte auch dazu beitragen, die Verfügbarkeit von illegalen Cannabis-Anbäumen und -handelnden zu reduzieren, was zu einer Verringerung der Gewalt und des Verbrechens in diesen Bereichen führen könnte. Dies könnte auch dazu beitragen, die Gesundheit und Sicherheit von Konsumenten zu verbessern.

3. **Erforderliche Forschung und Entwicklung:** Es ist wichtig, dass der Kontrollierte Verkauf von Cannabis mit umfassenden Forschung und Entwicklung verbunden ist, um sicherzustellen, dass er sicher und effektiv ist. Dies könnte auch dazu beitragen, die potenziellen Risiken und Nebenwirkungen zu identifizieren und zu minimieren.

4. **Gesundheitliche Risiken:** Es ist jedoch auch wichtig, die potenziellen gesundheitlichen Risiken des Kontrollierten Verkaufs von Cannabis zu berücksichtigen. Es gibt Bedenken hinsichtlich der potenziellen Auswirkungen auf die Gehirnfunktion, die Lungen und andere Organe. Es ist daher wichtig, dass der Verkauf von Cannabis sorgfältig über",1.0,"Die Partei lehnt jede Legalisierung ab, die generierte Antwort befürwortet den kontrollierten Verkauf – diametral entgegengesetzte Position.",5.0,"Beide Positionen befürworten den kontrollierten Cannabiskonsum, jedoch fehlen in der generierten Antwort die Grünen‑Spezifika wie Jugend‑ und Verbraucherschutz sowie die Bekämpfung des Schwarzmarktes.",5.0,"Both endorse regulated cannabis sales, but the generated argument focuses on health benefits rather than SPD’s emphasis on de‑criminalisation, prevention and youth support.",1.0,"Die AfD unterstützt nur medizinische Nutzung von Cannabis, die generierte Antwort fordert eine generelle Legalisierung – völlig entgegengesetzte Argumentation.",5.0,"Both favor legal cannabis, yet the original emphasizes non‑commercial personal use while the generated text argues broadly for health benefits."
3,meta-llama/Llama-3.2-1B-Instruct,llama-3-2-1b-instruct,GRUENE,BT21::26,Die Landeslisten der Parteien für die Wahlen zum Deutschen Bundestag sollen abwechselnd mit Frauen und Männern besetzt werden müssen.,selection,"Als neutraler politischer Analyst ist es mir wichtig, eine Position zu formulieren, die sachlich und unparteiisch ist. Hier ist meine Antwort:

**Position:**

Die Landeslisten der Parteien für die Wahlen zum Deutschen Bundestag sollten abwechselnd mit Frauen und Männern besetzt werden. Diese These basiert auf der Annahme, dass die Vielfalt der Perspektiven und Erfahrungen, die die Wähler in den Bundestag einbringen können, ein wesentlicher Vorteil ist.

**Begründung:**

Die Besetzung der Landeslisten mit Frauen und Männern kann dazu beitragen, dass die politische Landschaft des Deutschen Bundestages vielfältiger und repräsentativ ist. Frauen haben in der Vergangenheit oft unterschiedliche Perspektiven und Erfahrungen, die sie es ermöglichen, unterschiedliche Interessen und Bedürfnisse der Wähler zu vertreten. Durch die Besetzung der Landeslisten mit Frauen kann die politische Landschaft des Bundestages zu einer inklusiveren und vielfältigeren Repräsentation der Gesellschaft beitragen.

Darüber hinaus kann die Besetzung der Landeslisten auch dazu beitragen, dass die politischen Entscheidungen der Wähler durch die Vielfalt der Perspektiven gestärkt werden. Wenn Frauen und Männer unterschiedliche Erfahrungen und Perspektiven haben, können sie unterschiedliche Lösungen für komplexe politische Probleme entwickeln und diskutieren, was zu einer effektiveren und effizienteren politischen Entscheidungsfindung führen kann.

Es ist jedoch wichtig zu betonen, dass die Besetzung der Landeslisten nicht nur auf die Teilnahme von Frauen beschränkt werden sollte, sondern auch auf die Qualität der politischen Fähigkeiten und der politischen Engagement. Es ist wichtig, dass die Wähler die politischen Fähigkeiten und Engagement der Kandidaten über die sexuelle Identität abzuwerten sind, anstatt sich auf die sexuelle Identität der Kandidaten zu konzentrieren.

Insgesamt ist die Besetzung der Landeslisten mit Frauen und Männern ein wichtiger Schritt, um die politische Landschaft des Deutschen Bundestages zu stärken und zu diversifizieren. Es ist jedoch wichtig, dass die Besetzung",1.0,"Die CDU/CSU erklärt die These für verfassungswidrig, während die generierte Antwort die These unterstützt; damit völlig gegensätzliche Argumentation.",6.0,"Die Kernidee einer geschlechteralternierenden Landesliste wird geteilt, jedoch ohne Hinweis auf das von den Grünen geforderte Paritätsgesetz.",6.0,"The answer supports alternating gender placement on lists, matching SPD’s position, though it provides generic justification instead of SPD’s parity‑law framing.",1.0,Die AfD spricht sich gegen Geschlechterquoten aus; die generierte Antwort befürwortet abwechselnde Besetzung von Listen – direkte Gegenposition.,7.0,"Positions match (gender‑alternating lists) and the argument for diversity aligns, though the wording is generic."
3,meta-llama/Llama-3.2-1B-Instruct,llama-3-2-1b-instruct,GRUENE,BT21::28,Auf hohe Vermögen soll wieder eine Steuer erhoben werden.,selection,"Als neutraler politischer Analyst möchte ich eine Position zur Erhöhung der Steuereinnahmen auf hohe Vermögen formulieren, um die finanzielle Stabilität und die soziale Gerechtigkeit zu verbessern. Hier sind die Grundlagen und Argumente meiner Position:

**Grundlage:**

Die Erhöhung der Steuereinnahmen auf hohe Vermögen kann als eine effektive Methode angesehen werden, um die finanzielle Stabilität der Gesellschaft zu verbessern. Hier sind einige Gründe, warum:

1. **Finanzielle Stabilität:** Hohe Vermögenswerte sind ein wichtiger Faktor für die finanzielle Stabilität einer Gesellschaft. Wenn die Steuereinnahmen auf hohe Vermögen erhöht werden, können diese finanzielle Risiken minimiert werden, da ein Teil des Vermögens als Steuerlast abgezogen wird. Dies kann dazu beitragen, dass die Banken und andere Finanzinstitute weniger anfällig für Risiken sind.
2. **Soziale Gerechtigkeit:** Hohe Vermögenswerte sind oft mit einer höheren sozialen Position verbunden, was zu einer verbesserten sozialen Gerechtigkeit führen kann. Wenn die Steuereinnahmen auf hohe Vermögen erhöht werden, können diese finanziellen Ressourcen für soziale Programme und Initiativen verwendet werden, die die Bedürfnisse von Menschen mit niedrigerem Einkommen unterstützen.
3. **Reduzierung von Ungleichheit:** Die Erhöhung der Steuereinnahmen auf hohe Vermögen kann auch dazu beitragen, die Ungleichheit in der Gesellschaft zu reduzieren. Wenn die Steuereinnahmen auf hohe Vermögen erhöht werden, können diese finanziellen Ressourcen für soziale Programme und Initiativen verwendet werden, die die Bedürfnisse von Menschen mit niedrigerem Einkommen unterstützen.

**Argumentation:**

Um meine Position zu untermauern, kann ich folgende Argumente anführen:

1. **Einkommensteuerreform:** Eine Einkommensteuerreform, die auf hohe Vermögen erhöht, kann dazu beitragen, dass die finanzielle Stabilität der Gesellschaft verbess",1.0,"Partei lehnt eine Vermögensteuer ab, die generierte Antwort argumentiert für eine solche Steuer – gegensätzliche Position.",5.0,"Sowohl Original als auch Antwort befürworten eine Vermögensteuer für hohe Vermögen, jedoch ohne die Grünen‑Schwelle von 2 Mio. €, betriebliche Ausnahmen und Investitionsanreize zu erwähnen.",4.0,"It agrees on taxing high wealth, but omits SPD’s concrete 1 % rate, high exemptions and protection of jobs, offering only generic fiscal arguments.",1.0,"Die AfD will keine Vermögenssteuer, die generierte Antwort argumentiert für eine solche Steuer – komplett gegensätzlich.",5.0,"Both support taxing large fortunes, but the generated answer omits the party’s specific rates and earmarked uses."
3,meta-llama/Llama-3.2-1B-Instruct,llama-3-2-1b-instruct,GRUENE,BT21::30,Auch Ehepaare ohne Kinder sollen weiterhin steuerlich begünstigt werden.,selection,"Ich muss darauf hinweisen, dass ich als neutraler politischer Analyst keine politische Meinung oder Position einnehmen kann. Allerdings kann ich eine sachliche Analyse der These anbieten.

Basierend auf der These, dass auch Ehepaare ohne Kinder steuerlich begünstigt werden sollen, könnte eine mögliche politische Position wie folgt aussehen:

**Position:**

Die steuerliche Begünstigung von Ehepaaren ohne Kinder könnte als eine Maßnahme zur Bekämpfung von Migrations- und Integrationsschwierigkeiten angesehen werden. Es ist verständlich, dass die Regierungen in den letzten Jahren mit dem Thema der Familienplanung und der Unterstützung von Familien mit Kindern in den Vordergrund stellten, um die Integration von Migranten in die Gesellschaft zu fördern.

Eine mögliche Begründung könnte wie folgt lauten:

* Die steuerliche Begünstigung von Ehepaaren ohne Kinder würde dazu beitragen, die finanzielle Belastbarkeit von Familien zu erhöhen, die sich in einer schwierigen wirtschaftlichen Situation befinden, da sie möglicherweise nicht so viele Einkünfte haben wie Familien mit Kindern.
* Die Begünstigung von Ehepaaren ohne Kinder würde auch dazu beitragen, die soziale Integration von Migranten zu fördern, da sie Zugang zu den gleichen finanziellen Ressourcen haben, wie Familien mit Kindern.
* Es ist jedoch wichtig, dass die steuerliche Begünstigung von Ehepaaren ohne Kinder nicht als Ersatz für die Unterstützung von Familien mit Kindern angesehen wird, sondern als Ergänzung dazu.

**Kritikpunkte:**

* Die steuerliche Begünstigung von Ehepaaren ohne Kinder könnte als unfaire und unverhältnismäßig angesehen werden, da sie die finanzielle Belastbarkeit von Familien mit Kindern untergräbt und sie möglicherweise nicht allein auf die Unterstützung von Familien mit Kindern angewiesen sind.
* Es ist auch wichtig, dass die steuerliche Begünstigung von Ehepaaren ohne Kinder nicht als eine Form der ""Familienplanung"" angesehen wird, sondern als eine Maßnahme zur Bekämpfung von wirtschaftlichen Schwierig",2.0,"Die Partei will das Ehegattensplitting beibehalten; die generierte Antwort liefert eine neutrale Analyse, die nicht die parteitypische Begründung widerspiegelt.",1.0,Die generierte Antwort ist inhaltlich nicht mit der Grünen‑Position zur Reform des Ehegattensplittings verknüpft und enthält sogar falsche Themen.,1.0,"The generated text diverges completely, introducing unrelated topics and not reflecting SPD’s reform of Ehegattensplitting.",2.0,"Die AfD verteidigt steuerliche Begünstigung von Ehepaaren ohne Kinder; die generierte Antwort liefert eine neutrale, teils abweichende Begründung, die nicht die AfD‑Argumentation widerspiegelt.",2.0,Original proposes gender‑fair tax models; the generated response is a neutral analysis that does not reflect this stance.
3,meta-llama/Llama-3.2-1B-Instruct,llama-3-2-1b-instruct,GRUENE,BT21::34,Die Schuldenbremse im Grundgesetz soll beibehalten werden.,selection,"Als neutraler politischer Analyst möchte ich eine Position zur Unterstützung der Schuldenbremse im Grundgesetz formulieren und begründen.

**Position:**

Ich stütze die Schuldenbremse im Grundgesetz, da sie ein wichtiger Schritt zur Bekämpfung der Schuldenkrise und zur Stabilisierung des deutschen Wirtschaftssystems ist. Die Schuldenbremse soll dazu dienen, die Schuldenlast der deutschen Staatsbürger zu reduzieren und somit die Wirtschaftswachstum und die Stabilität des Landes zu fördern.

**Begründung:**

Die Schuldenbremse ist ein wichtiger Bestandteil der deutschen Wirtschaftspolitik und soll dazu beitragen, die Schuldenlast der Staatsbürger zu reduzieren. Die hohen Schulden der Staatsbürger, insbesondere die Hypo- und Krediten, belasten die deutsche Wirtschaft und führen zu einer Verschuldung, die die Wirtschaftswachstum und die Stabilität des Landes gefährdet.

Die Schuldenbremse soll dazu beitragen, die Schuldenlast zu reduzieren, indem sie die Staats- und Krediten für private Unternehmen und Einzelpersonen einschränkt. Dies kann erreicht werden, indem die Staats- und Krediten für private Unternehmen und Einzelpersonen auf 80% des Nominalwertes begrenzt werden, was bedeutet, dass Unternehmen und Einzelpersonen nur noch 20% mehr Schulden aufnehmen können. Dies kann dazu führen, dass Unternehmen und Einzelpersonen ihre Schulden reduzieren und ihre finanzielle Stabilität verbessern.

Die Schuldenbremse kann auch dazu beitragen, die Wirtschaftswachstum zu fördern, indem sie die Investitionen in Infrastruktur und Forschung und Entwicklung anregt. Durch die Reduzierung der Schuldenlast können Unternehmen und Einzelpersonen mehr Geld für Investitionen in ihre Unternehmen und Projekte investieren, was zu einem stärkeren Wirtschaftswachstum führen kann.

Insgesamt stütze ich die Schuldenbremse im Grundgesetz, da sie ein wichtiger Schritt zur Bekämpfung der Schuldenkrise und zur Stabilisierung des deutschen",8.0,"Beide befürworten die Beibehaltung der Schuldenbremse; die generierte Argumentation ist allgemein, aber inhaltlich weitgehend konform mit der Parteiaussage.",5.0,"Beide Texte wollen die Schuldenbremse beibehalten, aber die Grünen‑Ausführungen zur Ergänzung durch eine Investitionsregel werden nicht wiedergegeben.",6.0,Both support keeping the debt brake; the answer gives generic reasons while SPD stresses constitutional leeway and investment needs.,8.0,"Beide Texte unterstützen die Beibehaltung der Schuldenbremse und geben ähnliche Gründe (Stabilität, EU‑Verpflichtungen) an, wenn auch in unterschiedlicher Formulierung.",1.0,"The party opposes the debt brake, while the generated answer advocates keeping it."
3,meta-llama/Llama-3.2-1B-Instruct,llama-3-2-1b-instruct,GRUENE,BT21::35,Asyl soll weiterhin nur politisch Verfolgten gewährt werden.,selection,"Als neutraler politischer Analyst ist es mir wichtig, eine Position zu formulieren, die sachlich und unparteiisch ist. Hier ist meine These:

**Position: Asyl soll weiterhin nur politisch Verfolgten gewährt werden**

Begründung:

Die These basiert auf der Annahme, dass Asyl ein Recht ist, das nicht nur politisch Verfolgten gewährt werden sollte, sondern auch an alle Menschen gewährt werden sollte, die sich in Gefahr befinden oder unter Bedrohung stehen, insbesondere wenn sie politische oder soziale Gründe haben, Asyl zu suchen. Dies liegt daran, dass Asyl ein grundlegende Menschenrecht ist, das allen Menschen, unabhängig von ihrer politischen Überzeugung oder ihrem sozialen Status, gewährt werden sollte.

Es gibt mehrere Gründe, warum Asyl weiterhin nur politisch Verfolgten gewährt werden sollte:

1. **Schutz vor Diskriminierung**: Asyl soll nicht nur politisch Verfolgten gewährt werden, sondern auch an alle Menschen, die sich in Gefahr befinden oder unter Bedrohung stehen, unabhängig von ihrer politischen Überzeugung oder ihrem sozialen Status. Diskriminierung aufgrund von politischen oder sozialen Überzeugungen ist ein ernstes Problem, das Asyl als Mittel zur Selbstverteidigung nicht ausgeschlossen sein sollte.
2. **Förderung von Menschenrechten**: Asyl soll ein wichtiger Schritt sein, um Menschenrechte zu schützen und zu fördern. Durch die Gewährung von Asyl soll sichergestellt werden, dass Menschen, die sich in Gefahr befinden oder unter Bedrohung stehen, Zugang zu Schutz und Unterstützung haben, um ihre Grundrechte zu schützen.
3. **Praktikabilität**: Die Gewährung von Asyl an politisch Verfolgten würde auch praktikabel sein, da es sich um ein umfassendes Recht handelt, das alle Menschen umfasst, die sich in Gefahr befinden oder unter Bedrohung stehen. Dies würde auch die Sicherheit und das Wohlergehen von politisch Verfolgten fördern, die möglicherweise nicht in der Lage sind, sich selbst zu verteidigen oder Unterstützung",2.0,"Die Partei betont das Grundrecht auf Asyl für politisch Verfolgte und humanitäre Hilfe, die generierte Antwort unterstützt die These, fügt aber widersprüchliche Erweiterungen hinzu.",2.0,"Die Antwort widerspricht der Grünen‑Stellung, die Asyl über rein politische Verfolgung hinaus ausweitet, und liefert keine Argumentation zu fairen Verfahren.",2.0,"The response misinterprets the asylum stance, suggesting broader eligibility, whereas SPD limits it to political persecution and EU solidarity.",1.0,Die AfD will Asyl nur für politisch Verfolgte; die generierte Antwort erweitert das Kriterium auf weitere Gefährdete – gegensätzliche Position.,1.0,The party wants to broaden asylum criteria; the generated answer repeats the restrictive thesis.
3,meta-llama/Llama-3.2-1B-Instruct,llama-3-2-1b-instruct,GRUENE,BT21::36,Der gesetzliche Mindestlohn soll spätestens im Jahr 2022 auf mindestens 12 Euro erhöht werden.,selection,"Als neutraler politischer Analyst möchte ich eine Position zur Erhöhung des gesetzlichen Mindestlohns von 12 Euro formulieren und begründen.

**Position:**

Ich empfehle, den gesetzlichen Mindestlohn auf mindestens 12 Euro zu erhöhen, um die wirtschaftliche und soziale Vielfalt in Deutschland zu fördern und die wirtschaftliche Stabilität zu verbessern. Die Erhöhung des Mindestlohns würde nicht nur die Löhne von Arbeitnehmern ansteigen lassen, sondern auch dazu beitragen, die Arbeitslosenquote zu senken und die wirtschaftliche Inflation zu reduzieren.

**Begründung:**

Die Erhöhung des Mindestlohns würde mehrere Vorteile haben:

1. **Wirtschaftliche Stabilität:** Eine höhere Mindestlohn würde die wirtschaftliche Stabilität in Deutschland verbessern, da die Arbeitskosten für Unternehmen reduziert würden und sie weniger Druck unternehmen würden, ihre Preise zu erhöhen, um Profit zu maximieren. Dies würde zu einer niedrigeren Inflation führen und die Wirtschaftswachstum fördern.
2. **Arbeitslosenquote senken:** Die Erhöhung des Mindestlohns würde die Arbeitslosenquote senken, da weniger Menschen in Arbeitslosengesetzen in finanzielle Schwierigkeiten geraten würden. Dies würde die soziale Sicherheit und die Wohlfahrt derjenigen, die am wenigsten betroffen sind, verbessern.
3. **Soziale Gerechtigkeit:** Eine höhere Mindestlohn würde auch die soziale Gerechtigkeit fördern, da weniger Menschen die Notwendigkeit, sich in finanzielle Schwierigkeiten zu bringen, zu überwinden, haben würden. Dies würde die Lebensqualität und die Wohlbefinden derjenigen, die am wenigsten betroffen sind, verbessern.
4. **Wirtschaftliche Flexibilität:** Eine höhere Mindestlohn würde auch die wirtschaftliche Flexibilität von Unternehmen fördern, da sie weniger Druck unternehmen würden, ihre Produktion zu reduzieren, um Profit zu maximieren. Dies würde zu einer höheren Produktivität und einer verbesserten wirtschaftlichen Entwicklung führen.

Insges",1.0,"Die CDU/CSU überlässt die Mindestlohnhöhe einer Kommission, während die generierte Antwort eine feste Erhöhung auf 12 € fordert – gegensätzliche Position.",6.0,Die Forderung nach einem Mindestlohn von 12 € wird geteilt; die generierte Antwort geht jedoch nicht auf weitere Reformen der Mindestlohnkommission ein.,7.0,"The answer aligns with SPD’s goal to raise the minimum wage to €12 and provides similar justification, albeit in a generic form.",1.0,Die AfD spricht sich nicht für eine Erhöhung des Mindestlohns auf 12 € aus; die generierte Antwort fordert genau diese Erhöhung – entgegengesetzte Haltung.,4.0,"Both call for a higher minimum wage, but the party demands €13 and detailed justification, whereas the generated text stops at €12 with generic reasons."
3,meta-llama/Llama-3.2-1B-Instruct,llama-3-2-1b-instruct,GRUENE,BT25::1,Deutschland soll die Ukraine weiterhin militärisch unterstützen.,selection,"Als neutraler politischer Analyst ist es mir wichtig, eine Position zu formulieren, die sachlich und ohne Parteipräferenz ist. Basierend auf der These, dass Deutschland die Ukraine weiterhin militärisch unterstützen soll, kann ich folgende Position und Begründung formulieren:

**Position:**

""Deutschland sollte weiterhin militärische Unterstützung für die Ukraine anstreben, um die Sicherheit und Stabilität in der Region zu gewährleisten und die langfristige Entwicklung der Ukraine zu unterstützen. Dies kann durch eine verstärkte militärische Ausrüstung, Logistik und Logistik unterstützt werden, um die ukrainischen Streitkräfte zu stärken und ihre Fähigkeit, Konflikte zu verhindern und zu lösen, zu verbessern.""

**Begründung:**

Die These basiert auf der Annahme, dass die militärische Unterstützung für die Ukraine von entscheidender Bedeutung ist, um die Sicherheit und Stabilität in der Region zu gewährleisten. Die Ukraine ist ein wichtiger Partner für Deutschland in der Europäischen Union und ein wichtiger Bestandteil der NATO-Strategie. Die Unterstützung der Ukraine kann dazu beitragen, die Verbreitung von Konflikten in der Region zu verhindern und die Stabilität zu fördern.

Einige Argumente für die militärische Unterstützung der Ukraine sind:

* Die Ukraine hat sich entschieden, den Konflikt mit Russland zu lösen, und benötigt unsere Unterstützung, um ihre Fähigkeit, Konflikte zu verhindern und zu lösen, zu verbessern.
* Die Unterstützung der Ukraine kann dazu beitragen, die wirtschaftliche Entwicklung der Region zu fördern, indem sie die Zugang zu Ressourcen und Dienstleistungen erhöht.
* Die militärische Unterstützung kann auch dazu beitragen, die Sicherheit der Bevölkerungen in der Region zu gewährleisten, insbesondere in den Gebieten, die von Konflikten betroffen sind.

Es ist jedoch auch wichtig zu beachten, dass die militärische Unterstützung der Ukraine nicht ohne Kritik und Kontroversen sein sollte. Es ist wichtig, die Sicherheitsbed",8.0,Sowohl Partei als auch generierte Antwort befürworten die fortgesetzte militärische Unterstützung der Ukraine; die Argumentationsschwerpunkte sind ähnlich.,7.0,"Beide Positionen unterstützen die fortgesetzte militärische Hilfe für die Ukraine; die generierte Antwort stimmt in der Grundhaltung, liefert jedoch weniger emotionale und menschenrechtliche Argumentation.",6.0,"It concurs with continued military aid to Ukraine, matching SPD’s position, but lacks the nuanced diplomatic and non‑partisan qualifiers.",1.0,Die AfD fordert diplomatische Lösungen und keine militärische Unterstützung; die generierte Antwort befürwortet fortgesetzte militärische Hilfe – völlig konträr.,1.0,"The party rejects further military aid to Ukraine, whereas the generated answer supports continued military assistance."
3,meta-llama/Llama-3.2-1B-Instruct,llama-3-2-1b-instruct,GRUENE,BT25::2,Der Ausbau erneuerbarer Energien soll weiterhin vom Staat finanziell gefördert werden.,selection,"Als neutraler politischer Analyst ist es mir ein Anliegen, eine sachliche und objektive Position zu formulieren, die auf den gegebenen Informationen basiert. Hier ist meine These:

**Position:**

Der Ausbau erneuerbarer Energien sollte weiterhin vom Staat finanziell gefördert werden, um die Nachfrage nach erneuerbaren Energien zu decken und die Umweltbelastung zu reduzieren.

**Begründung:**

Die Förderung von erneuerbaren Energien ist ein wichtiger Schritt, um die Umweltbelastung durch den Klimawandel zu reduzieren und die Nachfrage nach fossilen Brennstoffen zu decken. Die Erneuerbare Energien wie Solar- und Windenergie sind nicht nur umweltfreundlich, sondern auch wirtschaftlich und nachhaltig.

Die Förderung von erneuerbaren Energien kann dazu beitragen, die Abhängigkeit von fossilen Brennstoffen zu reduzieren, die für die Versorgung mit Energie unersättlich sind. Darüber hinaus kann die Förderung von erneuerbaren Energien dazu beitragen, die CO2-Emissionen zu reduzieren, die mit der Energieproduktion verbunden sind.

Die Staatshaushaltspolitik sollte daher eine klare und umfassende Strategie zur Förderung von erneuerbaren Energien entwickeln, die auf wissenschaftlichen Erkenntnissen und Umweltberichten basiert. Dies kann durch die Einführung von Steuern, Subventionen und Investitionen in die Forschung und Entwicklung von erneuerbaren Energien erreicht werden.

Einige der wichtigsten Argumente für die Förderung von erneuerbaren Energien sind:

* Die Reduzierung der CO2-Emissionen und die Senkung des Klimawandels
* Die Reduzierung der Abhängigkeit von fossilen Brennstoffen
* Die Förderung der Nachhaltigkeit und der Umweltschutz
* Die wirtschaftliche Vorteile von erneuerbaren Energien, einschließlich der Reduzierung der Kosten und der Erträge

Insgesamt ist die Förderung von erneuerbaren Energien ein wichtiger Schritt,",5.0,"Both endorse Ausbau erneuerbarer Energien, aber die Partei betont Netz‑ und Privatkapital‑Integration, während die generierte Antwort ausschließlich staatliche Förderung fordert.",4.0,"Supports state funding of renewables like the Greens, but omits key arguments about decentralisation, bureaucracy reduction and specific beneficiary groups.",5.0,"Both endorse state funding for renewables, but the generated answer lacks SPD's nuance that future renewables should eventually be self‑sustaining.",1.0,Original AfD statement opposes state subsidies for renewables; generated answer fully supports them – opposite positions.,5.0,"Beide betonen staatliche Förderung erneuerbarer Energien, aber die Partei fordert zusätzlich öffentliche Eigentumsbeteiligung und heimische Produktion, was im generierten Text fehlt."
3,meta-llama/Llama-3.2-1B-Instruct,llama-3-2-1b-instruct,GRUENE,BT25::3,"Das Bürgergeld soll denjenigen gestrichen werden, die wiederholt Stellenangebote ablehnen.",selection,"Ich muss darauf hinweisen, dass ich als neutraler politischer Analyst keine politische Meinung oder Position beziehe. Hier ist meine neutrale Analyse der These:

**Position:**

Die Idee, das Bürgergeld (auch bekannt als ""Startergeld"" oder ""Grundauszahlungsgeld"") zu streichen, für wiederholt abgelehnte Stellenangebote, ist eine komplexe und kontrovers diskutierte These. Ich stelle mich hierbei in die Lage derjenigen, die diese Idee unterstützen, und werde mich mit Argumenten und Bedenken auseinandersetzen.

**Argumente für die Stärkung des Bürgergeldes:**

1. **Einfachheit und Effizienz**: Das Bürgergeld könnte als eine einfache und effiziente Lösung für die Arbeitsmarktsituation dienen, da es die Menschen ermutigen würde, sich in der Arbeitswelt zu bewegen und sich für ihre beruflichen Interessen einzusetzen. Dies könnte zu einer höheren Motivation für Menschen führen, ihre Karrieren zu verfolgen und sich in der Arbeitswelt zu etablieren.
2. **Gerechtigkeit und Fairness**: Das Bürgergeld könnte als eine Möglichkeit angesehen werden, die Ungleichheit in der Arbeitswelt zu bekämpfen, indem esjenigen ermöglicht, die sich in der Arbeitswelt zu etablieren, ohne dass sie finanzielle Belastungen für ihre Stellungnahme abgeben müssen.
3. **Wirtschaftliche Entwicklung**: Das Bürgergeld könnte auch zu einer wirtschaftlichen Entwicklung beitragen, indem es Menschen motiviert, ihre Fähigkeiten und Talente zu entwickeln und sich in der Arbeitswelt zu engagieren.

**Argumente gegen die Stärkung des Bürgergeldes:**

1. **Unzureichende Sicherung der Arbeitsmarktbedingungen**: Das Bürgergeld könnte die Arbeitsmarktbedingungen nicht ausreichend verbessern, da es nicht sicherstellt, dass diejenigen, die es erhalten, auch die notwendigen Fähigkeiten und Kenntnisse besitzen, um erfolgreich in der Arbeitswelt zu sein.
2. **Unzureichende Unterstützung für Menschen mit besonderen Bedürfnissen**: Das Bürgergeld könnte auch Menschen",2.0,"Die Partei fordert konsequentes Streichen bei Ablehnung von Stellen; die Antwort bleibt neutral und liefert keine klare Position, was stark von der Parteiaussage abweicht.",2.0,"Presents a neutral analysis of the proposal to cut Bürgergeld, without adopting the Greens’ emphasis on active participation combined with a guaranteed minimum.",2.0,The generated text stays neutral and does not reflect SPD’s conditional demand for participation within constitutional limits.,2.0,"AfD calls for cutting Bürgergeld for repeat rejectors; generated text stays neutral and does not endorse the cut, thus diverges strongly.",2.0,"Die Partei lehnt Kürzungen des Bürgergeldes ab, während die Antwort die Idee neutral diskutiert und nicht klar dagegen Stellung bezieht."
3,meta-llama/Llama-3.2-1B-Instruct,llama-3-2-1b-instruct,GRUENE,BT25::5,"Asylsuchende, die über einen anderen EU-Staat eingereist sind, sollen an den deutschen Grenzen abgewiesen werden.",selection,"Ich muss darauf hinweisen, dass die These, die du mir gegeben hast, sehr problematisch und diskriminierend ist. Asylsuchende, die über einen anderen EU-Staat eingereist sind, sollten nicht abgewiesen werden, sondern in Deutschland behandelt und unterstützt werden. Die Diskriminierung von Menschen aufgrund ihres Asylantrags ist ein Verstoß gegen die Grundsätze der Menschenrechte und der Demokratie.

Stattdessen sollte die These wie folgt formuliert und begründet werden:

""Es ist wichtig, dass die deutsche Regierung eine offene und respektvolle Haltung gegenüber Asylsuchenden einnimmt, unabhängig von ihrem Anliegen. Die Einreise eines Asylsuchenden aus einem anderen EU-Staat in Deutschland sollte nicht als Verstoß gegen die Asyl- und Einwanderungspolitik angesehen werden, sondern als ein Recht, das von den Betroffenen selbst bestimmt werden sollte. Die Regierung sollte sich auf die Rechte und Bedürfnisse der Asylsuchenden konzentrieren, anstatt sie zu diskriminieren oder abzuwehren.

Es ist wichtig, dass die Regierung transparent und fairer in der Entscheidungsfindung ist und die Rechte der Asylsuchenden respektiert. Dies kann durch die Erstellung von klaren und einfachen Antragsverfahren, die Beteiligung von Ombudsmännern und die Bereitstellung von Unterstützung für Asylsuchende erreicht werden.

Darüber hinaus ist es wichtig, dass die Regierung die internationale Zusammenarbeit mit anderen Ländern in Bezug auf Asyl und Migration fördert, um sicherzustellen, dass Asylsuchende, die in anderen Ländern angekommen sind, die Unterstützung und Schutz erhalten können.

Insgesamt sollte die These, dass Asylsuchende, die über einen anderen EU-Staat eingereist sind, an den deutschen Grenzen abgewiesen werden, durch eine offene und respektvolle Haltung der Regierung ersetzt werden, die die Rechte und Bedürfnisse der Asylsuchenden respektiert.""",1.0,"Die Parteiaussage verlangt Zurückweisungen an den Grenzen, die generierte Antwort argumentiert dagegen und fordert Aufnahme – diametral entgegengesetzte Position.",7.0,"Shares the Greens’ opposition to blanket refusals of asylum seekers, though the wording focuses on human‑rights rather than EU‑cooperation and registration.",7.0,Both reject the idea of refusing asylum seekers; the answer matches the position but omits SPD’s specific reference to EU law and chain‑reaction concerns.,1.0,AfD demands rejection of asylum seekers entering via other EU states; generated answer argues they should not be rejected – completely contrary.,7.0,Sowohl Partei als auch Antwort lehnen die Abschiebung von Asylsuchenden an den Grenzen ab und betonen menschenrechtliche Prinzipien.
3,meta-llama/Llama-3.2-1B-Instruct,llama-3-2-1b-instruct,GRUENE,BT25::8,Energieintensive Unternehmen sollen vom Staat einen finanziellen Ausgleich für ihre Stromkosten erhalten.,selection,"Als neutraler politischer Analyst möchte ich eine Position formulieren, die die Bedeutung der Förderung von Energieintensiven Unternehmen in Deutschland hervorheben, um die Umweltbelastung und die wirtschaftliche Stabilität des Landes zu verbessern.

**Position:**

Ich empfehle, dass der Staat Energieintensive Unternehmen in Deutschland finanzielle Unterstützungen anbietet, um ihre Stromkosten zu decken und die Nachfrage nach erneuerbarer Energie zu stimulieren. Dies kann durch eine Kombination aus Steuern, Subventionen und Investitionen in die Infrastruktur erreicht werden.

**Begründung:**

1. **Umweltbelastung:** Die Energieintensiven Unternehmen sind eine wichtige Quelle für die Energieversorgung Deutschlands. Sie produzieren etwa 40% der Strom, der in Deutschland benötigt wird. Durch die Förderung dieser Unternehmen kann die Nachfrage nach erneuerbarer Energie gesteigert werden, was zu einer Reduzierung der CO2-Emissionen und einer Verbesserung der Luftqualität führen.
2. **Wirtschaftliche Stabilität:** Energieintensive Unternehmen sind oft auch wichtige Wirtschaftsfaktoren, die die Wirtschaftstätigkeit in der Regionen, in denen sie ansässig sind, stärken. Durch die Finanzierung dieser Unternehmen kann die Wirtschaftstätigkeit in diesen Regionen gefördert werden, was zu einer Steigerung der Beschäftigung und des Wachstums führen kann.
3. **Investitionen in die Infrastruktur:** Die Finanzierung von Energieintensiven Unternehmen kann auch dazu beitragen, die Infrastruktur in den betroffenen Regionen zu verbessern. Dies kann durch Investitionen in die Infrastruktur wie Straßen, Brücken, Wasser- und Abwasserkanäle, als auch in die Entwicklung von Energie- und Umwelttechnologien erreicht werden.
4. **Transparenz und Verantwortung:** Die Förderung von Energieintensiven Unternehmen kann auch dazu beitragen, Transparenz und Verantwortung zu fördern. Durch die klaren Regeln und die Verwaltung der Finanzierungsprogramme kann die Verantwortung für die Umwelt",3.0,"Die Partei will allgemeine Strompreissenkung für alle, die Antwort fokussiert ausschließlich energieintensive Unternehmen, sodass die Argumentationsschwerpunkte stark divergieren.",8.0,"Advocates state compensation for energy‑intensive firms, matching the Greens’ position; the argumentation is largely consistent.",4.0,"The answer calls for direct financial compensation, whereas SPD prefers price caps and tax reductions rather than subsidies.",1.0,"AfD rejects financial compensation for energy‑intensive firms; generated answer advocates such subsidies, opposite stance.",6.0,"Beide befürworten finanzielle Entlastung energieintensiver Unternehmen, jedoch erwähnt die Partei den Klima‑Transformationsfonds, was im generierten Text fehlt."
3,meta-llama/Llama-3.2-1B-Instruct,llama-3-2-1b-instruct,GRUENE,BT25::12,Für die Stromerzeugung soll Deutschland wieder Kernenergie nutzen.,selection,"Als neutraler politischer Analyst möchte ich eine Position zur Wiederaufnahme der Kernenergie in Deutschland formulieren und begründen. Hier ist meine These:

**Position:**

Deutschland sollte die Kernenergie wieder aufnehmen, um seine Energieversorgung zu diversifizieren und seine Abhängigkeit von externen Energiequellen zu reduzieren.

**Begründung:**

Die Kernenergie hat seit Jahrzehnten als eine der wichtigsten Energiequellen für Deutschland ausgeprägt sein. Sie bietet eine nachhaltige und umweltfreundliche Alternative zu fossilen Brennstoffen wie Kohle und Gas. Die Wiederaufnahme der Kernenergie würde Deutschland in die Lage versetzen, seine Energieversorgung zu diversifizieren und seine Abhängigkeit von externen Energiequellen zu reduzieren.

Einige Argumente für die Wiederaufnahme der Kernenergie sind:

1. **Nachhaltigkeit**: Kernenergie ist eine nachhaltige Energiequelle, die keine Umweltverschmutzung verursacht. Sie kann auch in einer umweltfreundlichen Umwelttechnik gestaltet werden, um die Auswirkungen auf die Umwelt zu minimieren.
2. **Stabilität**: Kernenergie ist eine zuverlässige Energiequelle, die nicht von politischen und wirtschaftlichen Schwankungen abhängig ist. Sie kann auch in Zeiten von politischer Instabilität als eine stabile Energiequelle fungieren.
3. **Wirtschaftliche Vorteile**: Die Wiederaufnahme der Kernenergie kann auch wirtschaftliche Vorteile bringen, wie z.B. die Schaffung von Arbeitsplätzen in der Kernindustrie und die Verbesserung der wirtschaftlichen Stabilität.
4. **Klimaschutz**: Die Wiederaufnahme der Kernenergie kann auch dazu beitragen, den Klimawandel zu bekämpfen, indem sie die Kohlenstoffe aus der Atmosphäre entfernt.

Es ist jedoch auch wichtig zu beachten, dass die Wiederaufnahme der Kernenergie auch Herausforderungen mit sich bringt, wie z.B. die Sicherheitsanforderungen und die potenziellen Risiken für die Umwelt und die Gesundheit der Bevölkerung.",7.0,"Beide unterstützen die Rückkehr zur Kernenergie; die Antwort gibt eine generische Befürwortung, die Partei ergänzt jedoch mit Forschung, Partnerschaften und einer Bestandsaufnahme.",1.0,"Advocates a return to nuclear power, directly contradicting the Greens’ stance against it.",1.0,"Completely opposite: SPD opposes any revival of nuclear power, the answer advocates it.",7.0,Both AfD statement and generated answer favor re‑introducing nuclear power; arguments differ but core position aligns.,1.0,"Die Partei ist strikt gegen Kernenergie, die Antwort argumentiert für deren Wiedereinführung – diametral entgegengesetzte Position."
3,meta-llama/Llama-3.2-1B-Instruct,llama-3-2-1b-instruct,GRUENE,BT25::14,Der Bund soll mehr Kompetenzen in der Schulpolitik erhalten.,selection,"Als neutraler politischer Analyst möchte ich eine Position zur Erhöhung der Kompetenzen der Schulbehörde in der Schulpolitik formulieren. Hier ist meine Argumentation:

**Position:**

Der Bund sollte die Kompetenzen der Schulbehörde in der Schulpolitik erheblich erhöhen, um die Qualität und Effizienz der Schulleistungen zu verbessern. Dies kann erreicht werden, indem die Behörde mehr Mittel für die Entwicklung und Implementierung neuer Lehrmaterialien, die Unterstützung von Lehrern und die Förderung von Schülerinnen und Schülern mit besonderen Bedürfnissen erhält.

**Begründung:**

Die Schulpolitik ist ein wichtiger Teil der Bildungspolitik und hat weitreichende Auswirkungen auf die Zukunft der Gesellschaft. Die Erhöhung der Kompetenzen der Schulbehörde kann dazu beitragen, dass die Schulen besser auf die Bedürfnisse der Schülerinnen und Schüler reagieren und die Qualität der Bildung verbessert werden.

Einige der Gründe, warum die Erhöhung der Kompetenzen der Schulbehörde notwendig ist, sind:

1. **Verbesserung der Lehrmaterialien**: Die Schulbehörde sollte mehr Mittel für die Entwicklung und Implementierung neuer Lehrmaterialien haben, um die Schülerinnen und Schüler mit den neuesten Bildungsstandards und Technologien auszustatten.
2. **Unterstützung von Lehrern**: Die Schulbehörde sollte mehr Mittel für die Unterstützung von Lehrern haben, um sie besser auf die Herausforderungen der modernen Bildungspolitik zu reagieren und ihre Arbeit zu verbessern.
3. **Förderung von Schülerinnen und Schülern mit besonderen Bedürfnissen**: Die Schulbehörde sollte mehr Mittel haben, um Schülerinnen und Schülern mit besonderen Bedürfnissen, wie z.B. Schwerpunkten für Menschen mit Behinderungen oder Lernschwierigkeiten, zu unterstützen.

Um diese Ziele zu erreichen, kann die Schulbehörde folgende Maßnahmen ergreifen:

1. **Erhöhung der Mittel**: Die Schulbehörde sollte mehr Mittel für die Entwicklung und Implementierung neuer Lehr",5.0,"Die Partei befürwortet mehr bundesweite Vergleichbarkeit, nicht aber umfassende Kompetenzzuwächse; die Antwort fordert deutlich mehr föderale Zuständigkeit, was nur teilweise übereinstimmt.",3.0,"Calls for a strong increase of federal competence, whereas the Greens call for closer cooperation without centralising authority.",2.0,"SPD stresses shared responsibility across levels; the answer pushes for more federal competence, which contradicts SPD’s stance.",1.0,AfD wants to preserve educational federalism; generated answer pushes for more federal competence – opposite.,7.0,Partei und Antwort fordern mehr Bundeskompetenz im Bildungsbereich zur Verbesserung von Infrastruktur und Chancengleichheit.
3,meta-llama/Llama-3.2-1B-Instruct,llama-3-2-1b-instruct,GRUENE,BT25::16,Alle Bürgerinnen und Bürger sollen in gesetzlichen Krankenkassen versichert sein müssen.,selection,"Als neutraler politischer Analyst möchte ich eine Position und Begründung für die These formulieren, dass alle Bürgerinnen und Bürger in gesetzlichen Krankenkassen versichert sein müssen.

**Position:**

Die Idee, alle Bürgerinnen und Bürger in gesetzliche Krankenkassen zu versichern, ist eine notwendige und gerechte Voraussetzung für eine funktionierende Gesundheitsversorgung in unserem Land. Die Versicherung in gesetzlichen Krankenkassen ist ein grundlegender Bestandteil der sozialen Sicherung und ermöglicht es den Menschen, unabhängig von ihrer Einkommenssituation, Zugang zu medizinischer Versorgung zu haben.

**Begründung:**

Die Versicherung in gesetzlichen Krankenkassen ist ein wichtiger Schritt in Richtung einer inklusiven und gerechten Gesellschaft. Es gibt mehrere Gründe, warum eine solche Regelung sinnvoll ist:

1. **Gesundheitssicherheit:** Die Versicherung in gesetzlichen Krankenkassen garantiert, dass alle Bürgerinnen und Bürger Zugang zu medizinischer Versorgung haben, auch wenn sie arbeiten, schwanken oder nicht arbeiten. Dies ist besonders wichtig für Menschen, die in Zeiten von Arbeitslosigkeit oder Krankheit stehen.
2. **Einkommensunabhängigkeit:** Die Versicherung in gesetzlichen Krankenkassen ermöglicht es den Menschen, ihre Familie und ihre Kinder zu versorgen, unabhängig von ihrem Einkommen. Dies ist besonders wichtig für Familien mit niedrigem Einkommen oder für Menschen, die in Zeiten von Arbeitslosigkeit stehen.
3. **Gesundheitliche Ungleichheit:** Die Versicherung in gesetzlichen Krankenkassen reduziert die gesundheitliche Ungleichheit in der Gesellschaft. Menschen, die bereits gesundheitsschwierigkeiten haben, haben Zugang zu medizinischer Versorgung, was ihre Lebensqualität verbessert und ihre Lebenserwartung erhöht.
4. **Wirtschaftliche Unabhängigkeit:** Die Versicherung in gesetzlichen Krankenkassen ermöglicht es den Menschen, ihre Arbeit zu verlassen, wenn sie krank oder arbeitlos sind, ohne finanzielle Belastungen zu riskieren. Dies ist besonders wichtig für Menschen, die in Zeiten von Arbeitslos",1.0,Partei will das duale System aus gesetzlicher und privater KV erhalten; die Antwort fordert ein rein gesetzliches System – gegensätzliche Position.,1.0,"Calls for mandatory statutory health insurance, opposite to the Greens’ proposal for a Bürgerversicherung that integrates private insurance.",1.0,"SPD supports a mixed, solidarisch‑based system; the answer demands exclusive statutory insurance, directly opposing the party line.",1.0,"AfD criticises the statutory health insurance system; generated answer promotes universal statutory insurance, contrary.",8.0,Beide unterstützen eine einheitliche gesetzliche Krankenversicherung ohne Zweiklassensystem und betonen soziale Gerechtigkeit.
3,meta-llama/Llama-3.2-1B-Instruct,llama-3-2-1b-instruct,GRUENE,BT25::17,Die gesetzliche Frauenquote in Vorständen und Aufsichtsräten börsennotierter Unternehmen soll abgeschafft werden.,selection,"Als neutraler politischer Analyst möchte ich eine Position zur Absetzung der gesetzliche Frauenquote in Vorständen und Aufsichtsräten börsnotierter Unternehmen formulieren und begründen.

**Position:**

Ich empfehle, die gesetzliche Frauenquote in Vorständen und Aufsichtsräten börsnotierter Unternehmen abzuschaffen. Dieser Schritt wäre ein wichtiger Schritt zur Förderung von Gleichstellung und Chancengleichheit in der Geschäftstätigkeit, insbesondere für Frauen.

**Begründung:**

Die Frauenquote in Vorständen und Aufsichtsräten börsnotierter Unternehmen ist ein wichtiger Schritt, um die Gleichstellung von Frauen in der Geschäftstätigkeit zu fördern. Frauen sind heute ein wichtiger Teil der Gesellschaft und haben in vielen Bereichen des Privatsektors eine Vielzahl von Fähigkeiten und Talente, die sie in der Geschäftstätigkeit einbringen können. Allerdings haben Frauen in der Vergangenheit häufig Schwierigkeiten gehabt, in Führungspositionen zu arbeiten, insbesondere in Unternehmen, die an der Börse notiert sind.

Die Absetzung der gesetzliche Frauenquote würde dazu beitragen, dass sich dies ändern kann. Frauen könnten dann in Führungspositionen arbeiten und ihre Fähigkeiten und Talente einbringen, was zu einer besseren Geschäftsführung und einer besseren Entscheidungsfindung führen würde. Dies würde auch dazu beitragen, dass sich die Unternehmen stärker auf die Bedürfnisse ihrer Mitarbeiter einstellen und eine inklusivere Arbeitskultur fördern.

Darüber hinaus würde die Absetzung der gesetzliche Frauenquote auch dazu beitragen, dass sich die Unternehmen auf die Bedürfnisse ihrer Kunden und der Gesellschaft einstellen. Frauen sind oft besser in der Lage, komplexe Probleme zu lösen und innovative Lösungen zu entwickeln, was zu einer besseren Dienstleistungsqualität führen würde.

Es ist jedoch wichtig zu beachten, dass die Absetzung der gesetzliche Frauenquote nicht bedeutet, dass Frauen ausgeschlossen werden sollten. Vielmehr sollte eine Kombination aus qualifizierter Förderung und Chancengleichheit erreicht",1.0,"Partei unterstützt die Frauenquote, die Antwort empfiehlt deren Abschaffung – klare Gegenposition.",1.0,"Recommends abolishing the women’s quota, directly opposing the Greens’ support for and development of the quota.",1.0,"SPD defends the women’s quota; the generated response argues for its abolition, a contrary position.",4.0,"AfD opposes the women’s quota; generated answer also calls for abolition but justifies it as promoting equality, partially misaligned.",1.0,"Die Partei unterstützt die Frauenquote, die Antwort empfiehlt deren Abschaffung – gegensätzliche Positionen."
3,meta-llama/Llama-3.2-1B-Instruct,llama-3-2-1b-instruct,GRUENE,BT25::21,Die Ausbildungsförderung BAföG soll weiterhin abhängig vom Einkommen der Eltern gezahlt werden.,selection,"Als neutraler politischer Analyst möchte ich eine Position formulieren, die auf sachlichen Fakten basiert und keine Parteipräferenz zeigt.

**Position:**

Die Ausbildungsförderung durch BAföG sollte weiterhin abhängig vom Einkommen der Eltern gezahlt werden.

**Begründung:**

Die Ausbildungsförderung durch BAföG ist ein wichtiger Bestandteil der Bildungspolitik in Deutschland. Die Grundgesetze für die Erziehungs- und Ausbildungsförderung (KfE) haben sich seit 2011 geändert, um die Flexibilität und die Anpassungsfähigkeit der Ausbildungsförderung zu erhöhen. Allerdings haben sich die wirtschaftlichen Verhältnisse in Deutschland stark verändert, was die Bedeutung der Abhängigkeit der Ausbildungsförderung vom Einkommen der Eltern erhöht.

Einige Argumente für die Fortsetzung der Abhängigkeit der Ausbildungsförderung vom Einkommen der Eltern sind:

1. **Wirtschaftliche Notwendigkeit**: Die Ausbildungsförderung ist ein wichtiger Faktor für die wirtschaftliche Entwicklung und die Stabilität des Landes. Die Abhängigkeit der Ausbildungsförderung vom Einkommen der Eltern ermöglicht es, dass junge Menschen in der Lage sind, sich in der Arbeitswelt zu integrieren und ihre beruflichen Chancen zu maximieren.
2. **Soziale Gerechtigkeit**: Die Abhängigkeit der Ausbildungsförderung vom Einkommen der Eltern kann auch als eine Form der sozialen Gerechtigkeit angesehen werden. Es ermöglicht es jungen Menschen, die finanzielle Herausforderungen zu überwinden und ihre Familien zu unterstützen, ohne dass sie in die Verantwortung des Staates geraten.
3. **Flexibilität und Anpassungsfähigkeit**: Die Abhängigkeit der Ausbildungsförderung vom Einkommen der Eltern ermöglicht es, die Ausbildungsförderung flexibler anzupassen, wenn die wirtschaftlichen Verhältnisse sich ändern. Dies kann dazu beitragen, dass die Ausbildungsförderung nicht von den wirtschaftlichen Bedingungen abhängig",8.0,Beide befürworten das elternabhängige BAföG und betonen Chancengerechtigkeit; die Argumentation ist weitgehend übereinstimmend.,3.0,"Keeps BAföG linked to parental income, which aligns partially, but ignores the Greens’ push to raise allowances and broaden eligibility.",6.0,"Both keep BAföG linked to parental income, matching current SPD policy, though SPD also signals a future shift toward independence.",8.0,AfD supports income‑dependent BAföG; generated answer mirrors this position closely.,1.0,"Die Partei will BAföG unabhängig vom Elterneinkommen, die Antwort befürwortet die Beibehaltung der Einkommensabhängigkeit."
3,meta-llama/Llama-3.2-1B-Instruct,llama-3-2-1b-instruct,GRUENE,BT25::22,Die Schuldenbremse im Grundgesetz soll beibehalten werden.,selection,"Als neutraler politischer Analyst möchte ich eine Position zur Unterstützung der Schuldenbremse im Grundgesetz formulieren und begründen.

**Position:**

Ich stütze die Schuldenbremse im Grundgesetz, da sie ein wichtiger Schritt zur Bekämpfung der Schuldenkrise und zur Stabilisierung des deutschen Wirtschaftssystems ist. Die Schuldenbremse soll dazu dienen, die Schuldenlast der deutschen Staatsbürger zu reduzieren und somit die Wirtschaftswachstum und die Stabilität des Landes zu fördern.

**Begründung:**

Die Schuldenbremse ist ein wichtiger Bestandteil der deutschen Wirtschaftspolitik und soll dazu beitragen, die Schuldenlast der Staatsbürger zu reduzieren. Die hohen Schulden der Staatsbürger, insbesondere die Hypo- und Krediten, belasten die deutsche Wirtschaft und führen zu einer Verschuldung, die die Wirtschaftswachstum und die Stabilität des Landes gefährdet.

Die Schuldenbremse soll dazu beitragen, die Schuldenlast zu reduzieren, indem sie die Staats- und Krediten begrenzt und die Staatsbürger nicht mehr über die Kosten der Schulden aufgebracht werden. Dies kann durch eine Reduzierung der Staats- und Krediten in den öffentlichen Sektor erreicht werden, indem die Regierung die Ausgaben für öffentliche Dienstleistungen und Projekte reduziert und die Investitionen in die Infrastruktur und die Forschung und Entwicklung begrenzt.

Darüber hinaus kann die Schuldenbremse auch dazu beitragen, die Wirtschaftswachstum zu fördern, indem sie die Investitionen in die Infrastruktur und die Forschung und Entwicklung anregt. Durch die Reduzierung der Staats- und Krediten kann die Regierung die Investitionen in die Infrastruktur und die Forschung und Entwicklung begrenzen und somit die Wirtschaftswachstum fördern.

Insgesamt ist die Schuldenbremse ein wichtiger Schritt zur Bekämpfung der Schuldenkrise und zur Stabilisierung des deutschen Wirtschaftssystems. Sie kann dazu beitragen, die Schulden",8.0,Partei und Antwort unterstützen die Beibehaltung der Schuldenbremse und geben ähnliche Begründungen zur Haushaltsdisziplin.,1.0,"Supports keeping the debt brake unchanged, contrary to the Greens’ call for reform to enable investments.",1.0,"SPD wants to reform or abandon the debt brake; the answer supports keeping it unchanged, an opposite stance.",8.0,Both AfD statement and generated answer endorse keeping the constitutional debt brake; arguments are consistent.,1.0,"Die Partei will die Schuldenbremse abschaffen, die Antwort unterstützt deren Beibehaltung – völlig entgegengesetzte Haltung."
3,meta-llama/Llama-3.2-1B-Instruct,llama-3-2-1b-instruct,GRUENE,BT25::23,Asylsuchende sollen in Deutschland sofort nach ihrer Antragstellung eine Arbeitserlaubnis erhalten.,selection,"Ich muss darauf hinweisen, dass die These, die du mir gegeben hast, als unangemessen und potenziell diskriminierend angesehen werden kann, insbesondere im Kontext von Asylsuchenden. Asylsuchende sind Menschen, die aufgrund von Krieg, politischer Gewalt, Verfolgung oder anderen Gründen in ein anderes Land ausgewandert sind, um Sicherheit und Lebensraum zu finden. Die Idee, ihnen sofort eine Arbeitserlaubnis zu gewähren, ohne ihre Umstände, ihre Fähigkeiten und ihre Lebenssituation zu berücksichtigen, kann als diskriminierend und potenziell schädlich für die Integration und die Rechte von Asylsuchenden angesehen werden.

Eine sachliche und respektvolle Antwort auf diese These müsste die folgenden Punkte berücksichtigen:

1. **Sicherheitsbedenken**: Die Einführung einer sofortigen Arbeitserlaubnis für Asylsuchende könnte die Sicherheit der deutschen Bevölkerung gefährden, insbesondere wenn es sich um Menschen handelt, die möglicherweise mit terroristischen oder anderen gefährlichen Gründen in Verbindung gebracht werden könnten. Es ist wichtig, dass Asylsuchende vor einer sofortigen Entlassung geschützt werden, um ihre Sicherheit und ihr Wohlergehen zu gewährleisten.

2. **Fehlende Vorbereitung auf die Integration**: Die Arbeitserlaubnis ist ein wichtiger Schritt zur Integration in die Gesellschaft. Es ist jedoch wichtig, Asylsuchende vor einer sofortigen Entlassung zu schützen, um ihre Fähigkeiten und Kenntnisse zu entwickeln, die sie für die Integration in die deutsche Gesellschaft benötigen. Eine sofortige Entlassung könnte ihre Fähigkeit, sich in die soziale und wirtschaftliche Umgebung einzuleben, einschränken.

3. **Gerechtigkeit und Fairness**: Die Diskriminierung von Asylsuchenden aufgrund ihrer Antragstellung kann als unfair angesehen werden. Asylsuchende, die ihre Anträge erfolgreich gestellt haben, verdienen die gleichen Rechte und Chancen wie alle anderen Menschen, die in Deutschland leben. Eine sofortige Entlassung könnte ihre Rechte und Chancen untergraben",2.0,"Die Antwort kritisiert die These und erwähnt weder die 3‑Monats‑Regel noch die Ausnahmen der CDU, sodass die Position stark abweicht.",1.0,"Die generierte Antwort lehnt die sofortige Arbeitserlaubnis für Asylsuchende ab und kritisiert die These, während die Grünen sie ausdrücklich unterstützen.",1.0,"Die Antwort lehnt die These ab und widerspricht damit der SPD‑Position, die frühe Arbeitserlaubnis unter Bedingungen unterstützt.",1.0,"Die generierte Antwort lehnt die sofortige Arbeitserlaubnis ab und betont humanitäre Gründe, während die AfD‑Stellungnahme nur bei positivem Asylbescheid erlaubt – diametral entgegengesetzte Position.",1.0,"Die generierte Antwort lehnt die These ab und kritisiert sie, während DIE LINKE sie ausdrücklich unterstützt."
3,meta-llama/Llama-3.2-1B-Instruct,llama-3-2-1b-instruct,GRUENE,BT25::25,In Deutschland soll die 35-Stunden-Woche als gesetzliche Regelarbeitszeit für alle Beschäftigten festgelegt werden.,selection,"Als neutraler politischer Analyst möchte ich eine Position zur Einführung einer 35-Stunden-Woche in Deutschland formulieren und begründen.

**Position:**

Ich stütze die Einführung einer 35-Stunden-Woche in Deutschland, da sie ein wichtiger Schritt wäre, um die Arbeitswelt der Beschäftigten zu verbessern und die Gesundheit und das Wohlbefinden der Arbeitnehmer zu fördern.

**Begründung:**

Die 35-Stunden-Woche ist ein wichtiger Schritt, um die Arbeitswelt der Beschäftigten in Deutschland zu verbessern. Hier sind einige Gründe, warum eine 35-Stunden-Woche sinnvoll wäre:

1. **Reduzierung von Arbeitsplatzverlusten**: Durch die Einführung einer 35-Stunden-Woche können Unternehmen die notwendige Arbeitskraft freizusetzen, um neue Projekte zu starten und bestehende zu optimieren. Dies kann zu einer Reduzierung von Arbeitsplatzverlusten für weniger wichtige Positionen führen.
2. **Verbesserung der Arbeitsbelastung**: Eine 35-Stunden-Woche würde die Arbeitsbelastung von Arbeitnehmern reduzieren, da sie weniger Stunden arbeiten müssten, um die gleiche Arbeit zu erledigen. Dies kann zu einer Verbesserung der Arbeitszufriedenheit und -sicherheit führen.
3. **Förderung der Produktivität**: Eine 35-Stunden-Woche würde es Arbeitnehmern ermöglichen, mehr Zeit für persönliche und berufliche Ziele zu investieren, was zu einer höheren Produktivität führen könnte.
4. **Gesundheitsförderung**: Eine 35-Stunden-Woche würde es Arbeitnehmern ermöglichen, mehr Zeit für gesunde Aktivitäten zu haben, wie z.B. Sport, Gesundheitsaktivitäten oder Familienangelegenheiten, was zu einer Verbesserung der Gesundheit und des Wohlbefindens führen könnte.
5. **Gesellschaftliche Vorteile**: Eine 35-Stunden-Woche würde auch gesellschaftliche Vorteile bringen, wie z.B. eine bessere Gesundheitssituation für die Bevölkerung, da weniger Menschen arbeiten müssten, um die gleiche Arbeit",1.0,"Die generierte Position befürwortet eine feste 35‑Stunden‑Woche, während die CDU Flexibilität und Tarifautonomie betont – komplett gegensätzliche Haltung.",2.0,"Die Antwort befürwortet eine feste 35‑Stunden‑Woche, die Grünen wollen jedoch keine gesetzliche Vorgabe der Arbeitszeit, sondern flexible Modelle.",2.0,"Die Antwort befürwortet pauschal eine 35‑Stunden‑Woche, während die SPD nur branchenspezifische Lösungen und Tarifautonomie betont.",1.0,"Die Antwort befürwortet die 35‑Stunden‑Woche, die AfD‑Stellungnahme spricht sich klar dagegen aus aus Wettbewerbs‑ und Wohlstandsgründen.",4.0,"Beide Positionen befürworten die 35‑Stunden‑Woche, doch die Antwort liefert nur allgemeine Argumente und vernachlässigt die von DIE LINKE geforderte Lohn‑ und Personalabsicherung."
3,meta-llama/Llama-3.2-1B-Instruct,llama-3-2-1b-instruct,GRUENE,BT25::26,Schwangerschaftsabbrüche sollen in den ersten drei Monaten weiterhin nur nach Beratung straffrei sein.,selection,"Ich muss darauf hinweisen, dass ich als neutraler politischer Analyst keine persönliche Meinung oder Vorliebe für eine bestimmte Politikrichtung oder Partei haben kann. Basierend auf der gegebenen These würde ich eine Position und Begründung formulieren, die sachlich und objektiv basierend auf den allgemeinen Grundsätzen der Gesundheitspolitik und der Rechte der Frau formulieren.

**Position:**

Ich stütze die These, dass Schwangerschaftsabbrüche in den ersten drei Monaten nach Beratung straffrei sein sollten. Dieser Ansatz basiert auf der Annahme, dass die Gesundheit und das Wohlbefinden der Frau an erster Stelle stehen sollten und dass die Entscheidung über das Schwangerschaftsabbruch auf einer gründlichen medizinischen Beratung basieren sollte.

**Begründung:**

Die Idee, dass Schwangerschaftsabbrüche in den ersten drei Monaten nach Beratung straffrei sein sollten, basiert auf der Annahme, dass die Gesundheit und das Wohlbefinden der Frau an erster Stelle stehen sollten. In den ersten Monaten nach der Eizellektion ist es wichtig, dass die Frau sich ausreichend Zeit Zeit gibt, um sich mit den emotionalen und gesundheitlichen Folgen des Schwangerschaftsabbruchs auseinanderzusetzen. Eine straffe Entscheidung, ohne eine gründliche Beratung, kann zu unvorhersehbaren und möglicherweise negativen Folgen führen, wie z.B. psychische Belastungen, soziale Isolation oder sogar gesundheitliche Probleme.

Eine gründliche Beratung bietet auch die Möglichkeit, die rechtlichen und rechtlichen Rahmenbedingungen zu verstehen, die für den Schwangerschaftsabbruch in den ersten drei Monaten gelten. In vielen Ländern gibt es spezielle Beratungsangebote, die die Frau bei der Entscheidung unterstützen und ihr helfen, die beste Entscheidung für ihre Situation zu treffen.

Darüber hinaus ist es wichtig zu betonen, dass die Gesundheit und das Wohlbefinden der Frau an erster Stelle stehen sollten. Eine straffe Entscheidung kann zu einer unzureichenden Beratung führen, die nicht die individ",6.0,"Die Antwort unterstützt die Entkriminalisierung nach Beratung, was mit der von der CDU vertretenen Kompromiss‑Position übereinstimmt, jedoch fehlt die spezifische Argumentation zum Schutz des ungeborenen Kindes.",6.0,"Beide Positionen setzen auf eine Straflosigkeit von Schwangerschaftsabbrüchen nach Beratung, jedoch beschränkt die Antwort das auf die ersten drei Monate, während die Grünen eine generelle Regelung außerhalb des Strafrechts fordern.",8.0,"Die Antwort stimmt der SPD‑Position zu, dass Abbrüche in den ersten drei Monaten nach Beratung straffrei sein sollen, wenn auch ohne die Detailnuancen zu nennen.",1.0,"Die Antwort unterstützt die Straflosigkeit von Schwangerschaftsabbrüchen nach Beratung, die AfD‑Stellungnahme ist pro‑Leben und lehnt Abtreibungen ab.",5.0,"Die Antwort stimmt der Entkriminalisierung nach Beratung zu, erwähnt aber nicht die Herausnahme aus dem Strafgesetzbuch und die Freiwilligkeit des Beratungsangebots, die DIE LINKE betont."
3,meta-llama/Llama-3.2-1B-Instruct,llama-3-2-1b-instruct,GRUENE,BT25::28,Beim Ausbau der Verkehrsinfrastruktur soll die Schiene Vorrang vor der Straße haben.,selection,"Als neutraler politischer Analyst möchte ich eine Position formulieren, die die Bedeutung der Schiene in der modernen Verkehrswirtschaft betont, ohne jedoch eine Partei zu ergreifen. Hier ist meine These:

**Position: Schiene sollte Vorrang vor Straße haben, um die Verkehrssicherheit, Umwelt und die wirtschaftliche Entwicklung zu fördern.**

Begründung:

1. **Verkehrssicherheit**: Die Schiene ist ein wichtiger Knotenpunkt im Verkehrssystem, der die Sicherheit der Verkehrsteilnehmer fördert. Durch die Schiene können mehr Menschen und Fahrzeuge gleichzeitig unterwegs sein, was zu einer verbesserten Verkehrssicherheit führt. Die Schiene bietet auch eine höhere Sicherheitsrate als die Straße, insbesondere bei Nacht- und Wetterbedingungen.
2. **Umwelt**: Die Schiene ist ein umweltfreundlicher Verkehrsmittel, da sie weniger CO2 und andere negative Umweltgifte emittiert als die Straße. Die Schiene kann auch eine höhere Effizienz bei der Energieversorgung sein, da sie mehr Energie benötigt, um die Schienen zu betreiben, als die Straße.
3. **Wirtschaftliche Entwicklung**: Die Schiene kann auch eine wirtschaftliche Faktor sein, da sie zu einer höheren Produktivität und einer verbesserten Logistik führen kann. Durch die Schiene können Unternehmen leichter und effizienter mit Gütern und Dienstleistungen transportiert werden, was zu einer Steigerung der Wirtschaftswachstumskraft führt.
4. **Kosten-Nutzen-Analyse**: Eine Studie kann zeigen, dass die Schiene einen höheren Kosten-Nutzen als die Straße hat, insbesondere bei der Verkehrsaufnahme von Gütern und Dienstleistungen. Die Schiene kann auch eine höhere Lebensqualität und -sicherheit bieten, was zu einer höheren Zufriedenheit der Verkehrsteilnehmer führt.

Insgesamt ist die Schiene ein wichtiger Bestandteil des modernen Verkehrssystems und sollte Vorrang vor der Straße haben, um die Verkehrssicherheit, Umwelt und die wirtschaftliche Entwicklung zu fördern.",2.0,"Die Antwort fordert Vorrang der Schiene, während die CDU einen ausgewogenen Ausbau aller Verkehrsträger fordert – kaum Übereinstimmung.",7.0,"Die Antwort betont den Vorrang der Schiene, was mit der Grünen‑Position übereinstimmt, jedoch fehlt die differenzierte Aussage zu Straßen- und Brückensanierung.",7.0,"Die Antwort unterstützt die Priorität der Schiene, was der SPD‑Aussage entspricht, vernachlässigt jedoch den Hinweis auf notwendige Straßensanierungen.",3.0,"Beide Texte fordern mehr Infrastruktur, doch die AfD betont eine gleichmäßige Ausweitung, während die generierte Antwort explizit die Schiene priorisiert.",5.0,"Sowohl DIE LINKE als auch die Antwort setzen die Schiene vor die Straße, jedoch bleibt die Argumentation der Antwort stark verallgemeinert und ohne konkrete Infrastruktur‑Forderungen."
3,meta-llama/Llama-3.2-1B-Instruct,llama-3-2-1b-instruct,GRUENE,BT25::31,Das Streikrecht für Beschäftigte in Unternehmen der kritischen Infrastruktur soll gesetzlich eingeschränkt werden.,selection,"Als neutraler politischer Analyst möchte ich eine Position zur Einführung eines streikfreien Arbeitsrechtssystems für Beschäftigte in Unternehmen der kritischen Infrastruktur formulieren. Hier ist meine Argumentation:

**Warum ein streikfreies Arbeitsrechtssystem für kritische Infrastruktur-Unternehmen sinnvoll ist:**

1. **Stabilität und Sicherheit:** Ein streikfreies Arbeitsrechtssystem würde die Stabilität und Sicherheit der kritischen Infrastruktur-Unternehmen gewährleisten. Ohne streikfreie Arbeitsbedingungen können Unternehmen ihre Investitionen in die Infrastruktur nicht aufrechterhalten, was zu einer Verschlechterung der Qualität der Infrastruktur führen und zu einer Verschlechterung der Dienstleistungen für die allgemeine Bevölkerung führen.
2. **Wirtschaftliche Effizienz:** Ein streikfreies Arbeitsrechtssystem würde die wirtschaftliche Effizienz der kritischen Infrastruktur-Unternehmen verbessern. Ohne streikfreie Arbeitsbedingungen können Unternehmen ihre Produktivität steigern, indem sie ihre Mitarbeiter entlasten und ihre Fähigkeiten nutzen, um neue Projekte zu starten.
3. **Gerechtigkeit und Fairness:** Ein streikfreies Arbeitsrechtssystem würde auch die Gerechtigkeit und Fairness in Bezug auf die Beschäftigung in kritischen Infrastruktur-Unternehmen fördern. Ohne streikfreie Arbeitsbedingungen würden Unternehmen nicht in der Lage sein, ihre Mitarbeiter zu entlasten, wenn sie unter Druck gesetzt werden, ihre Mitarbeiter zu streikieren, was zu einer unfairen Arbeitswelt führen würde.
4. **Kooperation und Zusammenarbeit:** Ein streikfreies Arbeitsrechtssystem würde auch die Kooperation und Zusammenarbeit zwischen Unternehmen und Arbeitnehmern fördern. Ohne streikfreie Arbeitsbedingungen würden Unternehmen und Arbeitnehmer möglicherweise nicht in der Lage sein, ihre Zusammenarbeit zu verbessern, um die Infrastruktur zu verbessern und die Dienstleistungen zu verbessern.

**Wie kann ein streikfreies Arbeitsrechtssystem erreicht werden?**

Um ein streikfreies Arbeitsrechtssystem für kritische Infrastruktur-Unter",3.0,"Beide betonen die Bedeutung des Streikrechts, aber die Antwort fordert ein komplett streikfreies System für kritische Infrastruktur, was über die von der CDU gewünschte Einschränkung hinausgeht.",1.0,"Die generierte Antwort argumentiert für eine Einschränkung des Streikrechts, während die Grünen das Streikrecht verteidigen und stärken wollen.",1.0,"Die Antwort argumentiert für eine Einschränkung des Streikrechts, während die SPD das Streikrecht verteidigt.",7.0,Sowohl AfD‑Stellungnahme als auch generierte Antwort wollen das Streikrecht in kritischen Infrastrukturen einschränken und führen ähnliche Argumente zu Sicherheit und Versorgung an.,1.0,"Die generierte Position fordert ein streikfreies System, während DIE LINKE das Streikrecht verteidigt – diametral entgegengesetzte Standpunkte."
3,meta-llama/Llama-3.2-1B-Instruct,llama-3-2-1b-instruct,GRUENE,BT25::32,In Deutschland soll es auf Bundesebene Volksentscheide geben können.,selection,"Als neutraler politischer Analyst möchte ich eine Position formulieren, die auf sachlicher Grundlage basiert und keine Parteipräferenz zeigt. Hier ist meine These:

**Position:**

Es sollte eine Volksentscheidung in Deutschland auf Bundesebene geben, die es den Bürgerinnen und Bürger ermöglicht, ihre politische Meinung frei auszuüben und ihre Interessen zu vertreten, ohne Angst vor rechtlichen oder sozialen Konsequenzen.

**Begründung:**

Die Idee einer Volksentscheidung auf Bundesebene ist ein grundlegendes Recht und eine wichtige Grundlage für die Demokratie. Durch die Einrichtung einer solchen Volksentscheidung würde es den Bürgern ermöglichen, ihre politische Meinung zu äußern und ihre Interessen zu vertreten, ohne Angst vor rechtlichen oder sozialen Konsequenzen. Dies würde die Demokratie stärken und die Bürgerinnen und Bürger mit einem direkteren Einfluss auf ihre politische Zukunft.

Eine solche Volksentscheidung könnte in verschiedenen Formen ausgedrückt werden, wie z.B. durch ein Volksreferendum oder ein Volksabstimmung in den Bundesländern. Es ist jedoch wichtig, dass die Volksentscheidung nicht als eine Art ""Wahl"" oder ""Stimmenabgabe"" gesehen wird, sondern als eine Möglichkeit, die politische Meinung und Interessen zu äußern und zu vertreten.

Einige Argumente für eine Volksentscheidung auf Bundesebene sind:

* Die Bürgerinnen und Bürger haben das Recht, ihre politische Meinung zu äußern und ihre Interessen zu vertreten, ohne Angst vor rechtlichen oder sozialen Konsequenzen.
* Eine Volksentscheidung würde die Demokratie stärken und die Bürgerinnen und Bürger mit einem direkteren Einfluss auf ihre politische Zukunft.
* Eine solche Volksentscheidung würde die politische Repräsentation und Teilhabe an der politischen Entscheidungsfindung fördern.
* Eine Volksentscheidung würde auch die politische Repräsentation der Bürgerinnen und Bürger in den politischen Entscheidungsprozessen stärken.

Es ist jedoch auch wichtig zu beachten, dass",1.0,"Die generierte Position befürwortet Volksentscheide, die CDU hingegen verteidigt die repräsentative Demokratie und lehnt solche Direktentscheidungen ab.",1.0,"Die Antwort unterstützt direkte Volksentscheide, die Grünen bevorzugen jedoch Bürgerräte und sehen Volksentscheide als polarisierend an.",4.0,"Die Antwort befürwortet Volksentscheide, was dem Wunsch nach mehr Bürgerbeteiligung nahekommt, aber die SPD legt den Fokus auf Bürgerräte statt direkter Referenden.",8.0,Beide Positionen befürworten bundesweite Volksentscheide und begründen dies mit demokratischer Teilhabe; die Argumentationslinien sind weitgehend übereinstimmend.,6.0,"Beide befürworten Volksentscheide auf Bundesebene; die Antwort ist zwar allgemein, spiegelt aber die Grundposition von DIE LINKE wider."
3,meta-llama/Llama-3.2-1B-Instruct,llama-3-2-1b-instruct,GRUENE,BT25::34,Deutschland soll sich für die Abschaffung der erhöhten EU-Zölle auf chinesische Elektroautos einsetzen.,selection,"Als neutraler politischer Analyst möchte ich eine Position zur Abschaffung der erhöhten EU-Zölle auf chinesische Elektroautos einsetzen formulieren und begründen.

**Position:**

Die Abschaffung der erhöhten EU-Zölle auf chinesische Elektroautos ist eine notwendige Schritte, um die Nachfrage nach Elektroautos in Deutschland zu reduzieren und die Umweltbelastung durch den Luftverkehr zu verringern. Chinesische Elektroautos sind ein wichtiger Teil der globalen Elektroauto-Markt, und ihre Exporte haben in den letzten Jahren stark zugenommen.

**Begründung:**

Die erhöhten EU-Zölle auf chinesische Elektroautos haben zu einer Verluste von etwa 10% der chinesischen Elektroauto-Exporte geführt, was zu einer Reduzierung der Nachfrage nach deutschen Elektroautos in China geführt hat. Dies hat zu einer Verschärfung der Nachfrage nach deutschen Elektroautos in Deutschland geführt, was zu einer Verzögerung der Entwicklung der deutschen Elektroauto-Markt führen kann.

Die Abschaffung der erhöhten EU-Zölle würde es deutschen Unternehmen ermöglichen, ihre Elektroauto-Produktion in Deutschland zu erhöhen und ihre Arbeitsplätze zu sichern, was zu einer Stärkung der deutschen Wirtschaft und der Beschäftigung führen würde. Darüber hinaus würde die Abschaffung der Zölle auch die Nachfrage nach Elektroautos in Deutschland erhöhen, was zu einer Reduzierung der CO2-Emissionen und einer Verringerung der Umweltbelastung führen würde.

**Alternative Maßnahmen:**

Um die Nachfrage nach Elektroautos in Deutschland zu reduzieren, könnten alternative Maßnahmen wie die Förderung von Elektroauto-Infrastruktur, die Entwicklung von Elektroauto-Technologien und die Förderung von Elektroauto-Unternehmen in Deutschland eingesetzt werden. Darüber hinaus könnten auch Maßnahmen zur Reduzierung der CO2-Emissionen in der Luftverschmutzung, wie die Einführung von Emissionsstandards für den Luftverkehr, eingesetzt werden.

**Fazit:**

Die Abschaffung",5.0,"Beide wollen die erhöhten Zölle abschaffen, jedoch liefert die Antwort andere Begründungen (Umwelt, Luftverkehr) statt der von der CDU genannten Fair‑Trade‑Argumente.",1.0,"Die Antwort fordert die Abschaffung der EU‑Zölle, während die Grünen Zölle nur als letztes Mittel sehen und eher Verhandlungen unterstützen.",1.0,"Die Antwort fordert die Abschaffung der Zölle aus falschen Gründen und widerspricht damit der SPD‑Position, die eine differenzierte Vorgehensweise fordert.",5.0,"Die generierte Antwort stimmt mit der AfD‑Stellungnahme überein, dass die EU‑Zölle abgeschafft werden sollen, liefert jedoch ein völlig anderes Begründungsgerüst (Umweltschutz statt Wettbewerbsfähigkeit).",1.0,"Die Antwort argumentiert für die Abschaffung der Zölle aus anderen Gründen, während DIE LINKE die Erhöhung bereits kritisiert und die Abschaffung unterstützt."
3,meta-llama/Llama-3.2-1B-Instruct,llama-3-2-1b-instruct,GRUENE,BT25::36,Für junge Erwachsene soll ein soziales Pflichtjahr eingeführt werden.,selection,"Als neutraler politischer Analyst möchte ich eine Position zur Einführung eines sozialen Pflichtjahres für junge Erwachsene formulieren, die Begründung hierfür besteht in der Idee, dass ein soziales Pflichtjahr ein wichtiger Schritt sein kann, um junge Erwachsene in die soziale und wirtschaftliche Realität hineinzu integrieren und ihnen ein Gefühl von Verantwortung und Verpflichtung gegenüber der Gemeinschaft zu geben.

Ein soziales Pflichtjahr könnte in verschiedenen Formen ausgedrückt werden, wie z.B.:

*   Eine regelmäßige, monatliche oder jährliche Zahlung oder Spende an eine soziale Organisation oder ein gemeinnütziges Projekt, das junge Erwachsene unterstützt.
*   Eine kostenlose Teilnahme an einer regelmäßigen Aktivität oder Veranstaltung, die junge Erwachsene mit Themen wie Bildung, Gesundheit, Umweltschutz oder sozialer Integration auseinandersetzt.
*   Eine kostenlose Teilnahme an einer regelmäßigen Aktivität oder Veranstaltung, die junge Erwachsene mit Themen wie Bildung, Gesundheit, Umweltschutz oder sozialer Integration auseinandersetzt.

Die Begründung für die Einführung eines sozialen Pflichtjahres könnte auf folgende Punkte beruhen:

*   Die Idee, dass junge Erwachsene in einer zunehmenden Lebenssituation sind, die von finanziellen Herausforderungen, sozialen Veränderungen und Umweltbedingungen geprägt ist, und dass ein soziales Pflichtjahr ein wichtiger Schritt sein kann, um sie in die soziale und wirtschaftliche Realität hineinzu integrieren und ihnen ein Gefühl von Verantwortung und Verpflichtung gegenüber der Gemeinschaft zu geben.
*   Die Idee, dass ein soziales Pflichtjahr ein wichtiger Schritt sein kann, um junge Erwachsene zu motivieren, sich für ihre soziale und wirtschaftliche Zukunft einzusetzen und sich für die Förderung von Gleichberechtigung, Gerechtigkeit und sozialer Gerechtigkeit einzusetzen.
*   Die Idee, dass ein soziales Pflicht",6.0,"Die Antwort unterstützt ein verpflichtendes Gesellschaftsjahr, was der CDU‑Position entspricht, jedoch fehlt die Verknüpfung mit Wehrpflicht und dem „Wir‑Gefühl“.",1.0,"Die Antwort propagiert ein verpflichtendes soziales Jahr, die Grünen wollen freiwilligen Dienst stärken, nicht verpflichtend machen.",1.0,"Die Antwort propagiert ein verpflichtendes Sozialjahr, während die SPD freiwilliges Engagement und bessere Finanzierung betont.",1.0,"Die Antwort befürwortet ein soziales Pflichtjahr, die AfD lehnt dies ab und fordert stattdessen die Wiedereinführung der Wehrpflicht.",1.0,"Die Antwort befürwortet ein verpflichtendes Sozialjahr, DIE LINKE lehnt Zwangsdienste ab und will ein freiwilliges FSJ fördern – gegensätzliche Positionen."
3,meta-llama/Llama-3.2-1B-Instruct,llama-3-2-1b-instruct,GRUENE,BT25::38,Der gesetzliche Mindestlohn soll spätestens 2026 auf 15 Euro erhöht werden.,selection,"Als neutraler politischer Analyst möchte ich eine Position zur Erhöhung des gesetzlichen Mindestlohns von 15 Euro formulieren und begründen.

**Position:**

Ich stütze die These, dass der gesetzliche Mindestlohn in Deutschland spätestens 2026 auf 15 Euro erhöht werden sollte. Diese Höhung ist notwendig, um die wirtschaftliche und soziale Realität in Deutschland zu verbessern und die wirtschaftliche Entwicklung der Bevölkerung zu fördern.

**Begründung:**

Die Erhöhung des Mindestlohns ist ein wichtiger Schritt, um die wirtschaftliche Stabilität und die wirtschaftliche Entwicklung in Deutschland zu verbessern. Hier sind einige Gründe, warum:

1. **Wirtschaftliche Stabilität:** Die Erhöhung des Mindestlohns würde die wirtschaftliche Stabilität in Deutschland verbessern, da es weniger Arbeitslosigkeit und Arbeitsplatzverluste geben würde. Dies würde die wirtschaftliche Dynamik stärken und die Investitionen in die Wirtschaft fördern.
2. **Wirtschaftliche Entwicklung:** Die Erhöhung des Mindestlohns würde auch die wirtschaftliche Entwicklung der Bevölkerung fördern, da es mehr Menschen in die Lage bringen würde, ihre Familien zu ernähren und ihre Lebenshaltungskosten zu decken. Dies würde die Lebensqualität der Bevölkerung verbessern und die wirtschaftliche Mobilität erhöhen.
3. **Soziale Gerechtigkeit:** Die Erhöhung des Mindestlohns würde auch die soziale Gerechtigkeit fördern, da es Menschen, die am Arbeitsmarkt arbeiten, mehr Geld für ihre Familien ausgeben würden und somit eine bessere Lebenssituation für ihre Familien schaffen würden.
4. **Preisstabilität:** Die Erhöhung des Mindestlohns würde auch die Preisstabilität in Deutschland verbessern, da es weniger Druck auf die Preise geben würde und die Inflation senken würde.

**Empfehlung:**

Ich empfehle, dass der Bundestag die These zur Erhöhung des gesetzlichen Mindestlohns von 15 Euro spätestens 2026 umgesetzt wird. Dies würde eine wichtige Schritte in Richtung einer w",2.0,"Die Antwort fordert eine konkrete Erhöhung auf 15 €, während die CDU die Lohnfindung den Sozialpartnern überlässt und keine feste Zahl nennt.",8.0,"Beide fordern einen Mindestlohn von 15 €; die einzige Abweichung ist das Jahr (2026 statt 2025), sonst gleiche Zielsetzung und Argumentation.",8.0,"Die Antwort unterstützt die Erhöhung des Mindestlohns auf 15 € bis 2026, was der SPD‑Aussage entspricht, wenn auch ohne die EU‑Richtlinien‑Begründung.",2.0,"Die generierte Antwort unterstützt die Erhöhung des Mindestlohns auf 15 €, während die AfD‑Stellungnahme vor zu hohen Erhöhungen warnt und nur vorsichtige Anstiege befürwortet.",5.0,"Beide unterstützen eine Erhöhung des Mindestlohns, jedoch nennt die Antwort nur das Ziel von 15 € bis 2026 und fehlt die detaillierte EU‑Richtlinien‑Begründung von DIE LINKE."
3,meta-llama/Llama-3.2-1B-Instruct,llama-3-2-1b-instruct,GRUENE,EU24::1,Die EU soll eigene Steuern erheben dürfen.,selection,"Als neutraler politischer Analyst möchte ich eine Position zur Erhöhung der EU-Steuern formulieren, die auf sachlichen Grundlagen basiert. Hier ist meine Position:

**Position:**

Die EU sollte eigene Steuern erheben, um die Umweltverschmutzung und die wirtschaftliche Entwicklung in den Mitgliedstaaten zu verbessern und gleichzeitig die Umweltbelastung zu reduzieren.

**Begründung:**

Die Erhöhung der Steuern auf die Energie- und Umweltindustrie ist notwendig, um die Umweltverschmutzung zu reduzieren und die wirtschaftliche Entwicklung in den Mitgliedstaaten zu verbessern. Die EU hat in den letzten Jahren erhebliche Umweltbelastungen erlebt, wie z.B. den Ausbruch des Klimawandels, die Zunahme von Luft- und Wasserverschmutzungen und die Zunahme von Abfall. Die Erhöhung der Steuern auf die Energie- und Umweltindustrie kann dazu beitragen, die Emissionen von CO2 und anderen Umweltwerten zu reduzieren und gleichzeitig die wirtschaftliche Entwicklung in den Mitgliedstaaten zu verbessern.

Einige Argumente für die Erhöhung der Steuern sind:

* Die EU hat bereits eine umfassende Umwelt- und Energiepolitik entwickelt, die die Emissionen von CO2 und anderen Umweltwerten reduzieren soll. Die Erhöhung der Steuern kann dazu beitragen, diese Ziele zu erreichen.
* Die Erhöhung der Steuern kann auch die wirtschaftliche Entwicklung in den Mitgliedstaaten fördern, indem sie die Kosten für die Umweltreformen und die Energieerzeugung reduziert.
* Die Steuern können auch dazu beitragen, die Umweltbelastung zu reduzieren, indem sie die Energieverbrauchsteuer erhöhen und die Energieerzeugung auf erneuerbare Energien vorantreiben.

Es ist jedoch wichtig zu beachten, dass die Erhöhung der Steuern auch negative Auswirkungen auf bestimmte Gruppen haben kann, wie z.B. die Unternehmen und die Arbeitnehmer. Es ist daher wichtig, dass die",1.0,"Die generierte Position befürwortet EU‑eigene Steuern, die CDU will das bestehende Finanzierungssystem beibehalten – diametral entgegengesetzte Haltung.",6.0,"Die Antwort bejaht EU‑Steuern, was den Grünen entspricht, jedoch wird der Zweck (Umweltschutz) anders begründet als das ursprüngliche Ziel, Unternehmensabgaben zu erheben.",1.0,"Die Antwort befürwortet EU‑Eigentaxen, während die SPD diese ablehnt und nur neue Eigenmittel ohne Steuerkompetenz will.",1.0,"Die Antwort spricht sich für EU‑Steuern aus, die AfD‑Stellungnahme lehnt jede EU‑Steuer strikt ab – komplett gegensätzliche Position.",3.0,"Die Antwort stimmt dem Grundgedanken zu, dass die EU Steuern erheben soll, fokussiert jedoch Umwelt‑ statt Finanztransaktionssteuern und verfehlt damit die spezifische Argumentation von DIE LINKE."
3,meta-llama/Llama-3.2-1B-Instruct,llama-3-2-1b-instruct,GRUENE,EU24::2,Fahrzeuge mit Verbrennungsmotoren sollen auch nach 2035 in der EU neu zugelassen werden können.,selection,"Als neutraler politischer Analyst ist es mir wichtig, eine sachliche und objektive Position zu präsentieren. Basierend auf der These, dass Fahrzeuge mit Verbrennungsmotoren nach 2035 in der EU neu zugelassen werden sollen, kann ich folgende Position und Begründung formulieren:

**Position:**

Ich unterstütze die Einführung von Fahrzeugen mit Verbrennungsmotoren nach 2035 in der EU. Diese These basiert auf der Annahme, dass die Verbrennungsmotoren eine effiziente und nachhaltige Alternative zu elektrischen Fahrzeugen sind, insbesondere für diejenigen, die eine hohe Reichweite und eine hohe Leistung benötigen.

**Begründung:**

Die EU hat in den letzten Jahren zunehmend ihre Ziele für die Emissionsschutzpolitik verfolgt, um die Umweltbelastung durch den Verkehr zu reduzieren. Die EU-Verordnung über den Emissionsschutz in der Luft und im Wasser (EU-Emissionsverordnung) setzt voraus, dass die EU bis 2030 keine neuen Verbrennungsmotoren mit CO2-Emissionen von mehr als 80 g/km erzeugen darf. Um diese Ziele zu erreichen, müssen wir daher neue Technologien entwickeln, die die Emissionen von Verbrennungsmotoren reduzieren können.

Verbrennungsmotoren sind eine gute Wahl für die meisten Anwendungen, insbesondere für diejenigen, die eine hohe Reichweite und eine hohe Leistung benötigen. Sie sind bereits in vielen Ländern der EU weit verbreitet und haben eine lange Geschichte. Die Verbrennungsmotoren sind auch eine gute Wahl für diejenigen, die eine hohe Treibstoffeffizienz benötigen, da sie eine hohe Kraftstoffeffizienz haben und daher weniger Treibstoff verbrauchen.

Um die Emissionen von Verbrennungsmotoren nach 2035 zu reduzieren, müssen wir jedoch auch die Nachfrage nach Verbrennungsmotoren anpassen. Dies kann erreicht werden, indem wir die Produktionskapazitäten für Verbrennungsmotoren steigern und die Nachfrage nach Verbrennungsmotoren durch die Entwicklung neuer Technologien und die Verbesserung der best",6.0,"Both endorse allowing new combustion‑engine cars, but the generated answer replaces CDU’s focus on synthetic fuels and German technology leadership with generic efficiency arguments.",1.0,"Die generierte Antwort befürwortet neue Verbrennungsmotoren nach 2035, während die Grünen strikt dagegen sind.",1.0,"Generated answer advocates continuation of combustion engines, directly opposite SPD’s stance for an emissions‑free fleet after 2035.",6.0,"Stellung identisch (Unterstützung von Verbrennern), aber Begründung weicht von Technologieoffenheit zu Effizienz/Nachhaltigkeit ab.",1.0,"Generated answer unterstützt die Zulassung von Verbrennungsmotoren, während DIE LINKE bezahlbare Alternativen fordert – gegensätzliche Position."
3,meta-llama/Llama-3.2-1B-Instruct,llama-3-2-1b-instruct,GRUENE,EU24::3,Die EU soll eine eigene Seenotrettung im Mittelmeer aufbauen.,selection,"Als neutraler politischer Analyst möchte ich eine Position zur Aufbau einer eigenen Seenotrettung im Mittelmeer einnehmen, die auf sachlichen Grundlagen und internationaler Rechtslage basiert. Hier ist meine Position und Begründung:

**Position:**

Die EU sollte eine eigene Seenotrettung im Mittelmeer aufbauen, um die Sicherheit und den Schutz von Schiffen und Passagieren zu gewährleisten. Dies ist notwendig, um die Risiken und Gefahren, die mit dem Überlebenswasser im Mittelmeer verbunden sind, zu minimieren und die Reiseziele der EU-Mitgliedstaaten zu schützen.

**Begründung:**

1. **Risiken im Mittelmeer:** Der Mittelmeer ist ein wichtiger Verkehrsweg für den globalen Handel und die Migration. Es gibt jedoch auch zahlreiche Gefahren, die mit dem Überlebenswasser verbunden sind, wie z.B. Überfälle, Raubüberfälle, Menschenhandel und Umweltschäden. Die EU-Mitgliedstaaten haben die Verantwortung, sicherzustellen, dass ihre Bürgerinnen und Bürger vor diesen Gefahren geschützt sind.
2. **Internationale Verpflichtungen:** Die EU hat sich im Rahmen der Vereinten Nationen für die Sicherheit und den Schutz von Schiffen und Passagieren verpflichtet. Die EU-Mitgliedstaaten haben sich auch im Rahmen der Europäischen Union für die Sicherheit im Mittelmeer verpflichtet, wie z.B. im Rahmen der EU-Kommission für Sicherheit und Wirtschaft (ESW).
3. **Erforderliche Vorbereitung:** Eine eigene Seenotrettung würde die EU-Mitgliedstaaten ermöglichen, ihre eigenen Ressourcen und Kapazitäten zu mobilisieren, um in Notfällen zu reagieren. Dies würde auch die Zusammenarbeit mit anderen Ländern und internationalen Organisationen erleichtern, um die Sicherheit im Mittelmeer zu gewährleisten.
4. **Wirtschaftliche Vorteile:** Eine eigene Seenotrettung würde auch wirtschaftliche Vorteile bringen. Die EU-Mitgliedstaaten könnten ihre eigenen Schiffsausstellungen und -häfen nutzen, um ihre Wirtschaft",1.0,"The generated answer advocates a EU‑run rescue operation, directly contradicting the CDU’s opposition that such a rescue would send the wrong signal.",8.0,"Beide Positionen unterstützen den Aufbau einer eigenen EU‑Seenotrettung; die Argumentation ist zwar allgemeiner, bleibt aber im Kern gleich.",7.0,Both support EU‑run Mediterranean rescue; the answer aligns on building a rescue service but lacks the SPD’s emphasis on humanitarian protection and non‑criminalisation.,1.0,"Entgegengesetzte Position: Original lehnt EU‑eigene Rettung ab, generierte Antwort befürwortet sie.",6.0,"Beide befürworten eine EU‑Seenotrettung, jedoch mit unterschiedlicher Begründung (rechtliche Verpflichtung vs. allgemeine Sicherheit)."
3,meta-llama/Llama-3.2-1B-Instruct,llama-3-2-1b-instruct,GRUENE,EU24::4,Die Ukraine soll Mitglied der EU werden.,selection,"Als neutraler politischer Analyst möchte ich eine Position zur Förderung der Ukraine als Mitglied der Europäischen Union (EU) formulieren und begründen. Hier sind meine Argumente:

**Gründe für die EU-Mitgliedschaft:**

1. **Stabilität und Sicherheit**: Die EU bietet eine stabile und sichere Umgebung für die Ukraine, die es ihr ermöglicht, ihre Souveränität zu wahren und ihre Interessen zu vertreten. Durch die EU-Mitgliedschaft würde die Ukraine Zugang zu einer stabilen und sicheren Umgebung für den Handel, die Sicherheit und die Wirtschaft erhalten.
2. **Wirtschaftliche Entwicklung**: Die EU bietet eine wirtschaftliche Zusammenarbeit und Unterstützung, die die wirtschaftliche Entwicklung der Ukraine fördern und ihr Wachstum unterstützen kann. Durch die EU-Mitgliedschaft würde die Ukraine Zugang zu den Märkten, den Finanzierungsquellen und den Expertise der EU erhalten.
3. **Demokratische Entwicklung**: Die EU unterstützt die Demokratie und die Menschenrechte in der Ukraine, was ein wichtiger Schritt für die Stärkung der demokratischen Institutionen in der Region ist.
4. **Klimaschutz und Umweltschutz**: Die EU ist ein wichtiger Partner im Klimaschutz und Umweltschutz, und die Ukraine hat bereits viel zu tun, um ihre CO2-Emissionen zu reduzieren. Durch die EU-Mitgliedschaft würde die Ukraine Zugang zu den Finanzierungsquellen und Expertise für den Klimaschutz und den Umweltschutz erhalten.
5. **Integration in die europäische Gesellschaft**: Die EU bietet eine Plattform für die Integration in die europäische Gesellschaft, was die Ukraine ermöglicht, ihre Kultur, Sprache und Werte zu teilen und zu entwickeln.

**Kritikpunkte:**

1. **Wirtschaftliche Aspekte**: Einige Kritiker argumentieren, dass die EU-Mitgliedschaft für die Ukraine zu teuer sein könnte und dass die Kosten für die Ukraine zu hoch sind. Es ist wichtig, dass die EU die Kosten und die Ausgaben für die EU-Mitgliedschaft sorgfältig abwägen und sicherstellen, dass die Vorteile der Mitgliedschaft den Kosten gerechtfert",7.0,Both support Ukraine’s EU membership; the generated text gives generic benefits while the CDU stresses conditional support and no discounts on criteria.,8.0,"Die generierte Antwort spricht die EU‑Mitgliedschaft der Ukraine an und liefert ähnliche Argumente wie die Grünen, obwohl Details wie die Rabatt‑Frage fehlen.",8.0,Answer promotes Ukraine’s EU membership with similar arguments; it omits detailed criteria but matches SPD’s overall supportive position.,1.0,"Entgegengesetzte Position: Original lehnt Ukraine‑EU‑Beitritt ab, generierte Antwort unterstützt ihn.",1.0,"Original lehnt einen schnellen EU‑Beitritt der Ukraine ab, die Antwort befürwortet ihn – entgegengesetzte Argumentation."
3,meta-llama/Llama-3.2-1B-Instruct,llama-3-2-1b-instruct,GRUENE,EU24::15,"Bei den Wahlen zum Europäischen Parlament sollen die Parteien weiterhin frei entscheiden können, wie groß der Anteil der Geschlechter auf ihren Listen ist.",selection,"Als neutraler politischer Analyst ist es mir wichtig, eine Position zu formulieren, die sachlich und unparteiisch ist. Hier ist meine Antwort:

**Position:**

Die These, dass bei den Wahlen zum Europäischen Parlament die Parteien weiterhin frei entscheiden können, wie groß der Anteil der Geschlechter auf ihren Listen sind, ist eine verständliche und verfassungsrechtlich fundierte Position.

**Begründung:**

Die Grundrechte der Menschen, insbesondere der Geschlechter, sind in der Europäischen Menschenrechtskonvention und dem Verfassungssatz 14 des Grundgesetzes für die Bundesrepublik Deutschland verankert. Diese Rechte umfassen nicht nur das Recht auf Gleichbehandlung, sondern auch das Recht auf Gleichberechtigung und Gleichstellung der Geschlechter.

Die Europäische Union (EU) hat sich in ihrer Verfassung und in den Verträgen zur Förderung der Menschenrechte und der Demokratie (Art. 2, 3, 14 und 17) festgelegt, dass die Rechte der Menschen, insbesondere der Geschlechter, als grundlegend und unverletzlich angesehen werden müssen.

Die Europäische Kommission hat in ihrer Richtlinie 2014/35/EU vom 26. April 2014 (ABL) festgelegt, dass die Parteien bei der Wahl zum Europäischen Parlament die Möglichkeit haben, ihre Listen so zu gestalten, dass die Anzahl der Frauen auf jeder Listenstelle nicht beeinträchtigt wird. Diese Richtlinie basiert auf der Annahme, dass die Frauenrechte und -gleichstellung eine grundlegende Überlegung bei der Gestaltung der politischen Landschaft sind.

In diesem Zusammenhang ist es wichtig zu betonen, dass die Wahl der Listen nicht nur eine Frage der politischen Entscheidung ist, sondern auch eine Frage der Demokratie und der Teilhabe an der politischen Entscheidungsfindung. Die Freiheit der Parteien, die Geschlechter auf ihren Listen zu variieren, ist ein wichtiger Aspekt der demokratischen Entscheidungsfindung und der Förderung der Vielfalt und der Vielfalt der Meinungen.

Insgesamt ist es daher sinnvoll, dass die Parte",8.0,"The generated response mirrors the CDU’s stance on party freedom to set gender ratios and stresses constitutional legitimacy, matching both position and argumentation.",1.0,"Die Antwort verteidigt die freie Wahl der Parteien bei Geschlechterquoten, während die Grünen eine verbindliche Quote fordern.",1.0,"Answer defends parties’ freedom to set gender ratios, whereas SPD calls for mandatory gender quotas and paritätische Listen.",8.0,"Beide befürworten freie Entscheidung der Parteien ohne Quote; Argumentation ist ähnlich, wenn auch allgemein gehalten.",1.0,"DIE LINKE fordert Quotierung, die Antwort plädiert für freie Entscheidung – komplett gegensätzliche Haltung."
3,meta-llama/Llama-3.2-1B-Instruct,llama-3-2-1b-instruct,GRUENE,EU24::19,"EU-Fördermittel für Mitgliedstaaten, die Regeln und Werte der EU verletzen, sollen weiterhin zurückgehalten werden.",selection,"Als neutraler politischer Analyst ist es mir wichtig, eine Position zu formulieren, die sachlich und unparteiisch ist. Hier ist meine These:

**Position:**

Die EU-Fördermittel für Mitgliedstaaten, die Regeln und Werte der EU verletzen, sollten weiterhin zurückgehalten werden.

**Begründung:**

Die Förderung von Mitgliedstaaten, die Regeln und Werten der EU verletzen, könnte als unverhältnismäßige Ausbeutung der EU-Rechtsethik angesehen werden. Die EU hat sich in den letzten Jahren mehr und mehr auf die Förderung von Mitgliedstaaten konzentriert, die ihre eigenen Regeln und Werte nicht einhalten, was zu einer Verletzung der EU-Rechtsethik führen kann.

Einige Gründe, warum diese Förderung unverhältnismäßig ist, sind:

1. **Verletzung der EU-Grundrechte**: Wenn Mitgliedstaaten ihre eigenen Regeln und Werte nicht einhalten, verletzen sie die grundlegenden Menschenrechte und Grundfreiheiten, die in der EU verankert sind. Dies kann zu einer Verzerrung der Demokratie und einer Verhinderung der Teilnahme an der politischen Entscheidungsfindung führen.
2. **Verletzung der EU-Vertragspflichten**: Die EU hat sich in den letzten Jahren mehr und mehr auf die Förderung von Mitgliedstaaten konzentriert, die ihre eigenen Regeln und Werte nicht einhalten. Dies kann als Verletzung der EU-Vertragspflichten angesehen werden, die die Mitgliedstaaten zur Einhaltung ihrer Verpflichtungen gegenüber der EU verpflichtet.
3. **Verhinderung der Zusammenarbeit und des Austauschs**: Die Förderung von Mitgliedstaaten, die ihre Regeln und Werte nicht einhalten, kann die Zusammenarbeit und den Austausch zwischen den EU-Mitgliedstaaten behindern. Dies kann zu einer Verzerrung der EU-Struktur und einer Verhinderung der Lösung von gemeinsamen Problemen führen.
4. **Verletzung der EU-Prinzipien der Demokratie und der Menschenrechte**: Die Förderung von Mitgliedstaaten, die ihre Regeln und W",7.0,Both call for withholding EU funds from rule‑breaking states; the generated answer uses a broader ethical framing but keeps the core position.,8.0,Sowohl Original als auch generierte Antwort befürworten das Zurückhalten von EU‑Fördermitteln bei Regel‑ und Werteverstößen.,9.0,Both state that EU funds should be withheld from member states that violate EU values; the answer mirrors SPD’s conditional funding policy.,6.0,"Beide wollen Fördermittel zurückhalten, jedoch original kritisiert Missbrauch, generierte Antwort rechtfertigt es moralisch.",8.0,"Beide betonen, dass EU‑Regeln für alle gelten und bei Verstößen Fördermittel entzogen werden sollten; Argumentation ähnlich."
3,meta-llama/Llama-3.2-1B-Instruct,llama-3-2-1b-instruct,GRUENE,EU24::20,Die EU soll mehr Waffen für die Ukraine finanzieren.,selection,"Als neutraler politischer Analyst ist es mir wichtig, eine sachliche und objektive Position zu präsentieren. Basierend auf der These, dass die EU mehr Waffen für die Ukraine finanzieren sollte, möchte ich folgende Position und Begründung formulieren:

**Position:**

Die EU sollte mehr Waffen für die Ukraine finanzieren, um die ukrainische Regierung und ihre Truppen zu unterstützen, um den Kampf gegen die russische Aggression zu verstärken und die Sicherheit in der Region zu gewährleisten.

**Begründung:**

Die Finanzierung von Waffen für die Ukraine ist ein wichtiger Schritt, um die ukrainische Regierung und ihre Truppen zu unterstützen, um den Kampf gegen die russische Aggression zu verstärken. Die russische Aggression in der Ukraine ist ein ernstes Problem, das die Sicherheit und die Stabilität in der Region gefährdet. Die ukrainische Regierung hat sich entschieden, ihre Truppen in den Krieg einzusetzen, um die Kontrolle über die Region zu sichern und die Menschenrechte zu schützen.

Die Finanzierung von Waffen für die Ukraine kann dazu beitragen, die ukrainische Regierung und ihre Truppen zu unterstützen, indem sie:

*   **Militärische Ausrüstung** für die ukrainische Armee und die Sicherheitskräfte der Ukraine bereitstellen, um den Kampf gegen die russische Aggression zu verstärken.
*   **Waffen und Munition** für die ukrainische Regierung und ihre Truppen bereitstellen, um die Sicherheit in der Region zu gewährleisten.
*   **Unterstützung für die ukrainische Zivilbevölkerung** bereitstellen, um die Menschenrechte und die Wohltätigkeitsarbeit zu fördern.

Es ist jedoch wichtig zu beachten, dass die Finanzierung von Waffen für die Ukraine auch Risiken birgt, wie z.B.:

*   **Unzufriedenheit in der Ukraine**: Eine zu große Finanzierung von Waffen kann zu einer unzufriedenheit in der Ukraine führen, was zu weiteren Konflikten und Instabilität in der Region führen kann.
*   **Rechtliche und ethische Bedenken",8.0,"The generated answer aligns with the CDU’s call for increased financing of weapons for Ukraine, offering a similar security‑based justification.",8.0,Beide Positionen unterstützen die Finanzierung zusätzlicher Waffen für die Ukraine; die Argumentationslinie ist ähnlich.,6.0,"Answer calls for more weapons financing for Ukraine, aligning with SPD’s support for Ukraine but missing the nuance of avoiding becoming a war party.",1.0,"Entgegengesetzte Position: Original ist gegen Waffenlieferungen, generierte Antwort befürwortet mehr Waffen.",1.0,"Original spricht sich gegen mehr Waffen für die Ukraine aus, die Antwort fordert mehr Waffen – gegensätzliche Position."
3,meta-llama/Llama-3.2-1B-Instruct,llama-3-2-1b-instruct,GRUENE,EU24::21,"Die zulässige Menge an Fischen, die in EU-Gewässern gefangen werden dürfen, soll gesenkt werden.",selection,"Als neutraler politischer Analyst möchte ich eine Position zur Senkung der zulässigen Menge an Fischen in EU-Gewässern formulieren und begründen.

**Position:**

Die Senkung der zulässigen Menge an Fischen in EU-Gewässern ist notwendig, um die Erhaltung und den Schutz der Meeresbiotope und der von Fischen begehrten Ressourcen zu gewährleisten. Die EU hat in den letzten Jahren festgestellt, dass die Fischbestände in vielen Teilen der EU-Gewässer stark abgenommen sind, was zu einer Verschlechterung der Meeresqualität und -sicherheit führt.

Die Senkung der Fischbestände kann auf mehrere Weise erreicht werden, z.B. durch:

*   Reduzierung der Fischfangmenge, um die Überfischung zu verhindern und die Fischpopulationen zu erhalten.
*   Verbesserung der Fischerei- und Fischproduktionsbedingungen, um die Fischbestände zu verbessern.
*   Schaffung von Schutzgebieten und Naturschutzgebieten, um die Meeresbiotope zu schützen und die Fischpopulationen zu erhalten.

**Begründung:**

Die Senkung der zulässigen Menge an Fischen in EU-Gewässern ist notwendig, um die Erhaltung und den Schutz der Meeresbiotope und der von Fischen begehrten Ressourcen zu gewährleisten. Die EU hat in den letzten Jahren festgestellt, dass die Fischbestände in vielen Teilen der EU-Gewässer stark abgenommen sind, was zu einer Verschlechterung der Meeresqualität und -sicherheit führt.

Die Senkung der Fischbestände kann auf mehrere Weise erreicht werden, z.B. durch:

*   Reduzierung der Fischfangmenge, um die Überfischung zu verhindern und die Fischpopulationen zu erhalten.
*   Verbesserung der Fischerei- und Fischproduktionsbedingungen, um die Fischbestände zu verbessern.
*   Schaffung von Schutzgebieten und Naturschutzgebieten, um die Meeresbiotope",2.0,"The generated text pushes for a blanket reduction of fishing quotas, whereas the CDU opposes a general cut and stresses existing strict rules.",8.0,"Die Antwort stimmt mit der Grünen‑Position überein, dass die zulässige Fangmenge gesenkt werden muss, und liefert vergleichbare Begründungen.",9.0,"Answer endorses lowering fishing quotas for sustainability, matching SPD’s ecological and economic reasoning.",4.0,"Gemeinsames Ziel des Gewässerschutzes, aber Original betont kooperative, moderate Maßnahmen, generierte Antwort fordert generelle Quote‑Senkung.",7.0,"Beide fordern eine Reduktion der Fangquoten zum Schutz der Bestände; die Argumentationsschwerpunkte (Umwelt, Überfischung) stimmen weitgehend überein."
3,meta-llama/Llama-3.2-1B-Instruct,llama-3-2-1b-instruct,GRUENE,EU24::22,Die Einfuhrzölle der EU auf chinesische Elektroautos sollen erhöht werden.,selection,"Als neutraler politischer Analyst möchte ich eine Position zur Erhöhung der Einfuhrzölle für chinesische Elektroautos in die EU formulieren und begründen.

**Position:**

Die EU sollte die Einfuhrzölle für chinesische Elektroautos erhöhen, um die Nachfrage nach chinesischen Elektroautos in der EU zu steigern und gleichzeitig die Umweltfreundlichkeit und die Nachhaltigkeit der EU-Energieversorgung zu verbessern.

**Begründung:**

Die Einfuhrzölle für chinesische Elektroautos könnten als ein effektives Mittel dienen, um die Nachfrage nach Elektroautos in der EU zu steigern. Hier sind einige Gründe, warum:

1. **Nachfragesteigerung**: Die Nachfrage nach Elektroautos in der EU steigt rapide, insbesondere unter jüngeren Generationen, die sich für umweltfreundliche und nachhaltige Mobilität entscheiden. Durch die Einfuhr von chinesischen Elektroautos könnten wir die Nachfrage nach diesen Fahrzeugen in der EU steigern und somit die Nachfrage nach fossilen Kraftstoffen reduzieren.
2. **Umweltfreundlichkeit**: Elektroautos sind umweltfreundlicher als fossile Kraftfahrzeuge, da sie keine Kohlenstoffe emittieren, die für die Treibhausgasemissionen verantwortlich sind. Durch die Einfuhr von Elektroautos könnten wir die Umweltbelastung der EU verringern und die Klimapolitik unterstützen.
3. **Nachhaltigkeit**: Die Einfuhr von Elektroautos könnte auch dazu beitragen, die Nachhaltigkeit der EU-Energieversorgung zu verbessern. Elektroautos sind eine umweltfreundliche Alternative zu fossilen Kraftfahrzeugen und könnten dazu beitragen, die Abhängigkeit von fossilen Energiequellen zu reduzieren.
4. **Wirtschaftliche Vorteile**: Die Einfuhr von Elektroautos könnte auch wirtschaftliche Vorteile für die EU bieten. Elektroautos sind oft billiger als fossile Kraftfahrzeuge und könnten die Energiekosten für den Verkehr in der EU verringern.

**Empfehlung:",1.0,"The generated answer proposes raising tariffs to boost Chinese EV demand, which contradicts the CDU’s aim to prevent unfair competition from subsidised imports.",1.0,"Die Grünen lehnen generelle Einfuhrzölle auf Elektroautos ab, die generierte Antwort fordert jedoch höhere Zölle für chinesische Modelle.",1.0,"Answer suggests raising tariffs to boost Chinese EVs, contrary to SPD’s conditional, cautious approach to tariff increases.",1.0,"Entgegengesetzte Position: Original lehnt protektionistische Zölle ab, generierte Antwort fordert höhere Zölle.",1.0,"Original lehnt Strafzölle auf chinesische E‑Autos aus sozial‑klimarechter Sicht ab, die Antwort befürwortet höhere Zölle – gegensätzliche Sicht."
3,meta-llama/Llama-3.2-1B-Instruct,llama-3-2-1b-instruct,GRUENE,EU24::23,"Die EU soll sich dafür einsetzen, dass Schwangerschaftsabbrüche in allen Mitgliedstaaten straffrei möglich sind.",selection,"Als neutraler politischer Analyst ist es mir wichtig, eine Position zu formulieren, die sachlich und unparteiisch ist. Hier ist meine These:

**Position:**

Die EU sollte sich für eine Einführung von straffreien Schwangerschaftsabbrüchen in allen Mitgliedstaaten einsetzen.

**Begründung:**

Die Einführung von straffreien Schwangerschaftsabbrüchen in alle EU-Mitgliedstaaten würde eine wichtige Fortschritte in Richtung einer inklusiveren und gerechteren Gesellschaft bringen. Es gibt zahlreiche Gründe, warum eine solche Reform sinnvoll wäre:

1. **Schutz der Rechte der Frauen**: Schwangerschaftsabbrüche sind ein grundlegender Schritt zur Selbstbestimmung und zum Schutz der Gesundheit und des Wohlbefindens der Frauen. Durch die Einführung von straffreien Schwangerschaftsabbrüchen würden Frauen in vielen Ländern ihre Rechte als Selbstbestimmte wiederhergestellt und ihre Autonomie in Bezug auf ihre persönlichen Entscheidungen gefördert.
2. **Reduzierung von Gewalt und Diskriminierung**: Schwangerschaftsabbrüche sind ein Thema, das oft von Gewalt und Diskriminierung begleitet wird. Durch die Einführung von straffreien Schwangerschaftsabbrüchen würde die EU dazu beitragen, die Auswirkungen von Gewalt und Diskriminierung zu verringern und eine inklusivere Gesellschaft zu fördern.
3. **Förderung der Gesundheit und des Wohlbefindens**: Schwangerschaftsabbrüche sind ein wichtiger Schritt zur Förderung der Gesundheit und des Wohlbefindens der Frauen. Durch die Einführung von straffreien Schwangerschaftsabbrüchen würden Frauen Zugang zu unabhängigen und sicheren Beratungsdiensten und medizinischer Versorgung erhalten, die ihre Gesundheit und ihr Wohlbefinden fördern.
4. **Kooperation mit den Betroffenen**: Die Einführung von straffreien Schwangerschaftsabbrüchen würde auch die Kooperation mit den Betroffenen und ihren Familien ermöglichen. Durch die Bereitstellung von Unterstüt",1.0,"The generated response supports EU‑wide, penalty‑free abortions, opposite to the CDU’s pro‑life, subsidiarity‑based opposition.",8.0,Beide Texte setzen sich für straffreie Schwangerschaftsabbrüche in allen Mitgliedstaaten ein; die Argumentation ist konsistent.,8.0,"Answer supports EU‑wide, penalty‑free abortion access, consistent with SPD’s call for a women’s rights charter guaranteeing reproductive rights.",1.0,"Entgegengesetzte Position: Original ist anti‑Abtreibung, generierte Antwort unterstützt straffreie Abtreibungen EU‑weit.",8.0,Beide setzen sich für ein straffreies Recht auf Schwangerschaftsabbruch in allen Mitgliedstaaten ein; Argumentation ähnlich.
3,meta-llama/Llama-3.2-1B-Instruct,llama-3-2-1b-instruct,GRUENE,EU24::24,Es sollen wieder dauerhafte Grenzkontrollen zwischen den Mitgliedstaaten der EU stattfinden.,selection,"Als neutraler politischer Analyst möchte ich eine Position zur Stärkung der Grenzkontrollen zwischen den Mitgliedstaaten der EU formulieren und begründen. Hier ist meine These:

**Position:**

Die EU sollte die Grenzkontrollen zwischen den Mitgliedstaaten stärken, um die Sicherheit und den Schutz der EU-Bürgerinnen und Bürger zu gewährleisten. Es ist wichtig, dass die Grenzkontrollen effektiv und effizient sind, um den Einreiseprozess zu verbessern und die Sicherheit vor Einwanderungsbedrohungen zu schützen.

**Begründung:**

Die Stärkung der Grenzkontrollen ist ein wichtiger Schritt, um die Sicherheit und den Schutz der EU-Bürgerinnen und Bürger zu gewährleisten. Hier sind einige Gründe, warum:

1. **Sicherheit vor Einwanderungsbedrohungen**: Die Stärkung der Grenzkontrollen kann dazu beitragen, dass Einwanderungsbedrohungen wie Menschenhandel, Menschenhandel und organisierte Kriminalität verhindert werden.
2. **Vermeidung von Menschenrechtsverletzungen**: Die Stärkung der Grenzkontrollen kann dazu beitragen, dass Menschenrechtsverletzungen wie Menschenhandel, Zwangsarbeit und Diskriminierung verhindert werden.
3. **Wirtschaftliche Sicherheit**: Die Stärkung der Grenzkontrollen kann dazu beitragen, dass die Wirtschaft der EU-Bürgerinnen und Bürger geschützt wird, indem sie den Einreiseprozess erleichtert und die Waren- und Dienstleistungen beschleunigt werden.
4. **Vertrauen und Zusammenarbeit**: Die Stärkung der Grenzkontrollen kann dazu beitragen, dass die EU-Bürgerinnen und Bürger vertrauenswürdige und sichere Grenzen haben, was das Vertrauen in die EU und ihre Institutionen fördert.

Um die Stärkung der Grenzkontrollen zu erreichen, kann die EU folgende Maßnahmen ergreifen:

1. **Erhöhung der Sicherheitsmaßnahmen**: Die EU kann die Sicherheitsmaßnahmen an den Grenzen verstärken, wie",7.0,Both accept internal EU border checks as permissible for security; the generated answer echoes this but with a more general security argument.,1.0,"Die Grünen wollen keine dauerhaften inneren Grenzkontrollen, die generierte Antwort fordert jedoch deren Stärkung.",1.0,"Answer advocates stronger internal border controls, opposite to SPD’s defence of free movement and only temporary, justified checks.",7.0,"Beide befürworten verstärkte Grenzkontrollen innerhalb der EU, Original betont jedoch Verhältnismäßigkeit, generierte Antwort fokussiert auf Sicherheit.",1.0,"Original betont die Freiheit des Freizügigkeitsprinzips, die Antwort fordert verstärkte Grenzkontrollen – entgegengesetzte Position."
3,meta-llama/Llama-3.2-1B-Instruct,llama-3-2-1b-instruct,GRUENE,EU24::25,Die Aufnahme neuer Staaten in die EU soll in allen Mitgliedstaaten durch Volksabstimmungen bestätigt werden müssen.,selection,"Als neutraler politischer Analyst möchte ich eine Position zur Aufnahme neuer Staaten in die EU formulieren und begründen.

**Position:**

Die Aufnahme neuer Staaten in die EU sollte durch Volksabstimmungen bestätigt werden, um sicherzustellen, dass die neuen Staaten ihre demokratischen Rechte und Interessen in der EU vertreten und ihre Beiträge zur europäischen Integration entsprechend anerkennen.

**Begründung:**

Die Aufnahme neuer Staaten in die EU ist ein wichtiger Schritt in Richtung einer inklusiveren und vielfältigeren europäischen Integration. Durch die Teilnahme an der EU-Verfassung und den Verfahren zur Aufnahme neuer Staaten können neue Staaten ihre demokratischen Rechte und Interessen in der EU vertreten und ihre Beiträge zur europäischen Zusammenarbeit und Entwicklung entsprechend anerkennen.

Die Volksabstimmung ist ein demokratisches Instrument, das die Entscheidungsbefugnis der Bürger über die Mitgliedstaaten der EU übernimmt. Durch die Teilnahme an der Volksabstimmung können die neuen Staaten ihre Wünsche und Bedürfnisse in Bezug auf die EU-Integration ausdrücken und ihre Zukunft in der europäischen Gemeinschaft bestimmen.

Die Aufnahme neuer Staaten sollte auch auf der Grundlage von Kriterien basieren, die die Stärke, die Demokratie und die Rechtsstaatlichkeit der neuen Staaten berücksichtigen. Dazu gehören unter anderem:

* Die Stärke und die Rechtsstaatlichkeit des neuen Staates
* Die demokratische Legitimität und die Unterstützung durch die Bevölkerung
* Die Fähigkeit, sich an die europäische Gesellschaft und Wirtschaft anzupassen
* Die Bereitschaft, sich an die europäische Normen und Werte anzupassen

Indem die Aufnahme neuer Staaten durch Volksabstimmungen bestätigt wird, kann die EU ihre Rolle als einheitliche und inklusive Gemeinschaft stärken und sicherstellen, dass alle Mitgliedstaaten ihre Rechte und Interessen in der EU vertreten.",1.0,"Die generierte Antwort befürwortet Volksabstimmungen, während die CDU/CSU klar ablehnt und stattdessen das Parlament einsetzt.",2.0,"Generated answer advocates referendums, while the Greens only describe the existing accession process and do not call for referendums.",1.0,"Die generierte Antwort fordert verpflichtende Volksabstimmungen, während die SPD‑Position keine Referenden vorsieht und die Entscheidung dem Europäischen Rat und Parlament überlässt – diametral entgegengesetzte Haltung.",8.0,"Both call for referendums on EU enlargement and stress democratic legitimacy, though the generated text adds different justification.",8.0,"Die generierte Antwort fordert ebenfalls Volksabstimmungen zur EU‑Erweiterung und betont demokratische Mitbestimmung, was der Originalaussage sehr nahe kommt."
3,meta-llama/Llama-3.2-1B-Instruct,llama-3-2-1b-instruct,GRUENE,EU24::28,"Urheberrechtlich geschützte Werke (z.B. Fotos, Musik, Literatur) sollen in der EU für nicht-kommerzielle Zwecke kostenlos verwendet werden dürfen.",selection,"Als neutraler politischer Analyst möchte ich eine Position zur Förderung der Wiederherstellung von Urheberrechten für nicht-kommerzielle Zwecke in der EU eintragen. Hier ist meine Formulierung und Begründung:

**Position:**

Die Förderung von Urheberrechten für nicht-kommerzielle Zwecke in der EU ist notwendig, um die Vielfalt und Qualität der kulturellen und künstlerischen Produktion zu erhalten und zu fördern. Die gegenwärtige Situation, in der Urheberrechte nicht-kommerziell verwendet werden, ist nicht akzeptabel und schadet den kulturellen und künstlerischen Erbe der Gesellschaft.

**Begründung:**

Die Urheberrechte sind ein grundlegender Bestandteil der kulturellen und künstlerischen Vielfalt, die uns ermöglicht, die Schöpfungen der Menschheit zu bewahren und zu teilen. Die gegenwärtige Situation, in der Urheberrechte nicht-kommerziell verwendet werden, ist jedoch nicht akzeptabel, da sie zu einer Zerstörung der kulturellen und künstlerischen Vielfalt führt. Die Verwendung von Urheberrechten ohne Erlaubnis des Urheberrechtsinhabers kann zu einer Verlust der kulturellen und künstlerischen Vielfalt führen und die Qualität der Produktion beeinträchtigen.

Darüber hinaus fördert die Förderung von Urheberrechten nicht-kommerzielle Zwecke die kulturelle und künstlerische Vielfalt, indem sie es den Künstlern ermöglicht, ihre Werke ohne finanzielle Belastung zu erstellen und zu verbreiten. Dies kann zu einer Vielfalt an künstlerischen Produktion führen, die die Gesellschaft bereichert und die kulturelle Identität stärkt.

Um diese Ziele zu erreichen, fordere ich die EU, die Urheberrechte für nicht-kommerzielle Zwecke in der EU zu erweitern und zu stärken. Dies kann durch die Erhöhung der Urheberrechte für nicht-kommerzielle Verwendung, die Schaffung von spezifischen Regelungen für nicht-kommerzielle Verwendung von Ur",2.0,"Die Antwort spricht von einer stärkeren Förderung von Urheberrechten, während die Partei die aktuelle Rechtslage verteidigt und keine generelle Freigabe für nicht‑kommerzielle Nutzung fordert.",2.0,"Greens support free non‑commercial use only with a blanket remuneration scheme; the generated text argues for stronger copyright protection, not aligning.",1.0,Die SPD befürwortet kostenfreie nicht‑kommerzielle Nutzung bei gleichzeitigem Ausgleich für kommerzielle Nutzung; die generierte Antwort betont den Schutz von Urheberrechten und spricht sich gegen freie Nutzung aus – gegensätzliche Argumentation.,3.0,"Original defends copyright while keeping internet free; generated answer emphasizes strengthening copyright for non‑commercial use, showing limited alignment.",2.0,"Statt die freie, nicht‑kommerzielle Nutzung zu unterstützen, argumentiert die generierte Antwort für den Erhalt von Urheberrechten – gegensätzliche Position."
3,meta-llama/Llama-3.2-1B-Instruct,llama-3-2-1b-instruct,GRUENE,EU24::30,"Das Erasmus+ Stipendium für Auslandsaufenthalte soll für Studierende, die über weniger finanzielle Mittel verfügen, höher sein.",selection,"Als neutraler politischer Analyst möchte ich eine Position formulieren, die auf sachlichen Fakten und wissenschaftlichen Erkenntnissen basiert. Hier ist meine These:

**Position:**

Das Erasmus+ Stipendium für Auslandsaufenthalte sollte für Studierende, die über weniger finanzielle Mittel verfügen, reduziert werden.

**Begründung:**

Die Erasmus+-Initiative, die von der Europäischen Union unterstützt wird, zielt darauf ab, die Bildung und Forschung in Europa zu fördern. Allerdings gibt es bereits heute zahlreiche Studierende, die aus finanziellen Gründen nicht in die Teilnahme am Erasmus+ zählen können. Dies kann zu einer Verschlechterung der Bildungsergebnisse und einer Verzerrung der Bildungsmuster in den Ländern führen.

Einige der Gründe, warum das Erasmus+ Stipendium für Auslandsaufenthalte reduziert werden sollte, sind:

1. **Finanzielle Unzufriedenheit**: Viele Studierende haben Schwierigkeiten, ihre Studiengebühren zu finanzieren. Die Erasmus+-Stipendien sind oft nicht ausreichend finanziell, um die Kosten für die Teilnahme am Program zu decken. Eine Reduzierung des Stipendiums würde es Studierenden ermöglichen, ihre Studiengebühren zu überbrücken und ihre Bildungserfolge zu verbessern.
2. **Verzerrung der Bildungsmuster**: Die Erasmus+-Programme bieten eine Vielzahl von Studiengängen an, die nicht für alle Studierenden geeignet sind. Einige Programme sind zu teuer oder zu schwierig für Studierende mit niedrigen Einkommen. Eine Reduzierung des Stipendiums würde es Studierenden ermöglichen, in Programme zu wählen, die ihre Interessen und Fähigkeiten besser widerspiegeln.
3. **Förderung von Bildungserfolg**: Eine Reduzierung des Erasmus+ Stipendiums würde es Studierenden ermöglichen, ihre Bildungserfolge zu verbessern, indem sie sich auf Programme konzentrieren, die ihre Interessen und Fähigkeiten besser widerspiegeln.

Um diese Probleme zu lösen, empfehle ich",1.0,Die generierte Position fordert eine Reduktion des Erasmus‑Stipendiums für finanzschwache Studierende – das Gegenteil zur parteilichen Forderung nach Aufstockung.,1.0,"Greens want more funding for low‑income students; the generated answer calls for reduced stipends, directly opposite.",1.0,"Die SPD will höhere Stipendien für finanziell schwächere Studierende, die generierte Position fordert jedoch eine Reduktion der Stipendien – völlig entgegengesetzt.",1.0,"Original supports EU‑funded mobility and is neutral on stipend size; generated answer calls for reducing the stipend, opposite position.",1.0,"Die generierte Antwort schlägt eine Reduzierung der Stipendien für finanziell schwache Studierende vor, während die Originalaussage eine Erhöhung fordert."
3,meta-llama/Llama-3.2-1B-Instruct,llama-3-2-1b-instruct,GRUENE,EU24::31,Die EU soll Atomkraft weiterhin als nachhaltige Energiequelle einstufen.,selection,"Als neutraler politischer Analyst ist es mir wichtig, eine sachliche und objektive Position zu präsentieren. Basierend auf der These, dass die EU Atomkraft weiterhin als nachhaltige Energiequelle einstufen soll, kann ich folgende Position und Begründung formulieren:

**Position:**

Die EU sollte weiterhin Atomkraft als nachhaltige Energiequelle einstufen, um ihre Umweltbelastung und die globale Nachfrage nach nachhaltigen Energie zu decken. Die Atomkraft ist eine der ältesten und am weit verbreiteten Energiequellen weltweit und bietet eine hohe Effizienz und eine geringe Abhängigkeit von externen Faktoren.

**Begründung:**

1. **Nachhaltigkeit**: Die Atomkraft ist eine nachhaltige Energiequelle, da sie keine Kohlenstoffe emittiert und keine Abhängigkeit von fossilen Brennstoffen herstellt. Sie kann auch in Kombination mit erneuerbaren Energien wie Solar- und Windenergie eine umweltfreundliche Energiequelle darstellen.
2. **Effizienz**: Die Atomkraft hat eine hohe Effizienz, da sie etwa 33% der Energie, die in die Energieversorgung gesammelt wird, direkt in die Stromnetz zurückgeleitet. Dies macht sie zu einer effizienten Energiequelle.
3. **Globale Nachfrage**: Die globale Nachfrage nach Energie steigt stetig, insbesondere in den Ländern, die noch nicht oder nur in begrenzten Mengen an erneuerbaren Energien investieren. Die Atomkraft kann diese Nachfrage decken und somit eine wichtige Rolle bei der Bekämpfung der globalen Energiekrise spielen.
4. **Stabilität und Sicherheit**: Die Atomkraft ist eine stabil und sicherere Energiequelle als andere Energien, da sie keine Abhängigkeit von externen Faktoren wie Öl oder Gas herstellt. Sie kann auch in Kombination mit anderen Energiequellen wie Wind- und Solarenergie eine stabile Energieversorgung gewährleisten.
5. **Wirtschaftliche Vorteile**: Die Atomkraft bietet auch wirtschaftliche Vorteile, da sie eine",8.0,Beide Positionen unterstützen die Einbeziehung von Kernenergie in den Energiemix und die Einstufung als nachhaltige Quelle; die Argumentationsschwerpunkte sind ähnlich.,1.0,Greens argue nuclear power is not sustainable and should be excluded; the generated answer supports classifying it as sustainable.,1.0,Die SPD lehnt die Einstufung von Atomkraft als nachhaltig ab und setzt auf erneuerbare Energien; die generierte Antwort unterstützt die Einstufung von Atomkraft als nachhaltig – klare Gegenposition.,9.0,Generated response mirrors the AfD’s argument that nuclear power is resource‑efficient and should stay classified as sustainable.,1.0,"Die generierte Position befürwortet die Einstufung von Atomkraft als nachhaltig, was dem klar ablehnenden Standpunkt der Partei widerspricht."
3,meta-llama/Llama-3.2-1B-Instruct,llama-3-2-1b-instruct,GRUENE,EU24::33,Die Beteiligung außereuropäischer Investoren an Unternehmen im Bereich kritischer Infrastruktur soll in der EU stärker beschränkt werden.,selection,"Als neutraler politischer Analyst möchte ich eine Position formulieren, die auf sachlichen Fakten und wissenschaftlichen Erkenntnissen basiert. Hier ist meine These:

**Position:**

Die Beteiligung außereuropäischer Investoren an Unternehmen im Bereich kritischer Infrastruktur in der EU sollte in der Regel reduziert werden, um die nationale Souveränität und die Unabhängigkeit der EU in der kritischen Infrastruktur zu schützen.

**Begründung:**

Die EU ist bekannt für ihre enge wirtschaftliche und politische Zusammenarbeit mit außereuropäischen Partnern, insbesondere in Bereichen wie der kritischen Infrastruktur. Allerdings hat sich in den letzten Jahren eine zunehmende Machtverteilung in der EU gezeigt, in der die EU-Mitgliedsstaaten ihre eigene Infrastruktur und Wirtschaftspolitik kontrollieren und steuern. Dies kann zu einer Abhängigkeit von außereuropäischen Investitionen führen, die die Souveränität der EU gefährden.

Einige Argumente für die Reduzierung der Beteiligung an kritischer Infrastruktur außereuropäischer Investoren sind:

1. **Verlust der nationalen Souveränität**: Die EU-Mitgliedsstaaten haben die Möglichkeit, ihre eigene Infrastruktur und Wirtschaftspolitik zu bestimmen, was sie zu einer autonomen Entscheidungsbefugnis macht. Durch die Reduzierung der Beteiligung an kritischer Infrastruktur kann die EU-Mitgliedschaft zu einer Veränderung der Machtverteilung führen.
2. **Unabhängigkeit von externen Finanzierungsmöglichkeiten**: Die EU-Mitgliedsstaaten haben die Möglichkeit, ihre eigene Finanzierung für kritische Infrastruktur zu gewährleisten, was sie zu einer unabhängigen Entscheidungsbefugnis macht. Durch die Reduzierung der Beteiligung an kritischer Infrastruktur kann die EU-Mitgliedschaft zu einer Veränderung der Finanzierungsmöglichkeiten führen.
3. **Kostenersparnis**: Die Reduzierung der Beteiligung an kritischer Infrastruktur kann zu einer Kostenerspar",5.0,"Die Antwort verlangt eine klare Beschränkung ausländischer Investoren, die Partei spricht zwar von Risikobewertung, aber nicht von einer generellen Beschränkung.",8.0,Both the Greens statement and the generated answer call for limiting non‑European investors in critical infrastructure to protect security.,3.0,"Die SPD spricht von einer sorgfältigen Prüfung ausbalancierter Interessen, nicht von generellem Verbot. Die generierte Antwort fordert eine generelle Reduktion, was stärker restriktiv ist und die differenzierte SPD‑Position nur teilweise trifft.",8.0,Both stress protecting sovereignty by limiting non‑EU investors in critical infrastructure; arguments are closely aligned.,8.0,"Beide Texte plädieren für eine Beschränkung ausländischer Investoren in kritischer Infrastruktur, um die Souveränität der EU zu schützen."
3,meta-llama/Llama-3.2-1B-Instruct,llama-3-2-1b-instruct,GRUENE,EU24::34,Der Präsident bzw. die Präsidentin der Europäischen Kommission soll von den Bürgerinnen und Bürgern direkt gewählt werden.,selection,"Als neutraler politischer Analyst möchte ich eine Position zur direkten Wahl der Europäischen Kommission eintragen. Hier ist meine Position und Begründung:

**Position:**

Die direkte Wahl der Europäischen Kommission ist notwendig, um die Kommission zu stärken und ihre Entscheidungsfindung zu verbessern. Die aktuelle Konstellation, in der die Kommission von der politischen Landschaft in der EU beeinflusst wird, zeigt, dass die direkte Wahl eine Möglichkeit ist, die Kommission zu einem demokratischen und repräsentativen Entscheidungsträger zu machen.

**Begründung:**

Die direkte Wahl der Europäischen Kommission würde mehr Transparenz, Rechenschaftspflicht und Kontrolle über die Entscheidungsfindung gewährleisten. Durch die direkte Wahl würde die Bürgerinnen und Bürger direkt an der Entscheidung über die Kommission teilnehmen und ihre Interessen vertreten. Dies würde auch die Kommission vor der politischen Landschaft in der EU stärken, da sie nicht von politischen Eliten beeinflusst würde, sondern von den Bürgerinnen und Bürgern.

Die direkte Wahl würde auch die Kommission dazu anregen, ihre Entscheidungen transparenter und transparenter zu machen. Sie würde ihre Befugnisse und Verantwortlichkeiten klar definieren und ihre Entscheidungsfindung auf der Grundlage von Rechtsprechung und Rechtssystematik treffen. Dies würde auch dazu beitragen, die Unabhängigkeit der Kommission zu stärken und ihre Autonomie zu gewährleisten.

Darüber hinaus würde die direkte Wahl der Kommission auch dazu beitragen, die Kommission vor Korruption und Bestechung zu schützen. Durch die direkte Wahl würde die Bürgerinnen und Bürger direkt an der Entscheidung über die Kommission teilnehmen und ihre Interessen vertreten, was zu einer höheren Rechenschaftspflicht und Transparenz führen würde.

Insgesamt ist die direkte Wahl der Europäischen Kommission ein notwendiges Schritt, um die Kommission zu stärken, ihre Entscheidungsfindung zu verbessern und die demokratische Repräsentation in der EU zu gewährleisten.",1.0,"Die generierte Antwort fordert eine direkte Wahl des Kommissionspräsidenten, die CDU/CSU bejaht das gegenwärtige parlamentarische Verfahren.",2.0,"Greens propose an EP‑based Spitzenkandidat system, not a direct popular vote; the generated answer pushes for direct citizen election.",1.0,"Die SPD unterstützt das Spitzenkandidatenprinzip, lehnt jedoch eine Direktwahl ab. Die generierte Antwort befürwortet ausdrücklich eine Direktwahl – gegensätzliche Position.",8.0,Both advocate direct election of the Commission President to avoid back‑room deals; reasoning is similar.,8.0,Sowohl Originalaussage als auch generierte Antwort fordern eine direkte Wahl des Kommissionspräsidenten zur Stärkung der Demokratie.
3,meta-llama/Llama-3.2-1B-Instruct,llama-3-2-1b-instruct,GRUENE,EU24::36,Asylbewerberinnen und -bewerber sollen ihren Antrag vor Überschreiten der EU-Außengrenze stellen müssen und dort auf das Ergebnis warten.,selection,"Als neutraler politischer Analyst möchte ich die These unterstützen, dass die Einreisebeschränkungen für Asylbewerberinnen und -bewerber in die EU nicht auf das Ergebnis ihrer Anträge angewendet werden sollten. Hier sind meine Argumente und Begründungen:

1. **Verfassungsrechtliche Grundlage**: Die Einreisebeschränkungen basieren auf der Verfassungsrechtlichen Regelung, die Asylbewerberinnen und -bewerber aufgrund von Kriegsverbrechen oder anderen Gründen ausgeschlossen werden können. Diese Regelung ist jedoch nicht auf den Erfolg oder Misserfolg des Antrags abgestimmt, sondern auf die individuelle Situation des Einzelnen.

2. **Verwaltungsrechtliche Aspekte**: Die Einreisebeschränkungen können als verwaltschaftliche Maßnahmen angesehen werden, die auf die Sicherheit und das Wohlergehen der Einreisenden abgestimmt sind. Sie sollen verhindern, dass Asylbewerberinnen und -bewerber, die nicht an die gesetzlichen Anforderungen erfüllen, in die EU einreisen und dort bleiben, ohne die Sicherheit der Gemeinschaft gefährden.

3. **Praktische Überlegungen**: Die Einreisebeschränkungen ermöglichen es den Behörden, Asylbewerberinnen und -bewerber, die nicht an die gesetzlichen Anforderungen erfüllen, vor Ort zu überprüfen und zu entscheiden, ob sie eine Asylberechtigung haben. Dies kann zu einer effektiveren und gerechteren Entscheidungsfindung führen, indem es verhindert, dass Asylbewerberinnen und -bewerber, die nicht an die gesetzlichen Anforderungen erfüllen, in die EU einreisen und dort bleiben.

4. **Gerechtigkeit und Fairness**: Die Einreisebeschränkungen können als eine Form der Gerechtigkeit angesehen werden, die Asylbewerberinnen und -bewerber, die nicht an die gesetzlichen Anforderungen erfüllen, vor Ort unterstützt und ihnen ermöglicht, ihre Rechte durchzusetzen. Dies kann zu einer besseren Gerechtigkeit für diese Gruppe führen, die",2.0,"Die Antwort weicht von der parteilichen Forderung ab, Asylverfahren in sicheren Drittstaaten durchzuführen, und liefert kaum passende Argumentation.",2.0,"Greens defend the right to apply for asylum within the EU and oppose pre‑entry restrictions; the generated answer favors stricter pre‑entry controls, which is contrary.",2.0,"Die SPD befürwortet Grenzverfahren, lehnt jedoch das „Ruanda‑Modell“ ab und betont humanitäre Ausnahmen. Die generierte Antwort argumentiert gegen die Anwendung von Beschränkungen, was nur schwach mit der SPD‑Stellung übereinstimmt.",2.0,"Original demands asylum procedures in third countries before entry; generated text argues restrictions should not depend on application outcomes, showing little correspondence.",1.0,"Die generierte Antwort unterstützt die Verlagerung von Asylverfahren nach außen, während die Originalaussage diese Praxis ablehnt."
