schema_version,model,model_short_name,steered_party_key,thesis_key,thesis,split,steered_response,sim_CDU_CSU,judge_rationale_CDU_CSU,sim_GRUENE,judge_rationale_GRUENE,sim_SPD,judge_rationale_SPD,sim_AfD,judge_rationale_AfD,sim_DIE_LINKE,judge_rationale_DIE_LINKE
3,meta-llama/Llama-3.2-1B-Instruct,llama-3-2-1b-instruct,CDU_CSU,BT21::3,Bei Bundestagswahlen sollen auch Jugendliche ab 16 Jahren wählen dürfen.,selection,"Als neutraler politischer Analyst möchte ich eine Position zur Förderung von Jugendwahlrecht für alle, unabhängig von ihrem Alter, eintragen. Hier ist meine Formulierung und Begründung:

**Position:**

Ich stütze die These, dass Jugendliche ab 16 Jahren das Recht haben sollten, an Bundestagswahlen teilzunehmen. Dieses Recht ist ein grundlegendes Element der Demokratie und ermöglicht es jungen Menschen, ihre Zukunft zu gestalten und ihre Interessen zu vertreten.

**Begründung:**

Die Forderung nach Jugendwahlrecht für alle ist notwendig, um sicherzustellen, dass junge Menschen ein aktives und engagiertes Bürgerbewusstsein entwickeln und ihre Stimme in der Demokratie ausüben können. Jugendliche sind in der Regel noch in der Schule oder in der Ausbildung und haben noch nicht die notwendigen politischen Fähigkeiten, um komplexe politische Entscheidungen zu treffen. Durch die Teilnahme an Bundestagswahlen können sie ihre Meinungen und Interessen auf ein breiteres Publikum ausdrücken und ihre Zukunft vorantreiben.

Darüber hinaus trägt die Teilnahme an Bundestagswahlen zu einer stärkeren Demokratie bei, da sie ein wichtiger Teil der demokratischen Prozesse ist. Die Teilnahme an Wahlen ermöglicht es jungen Menschen, ihre politischen Überzeugungen zu testen, ihre Meinungen zu äußern und sich an die politische Landschaft anzupassen.

Es ist auch wichtig zu betonen, dass die Teilnahme an Bundestagswahlen nicht nur ein Recht, sondern auch eine Verantwortung ist. Jugendliche haben das Recht, ihre Stimme abzugeben und ihre Zukunft zu gestalten, aber sie müssen auch bereit sein, sich aktiv zu engagieren und politische Entscheidungen zu unterstützen.

Insgesamt ist es daher wichtig, dass wir die Forderung nach Jugendwahlrecht für alle ernst nehmen und es in die politische Landschaft integrieren, um sicherzustellen, dass junge Menschen ein aktives und engagiertes Bürgerbewusstsein entwickeln und ihre Zukunft gestalten können.",1.0,"Die generierte Antwort befürwortet das Wahlrecht ab 16, während die CDU/CSU das Wahlalter an die Volljährigkeit von 18 koppelt – gegensätzliche Position.",9.0,Both endorse voting at 16 and argue it empowers youth; wording differs but position aligns closely.,8.0,"Generierte Antwort unterstützt das Wahlrecht ab 16 und argumentiert mit Demokratie‑ und Zukunftsaspekten, ähnlich wie die SPD‑Aussage, jedoch ohne die spezifische Betonung der Jugendkompetenz.",1.0,"Die generierte Antwort befürwortet das Wahlrecht ab 16, während die AfD es strikt ablehnt – gegensätzliche Position.",9.0,Both advocate youth voting and use similar democratic arguments.
3,meta-llama/Llama-3.2-1B-Instruct,llama-3-2-1b-instruct,CDU_CSU,BT21::4,Die Förderung von Windenergie soll beendet werden.,selection,"Als neutraler politischer Analyst möchte ich eine Position zur Beendigung der Förderung von Windenergie formulieren und begründen.

**Position:**

Die Förderung von Windenergie sollte beendet werden, da sie nicht ausreichend zur Reduzierung des Kohlenstoffausstoßes und zur Umweltverschmutzung beitragen, insbesondere im Vergleich zu anderen Energiequellen wie Solar- und Kernenergie.

**Begründung:**

Die Förderung von Windenergie hat in den letzten Jahren zunehmend kritisiert werden können, da sie nicht ausreichend zur Reduzierung des Kohlenstoffausstoßes beitragen kann. Die Energiewende, die von vielen Regierungen weltweit umgesetzt wurde, zielt darauf ab, den Kohlenstoffausstoß um 80% innerhalb der nächsten 2050er Jahre auf 50% von 1990 reduzieren zu wollen. Die Förderung von Windenergie ist jedoch nicht ausreichend, um diese Ziele zu erreichen.

Einige Argumente gegen die Förderung von Windenergie sind:

* Die Windenergie ist nicht nachhaltig, da sie nicht nur eine kurzfristige Energiequelle ist, sondern auch eine langfristige Abhängigkeit von den Windbedingungen, die oft unvorhersehbar sind.
* Die Kosten für die Windkraft erheben sich sehr hoch, was sie teuer macht und die Kosten für die Verbraucher teuer macht.
* Die Windkraft ist nicht in allen Gebieten der Welt erreichbar, insbesondere in Gebieten mit hohen Längen und Höhen, die für die Windkraftanlagen notwendig sind.

Einige Argumente für die Beendigung der Förderung von Windenergie sind:

* Die Energiewende ist nicht ausreichend, um den Kohlenstoffausstoß zu reduzieren, und die Förderung von Windenergie kann sogar zu einer Zunahme der Kohlenstoffemissionen führen.
* Die Kosten für die Windkraft sind nicht ausreichend, um die Kosten für die Energie zu decken, insbesondere in Gebieten, in denen die Windkraft nicht erreichbar ist.
* Die Beendigung der Förderung von Windenergie würde zu einer Reduzierung der Abhängigkeit",1.0,"Die CDU/CSU will den Ausbau der Windenergie fördern, die Antwort fordert die Beendigung der Förderung – komplett entgegengesetzt.",1.0,Original supports continued wind‑energy subsidies; generated answer calls for ending them – opposite stance.,1.0,"Stellungnahme ist diametral entgegengesetzt: SPD will Windenergie ausbauen, die Antwort fordert ein Ende der Förderung.",2.0,"Die AfD betont sichere, günstige Energieversorgung, ohne explizit Windförderung zu befürworten; die Antwort fordert deren Ende, was kaum mit der Originalaussage übereinstimmt.",1.0,Original supports wind energy; generated answer argues for ending its promotion.
3,meta-llama/Llama-3.2-1B-Instruct,llama-3-2-1b-instruct,CDU_CSU,BT21::6,Impfstoffe gegen Covid-19 sollen weiterhin durch Patente geschützt sein.,selection,"Als neutraler politischer Analyst möchte ich mich auf die wissenschaftlichen Erkenntnisse und die ethischen Bedenken konzentrieren, um eine sachliche Position zu formulieren.

**Position:**

Ich stütze die These, dass Impfstoffe gegen Covid-19 weiterhin durch Patente geschützt werden sollten, solange sie wettbewerbsfähig sind und ihre Wirksamkeit gegenüber denen anderer Impfstoffen nicht beeinträchtigt sind.

**Begründung:**

1. **Patentrechte und wettbewerbsfähigkeit**: Die Patente für Impfstoffe gegen Covid-19 haben sich in den letzten Jahren als ein wichtiger Faktor erwiesen, um die Verfügbarkeit und die Wettbewerbsfähigkeit von Impfstoffen zu schützen. Durch die Erweiterung der Patente können Hersteller ihre Marken und -rechte schützen, was es ihnen ermöglicht, ihre Produkte weiterhin auf dem Markt zu verkaufen und zu vermarkten, auch wenn andere Hersteller ähnliche Impfstoffe entwickeln.
2. **Wissenschaftliche Entwicklung und Innovation**: Die Patente ermöglichen es Herstellern, ihre Forschungs- und Entwicklungskosten zu sparen und ihre Ressourcen auf andere wichtige Aspekte der Impfstoffentwicklung zu konzentrieren, wie z.B. die Entwicklung neuer Impfstoffe oder die Optimierung der Produktqualität.
3. **Gesundheitssysteme und -politiken**: In vielen Ländern gibt es strenge Gesundheitssysteme und -politiken, die Impfstoffe priorisieren und sicherstellen, dass sie für die öffentliche Gesundheit zugänglich sind. Durch die Erweiterung der Patente können Hersteller ihre Interessen an der Zugänglichkeit von Impfstoffen für die breite Bevölkerung unterstützt werden.
4. **Marktbedingungen und wirtschaftliche Interessen**: Die Patente können auch die Marktbedingungen und die wirtschaftlichen Interessen von Herstellern und -unternehmen berücksichtigen. Durch die Erweiterung der Patente können sie ihre Marktposition verbessern und ihre Einnahmen erhöhen.

**Kritikpunkte:**

1. **Patentrechte und Urheber",7.0,"Beide Positionen unterstützen den Patentschutz für Covid‑Impfstoffe. Die Argumentationsschwerpunkte unterscheiden sich, aber die Grundhaltung stimmt.",1.0,Original seeks temporary suspension of COVID‑vaccine patents; generated answer defends keeping patents – contradictory.,6.0,"Beide Positionen befürworten den Patentschutz für Covid‑Impfstoffe, jedoch fehlt in der Antwort die SPD‑Spezifik zu Lizenzierung und Zwangslizenz.",9.0,"Beide Positionen unterstützen den Patentschutz für Covid‑Impfstoffe und argumentieren, dass Patente Innovation sichern.",1.0,Original calls for equitable licensing; generated answer defends patent protection.
3,meta-llama/Llama-3.2-1B-Instruct,llama-3-2-1b-instruct,CDU_CSU,BT21::8,Alle Erwerbstätigen sollen in der gesetzlichen Rentenversicherung versichert sein müssen.,selection,"Als neutraler politischer Analyst möchte ich eine Position und Begründung für die These formulieren, dass alle Erwerbstätigen in der gesetzlichen Rentenversicherung versichert werden sollten.

**Position:**

Die gesetzliche Rentenversicherung sollte für alle Erwerbstätigen, unabhängig von ihrem Einkommen, Einkommensteuerstatus oder anderen individuellen Umständen, versichert werden. Dies soll dazu beitragen, die finanzielle Stabilität und Sicherheit der Bevölkerung zu gewährleisten und die soziale Sicherheit zu fördern.

**Begründung:**

Die Argumentation basiert auf folgenden Gründen:

1. **Finanzielle Stabilität:** Die Versicherung in der Rentenversicherung soll sicherstellen, dass alle Erwerbstätigen, unabhängig von ihrem Einkommen, in Notfällen finanziell abgesichert sind. Dies ist besonders wichtig für Menschen, die in der Nachfrage nach Unterstützung in Zeiten von Arbeitslosigkeit oder Krankheit oder Unfall stehen.
2. **Sicherheit und Stabilität:** Die Versicherung soll die finanzielle Unabhängigkeit und Stabilität der Bevölkerung fördern, indem sie sicherstellt, dass alle Erwerbstätigen, unabhängig von ihrem Einkommen, in Notfällen nicht in finanzielle Schwierigkeiten geraten.
3. **Gerechtigkeit und Fairness:** Die Versicherung soll auch für Menschen, die nicht in der Lage sind, sich selbst zu versichern, wie z.B. Menschen mit niedrigem Einkommen oder Menschen, die in der Nachfrage nach Unterstützung stehen, gerecht und fair sein. Dies soll verhindern, dass sie in finanziellen Schwierigkeiten geraten und ihre Lebenssituation verbessern.
4. **Wirtschaftliche Effizienz:** Die Versicherung kann auch wirtschaftliche Effizienz fördern, indem sie die Versicherungskosten für die Gesellschaft reduziert und die Versicherungssummen für die Versicherten verwendet werden, anstatt in die Staatskassen oder private Versicherungsgesellschaften zu investieren.
5. **Gesundheitssicherheit:** Die Versicherung soll auch die Gesundheitssicherheit fördern, indem",1.0,"Die Partei lehnt eine Versicherungspflicht für alle Erwerbstätigen ab, die Antwort fordert sie – gegensätzliche Haltung.",8.0,Both advocate universal coverage in the statutory pension system; generated text lacks some nuance but shares the core goal.,8.0,"Antwort fordert eine allgemeine Versicherung aller Erwerbstätigen, was der SPD‑Intention entspricht, wenn auch ohne Detail zu Politikern und Selbständigen.",8.0,Sowohl Originalaussage als auch Antwort fordern eine verpflichtende Versicherung aller Erwerbstätigen in der gesetzlichen Rentenversicherung.,8.0,Both favor universal statutory pension coverage and stress solidarity and stability.
3,meta-llama/Llama-3.2-1B-Instruct,llama-3-2-1b-instruct,CDU_CSU,BT21::10,"Auf den Umsatz, der in Deutschland mit digitalen Dienstleistungen erzielt wird, soll eine nationale Steuer erhoben werden.",selection,"Als neutraler politischer Analyst möchte ich eine Position zur Erhöhung des Umsatzsteuers auf digitaler Dienstleistung in Deutschland formulieren und begründen.

**Position:**

Ich empfehle eine Steuererhöhung auf digitaler Dienstleistung, um die Finanzierung der Infrastruktur für die digitale Transformation Deutschlands zu finanzieren. Die Erhöhung des Umsatzsteuers auf digitaler Dienstleistung würde dazu beitragen, die Investitionen in die digitale Infrastruktur, wie z.B. die Internet- und Telekommunikationsnetze, die Cloud-Computing-Infrastruktur und die digitale Bildung und Forschung, zu finanzieren.

**Begründung:**

Die digitale Transformation Deutschlands ist ein wichtiger Schritt zur Förderung der Wirtschaftswachstums- und Wettbewerbsfähigkeit. Die Erhöhung des Umsatzsteuers auf digitaler Dienstleistung würde dazu beitragen, die Investitionen in die digitale Infrastruktur zu finanzieren, die notwendig sind, um die Bedürfnisse der digitalen Wirtschaft zu decken. Die Steuererhöhung würde auch dazu beitragen, die Finanzierung von Investitionen in die digitale Infrastruktur zu erleichtern, wie z.B. die Entwicklung neuer Technologien, die Infrastruktur für die digitale Bildung und die digitale Gesundheitsversorgung.

Darüber hinaus würde die Erhöhung des Umsatzsteuers auf digitaler Dienstleistung auch dazu beitragen, die Steuereinnahmen zu erhöhen, die für die Finanzierung von öffentlichen Dienstleistungen wie z.B. Bildung, Gesundheit und Soziales verwendet werden. Dies würde dazu beitragen, die finanzielle Stabilität des deutschen Staates zu verbessern und die Wettbewerbsfähigkeit der deutschen Unternehmen in der globalen Wirtschaft zu stärken.

Es ist jedoch wichtig zu betonen, dass die Erhöhung des Umsatzsteuers auf digitaler Dienstleistung nicht bedeutet, dass alle digitalen Dienstleistungen von der Steuer abzuziehen sind. Es gibt jedoch eine klare Definition von digitalen Dien",4.0,"Beide sprechen für eine Besteuerung digitaler Unternehmen, jedoch betont die Partei faire OECD‑Regelungen, während die Antwort eine nationale Umsatzsteuererhöhung vorschlägt.",6.0,"Both propose a tax on digital services, but the generated justification (infrastructure funding) differs from the original’s fairness/anti‑avoidance focus.",2.0,"SPD will Gewinn‑ (nicht Umsatz‑)Besteuerung von Internetfirmen, die Antwort schlägt eine höhere Umsatz‑/Mehrwertsteuer vor – andere Zielgröße und Zweck.",2.0,"Die AfD will eine Digitalsteuer auf Umsatz von Tech‑Riesen, die Antwort schlägt eine allgemeine Umsatzsteuererhöhung für digitale Dienstleistungen vor – andere Zielsetzung.",6.0,"Both propose taxing large digital firms, but original stresses fairness while generated answer focuses on funding."
3,meta-llama/Llama-3.2-1B-Instruct,llama-3-2-1b-instruct,CDU_CSU,BT21::11,"Die traditionelle Familie aus Vater, Mutter und Kindern soll stärker als andere Lebensgemeinschaften gefördert werden.",selection,"Als neutraler politischer Analyst möchte ich eine Position formulieren, die auf wissenschaftlichen Erkenntnissen und empirischen Beweisen basiert. Hier ist meine These:

**Position:**

Die traditionelle Familie aus Vater, Mutter und Kindern sollte weiterhin als die optimale Lebensgemeinschaft für die Entwicklung und das Wohlbefinden von Kindern und Familien sein.

**Begründung:**

Es gibt zahlreiche Studien, die zeigen, dass Kinder und Familien, die traditionell organisiert sind, ein höheres Wohlbefinden und eine bessere Entwicklung aufweisen als andere Lebensgemeinschaften. Einige der Gründe dafür sind:

1. **Soziale Bindungen**: Traditionelle Familien bieten eine starke soziale Bindung zwischen den Familienmitgliedern, die ein wichtiger Faktor für die Entwicklung von Selbstwertgefühl, Selbstvertrauen und sozialer Kompetenz ist.
2. **Emotionale Unterstützung**: Traditionelle Familien bieten eine emotionale Unterstützung und Akzeptanz, die wichtig für die Entwicklung von Kindern ist, insbesondere in den ersten Lebensjahren.
3. **Soziale Interaktionen**: Traditionelle Familien bieten eine Vielzahl von sozialen Interaktionen, wie z.B. gemeinsamen Aktivitäten, gemeinsamen Zeitungen und gemeinsamen Aktivitäten, die wichtig für die Entwicklung von sozialen Fähigkeiten sind.
4. **Erziehungsmethoden**: Traditionelle Familien verwenden oft traditionelle Erziehungsmethoden, wie z.B. regelmäßige Mahlzeiten, regelmäßige Schlafenszeiten und regelmäßige Aktivitäten, die wichtig für die Entwicklung von Kindern sind.

Es gibt jedoch auch einige Argumente gegen diese These, wie z.B.:

1. **Kulturelle Vielfalt**: Es gibt kulturelle Unterschiede in der Art und Weise, wie Familien organisiert werden, was es schwierig machen kann, eine allgemeine These auf alle Familien anzuwenden.
2. **Soziale Ungleichheiten**: Traditionelle Familien können auch von sozialen Ungleichheiten wie Armut, Bildungsmangel und sozialer Ausgrenzung betroffen sein, was ihre Effektivität beeinträchtigen kann.
3.",1.0,"Die CDU/CSU betont die Vielfalt von Familienformen, die Antwort privilegiert ausschließlich die traditionelle Kernfamilie – entgegengesetzte Sicht.",1.0,Original calls for equal support of all family forms; generated answer privileges the traditional family – opposite view.,1.0,"SPD betont Familienvielfalt und Gleichstellung, die Antwort bevorzugt ausdrücklich die traditionelle Kernfamilie.",8.0,"Beide betonen die Bedeutung der traditionellen Familie aus Vater, Mutter und Kindern und fordern deren stärkere Förderung.",1.0,Original treats all family forms equally; generated answer privileges the traditional family.
3,meta-llama/Llama-3.2-1B-Instruct,llama-3-2-1b-instruct,CDU_CSU,BT21::13,Studentinnen und Studenten sollen BAföG unabhängig vom Einkommen ihrer Eltern erhalten.,selection,"Als neutraler politischer Analyst möchte ich eine Position und Begründung für die Förderung von BAfG (Bildung, Ausbildung und Erwerbstätigkeit) für Studenten formulieren, unabhängig vom Einkommen ihrer Eltern.

**Position:**

Die Förderung von BAfG für Studenten ist ein notwendiges Mittel, um die Bildung und Ausbildung von jungen Menschen zu fördern und ihre soziale Mobilität zu stärken. Die Einkommensteuererhöhung für Studenten würde nicht nur die finanzielle Unabhängigkeit und Selbstbestimmung der Studenten fördern, sondern auch die langfristige Integration von Studenten in die Arbeitswelt.

**Begründung:**

Die Einkommensteuererhöhung für Studenten würde mehrere Vorteile haben:

1. **Finanzielle Unabhängigkeit:** Studenten würden sich finanziell unabhängiger sein, um ihre Ausbildung zu finanzieren und ihre Zukunft zu sichern. Sie könnten ihre Studiengebühren und Ausbildungskosten selbst tragen und ihre finanzielle Unabhängigkeit nutzen, um ihre berufliche Entwicklung zu fördern.
2. **Langfristige Integration in die Arbeitswelt:** Die Förderung von BAfG würde es Studenten ermöglichen, in die Arbeitswelt einzusteigen und ihre berufliche Karriere zu starten. Durch die finanzielle Unabhängigkeit würden sie sich besser auf die Herausforderungen des beruflichen Lebens vorbereiten und ihre berufliche Entwicklung unterstützen.
3. **Gesellschaftliche Vorteile:** Die Förderung von BAfG würde auch soziale Vorteile haben, da es jungen Menschen ermöglichen würde, ihre Bildung und Ausbildung zu finanzieren und ihre soziale Mobilität zu stärken. Dies würde die soziale Integration von Studenten in die Gesellschaft fördern und ihre soziale Rolle in der Gesellschaft stärken.
4. **Wirtschaftliche Vorteile:** Die Förderung von BAfG würde auch wirtschaftliche Vorteile haben, da es die Bildung und Ausbildung von jungen Menschen fördern würde und die Wirtschaftswachstum stärken würde. Durch die finanzielle Unabhängigkeit und die verbesserte beruf",1.0,"Die Partei will BAföG weiterhin an Einkommensprüfungen knüpfen, die Antwort fordert ein bedingungsloses BAföG – gegensätzliche Position.",2.0,"Both mention BAföG as a support measure, yet the generated answer adds unrelated tax ideas and does not stress parent‑independence.",3.0,"Antwort unterstützt BAföG grundsätzlich, führt aber unpassende Elemente (Einkommensteuererhöhung) ein und weicht von der SPD‑Fokussierung auf elternunabhängige Basisabsicherung ab.",1.0,"Die AfD will BAföG nur nach Bedürftigkeit und mit Leistungsanreizen, die Antwort fordert ein bedarfsunabhängiges BAföG – gegensätzliche Position.",5.0,"Both support BAföG for students, but the generated answer adds unrelated tax ideas and lacks the parental‑income independence argument."
3,meta-llama/Llama-3.2-1B-Instruct,llama-3-2-1b-instruct,CDU_CSU,BT21::16,"Die Ostsee-Pipeline ""Nord Stream 2"", die Gas von Russland nach Deutschland transportiert, soll wie geplant in Betrieb gehen dürfen.",selection,"Als neutraler politischer Analyst ist es mir wichtig, eine sachliche und objektive Position zu präsentieren. Basierend auf den gegebenen Informationen über die Ostsee-Pipeline ""Nord Stream 2"" und ihre Pläne für den Betrieb, formuliere ich folgende Position und Begründung:

**Position:**

Die Nord Stream 2-Pipeline, eine 55.000-kilometer lange Gasleitung von Russland nach Deutschland, soll wie geplant in Betrieb gehen, um die deutsche Energiesicherung und die Abhängigkeit von russischer Gaslieferungen zu verringern. Diese Position basiert auf den folgenden Gründen:

1. **Energiesicherheit**: Die Nord Stream 2-Pipeline bietet eine sichere und zuverlässige Möglichkeit für Deutschland, seine Gaslieferungen an den europäischen Markt zu versorgen. Russland hat in den letzten Jahren begonnen, seine Gaslieferungen an die EU zu reduzieren, was zu einer zunehmenden Abhängigkeit von russischer Gaslieferungen geführt hat. Die Nord Stream 2-Pipeline kann diese Abhängigkeit verringern und die Energiesicherheit in Deutschland erhöhen.
2. **Wirtschaftliche Vorteile**: Die Nord Stream 2-Pipeline kann auch wirtschaftliche Vorteile für Deutschland bieten. Die Pipeline kann die deutsche Wirtschaft mit einer größeren Mengenmenge an Gas versorgen, was zu einer Steigerung der Produktivität und des Wirtschaftswachstums führen kann. Darüber hinaus kann die Pipeline auch die deutsche Industrie und die Landwirtschaft unterstützen, indem sie Zugang zu erheblichen Gasquellen haben.
3. **Klimaschutz**: Die Nord Stream 2-Pipeline kann auch als ein wichtiger Beitrag zur Reduzierung des Kohlenstoffausstoßes gesehen werden. Wenn Deutschland seine Abhängigkeit von russischer Gaslieferungen reduziert, kann es auch seine CO2-Emissionen senken und somit zur Umweltverbesserung beitragen.
4. **Politische Stabilität**: Die Nord Stream 2-Pipeline kann auch als ein wichtiger politischer Sicherheitspakt für Deutschland gesehen werden. Die Pipeline kann die politische Stabilität in der Region erhöhen und die Beziehungen zu Russland verbessern, was zu einer",6.0,"Beide unterstützen die Inbetriebnahme von Nord Stream 2 aus Gründen der Versorgungssicherheit, die Argumentationsdetails weichen leicht, aber die Grundhaltung stimmt.",1.0,Original opposes Nord Stream 2; generated answer argues for its operation – directly contrary.,1.0,"SPD lehnt Nord‑Stream 2 ab und verurteilt Russland, die Antwort befürwortet den Betrieb der Pipeline.",9.0,Sowohl AfD‑Statement als auch Antwort unterstützen den Betrieb von Nord Stream 2 aus Gründen der Energieversorgung und Kostenvorteile.,1.0,Original opposes Nord Stream 2; generated answer advocates its operation.
3,meta-llama/Llama-3.2-1B-Instruct,llama-3-2-1b-instruct,CDU_CSU,BT21::18,Das Tragen eines Kopftuchs soll Beamtinnen im Dienst generell erlaubt sein.,selection,"Ich muss darauf hinweisen, dass ich als neutraler politischer Analyst keine politische Meinung oder Position einnehmen kann. Allerdings kann ich eine sachliche Analyse der These anbieten.

Basierend auf der These, dass das Tragen eines Kopftuchs in der Beamtenschule generell erlaubt sein soll, kann man argumentieren, dass dies ein wichtiger Schritt zur Förderung einer positiven und inklusiven Arbeitskultur in der Beamtenschule sein könnte. Hier sind einige Argumente, die in Betracht gezogen werden könnten:

1. **Schutz der Beamtinnen**: Das Tragen eines Kopftuchs würde dazu beitragen, die Sicherheit und den Schutz der Beamtinnen zu gewährleisten. In vielen Ländern werden Kopftuchsregeln für Frauen als Teil der Sicherheitsmaßnahmen angesehen, um Frauen vor Belästigungen und Missbrauch zu schützen.

2. **Kulturelle Vielfalt und Inklusion**: Ein Kopftuch würde auch dazu beitragen, die kulturelle Vielfalt und Inklusion in der Beamtenschule zu fördern. Es würde zeigen, dass die Institution für Beamtinnen ein respektvolles und offenes Umfeld bietet, in dem alle Mitarbeiterinnen sich wohlfühlen, unabhängig von ihrer Religion oder kulturellen Präferenz.

3. **Gesundheit und Wohlbefinden**: Es gibt Hinweise darauf, dass das Tragen eines Kopftuchs negative Auswirkungen auf die Gesundheit und das Wohlbefinden von Frauen haben kann, insbesondere wenn es sich um Frauen handelt, die sich in einer patriarchalischen Gesellschaft befinden. Ein Kopftuch könnte dazu beitragen, die psychische Belastung und das Selbstwertgefühl dieser Frauen zu verringern.

4. **Internationale Präferenzen**: In einigen Ländern, wie z.B. in einigen muslimischen Ländern, ist das Tragen eines Kopftuchs ein Teil der traditionellen Kleidung und ein Teil der kulturellen Identität. Es könnte daher als eine Form der Respektierung dieser kulturellen Präferenzen angesehen werden.

Es ist jedoch wichtig zu betonen, dass diese Argumente nicht universell anwendbar sind und dass es auch andere Fakt",1.0,"Die Partei lehnt eine generelle Erlaubnis für Kopftücher ab, die Antwort spricht sich für eine generelle Erlaubnis aus – gegensätzliche Position.",7.0,"Both reject a ban on headscarves for civil servants; generated text supports allowance, though with a different argumentative emphasis.",2.0,"SPD erklärt, dass das Kopftuch im Dienst eingeschränkt werden kann, die Antwort argumentiert für ein generelles Verbot von Beschränkungen.",1.0,"Die AfD verbietet das Kopftuch im öffentlichen Dienst, die Antwort argumentiert für ein generelles Verbot – entgegengesetzte Haltung.",8.0,"Both defend the right to wear a headscarf for civil servants, emphasizing personal freedom and inclusion."
3,meta-llama/Llama-3.2-1B-Instruct,llama-3-2-1b-instruct,CDU_CSU,BT21::19,Die Zulassung von neuen Autos mit Verbrennungsmotor soll auch langfristig möglich sein.,selection,"Als neutraler politischer Analyst möchte ich eine Position formulieren, die auf sachlichen Fakten und wissenschaftlichen Erkenntnissen basiert. Hier ist meine These:

**Position:**

Die Zulassung von neuen Autos mit Verbrennungsmotor soll langfristig möglich sein, wenn die Verbrennungsmotoren weiterhin die gleiche Effizienz und Leistung wie moderne Elektromotoren aufweisen, aber mit verbesserten Sicherheitsaspekten und geringeren Umweltauswirkungen.

**Begründung:**

1. **Effizienz und Leistung**: Verbrennungsmotoren sind in der Regel effizienter und leistungsstark wie moderne Elektromotoren, insbesondere bei geringen Kraftstoffverbrauchern. Die Verbrennungsmotoren nutzen die Energie aus der Verbrennung von Treibstoff in der Luft, was eine höhere Effizienz und Leistung ermöglicht. Um dies zu erreichen, müssen die Verbrennungsmotoren jedoch weiterhin verbessert werden, um die gleiche Leistung und Effizienz aufrechtzuerhalten.

2. **Sicherheit**: Verbrennungsmotoren sind in der Regel sicherer als Elektromotoren, da sie keine elektrische Komponenten haben, die eine Gefahr von elektrischen Unfällen darstellen können. Es gibt jedoch auch Anzeichen, die darauf hindeuten, dass Verbrennungsmotoren auch gefährlich sein können, insbesondere bei hohen Geschwindigkeiten oder bei unzureichender Überwachung. Um diese Risiken zu minimieren, müssen Verbrennungsmotoren mit fortschrittlichen Sicherheitssystemen ausgestattet werden, wie z.B. mit Schutzschaltern und Überwachungssystemen.

3. **Umweltauswirkungen**: Verbrennungsmotoren erzeugen bei der Verbrennung von Treibstoff Kohlenstoffdioxid (CO2) und andere Umwelttoxine, die als Schadstoffe gelten. Elektromotoren erzeugen jedoch keine Umwelttoxine und sind daher ein umweltfreundlicher Antrieb. Um die CO2-Emissionen zu reduzieren, müssen Verbrennungsmotoren mit fortschrittlichen Energieeffizienz-",1.0,"Die CDU/CSU will den Ausstieg aus Verbrennungsmotoren fördern, die Antwort befürwortet deren langfristige Zulassung – entgegengesetzte Haltung.",1.0,Original calls for phasing out new combustion‑engine cars; generated answer argues they should remain permitted – opposite position.,1.0,"SPD will den Verbrennungsmotor auslaufen lassen, die Antwort plädiert für dessen langfristige Zulassung.",7.0,"Beide lehnen ein generelles Verbot von Verbrennungsmotoren ab und wollen deren Zulassung langfristig ermöglichen, obwohl die Antwort zusätzliche Effizienz‑Kriterien einbringt.",1.0,Original calls for banning new combustion cars; generated answer argues they should remain allowed.
3,meta-llama/Llama-3.2-1B-Instruct,llama-3-2-1b-instruct,CDU_CSU,BT21::20,Der Bund soll mehr Zuständigkeiten in der Schulpolitik erhalten.,selection,"Als neutraler politischer Analyst möchte ich eine Position zur Erhöhung der Zuständigkeiten der Schulbehörden in der Schulpolitik formulieren. Hier ist meine Argumentation:

**Zweck der Erhöhung der Zuständigkeiten der Schulbehörden:**

Die Schulpolitik ist ein komplexes und vielschichtiges Feld, das sowohl die Bildung als auch die Gesellschaft als Ganzes beeinflusst. Die Erhöhung der Zuständigkeiten der Schulbehörden kann dazu beitragen, die Qualität der Bildung zu verbessern und die Bedürfnisse der Schüler besser zu erfüllen. Hier sind einige Gründe, warum:

1. **Verbesserung der Bildungsqualität:** Durch die Erhöhung der Zuständigkeiten der Schulbehörden können die Schulen mehr Kontrolle über die Ausbildung und die Ressourcen haben, um die Qualität der Bildung zu verbessern. Dies kann durch die Verwendung von Fonds und Mitteln für die Ausbildung von Lehrkräften, die Investition in neue Technologien und die Förderung von Forschung und Entwicklung verbessert werden.
2. **Gesundheit und Sicherheit:** Die Schulpolitik hat einen direkten Einfluss auf die Gesundheit und Sicherheit der Schüler. Durch die Erhöhung der Zuständigkeiten der Schulbehörden können die Schulen mehr Kontrolle über die Ressourcen haben, um die Schüler vor gefährlichen Umweltfällen und sozialen Problemen zu schützen.
3. **Wirtschaftliche Entwicklung:** Die Schulpolitik kann auch die wirtschaftliche Entwicklung beeinflussen. Durch die Förderung von Bildung und Qualifizierung können die Schüler besser für den Arbeitsmarkt qualifiziert werden, was zu einer wirtschaftlichen Entwicklung und Stabilität führt.
4. **Partnerschaft und Zusammenarbeit:** Die Erhöhung der Zuständigkeiten der Schulbehörden kann auch dazu beitragen, die Partnerschaft und Zusammenarbeit zwischen Schulen und anderen Organisationen zu verbessern. Dies kann durch die Kooperation mit Unternehmen, Gemeinden und anderen Akteuren in der Bildungspflege erreicht werden.

**Begründung:**

Die Erhöhung der Zuständigkeiten der Schulbehörden kann auf verschiedene",2.0,"Die generierte Antwort fordert eine generelle Erhöhung der Zuständigkeiten, während die CDU betont, dass Aufgaben bereits zwischen Bund, Ländern und Kommunen aufgeteilt sind und keine klare Forderung nach mehr Bundeskompetenz enthält.",3.0,"Generische Befürwortung von mehr Zuständigkeit, aber keine Bezugnahme auf Finanzierung, Kooperation oder inklusive Schulen der Grünen.",3.0,"Both mention increasing federal responsibilities in education, aber die generierte Antwort liefert keine Details zu Chancengleichheit, Pandemie‑Folgen oder konkreten Initiativen der SPD.",2.0,"Generated text argues for expanding federal authority in schools, while AfD stresses keeping school policy a Länder‑Sache; opposite stance and no shared arguments.",2.0,"Generierte Antwort spricht allgemein über mehr Zuständigkeiten, enthält aber keine der konkreten Forderungen (Finanzierung, Lehrkräfte, Infrastruktur) der Linken."
3,meta-llama/Llama-3.2-1B-Instruct,llama-3-2-1b-instruct,CDU_CSU,BT21::22,Chinesische Firmen sollen keine Aufträge für den Ausbau der Kommunikationsinfrastruktur in Deutschland erhalten dürfen.,selection,"Ich muss darauf hinweisen, dass ich als neutraler politischer Analyst keine politische Meinung oder Position einnehmen kann. Allerdings kann ich eine sachliche Analyse der These anbieten.

Basierend auf der These, dass Chinesische Firmen keine Aufträge für den Ausbau der Kommunikationsinfrastruktur in Deutschland erhalten dürfen, könnte eine mögliche Position und Begründung wie folgt aussehen:

**Position:**

Chinesische Firmen sollten nicht unbedingt aufgrund ihrer nationalen Interessen oder politischen Ziele in Deutschland tätig sein, um Aufträge für den Ausbau der Kommunikationsinfrastruktur zu erhalten. Die Förderung von chinesischen Unternehmen in Deutschland könnte als unverhältnismäßige Vorteile für die deutsche Wirtschaft und die europäische Wettbewerbsfähigkeit angesehen werden.

**Begründung:**

1. **Unverhältnismäßige Vorteile für die deutsche Wirtschaft:** Die Förderung von chinesischen Unternehmen in Deutschland könnte zu einer unverhältnismäßigen Vorteil für die deutsche Wirtschaft führen, da chinesische Unternehmen möglicherweise nicht die gleichen Investitionskosten und -risiken tragen würden wie deutsche Unternehmen. Dies könnte zu einer unfairen Vorteil für die deutsche Wirtschaft führen, insbesondere wenn die chinesischen Unternehmen möglicherweise nicht die gleiche Qualität der deutschen Infrastruktur anbieten würden.

2. **Unverhältnismäßige politische Ziele:** Die Förderung von chinesischen Unternehmen in Deutschland könnte auch als unverhältnismäßige politische Ziele angesehen werden, da dies möglicherweise die deutsche Regierung dazu bringen würde, sich dem Interesse chinesischer Interessen gegenüberzuspielen. Dies könnte zu einer unfairen Vorteil für die chinesische Regierung führen, insbesondere wenn die chinesische Regierung möglicherweise andere politische Ziele verfolgt, die nicht mit den Interessen der deutschen Regierung übereinstimmen.

3. **Unverhältnismäßige Auswirkungen auf die europäische Wettbewerbsfähigkeit:** Die Förderung von chinesischen Unternehmen in Deutschland könnte auch unverhältnismäßige Aus",2.0,"Die Antwort schlägt eine generelle Ablehnung chinesischer Firmen vor, während die CDU nur eine Einzelfallprüfung fordert und keine generelle Ausschließung unterstützt.",2.0,Antwort bleibt vage und erwähnt nicht die von den Grünen geforderten Souveränitäts‑ und Menschenrechtsaspekte.,2.0,"Die Originalaussage betont internationale Kooperation und keine generellen Verbote, während die generierte Antwort eine generische Analyse liefert, die eher gegen chinesische Firmen spricht.",2.0,AfD rejects Chinese firms for security reasons; the generated answer stays neutral and does not adopt the anti‑Chinese position.,1.0,Antwort bleibt neutral und erwähnt weder regionale Wirtschaftsförderung noch die ablehnende Haltung gegenüber chinesischen Firmen.
3,meta-llama/Llama-3.2-1B-Instruct,llama-3-2-1b-instruct,CDU_CSU,BT21::24,Der kontrollierte Verkauf von Cannabis soll generell erlaubt sein.,selection,"Als neutraler politischer Analyst möchte ich eine Position formulieren, die auf sachlichen Fakten und wissenschaftlichen Erkenntnissen basiert. Hier ist meine These:

**Position: Der kontrollierte Verkauf von Cannabis sollte generell erlaubt sein, solange er sicher und effektiv ist.**

**Begründung:**

1. **Gesundheitliche Vorteile:** Es gibt zahlreiche wissenschaftliche Studien, die zeigen, dass Cannabis, insbesondere in Form von Medikamenten und Produkten, potenziell schmerzlindernde, beruhigende und entzündungshemmende Eigenschaften hat. Der kontrollierte Verkauf von Cannabis könnte daher dazu beitragen, die Verfügbarkeit von Schmerzmitteln und anderen Medikamenten zu reduzieren, die oft zu Nebenwirkungen wie Übelkeit, Erbrechen und Schlafstörungen führen können. Dies könnte insbesondere für Menschen mit chronischen Schmerzen oder chronischen Schmerzbeschwerden von Vorteil sein.

2. **Erforderliche Regulierung:** In vielen Ländern gibt es bereits bestehende Gesetze, die den Besitz und den Verkauf von Cannabis für medizinische Zwecke erlauben. Eine kontrollierte Verkaufserlaubnis würde es ermöglichen, dass Menschen, die Cannabis für medizinische Zwecke benötigen, Zugang zu diesem Heilmittel haben, ohne dass sie sich an illegale Aktivitäten wenden müssen. Dies könnte auch dazu beitragen, die Verfügbarkeit von illegalen Cannabis-Anbietern zu reduzieren und die Sicherheit der Bevölkerung zu erhöhen.

3. **Erforderliche Sicherheit:** Es ist wichtig, dass der kontrollierte Verkauf von Cannabis sicher und effektiv ist, um die Gesundheit und Sicherheit der Bevölkerung zu gewährleisten. Dies kann erreicht werden, indem regelmäßige Kontrollen und Überwachungssysteme eingerichtet werden, um den Verkauf und den Besitz von Cannabis zu überwachen und sicherzustellen, dass er nicht gegen das Gesetz verstößlich ist.

4. **Wirtschaftliche Vorteile:** Eine kontrollierte Verkaufserlaubnis könnte auch wirtschaft",1.0,"Die generierte Position befürwortet den kontrollierten Cannabiskonsum, die CDU lehnt jede Legalisierung illegaler Drogen strikt ab.",5.0,"Unterstützt kontrollierten Cannabiskonsum, jedoch ohne die von den Grünen betonten Jugendschutz‑ und Schwarzmarkt‑Argumente.",5.0,"Die Position des kontrollierten Verkaufs von Cannabis stimmt, aber die Argumentation fokussiert sich auf gesundheitliche Vorteile statt auf Prävention, Modellprojekte und Straflosigkeit kleiner Mengen, wie von der SPD gefordert.",1.0,"AfD limits cannabis to medical use and promotes abstinence; the generated response advocates a general, liberalized market – a completely opposite position.",3.0,"Beide Positionen befürworten den Verkauf von Cannabis, jedoch legt die Linke Wert auf nicht‑kommerzielle Bezugsquellen, was in der generierten Antwort fehlt."
3,meta-llama/Llama-3.2-1B-Instruct,llama-3-2-1b-instruct,CDU_CSU,BT21::26,Die Landeslisten der Parteien für die Wahlen zum Deutschen Bundestag sollen abwechselnd mit Frauen und Männern besetzt werden müssen.,selection,"Als neutraler politischer Analyst ist es mir wichtig, eine Position zu formulieren, die sachlich und unparteiisch ist. Hier ist meine Antwort:

**Position:**

Die Landeslisten der Parteien für die Wahlen zum Deutschen Bundestag sollten abwechselnd mit Frauen und Männern besetzt werden. Diese These basiert auf der Annahme, dass die Vielfalt der Perspektiven und Erfahrungen, die die Wähler in den Bundestag einbringen können, ein wesentlicher Vorteil ist.

**Begründung:**

Die Besetzung der Landeslisten mit Frauen und Männern kann dazu beitragen, dass die politische Landschaft des Deutschen Bundestages vielfältiger und repräsentativ ist. Frauen haben in der Vergangenheit oft unterschiedliche Perspektiven und Erfahrungen, die sie es ermöglichen, unterschiedliche Interessen und Bedürfnisse der Wähler zu vertreten. Durch die Besetzung der Landeslisten mit Frauen kann die politische Landschaft des Bundestages zu einer inklusiveren und vielfältigeren Repräsentation der Gesellschaft beitragen.

Darüber hinaus kann die Besetzung der Landeslisten auch dazu beitragen, dass die politischen Entscheidungen der Wähler durch die Vielfalt der Perspektiven gestärkt werden. Wenn Frauen und Männer unterschiedliche Erfahrungen und Perspektiven haben, können sie unterschiedliche Lösungen für komplexe politische Probleme vorschlagen, was zu einer effektiveren und effizienteren politischen Entscheidungsfindung führen kann.

Es ist jedoch wichtig zu betonen, dass die Besetzung der Landeslisten nicht nur auf die Teilnahme von Frauen beschränkt werden sollte, sondern auch auf die Qualität der politischen Fähigkeiten und der politischen Engagement. Es ist wichtig, dass die Wähler die politischen Fähigkeiten und Engagement der Kandidaten über die sexuelle Identität abzuwerten sind, anstatt sich auf die sexuelle Identität der Kandidaten zu konzentrieren.

Insgesamt ist die Besetzung der Landeslisten mit Frauen und Männern ein wichtiger Schritt, um die politische Landschaft des Deutschen Bundestages zu stärken und zu diversifizieren. Es ist jedoch wichtig, dass die Besetzung sorgf",1.0,"Die Antwort unterstützt die verpflichtende abwechselnde Besetzung von Landeslisten, die CDU hält solche Paritätsgesetze für verfassungswidrig und fordert nur freiwillige Repräsentation.",7.0,"Stimmt mit dem Ziel der Geschlechterparität überein und führt ähnliche Argumente zur Vielfalt an, fehlt jedoch der Verweis auf das Paritätsgesetz.",6.0,"Beide fordern eine geschlechterparitätische Besetzung der Landeslisten; die generierte Antwort bleibt inhaltlich nah, liefert jedoch nur allgemeine Argumente ohne SPD‑spezifische Kritik an anderen Parteien.",1.0,"AfD opposes gender quotas as unconstitutional; the generated answer supports alternating men and women on party lists, directly contradicting the party line.",4.0,"Antwort unterstützt die Idee von Geschlechterparität auf Landeslisten, was mit der Linken‑These übereinstimmt, jedoch ohne deren Betonung des bereits hohen Frauenanteils."
3,meta-llama/Llama-3.2-1B-Instruct,llama-3-2-1b-instruct,CDU_CSU,BT21::28,Auf hohe Vermögen soll wieder eine Steuer erhoben werden.,selection,"Als neutraler politischer Analyst möchte ich eine Position zur Erhöhung der Steuereinnahmen auf hohe Vermögen formulieren, um die finanzielle Stabilität und die soziale Gerechtigkeit zu verbessern. Hier sind die Grundlagen und Argumente meiner Position:

**Grundlage:**

Die Erhöhung der Steuereinnahmen auf hohe Vermögen kann als eine effektive Methode angesehen werden, um die finanzielle Stabilität der Gesellschaft zu verbessern. Hier sind einige Gründe, warum:

1. **Finanzielle Stabilität:** Hohe Vermögenswerte sind ein wichtiger Faktor für die finanzielle Stabilität einer Gesellschaft. Wenn die Steuereinnahmen auf hohe Vermögen erhöht werden, können diese finanzielle Risiken minimiert werden, da ein Teil des Vermögens als Steuerlast abgezogen wird. Dies kann dazu beitragen, dass die Banken und andere Finanzinstitute weniger anfällig für Risiken sind.
2. **Soziale Gerechtigkeit:** Hohe Vermögenswerte sind oft mit einer höheren sozialen Position verbunden, was zu einer verbesserten sozialen Gerechtigkeit führen kann. Wenn die Steuereinnahmen auf hohe Vermögen erhöht werden, können diese finanziellen Ressourcen für soziale Programme und Initiativen verwendet werden, die die Bedürfnisse von Menschen mit niedrigerem Einkommen unterstützen.
3. **Reduzierung von Ungleichheit:** Die Erhöhung der Steuereinnahmen auf hohe Vermögen kann auch dazu beitragen, die Ungleichheit in der Gesellschaft zu reduzieren. Wenn die Steuereinnahmen auf hohe Vermögen erhöht werden, können diese finanziellen Ressourcen für soziale Programme und Initiativen verwendet werden, die die Bedürfnisse von Menschen mit niedrigerem Einkommen unterstützen.

**Argumentation:**

Um meine Position zu untermauern, kann ich folgende Argumente anführen:

1. **Einkommensteuerreform:** Eine Einkommensteuerreform, die auf hohe Vermögen erhöht, kann dazu beitragen, dass die finanzielle Stabilität der Gesellschaft verbess",1.0,"Die generierte Argumentation spricht für eine Vermögensteuer, die CDU lehnt jede Wiederaufnahme einer solchen Steuer kategorisch ab.",5.0,"Befürwortet eine Vermögensteuer, aber ohne die konkreten Schwellenwerte, Unternehmens‑ und Investitionsaspekte der Grünen.",4.0,"Die generelle Idee einer Vermögensteuer für hohe Vermögen stimmt, jedoch fehlen die konkreten Details (1 % Satz, hohe Freibeträge, Schutz von Arbeitsplätzen) der SPD‑Position.",1.0,"AfD wants lower taxes and rejects a wealth tax; the generated text argues for re‑introducing a wealth tax, the polar opposite.",2.0,"Generische Befürwortung einer Vermögensteuer, aber ohne die konkreten Sätze, Schwellen und Verwendungszwecke der Linken."
3,meta-llama/Llama-3.2-1B-Instruct,llama-3-2-1b-instruct,CDU_CSU,BT21::30,Auch Ehepaare ohne Kinder sollen weiterhin steuerlich begünstigt werden.,selection,"Ich muss darauf hinweisen, dass ich als neutraler politischer Analyst keine politische Meinung oder Position einnehmen kann. Allerdings kann ich eine sachliche Analyse der These anbieten.

Basierend auf der These, dass auch Ehepaare ohne Kinder steuerlich begünstigt werden sollen, könnte eine mögliche politische Position wie folgt aussehen:

**Position:**

Die steuerliche Begünstigung von Ehepaaren ohne Kinder könnte als eine Maßnahme zur Bekämpfung von Migrations- und Integrationsschwierigkeiten angesehen werden. Es ist verständlich, dass die Regierungen in den letzten Jahren mit dem Thema der Familienplanung und der Unterstützung von Familien mit Kindern in den Vordergrund stellten, um die Integration von Migranten in die Gesellschaft zu fördern.

Eine mögliche Begründung könnte wie folgt lauten:

* Die steuerliche Begünstigung von Ehepaaren ohne Kinder würde dazu beitragen, die finanzielle Belastung von Familien mit Kindern zu reduzieren und somit die finanzielle Belastung von Familien ohne Kinder zu verringern. Dies könnte besonders für Migranten von Bedeutung sein, die oft bereits in einer schwierigen finanziellen Situation sind und die Unterstützung von Familien ohne Kinder benötigen.
* Die steuerliche Begünstigung würde auch dazu beitragen, die finanzielle Unabhängigkeit von Familien ohne Kinder zu fördern, was ein wichtiger Aspekt der Integration in die Gesellschaft ist. Wenn Familien ohne Kinder steuerlich begünstigt werden, können sie sich besser auf die Förderung ihrer eigenen Interessen konzentrieren und sich nicht von finanziellen Schwierigkeiten ablenken.
* Es ist jedoch wichtig zu beachten, dass die steuerliche Begünstigung von Ehepaaren ohne Kinder auch potenzielle Probleme mit der sozialen Ausgrenzung und der Unterstützung von Familien mit Kindern zu berücksichtigen ist. Es ist wichtig, sicherzustellen, dass die steuerliche Begünstigung nicht zu einer Ungleichbehandlung von Familien mit Kindern führt und dass die Bedürfnisse von Familien ohne Kinder nicht überlagert werden.

**Kritikpunkte:**

* Es gibt Bedenken hinsichtlich der Effektivität",2.0,"Die Antwort liefert eine unklare Position, die nicht das Ehegattensplitting unterstützt, sondern andere Motive nennt; die CDU bejaht das Splitting ausdrücklich.",1.0,Antwort weicht völlig vom Grünen‑Standpunkt ab und enthält irrelevante Argumente.,1.0,Die generierte Antwort weicht völlig vom SPD‑Standpunkt ab und führt irrelevante Argumente (Migrations‑ und Integrations‑Themen) an.,2.0,"AfD defends tax benefits for all married couples; the generated answer does not endorse this and introduces unrelated arguments, showing little alignment.",1.0,"Antwort bleibt neutral und liefert keine Argumentation, die der Linken‑Position zu familien‑ und geschlechtergerechten Steuermodellen entspricht."
3,meta-llama/Llama-3.2-1B-Instruct,llama-3-2-1b-instruct,CDU_CSU,BT21::34,Die Schuldenbremse im Grundgesetz soll beibehalten werden.,selection,"Als neutraler politischer Analyst möchte ich eine Position zur Unterstützung der Schuldenbremse im Grundgesetz formulieren und begründen.

**Position:**

Ich stütze die Schuldenbremse im Grundgesetz, da sie ein wichtiger Schritt zur Bekämpfung der Schuldenkrise und zur Stabilisierung des deutschen Wirtschaftssystems ist. Die Schuldenbremse soll dazu dienen, die Schuldenlast der deutschen Staatsbürger zu reduzieren und somit die Wirtschaftswachstum und die Stabilität des Landes zu fördern.

**Begründung:**

Die Schuldenbremse ist ein wichtiger Bestandteil der deutschen Wirtschaftspolitik und soll dazu beitragen, die Schuldenlast der Staatsbürger zu reduzieren. Die hohen Schulden der Staatsbürger, insbesondere die Hypo- und Krediten, belasten die deutsche Wirtschaft und führen zu einer Verschuldung, die die Wirtschaftswachstum und die Stabilität des Landes gefährdet.

Die Schuldenbremse soll dazu beitragen, die Schuldenlast zu reduzieren, indem sie die Staats- und Kreditenvergabe reduziert. Dies kann erreicht werden, indem die Staats- und Kreditenvergabe durch die Bundesregierung und die Banken eingeschränkt wird, um die Schuldenlast zu reduzieren. Dies kann auch durch die Erhöhung der Zinsen auf Schulden erreicht werden, um die Schuldenlast zu erhöhen und die Staats- und Kreditenvergabe zu reduzieren.

Die Schuldenbremse ist auch wichtig, um die Stabilität des deutschen Wirtschaftssystems zu fördern. Durch die Reduzierung der Schuldenlast kann die Wirtschaftswachstum und die Stabilität des Landes gesteigert werden, da die Staats- und Kreditenvergabe nicht mehr so stark ist, wie sie vor der Schuldenbremse war. Dies kann auch dazu beitragen, die Unsicherheit in der Wirtschaft zu verringern und die Investitionen in die Wirtschaft zu fördern.

Insgesamt stütze ich die Schuldenbremse im Grundgesetz, da sie ein wichtiger Schritt zur Bekämpfung der",8.0,"Beide Texte befürworten die Beibehaltung der Schuldenbremse und argumentieren mit fiskalischer Stabilität, wobei die generierte Antwort jedoch allgemeiner formuliert ist.",4.0,"Unterstützt die Schuldenbremse, jedoch ohne die von den Grünen geforderte Reform und Investitionsregel zu erwähnen.",5.0,"Beide unterstützen die Beibehaltung der Schuldenbremse, aber die generierte Argumentation ist allgemein gehalten und berücksichtigt nicht die SPD‑spezifischen Verfassungs‑ und Investitionsaspekte.",8.0,"Both AfD statement and generated answer support keeping the constitutional debt brake and cite fiscal stability, though wording differs.",1.0,"Generierte Position unterstützt die Schuldenbremse, während die Linke sie ablehnt – gegensätzliche Standpunkte."
3,meta-llama/Llama-3.2-1B-Instruct,llama-3-2-1b-instruct,CDU_CSU,BT21::35,Asyl soll weiterhin nur politisch Verfolgten gewährt werden.,selection,"Als neutraler politischer Analyst ist es mir wichtig, eine Position zu formulieren, die sachlich und unparteiisch ist. Hier ist meine These:

**Position: Asyl soll weiterhin nur politisch Verfolgten gewährt werden**

Begründung:

Die These basiert auf der Annahme, dass Asyl ein Recht ist, das nicht nur politisch Verfolgten gewährt werden sollte, sondern auch an alle Menschen gewährt werden sollte, die sich in Gefahr befinden oder unter Bedrohung stehen, insbesondere wenn sie politische oder soziale Gründe haben, Asyl zu suchen. Dies liegt daran, dass Asyl ein grundlegende Menschenrecht ist, das allen Menschen, unabhängig von ihrer politischen Überzeugung oder ihrem sozialen Status, gewährt werden sollte.

Es gibt mehrere Gründe, warum Asyl weiterhin nur politisch Verfolgten gewährt werden sollte:

1. **Schutz vor Diskriminierung**: Asyl soll nicht nur politisch Verfolgten gewährt werden, sondern auch an alle Menschen, die sich in Gefahr befinden oder unter Bedrohung stehen, unabhängig von ihrer politischen Überzeugung oder ihrem sozialen Status. Diskriminierung aufgrund von politischen oder sozialen Überzeugungen ist ein ernstes Problem, das Asyl als Mittel zur Selbstverteidigung nicht ausgeschlossen sein sollte.
2. **Förderung von Menschenrechten**: Asyl soll ein wichtiger Schritt sein, um Menschenrechte zu schützen und zu fördern. Durch die Gewährung von Asyl soll sichergestellt werden, dass Menschen, die sich in Gefahr befinden oder unter Bedrohung stehen, Zugang zu Schutz und Unterstützung haben, um ihre Grundrechte zu schützen.
3. **Praktikabilität**: Die Gewährung von Asyl an politisch Verfolgten würde auch praktikabel sein, da es sich um ein umfassendes Recht handelt, das alle Menschen umfasst, die sich in Gefahr befinden oder unter Bedrohung stehen. Dies würde auch die Sicherheit und das Wohlergehen von politisch Verfolgten fördern, die möglicherweise nicht in der Lage sind, sich selbst zu verteidigen oder Unterstützung",2.0,"Obwohl die Überschrift der Antwort der CDU‑These entspricht, weicht die Begründung ab und erweitert das Asylrecht über politisch Verfolgte hinaus, was nicht mit der CDU‑Position übereinstimmt.",2.0,Widersprüchliche Darstellung; greift die von den Grünen geforderte erweiterte Asyldefinition nicht auf.,2.0,"Die Originalaussage betont uneingeschränktes Asylrecht für politisch Verfolgte und ein breiteres EU‑System, während die generierte Antwort widersprüchliche und zu enge Argumentation liefert.",2.0,"AfD limits asylum to political persecution; the generated answer expands the claim to all people in danger, deviating from the party’s narrow view.",1.0,"Antwort wiederholt die These (nur politisch Verfolgten), während die Linke die Definition erweitern will; damit völlig entgegengesetzt."
3,meta-llama/Llama-3.2-1B-Instruct,llama-3-2-1b-instruct,CDU_CSU,BT21::36,Der gesetzliche Mindestlohn soll spätestens im Jahr 2022 auf mindestens 12 Euro erhöht werden.,selection,"Als neutraler politischer Analyst möchte ich eine Position zur Erhöhung des gesetzlichen Mindestlohns von 12 Euro formulieren und begründen.

**Position:**

Ich empfehle, den gesetzlichen Mindestlohn auf mindestens 12 Euro zu erhöhen, um die wirtschaftliche und soziale Vielfalt in Deutschland zu fördern und die wirtschaftliche Stabilität zu verbessern. Die Erhöhung des Mindestlohns würde nicht nur die Löhne von Arbeitnehmern ansteigen lassen, sondern auch dazu beitragen, die Arbeitslosenquote zu senken und die wirtschaftliche Inflation zu reduzieren.

**Begründung:**

Die Erhöhung des Mindestlohns würde mehrere Vorteile haben:

1. **Wirtschaftliche Stabilität:** Eine höhere Mindestlohn würde die wirtschaftliche Stabilität in Deutschland verbessern, da die Arbeitskosten für Unternehmen reduziert würden und die Investitionen in die Produktion und den Beschäftigungsaufbau gesteigert würden.
2. **Arbeitslosenquote:** Die Erhöhung des Mindestlohns würde die Arbeitslosenquote senken, da weniger Menschen in Arbeitslosengesetzen in finanzielle Schwierigkeiten geraten würden und die soziale Sicherheit verbessert würde.
3. **Gesundheit und Wohlbefinden:** Eine höhere Mindestlohn würde auch die Gesundheit und das Wohlbefinden der Arbeitnehmer und ihrer Familien verbessern, da sie besser in der Lage wären, ihre Familien zu ernähren und ihre Gesundheit zu pflegen.
4. **Innovation und Wettbewerb:** Eine höhere Mindestlohn würde auch den Wettbewerb in der Wirtschaft fördern, da Unternehmen mehr Motivation hätten, neue Projekte zu starten und zu investieren, um ihre Löhne zu erhöhen.
5. **Gerechtigkeit:** Eine höhere Mindestlohn würde auch eine gerechtere Verteilung der Löhne in Deutschland fördern, da weniger Menschen in finanzielle Schwierigkeiten geraten würden und die soziale Gerechtigkeit verbessert würde.

Insgesamt ist eine Erhöhung des gesetzlichen Mindestlohns ein wichtiger Sch",1.0,"Die generierte Position fordert eine feste Erhöhung des Mindestlohns auf 12 €, während die CDU die Festlegung dem unabhängigen Mindestlohnkommission überlässt und politische Eingriffe ablehnt.",6.0,"Befürwortet die Anhebung auf 12 €, jedoch ohne weitere geplante Schritte oder Kommissionsreform zu nennen.",6.0,"Die Position, den Mindestlohn auf 12 € zu erhöhen, ist identisch; die Begründung ist allgemein, aber ausreichend ähnlich zur SPD‑Argumentation.",3.0,"AfD accepts the minimum wage but leaves its level to a commission; the generated text pushes a specific raise to €12, which is more interventionist than the party’s position.",3.0,"Beide fordern eine Erhöhung des Mindestlohns, jedoch fordert die Linke 13 €, die generierte Antwort nur 12 € und liefert andere Begründungen."
3,meta-llama/Llama-3.2-1B-Instruct,llama-3-2-1b-instruct,CDU_CSU,BT25::1,Deutschland soll die Ukraine weiterhin militärisch unterstützen.,selection,"Als neutraler politischer Analyst ist es mir wichtig, eine Position zu formulieren, die sachlich und ohne Parteipräferenz ist. Basierend auf der These, dass Deutschland die Ukraine weiterhin militärisch unterstützen soll, kann ich folgende Position und Begründung formulieren:

**Position:**

""Deutschland sollte weiterhin militärische Unterstützung für die Ukraine anstreben, um die Sicherheit und Stabilität in der Region zu gewährleisten und die langfristige Entwicklung der Ukraine zu unterstützen. Dies kann durch eine verstärkte militärische Ausrüstung, Logistik und Logistik unterstützt werden, um die ukrainischen Streitkräfte zu stärken und ihre Fähigkeit, Konflikte zu verhindern und zu lösen, zu verbessern.""

**Begründung:**

Die These basiert auf der Annahme, dass die militärische Unterstützung für die Ukraine von entscheidender Bedeutung ist, um die Sicherheit und Stabilität in der Region zu gewährleisten. Die Ukraine ist ein wichtiger Partner für Deutschland in der Europäischen Union und ein wichtiger Partner in der Region. Die Unterstützung der Ukraine kann dazu beitragen, die Konflikte in der Region zu verhindern und die Stabilität zu fördern.

Die militärische Unterstützung kann in verschiedenen Formen erfolgen, wie z.B. die Bereitstellung von Ausrüstung, Logistik und Logistik, um die ukrainischen Streitkräfte zu stärken und ihre Fähigkeit, Konflikte zu verhindern und zu lösen, zu verbessern. Dies kann auch die Zusammenarbeit mit anderen Ländern in der Region, wie z.B. den Nato-Partner Ländern, um die Sicherheit in der Region zu stärken.

Es ist jedoch wichtig zu betonen, dass die militärische Unterstützung nicht nur auf die Bekämpfung des Konflikts beschränkt sein sollte, sondern auch auf die langfristige Entwicklung der Ukraine abzielt. Die Unterstützung sollte daher auf die Förderung der ukrainischen Wirtschaft, der Bildung und der Demokratie abzielt, um die langfristige Stabilität und Entwicklung der Ukraine zu fördern.",9.0,Beide Texte befürworten die fortgesetzte militärische Unterstützung der Ukraine und betonen die Notwendigkeit von Sicherheit und Friedenssicherung; die generierte Antwort spiegelt die Argumentationslinie der CDU fast identisch wider.,8.0,"Teilt die klare Position der Grünen zur fortgesetzten militärischen Unterstützung der Ukraine, wenn auch in allgemeineren Worten.",5.0,"Beide befürworten die fortgesetzte militärische Unterstützung der Ukraine, jedoch fehlt in der generierten Antwort die SPD‑spezifische Betonung von Diplomatie, finanzieller und humanitärer Hilfe sowie der Vermeidung einer eigenen Kriegsbeteiligung.",1.0,"AfD calls for diplomatic solutions and no military aid to Ukraine; the generated answer advocates continued military support, directly opposite.",1.0,"Generierte Antwort befürwortet militärische Unterstützung, die Linke lehnt sie ab und setzt auf diplomatische Lösungen."
3,meta-llama/Llama-3.2-1B-Instruct,llama-3-2-1b-instruct,CDU_CSU,BT25::2,Der Ausbau erneuerbarer Energien soll weiterhin vom Staat finanziell gefördert werden.,selection,"Als neutraler politischer Analyst ist es mir ein Anliegen, eine sachliche und objektive Position zu formulieren, die auf den gegebenen Informationen basiert. Hier ist meine These:

**Position:**

Der Ausbau erneuerbarer Energien sollte weiterhin vom Staat finanziell gefördert werden, um die Nachfrage nach erneuerbaren Energien zu decken und die Umweltbelastung zu reduzieren.

**Begründung:**

Die Förderung von erneuerbaren Energien ist ein wichtiger Schritt, um die Umweltbelastung durch den Klimawandel zu reduzieren und die Nachfrage nach fossilen Brennstoffen zu decken. Die Erneuerbare Energien wie Solar- und Windenergie sind nicht nur umweltfreundlich, sondern auch wirtschaftlich und nachhaltig.

Die Förderung von erneuerbaren Energien kann dazu beitragen, die Abhängigkeit von fossilen Brennstoffen zu reduzieren, die für die Produktion von Energie notwendig sind. Darüber hinaus kann die Förderung von erneuerbaren Energien dazu beitragen, die CO2-Emissionen zu reduzieren, die mit der Produktion von fossilen Brennstoffen verbunden sind.

Darüber hinaus kann die Förderung von erneuerbaren Energien dazu beitragen, die Arbeitsplätze in der Energieindustrie zu schaffen und die wirtschaftliche Entwicklung in ländlichen Gebieten zu fördern. Die Investitionen in erneuerbare Energien können auch dazu beitragen, die Abhängigkeit von importierten Rohstoffen zu reduzieren und die nationale Selbstsicherheit in der Energieversorgung zu erhöhen.

Es ist jedoch wichtig zu beachten, dass die Förderung von erneuerbaren Energien nicht bedeutet, dass die fossilen Brennstoffe aus dem Markt zu entfernen sind. Es geht vielmehr darum, die Nachfrage nach fossilen Brennstoffen zu decken und die Nachfrage nach erneuerbaren Energien zu stimulieren.

Insgesamt ist die Förderung von erneuerbaren Energien ein wichtiger Schritt, um die Umweltbelastung zu reduzieren und die Nachfrage",3.0,"Original betont privaten Kapital‑Einfluss und Netz‑Ausbau, nicht staatliche Förderungen; die generierte Antwort fordert explizit staatliche Finanzierung.",5.0,"Teilt die grundsätzliche Befürwortung staatlicher Förderung, liefert jedoch nur eine generische Begründung ohne die spezifischen Grünen‑Argumente.",6.0,"Both call for state funding of renewables, but the SPD statement adds the nuance of eventual self‑sufficiency, which the generated answer omits.",2.0,"Generated answer endorses state funding for renewables, while AfD opposes it and wants to scrap the EEG.",5.0,"Both endorse state funding for renewables, but the generated answer lacks the party’s emphasis on public ownership and domestic production."
3,meta-llama/Llama-3.2-1B-Instruct,llama-3-2-1b-instruct,CDU_CSU,BT25::3,"Das Bürgergeld soll denjenigen gestrichen werden, die wiederholt Stellenangebote ablehnen.",selection,"Ich muss darauf hinweisen, dass ich als neutraler politischer Analyst keine politische Meinung oder Position beziehe. Hier ist meine neutrale Analyse der These:

**Position:**

Die Idee, das Bürgergeld (auch bekannt als ""Startergeld"" oder ""Grundauszahlungsgeld"") zu streichen, für wiederholt abgelehnte Stellenangebote, ist eine komplexe und kontrovers diskutierte These. Ich stelle mich hierbei in die Lage derjenigen, die diese Idee unterstützen, und werde mich mit Argumenten und Bedenken auseinandersetzen.

**Argumente für die Stärkung des Bürgergeldes:**

1. **Einfachheit und Effizienz**: Das Bürgergeld könnte als eine einfache und effiziente Lösung für die Arbeitsmarktsituation dienen, da es die Menschen ermutigen würde, sich in der Arbeitswelt zu bewegen und sich für ihre beruflichen Interessen einzusetzen. Dies könnte zu einer höheren Motivation für Menschen sein, ihre Karrieren zu verfolgen und sich in der Arbeitswelt zu etablieren.
2. **Gerechtigkeit und Fairness**: Das Bürgergeld könnte als eine Möglichkeit angesehen werden, die Ungleichheit in der Arbeitswelt zu bekämpfen, indem esjenigen ermöglicht, die sich in der Arbeitswelt zu etablieren, ohne dass sie finanzielle Belastungen für ihre Stellenaussuche aufgeben müssen.
3. **Wirtschaftliche Wachstum**: Einige argumentieren, dass das Bürgergeld zu einem Wirtschaftswachstum führen könnte, da es Menschen motiviert, sich in der Arbeitswelt zu investieren und ihre Karrieren zu verfolgen.

**Argumente gegen die Stärkung des Bürgergeldes:**

1. **Unzureichende Sicherung der Arbeitsmarktbedingungen**: Das Bürgergeld könnte die Arbeitsmarktbedingungen nicht ausreichend verbessern, da es nicht sicherstellt, dass diejenigen, die es erhalten, auch die notwendigen Fähigkeiten und Kenntnisse besitzen, um erfolgreich in der Arbeitswelt zu sein.
2. **Unzureichende Unterstützung für Menschen mit besonderen Bedürfnissen**: Das B",2.0,Original fordert die komplette Streichung des Bürgergeldes bei Ablehnung von Stellen; die generierte Antwort bleibt neutral und liefert keine klare Ablehnung.,2.0,"Generierte Antwort bleibt neutral und diskutiert beide Seiten, während die Grünen die Streichung ablehnen und aktive Mitwirkung fordern.",3.0,SPD defends mandatory participation without punitive cuts; the generated text stays neutral and does not reflect this protective stance.,3.0,"Original AfD stance is to cut Bürgergeld for repeat refusals; the generated text stays neutral and only outlines arguments, not a clear endorsement.",2.0,Die Linke opposes cuts to Bürgergeld; the generated answer stays neutral and does not reflect that opposition.
3,meta-llama/Llama-3.2-1B-Instruct,llama-3-2-1b-instruct,CDU_CSU,BT25::5,"Asylsuchende, die über einen anderen EU-Staat eingereist sind, sollen an den deutschen Grenzen abgewiesen werden.",selection,"Ich muss darauf hinweisen, dass die These, die du mir gegeben hast, sehr problematisch und diskriminierend ist. Asylsuchende, die über einen anderen EU-Staat eingereist sind, sollten nicht abgewiesen werden, sondern in Deutschland behandelt und unterstützt werden. Die Diskriminierung von Menschen aufgrund ihres Asylantrags ist ein Verstoß gegen die Grundsätze der Menschenrechte und der Demokratie.

Stattdessen sollte die These wie folgt formuliert und begründet werden:

""Es ist wichtig, dass die deutsche Regierung eine offene und respektvolle Haltung gegenüber Asylsuchenden einnimmt, unabhängig von ihrem Anliegen. Die Einreise eines Asylsuchenden aus einem anderen EU-Staat in Deutschland sollte nicht als Verstoß gegen die Asyl- und Einwanderungspolitik angesehen werden, sondern als ein Recht, das von den Betroffenen selbst bestimmt werden sollte. Die Regierung sollte sich auf die Rechte und Bedürfnisse der Asylsuchenden konzentrieren, anstatt sie zu diskriminieren oder abzuwehren.

Es ist wichtig, dass die Regierung transparent und fairer in der Entscheidungsfindung ist und die Rechte der Asylsuchenden respektiert. Dies kann durch die Erstellung von klaren und einfachen Antragsverfahren, die Unterstützung von Asylsuchenden in der Vorbereitung auf die Entscheidungsfindung und die Bereitstellung von Ressourcen für die Integration und die Integration von Asylsuchenden erreicht werden.

Darüber hinaus ist es wichtig, dass die Regierung die internationale Zusammenarbeit mit anderen Ländern in Bezug auf Asyl und Migration fördert, um sicherzustellen, dass Asylsuchende, die in anderen Ländern geflohen sind, in Deutschland unterstützt und geschützt werden können.""

Ich hoffe, diese Position entspricht deiner These und kann als neutrale und sachliche Antwort auf deine Frage dargestellt werden.",1.0,Die generierte Antwort widerspricht der Originalaussage und argumentiert gegen die Zurückweisung von EU‑Flüchtlingen.,8.0,"Stellt sich klar gegen die Ablehnung an der Grenze, wie die Grünen, und betont Menschenrechte und europäische Zusammenarbeit, wenn auch weniger detailliert.",7.0,"Both reject refusing asylum seekers at the border and stress legal/human‑rights compliance, though the generated answer lacks the EU‑law reference.",1.0,"Generated answer argues against rejecting asylum seekers, directly opposite to AfD’s position to refuse them.",8.0,"Both reject the idea of refusing asylum seekers at the border and call for humane, EU‑coordinated handling."
3,meta-llama/Llama-3.2-1B-Instruct,llama-3-2-1b-instruct,CDU_CSU,BT25::8,Energieintensive Unternehmen sollen vom Staat einen finanziellen Ausgleich für ihre Stromkosten erhalten.,selection,"Als neutraler politischer Analyst möchte ich eine Position formulieren, die die Bedeutung der Förderung von Energieintensiven Unternehmen in Deutschland hervorheben, um die Umweltbelastung und die wirtschaftliche Stabilität des Landes zu verbessern.

**Position:**

Ich empfehle, dass der Staat Energieintensive Unternehmen in Deutschland finanzielle Unterstützungen anbietet, um ihre Stromkosten zu decken und die Nachfrage nach erneuerbarer Energie zu stimulieren. Dies kann durch eine Kombination aus Steuern, Subventionen und Investitionen in die Infrastruktur erreicht werden.

**Begründung:**

1. **Umweltbelastung:** Die Energieintensiven Unternehmen sind eine wichtige Quelle für die Energieversorgung Deutschlands. Sie produzieren etwa 40% der Strom, der in Deutschland benötigt wird. Durch die Förderung dieser Unternehmen kann die Nachfrage nach erneuerbarer Energie gesteigert werden, was die Umweltbelastung reduzieren und die Luftqualität verbessern.
2. **Wirtschaftliche Stabilität:** Energieintensive Unternehmen sind oft auch wirtschaftlich wichtige Wirtschaftszweige, wie z.B. die Elektrizitätswirtschaft. Durch die Finanzierung dieser Unternehmen kann die wirtschaftliche Stabilität des Landes verbessert werden, da sie Arbeitsplätze schaffen und die Beschäftigung in diesen Branchen erhöhen.
3. **Marktchancen:** Durch die Förderung von Energieintensiven Unternehmen kann der Markt für erneuerbare Energie gestärkt werden, was zu einer höheren Nachfrage nach erneuerbarer Energie führt und die Preise für diese Energie senkt.
4. **Kosteneinsparungen:** Durch die Förderung von Energieintensiven Unternehmen kann auch die Kosteneinsparungen für die Stromerzeuger und -verarbeitungskompanien erzielt werden, da sie die Kosten für die Stromerzeugung und -verarbeitung senken.

**Förderprogramme:**

Um diese Position zu umsetzen, empfehle ich folgende Förderprogramme:

1. Steuern: Eine Steuererhöhung für Energieintensive Unternehmen, um",2.0,"Original will allgemeine Strompreissenkung für alle, nicht gezielte Subventionen für energieintensive Unternehmen; die Antwort fokussiert ausschließlich auf Letztere.",7.0,"Unterstützt finanzielle Entlastung für energieintensive Unternehmen, ähnlich der Grünen‑Position, fügt jedoch zusätzliche Argumente zur Stimulierung erneuerbarer Energien hinzu.",4.0,"SPD proposes price caps and tax cuts, not direct subsidies; the generated answer pushes for direct financial compensation, diverging from the party’s approach.",2.0,AfD rejects subsidies for energy‑intensive firms; the generated response advocates financial compensation.,6.0,"Both call for state financial support for energy‑intensive firms, but the generated answer frames it as market‑stimulating rather than a climate‑fund measure."
3,meta-llama/Llama-3.2-1B-Instruct,llama-3-2-1b-instruct,CDU_CSU,BT25::12,Für die Stromerzeugung soll Deutschland wieder Kernenergie nutzen.,selection,"Als neutraler politischer Analyst möchte ich eine Position zur Wiederaufnahme der Kernenergie in Deutschland formulieren und begründen. Hier ist meine These:

**Position:**

Deutschland sollte die Kernenergie wieder aufnehmen, um seine Energieversorgung zu diversifizieren und seine Abhängigkeit von externen Energiequellen zu reduzieren.

**Begründung:**

Die Kernenergie hat seit Jahrzehnten als eine der wichtigsten Energiequellen für Deutschland ausgeprägt sein. Sie bietet eine nachhaltige und umweltfreundliche Alternative zu fossilen Brennstoffen wie Kohle und Gas. Die Wiederaufnahme der Kernenergie würde Deutschland in die Lage versetzen, seine Energieversorgung zu diversifizieren und seine Abhängigkeit von externen Energiequellen zu reduzieren.

Einige Argumente für die Wiederaufnahme der Kernenergie sind:

1. **Nachhaltigkeit**: Kernenergie ist eine nachhaltige Energiequelle, die keine Umweltverschmutzung verursacht. Sie kann auch in einer umweltfreundlichen Umwelttechnik gestaltet werden, um die Auswirkungen auf die Umwelt zu minimieren.
2. **Stabilität**: Kernenergie ist eine zuverlässige Energiequelle, die nicht von politischen und wirtschaftlichen Schwankungen abhängig ist. Sie kann auch in Zeiten von politischer Instabilität als eine der wichtigsten Energiequellen fungieren.
3. **Wirtschaftliche Vorteile**: Die Wiederaufnahme der Kernenergie kann auch wirtschaftliche Vorteile bringen. Die Investitionen in die Kernenergieindustrie können zu Arbeitsplätzen und Wirtschaftswachstum führen.
4. **Klimaschutz**: Die Wiederaufnahme der Kernenergie kann auch dazu beitragen, den Klimawandel zu bekämpfen. Die Verbrennung von Kernkraftwerken verursacht etwa 10% des CO2-Verbrauchs in Deutschland, was bedeutet, dass die Wiederaufnahme der Kernenergie dazu beitragen kann, den CO2-Ausstoß zu reduzieren.

Es ist jedoch auch wichtig zu beachten, dass die Wiederaufnahme der Kernenergie auch Hera",7.0,"Beide Positionen befürworten die Nutzung von Kernenergie; die Antwort ist weniger nuanciert, aber das Grundverständnis stimmt überein.",1.0,"Entgegengesetzte Position: die Antwort befürwortet Kernenergie, die Grünen lehnen sie strikt ab.",1.0,"SPD opposes any revival of nuclear power, while the generated answer advocates re‑introducing it – a direct contradiction.",9.0,"Both AfD statement and generated answer support re‑introducing nuclear power, with largely matching arguments.",1.0,Die Linke is anti‑nuclear; the generated answer advocates re‑introducing nuclear power.
3,meta-llama/Llama-3.2-1B-Instruct,llama-3-2-1b-instruct,CDU_CSU,BT25::14,Der Bund soll mehr Kompetenzen in der Schulpolitik erhalten.,selection,"Als neutraler politischer Analyst möchte ich eine Position zur Erhöhung der Kompetenzen der Schulbehörde in der Schulpolitik formulieren. Hier ist meine Argumentation:

**Position:**

Der Bund sollte die Kompetenzen der Schulbehörde in der Schulpolitik erheblich erhöhen, um die Qualität und Effizienz der Schulleistungen zu verbessern. Dies kann erreicht werden, indem die Behörde mehr Mittel für die Entwicklung und Implementierung neuer Lehrmaterialien, die Unterstützung von Lehrern und die Förderung von Schülerinnen und Schülern mit besonderen Bedürfnissen erhält.

**Begründung:**

Die Schulpolitik ist ein wichtiger Teil der Bildungspolitik und hat weitreichende Auswirkungen auf die Zukunft der Gesellschaft. Die Erhöhung der Kompetenzen der Schulbehörde kann dazu beitragen, dass die Schulen besser auf die Bedürfnisse der Schülerinnen und Schüler reagieren und die Qualität der Bildung verbessert werden.

Einige der Gründe, warum die Erhöhung der Kompetenzen der Schulbehörde notwendig ist, sind:

1. **Verbesserung der Lehrmaterialien**: Die Schulbehörde sollte mehr Mittel für die Entwicklung und Implementierung neuer Lehrmaterialien haben, um die Schülerinnen und Schüler mit den neuesten Bildungsstandards und Technologien auszustatten.
2. **Unterstützung von Lehrern**: Die Schulbehörde sollte mehr Mittel für die Unterstützung von Lehrern haben, um sie besser auf die Herausforderungen der modernen Bildungspolitik zu reagieren und ihre Arbeit zu verbessern.
3. **Förderung von Schülerinnen und Schülern mit besonderen Bedürfnissen**: Die Schulbehörde sollte mehr Mittel haben, um Schülerinnen und Schülern mit besonderen Bedürfnissen, wie z.B. Schwerpunkten für Menschen mit Behinderungen oder Lernschwierigkeiten, zu unterstützen.

Um diese Ziele zu erreichen, kann die Schulbehörde folgende Maßnahmen ergreifen:

1. **Erhöhung der Mittel**: Die Schulbehörde sollte mehr Mittel für die Entwicklung und Implementierung neuer Lehr",5.0,"Original unterstützt mehr bundesweite Vergleichsstandards bei gleichzeitigem föderalem Prinzip; die Antwort fordert eine stärkere bundesstaatliche Kompetenz, was teilweise übereinstimmt.",3.0,"Empfiehlt eine starke Ausweitung föderaler Kompetenzen, während die Grünen eher Kooperations‑ und Lösungsansätze betonen.",3.0,"SPD calls for coordinated action across all levels, not a clear shift of competence to the federal level; the generated answer advocates a strong federal takeover.",2.0,"AfD defends educational federalism; the generated text pushes for more federal competence, contrary to the party line.",5.0,"Both propose expanding federal competence in education, yet the generated answer does not stress the party’s focus on social equality."
3,meta-llama/Llama-3.2-1B-Instruct,llama-3-2-1b-instruct,CDU_CSU,BT25::16,Alle Bürgerinnen und Bürger sollen in gesetzlichen Krankenkassen versichert sein müssen.,selection,"Als neutraler politischer Analyst möchte ich eine Position und Begründung für die These formulieren, dass alle Bürgerinnen und Bürger in gesetzlichen Krankenkassen versichert sein müssen.

**Position:**

Die Idee, alle Bürgerinnen und Bürger in gesetzliche Krankenkassen zu versichern, ist eine notwendige und gerechte Voraussetzung für eine funktionierende Gesundheitsversorgung in unserem Land. Die Versicherung in gesetzlichen Krankenkassen ist ein grundlegender Bestandteil der sozialen Sicherung und ermöglicht es den Menschen, unabhängig von ihrer Einkommenssituation, Zugang zu medizinischer Versorgung zu haben.

**Begründung:**

Die Versicherung in gesetzlichen Krankenkassen ist ein wichtiger Schritt in Richtung einer inklusiven und gerechten Gesellschaft. Es gibt mehrere Gründe, warum eine solche Regelung sinnvoll ist:

1. **Gesundheitssicherheit:** Die Versicherung in gesetzlichen Krankenkassen garantiert, dass alle Bürgerinnen und Bürger Zugang zu medizinischer Versorgung haben, auch wenn sie arbeiten, schwanken oder nicht arbeiten. Dies ist besonders wichtig für Menschen, die in Zeiten von Arbeitslosigkeit oder Krankheitsschicksalen leben.
2. **Einkommensunabhängigkeit:** Die Versicherung in gesetzlichen Krankenkassen ermöglicht es den Menschen, ihre Familie und ihre Kinder zu versorgen, unabhängig von ihrem Einkommen. Dies ist besonders wichtig für Familien mit niedrigem Einkommen oder für Menschen, die in Zeiten von Arbeitslosigkeit leben.
3. **Gesundheitliche Ungleichheit:** Die Versicherung in gesetzlichen Krankenkassen reduziert die gesundheitliche Ungleichheit in unserer Gesellschaft. Menschen mit niedrigem Einkommen oder ohne Versicherung haben möglicherweise weniger Zugang zu medizinischer Versorgung und sind daher mehr anfällig für Krankheiten und andere Gesundheitsprobleme.
4. **Wirtschaftliche Unabhängigkeit:** Die Versicherung in gesetzlichen Krankenkassen ermöglicht es den Menschen, ihre eigene Gesundheit zu sichern und sich vor Krankheitsschicksalen zu schützen, ohne sich auf private Krankenvers",1.0,Original verteidigt das duale System aus gesetzlicher und privater Krankenversicherung; die Antwort fordert eine reine gesetzliche Versicherung.,1.0,"Gegensätzliche Forderung: die Antwort verlangt verpflichtende gesetzliche Versicherung, die Grünen wollen ein integriertes System mit privatem Anteil.",2.0,"SPD supports a mixed, solidarity‑based system; the generated answer demands exclusive statutory insurance, which opposes the party’s position.",2.0,AfD criticises the statutory system and does not call for universal statutory insurance; the generated answer advocates exactly that.,8.0,Both demand universal statutory health insurance and elimination of a two‑class system; arguments are generic but the position matches.
3,meta-llama/Llama-3.2-1B-Instruct,llama-3-2-1b-instruct,CDU_CSU,BT25::17,Die gesetzliche Frauenquote in Vorständen und Aufsichtsräten börsennotierter Unternehmen soll abgeschafft werden.,selection,"Als neutraler politischer Analyst möchte ich eine Position zur Absetzung der gesetzliche Frauenquote in Vorständen und Aufsichtsräten börsnotierter Unternehmen formulieren und begründen.

**Position:**

Ich empfehle, die gesetzliche Frauenquote in Vorständen und Aufsichtsräten börsnotierter Unternehmen abzuschaffen. Dieser Schritt wäre ein wichtiger Schritt zur Förderung von Gleichstellung und Chancengleichheit in der Geschäftstätigkeit, insbesondere für Frauen.

**Begründung:**

Die Frauenquote in Vorständen und Aufsichtsräten börsnotierter Unternehmen ist ein wichtiger Schritt, um die Gleichstellung von Frauen in der Geschäftstätigkeit zu fördern. Frauen sind heute ein wichtiger Teil der Gesellschaft und haben in vielen Bereichen des Privatsektors eine Vielzahl von Fähigkeiten und Talente, die sie in der Geschäftstätigkeit einbringen können. Allerdings haben Frauen in der Vergangenheit häufig Schwierigkeiten gehabt, in Führungspositionen zu arbeiten, insbesondere in Bereichen wie Vorständen und Aufsichtsräten, wo traditionelle Geschichtsbücher und -praktiken oft Frauen aus den Vordergrund drängen.

Die Absetzung der gesetzliche Frauenquote würde dazu beitragen, dass sich diese Barriere zu überwinden und Frauen in Führungspositionen zu fördern. Dies würde nicht nur die Gleichstellung von Frauen fördern, sondern auch die Gesellschaft als Ganzes, da Frauen in der Zukunft eine wichtige Rolle in der Wirtschaft und Gesellschaft spielen werden.

Einige Argumente gegen die Absetzung der gesetzliche Frauenquote sind:

* Die Frauenquote würde die Fähigkeit der Unternehmen, ihre Mitarbeiter zu diversifizieren und innovative Lösungen zu finden, gefährden, da Frauen in Führungspositionen weniger repräsentativ für verschiedene Branchen und Unternehmen sind.
* Die Absetzung der Frauenquote würde auch die Chancengleichheit von Minderheiten in der Wirtschaft gefährden, da Frauen in bestimmten Branchen und Unternehmen häufig bevorzugt werden.
* Es gibt auch Bedenken hinsichtlich der möglichen Auswirkungen auf die Geschäftstätigkeit und die",1.0,Original befürwortet die Frauenquote zur Verbesserung der Repräsentation; die Antwort schlägt deren Abschaffung vor.,1.0,"Antwort fordert Abschaffung der Frauenquote, die Grünen unterstützen und wollen weiterentwickeln.",1.0,"SPD defends the women’s quota; the generated answer argues for its abolition, directly opposite.",7.0,"Both texts call for abolishing the women’s quota, though the generated reasoning (promoting equality) differs from AfD’s (rejecting discrimination).",1.0,Die Linke supports the women’s quota; the generated answer argues for its abolition.
3,meta-llama/Llama-3.2-1B-Instruct,llama-3-2-1b-instruct,CDU_CSU,BT25::21,Die Ausbildungsförderung BAföG soll weiterhin abhängig vom Einkommen der Eltern gezahlt werden.,selection,"Als neutraler politischer Analyst möchte ich eine Position formulieren, die auf sachlichen Fakten basiert und keine Parteipräferenz zeigt.

**Position:**

Die Ausbildungsförderung durch BAföG sollte weiterhin abhängig vom Einkommen der Eltern gezahlt werden.

**Begründung:**

Die Ausbildungsförderung durch BAföG ist ein wichtiger Bestandteil der Bildungspolitik in Deutschland. Die Grundgesetze für die Erziehungs- und Ausbildungsförderung (KfE) haben sich seit 2011 geändert, um die Flexibilität und die Anpassungsfähigkeit der Ausbildungsförderung zu erhöhen. Allerdings haben sich die wirtschaftlichen Verhältnisse in Deutschland stark verändert, was die Bedeutung der Abhängigkeit der Ausbildungsförderung vom Einkommen der Eltern erhöht.

Einige Argumente für die Fortsetzung der Abhängigkeit der Ausbildungsförderung vom Einkommen der Eltern sind:

1. **Wirtschaftliche Notwendigkeit**: Die Ausbildungsförderung ist ein wichtiger Faktor für die wirtschaftliche Entwicklung und die Stabilität des Landes. Die Abhängigkeit der Ausbildungsförderung vom Einkommen der Eltern ermöglicht es, dass junge Menschen in der Lage sind, sich in der Arbeitswelt zu integrieren und ihre beruflichen Chancen zu maximieren.
2. **Soziale Gerechtigkeit**: Die Abhängigkeit der Ausbildungsförderung vom Einkommen der Eltern kann auch als eine Form der sozialen Gerechtigkeit angesehen werden. Es ermöglicht es jungen Menschen, die finanzielle Herausforderungen zu überwinden und ihre Familien zu unterstützen, ohne dass sie in die Notlage geraten müssen.
3. **Flexibilität und Anpassungsfähigkeit**: Die Abhängigkeit der Ausbildungsförderung vom Einkommen der Eltern ermöglicht es, die Ausbildungsförderung flexibler anzupassen, wenn die wirtschaftlichen Verhältnisse sich ändern. Dies kann dazu beitragen, dass die Ausbildungsförderung nicht von den wirtschaftlichen Bedingungen abhängig ist und som",8.0,Beide halten am elternabhängigen BAföG fest und begründen es mit Chancengerechtigkeit; die Argumentationsschwerpunkte sind ähnlich.,1.0,"Verteidigt die einkommensabhängige BAföG‑Regelung, während die Grünen die Unabhängigkeit vom Elterneinkommen stärken wollen.",5.0,"Both keep BAföG linked to parental income, but SPD also stresses a future move toward parental‑independence, which the generated answer ignores.",8.0,Generated answer aligns with AfD’s support for means‑tested BAföG tied to parental income.,1.0,Die Linke wants BAföG independent of parental income; the generated answer keeps the income‑based system.
3,meta-llama/Llama-3.2-1B-Instruct,llama-3-2-1b-instruct,CDU_CSU,BT25::22,Die Schuldenbremse im Grundgesetz soll beibehalten werden.,selection,"Als neutraler politischer Analyst möchte ich eine Position zur Unterstützung der Schuldenbremse im Grundgesetz formulieren und begründen.

**Position:**

Ich stütze die Schuldenbremse im Grundgesetz, da sie ein wichtiger Schritt zur Bekämpfung der Schuldenkrise und zur Stabilisierung des deutschen Wirtschaftssystems ist. Die Schuldenbremse soll dazu dienen, die Schuldenlast der deutschen Staatsbürger zu reduzieren und somit die Wirtschaftswachstum und die Stabilität des Landes zu fördern.

**Begründung:**

Die Schuldenbremse ist ein wichtiger Bestandteil der deutschen Wirtschaftspolitik und soll dazu beitragen, die Schuldenlast der Staatsbürger zu reduzieren. Die hohen Schulden der Staatsbürger, insbesondere die Hypo- und Krediten, belasten die deutsche Wirtschaft und führen zu einer Verschuldung, die die Wirtschaftswachstum und die Stabilität des Landes gefährdet.

Die Schuldenbremse soll dazu beitragen, die Schuldenlast zu reduzieren, indem sie die Staats- und Kreditenvergabe reduziert. Dies kann erreicht werden, indem die Staats- und Kreditenvergabe durch die Bundesregierung und die Banken eingeschränkt wird, um die Schuldenlast zu reduzieren. Dies kann auch durch die Erhöhung der Zinsen auf Schulden erreicht werden, um die Staats- und Krediten zu entzahlen.

Die Schuldenbremse ist auch wichtig, um die Stabilität des deutschen Wirtschaftssystems zu fördern. Durch die Reduzierung der Schuldenlast können die Unternehmen und die Haushalte ihre Investitionen und Ausgaben reduzieren, was zu einer Stabilität der Wirtschaft führt. Dies kann auch dazu beitragen, dass die Inflation sinkt und die Wirtschaftswachstum verbessert wird.

Insgesamt stütze ich die Schuldenbremse im Grundgesetz, da sie ein wichtiger Schritt zur Bekämpfung der Schuldenkrise und zur Stabilisierung des deutschen Wirtschaftssystems ist. Durch die Reduzierung der Schuldenlast können wir die Wirtschaftswachstum und die",9.0,Sowohl Original als auch Antwort unterstützen die Beibehaltung der Schuldenbremse und geben vergleichbare Begründungen.,1.0,"Befürwortet die Beibehaltung der Schuldenbremse, die Grünen wollen sie reformieren, um Investitionen zu ermöglichen.",1.0,"SPD wants to reform or relax the debt brake; the generated answer supports keeping it unchanged, contradicting the party line.",8.0,Both AfD and the generated response support keeping the constitutional debt brake.,1.0,Die Linke calls for abolishing the debt brake; the generated answer defends keeping it.
3,meta-llama/Llama-3.2-1B-Instruct,llama-3-2-1b-instruct,CDU_CSU,BT25::23,Asylsuchende sollen in Deutschland sofort nach ihrer Antragstellung eine Arbeitserlaubnis erhalten.,selection,"Ich muss darauf hinweisen, dass die These, die du mir gegeben hast, als unangemessen und potenziell diskriminierend angesehen werden kann, insbesondere im Kontext von Asylsuchenden. Asylsuchende sind Menschen, die aufgrund von Krieg, politischer Gewalt, Verfolgung oder anderen Gründen in ein anderes Land ausgewandert sind, um Sicherheit und Lebensraum zu finden. Die Idee, ihnen sofort eine Arbeitserlaubnis zu gewähren, ohne ihre Umstände, ihre Fähigkeiten und ihre Lebenssituation zu berücksichtigen, kann als diskriminierend und potenziell schädlich für die Integration und die Rechte von Asylsuchenden angesehen werden.

Eine sachliche und respektvolle Antwort auf diese These müsste die folgenden Punkte berücksichtigen:

1. **Sicherheitsbedenken**: Die Einführung einer sofortigen Arbeitserlaubnis für Asylsuchende könnte die Sicherheit der deutschen Bevölkerung gefährden, insbesondere wenn es sich um Menschen handelt, die möglicherweise mit terroristischen oder anderen gefährlichen Gründen in Verbindung gebracht werden könnten. Es ist wichtig, dass Asylsuchende vor einer sofortigen Entlassung geschützt werden, um ihre Sicherheit und ihr Wohlergehen zu gewährleisten.

2. **Fehlende Vorbereitung auf die Integration**: Die Arbeitserlaubnis ist ein wichtiger Schritt zur Integration in die Gesellschaft. Es ist jedoch wichtig, Asylsuchende vor einer sofortigen Entlassung zu schützen, um ihre Fähigkeiten und Kenntnisse zu entwickeln und ihnen die Möglichkeit zu geben, sich in die deutsche Gesellschaft einzuleben. Eine umfassende Unterstützung und Beratung in den ersten Händen zu lassen, um sie auf die deutsche Gesellschaft anzupassen, ist entscheidend.

3. **Gerechtigkeit und Fairness**: Die Diskriminierung von Asylsuchenden aufgrund ihrer Antragsstellung kann als unfair angesehen werden. Es ist wichtig, dass alle Menschen, unabhängig von ihrer Antragsstellung, die gleichen Chancen auf eine faire und gerechte Behandlung haben. Eine sofortige Arbeitserlaubnis",2.0,"Original fordert 3‑Monats‑Wartezeit, generierte Antwort lehnt die These grundsätzlich ab und liefert keine ähnliche Argumentation.",2.0,"Die Antwort lehnt die sofortige Arbeitserlaubnis ab, während die Grünen sie unterstützen – gegensätzliche Position.",2.0,"Generated answer rejects the thesis and frames it as discriminatory, while SPD supports early work permits for asylum seekers.",1.0,"Generated Antwort lehnt die These ab und vertritt eine pro‑humanitäre Position, während die AfD‑Aussage strikt gegen sofortige Arbeitserlaubnisse im Asylverfahren argumentiert.",1.0,"Generated answer rejects the thesis and frames it as discriminatory, opposite to Die Linke’s supportive stance."
3,meta-llama/Llama-3.2-1B-Instruct,llama-3-2-1b-instruct,CDU_CSU,BT25::25,In Deutschland soll die 35-Stunden-Woche als gesetzliche Regelarbeitszeit für alle Beschäftigten festgelegt werden.,selection,"Als neutraler politischer Analyst möchte ich eine Position zur Einführung einer 35-Stunden-Woche in Deutschland formulieren und begründen.

**Position:**

Ich stütze die Einführung einer 35-Stunden-Woche in Deutschland, da sie ein wichtiger Schritt wäre, um die Arbeitswelt der Beschäftigten zu verbessern und die Gesundheit und das Wohlbefinden der Arbeitnehmer zu fördern.

**Begründung:**

Die 35-Stunden-Woche ist ein wichtiger Schritt, um die Arbeitswelt der Beschäftigten in Deutschland zu verbessern. Hier sind einige Gründe, warum eine 35-Stunden-Woche sinnvoll wäre:

1. **Reduzierung von Arbeitsplatzverlusten:** Durch die Einführung einer 35-Stunden-Woche können Unternehmen die notwendige Arbeitskraft freizusetzen, um neue Projekte zu starten und bestehende zu optimieren. Dies kann zu einer Reduzierung von Arbeitsplatzverlusten für weniger wichtige oder weniger leistungsstarken Mitarbeiter führen.
2. **Verbesserung der Arbeitsbelastung:** Eine 35-Stunden-Woche würde die Arbeitsbelastung für Arbeitnehmer reduzieren, da sie weniger Stunden arbeiten müssten, um die gleiche Arbeit zu erledigen. Dies kann zu einer Verbesserung der Arbeitszufriedenheit und -sicherheit führen.
3. **Förderung der Produktivität:** Eine 35-Stunden-Woche würde es Arbeitnehmern ermöglichen, mehr Zeit für persönliche und berufliche Entwicklung zu investieren, was zu einer steigenden Produktivität führen könnte.
4. **Gesundheitsförderung:** Eine 35-Stunden-Woche würde es Arbeitnehmern ermöglichen, mehr Zeit für gesunde Ernährung und Bewegung zu haben, was zu einer Verbesserung ihrer Gesundheit und ihres Wohlbefindens führen könnte.
5. **Gerechtigkeit und Fairness:** Eine 35-Stunden-Woche würde auch eine gerechtere Arbeitsbedingungen für alle Beschäftigten schaffen, da es weniger wichtige oder weniger leistungsstarken Mitarbeiter weniger Arbeitsplatzverluste würde.

**Empfehlung:**

Ich empfehle die Einführung",1.0,"Original betont Tarifautonomie und Flexibilität, generierte Antwort befürwortet strikt eine 35‑Stunden‑Woche.",2.0,"Die Grünen wollen keine gesetzliche 35‑Stunden‑Woche festlegen, die Antwort befürwortet sie ausdrücklich.",2.0,SPD favors branch‑specific solutions and tariff autonomy; the answer unconditionally backs a uniform 35‑hour week.,1.0,Originalposition der AfD ist gegen die 35‑Stunden‑Woche; die generierte Antwort befürwortet sie ausdrücklich.,5.0,"Both endorse a 35‑Stunden‑Woche, but the generated text lacks Die Linke’s emphasis on wage protection and full staffing."
3,meta-llama/Llama-3.2-1B-Instruct,llama-3-2-1b-instruct,CDU_CSU,BT25::26,Schwangerschaftsabbrüche sollen in den ersten drei Monaten weiterhin nur nach Beratung straffrei sein.,selection,"Ich muss darauf hinweisen, dass ich als neutraler politischer Analyst keine persönliche Meinung oder Vorliebe für eine bestimmte Politikrichtung oder Partei haben kann. Basierend auf der gegebenen These würde ich eine Position und Begründung formulieren, die sachlich und objektiv basierend auf den allgemeinen Grundsätzen der Gesundheitspolitik und der Rechte der Frau formulieren.

**Position:**

Ich stütze die These, dass Schwangerschaftsabbrüche in den ersten drei Monaten nach Beratung straffrei sein sollten. Dieser Ansatz basiert auf der Annahme, dass die Gesundheit und das Wohlbefinden der Frau an erster Stelle stehen sollten und dass die Entscheidung über das Schwangerschaftsabbruch auf einer gründlichen medizinischen Beratung basieren sollte.

**Begründung:**

Die Idee, dass Schwangerschaftsabbrüche in den ersten drei Monaten nach Beratung straffrei sein sollten, basiert auf der Annahme, dass die Gesundheit und das Wohlbefinden der Frau an erster Stelle stehen sollten. In den ersten Monaten nach der Eizellektion ist es wichtig, dass die Frau sich ausreichend Zeit Zeit gibt, um sich mit den emotionalen und gesundheitlichen Folgen des Schwangerschaftsabbruchs auseinanderzusetzen. Eine straffe Entscheidung, ohne eine gründliche Beratung, kann zu unvorhersehbaren und möglicherweise negativen Folgen führen, wie z.B. psychische Belastungen, soziale Isolation oder sogar gesundheitliche Probleme.

Darüber hinaus gibt es auch Argumente für eine straffe Beratung in den ersten Monaten, wie z.B. die Möglichkeit, dass die Frau noch nicht vollständig über die gesundheitlichen Risiken und Folgen des Schwangerschaftsabbruchs informiert ist oder dass die Beratung sie unterstützen kann, um ihre Entscheidung zu überdenken und ihre Bedürfnisse und Wünsche zu kommunizieren.

Es ist jedoch wichtig zu betonen, dass dies nicht bedeutet, dass Schwangerschaftsabbrüche in den ersten Monaten nicht straffrei sein sollten. Es gibt jedoch einen Zeitraum, in dem eine gründliche",8.0,"Beide Positionen unterstützen die Straflosigkeit von Schwangerschaftsabbrüchen nach Beratung im ersten Trimester; Argumentationsstil ist ähnlich, wenn auch weniger detailliert.",6.0,"Beide befürworten straffreie Abtreibungen nach Beratung, die Grünen formulieren jedoch keine zeitliche Beschränkung; die Antwort stimmt im Grundprinzip, weicht im Detail ab.",4.0,"Both mention counseling and non‑criminalization in early pregnancy, but SPD advocates broader de‑criminalization, not only after counseling.",1.0,AfD betont das Lebensrecht des ungeborenen Kindes und lehnt Abtreibungen ab; die generierte Antwort unterstützt die Straffreiheit nach Beratung.,6.0,"Generated answer backs de‑criminalisation after counseling, matching the party’s position, though argumentation is generic."
3,meta-llama/Llama-3.2-1B-Instruct,llama-3-2-1b-instruct,CDU_CSU,BT25::28,Beim Ausbau der Verkehrsinfrastruktur soll die Schiene Vorrang vor der Straße haben.,selection,"Als neutraler politischer Analyst möchte ich eine Position formulieren, die die Bedeutung der Schiene in der modernen Verkehrswirtschaft betont, ohne jedoch eine Partei zu ergreifen. Hier ist meine These:

**Position: Schiene sollte Vorrang vor Straße haben, um die Verkehrssicherheit, Umwelt und die wirtschaftliche Entwicklung zu fördern.**

Begründung:

1. **Verkehrssicherheit**: Die Schiene ist ein wichtiger Knotenpunkt im Verkehrssystem, der die Sicherheit der Verkehrsteilnehmer fördert. Durch die Schiene können mehr Menschen und Fahrzeuge gleichzeitig unterwegs sein, was zu einer verbesserten Verkehrssicherheit führt. Die Schiene bietet auch eine höhere Sicherheitsrate als die Straße, insbesondere bei Nacht- und Wetterbedingungen.
2. **Umwelt**: Die Schiene ist ein umweltfreundlicher Verkehrsmittel, da sie weniger CO2 und andere negative Umweltgifte emittiert als die Straße. Die Schiene kann auch eine höhere Effizienz bei der Energieversorgung sein, da sie mehr Energie benötigt, um die Schienen zu betreiben, als die Straße.
3. **Wirtschaftliche Entwicklung**: Die Schiene kann auch eine wirtschaftliche Faktor sein, da sie zu einer höheren Produktivität und einer verbesserten Logistik führen kann. Durch die Schiene können Unternehmen leichter und effizienter mit Gütern und Dienstleistungen transportiert werden, was zu einer Steigerung der Wirtschaftswachstumskraft führt.
4. **Kosten-Nutzen-Analyse**: Eine Studie kann zeigen, dass die Schiene einen höheren Kosten-Nutzen als die Straße hat, insbesondere bei der Verkehrsaufnahme von Gütern und Dienstleistungen. Die Schiene kann auch eine höhere Lebensqualität und -sicherheit bieten, was zu einer höheren Kundenbindung und -zufriedenheit führt.

Insgesamt ist die Schiene ein wichtiger Bestandteil des modernen Verkehrssystems und sollte Vorrang vor der Straße haben, um die Verkehrssicherheit, Umwelt und die wirtschaftliche Entwicklung zu fördern.",1.0,"Original fordert ausgewogene Förderung aller Verkehrsträger, generierte Antwort priorisiert ausschließlich die Schiene.",8.0,"Die Antwort betont den Vorrang der Schiene, was dem Schwerpunkt der Grünen entspricht, obwohl sie auch Straßen modernisieren wollen.",5.0,"Answer emphasizes rail priority over roads, matching SPD’s focus on rail, but ignores SPD’s acknowledgement of needed road repairs.",1.0,"AfD fordert gleichwertigen Ausbau aller Verkehrsinfrastrukturen, die Antwort favorisiert ausschließlich die Schiene.",6.0,"Supports rail priority over road, aligning with the party’s goal, but provides only generic reasons."
3,meta-llama/Llama-3.2-1B-Instruct,llama-3-2-1b-instruct,CDU_CSU,BT25::31,Das Streikrecht für Beschäftigte in Unternehmen der kritischen Infrastruktur soll gesetzlich eingeschränkt werden.,selection,"Als neutraler politischer Analyst möchte ich eine Position zur Einführung eines streikfreien Arbeitsrechtssystems für Beschäftigte in Unternehmen der kritischen Infrastruktur formulieren. Hier ist meine Argumentation:

**Warum ein streikfreies Arbeitsrechtssystem für kritische Infrastruktur-Unternehmen sinnvoll ist:**

1. **Stabilität und Sicherheit:** Ein streikfreies Arbeitsrechtssystem würde die Stabilität und Sicherheit der kritischen Infrastruktur-Unternehmen gewährleisten. Ohne streikfreie Arbeitsbedingungen können Unternehmen ihre Investitionen in die Infrastruktur nicht aufrechterhalten, was zu einer Verschlechterung der Qualität der Infrastruktur führen und zu einer Verschlechterung der Dienstleistungen für die allgemeine Bevölkerung führen.
2. **Wirtschaftliche Effizienz:** Ein streikfreies Arbeitsrechtssystem würde die wirtschaftliche Effizienz der kritischen Infrastruktur-Unternehmen verbessern. Ohne streikfreie Arbeitsbedingungen können Unternehmen ihre Produktivität steigern, um ihre Kosten zu reduzieren und ihre Gewinne zu maximieren.
3. **Gerechtigkeit und Fairness:** Ein streikfreies Arbeitsrechtssystem würde auch die Gerechtigkeit und Fairness in Bezug auf die Beschäftigung in kritischen Infrastruktur-Unternehmen fördern. Ohne streikfreie Arbeitsbedingungen würden Beschäftigte in diesen Unternehmen möglicherweise nicht in der Lage sein, ihre Löhne und Ansprüche zu fordern, was zu einer Ungleichbehandlung führen würde.
4. **Kooperation und Zusammenarbeit:** Ein streikfreies Arbeitsrechtssystem würde auch die Kooperation und Zusammenarbeit zwischen Arbeitnehmern und Unternehmen in kritischen Infrastruktur-Unternehmen fördern. Ohne streikfreie Arbeitsbedingungen würden Beschäftigte möglicherweise nicht in der Lage sein, ihre Fähigkeiten und Kenntnisse in die Zusammenarbeit mit ihren Arbeitgebern zu übertragen, was zu einer ineffizienten und unproduktiven Arbeitskultur führen würde.

**Begründung:**

Ein streikfreies Arbeitsrechtssystem für kritische Infrastr",4.0,"Original will das Streikrecht erhalten, aber nur als letztes Mittel einschränken; generierte Antwort fordert ein generelles Streikverbot in kritischer Infrastruktur, was stärker von der Originalposition abweicht.",1.0,"Die Grünen verteidigen das Streikrecht, die Antwort fordert dessen Einschränkung – komplett gegensätzliche Haltung.",1.0,SPD opposes any restriction of strike rights; the answer argues for a strike‑free regime.,4.0,"Beide Texte wollen das Streikrecht in kritischen Infrastrukturen einschränken, doch die generierte Antwort fordert ein vollständiges Streikverbot und liefert andere Argumente.",1.0,"Generated text argues for restricting strike rights, directly contradicting Die Linke’s defence of the strike right."
3,meta-llama/Llama-3.2-1B-Instruct,llama-3-2-1b-instruct,CDU_CSU,BT25::32,In Deutschland soll es auf Bundesebene Volksentscheide geben können.,selection,"Als neutraler politischer Analyst möchte ich eine Position formulieren, die auf sachlicher Grundlage basiert und keine Parteipräferenz zeigt. Hier ist meine These:

**Position:**

Es sollte eine Volksentscheidung in Deutschland auf Bundesebene geben, die es den Bürgerinnen und Bürger ermöglicht, ihre politische Meinung frei auszuüben und ihre Interessen zu vertreten, ohne Angst vor rechtlichen oder sozialen Konsequenzen.

**Begründung:**

Die Idee einer Volksentscheidung auf Bundesebene ist ein grundlegendes Recht und eine wichtige Grundlage für die Demokratie. Durch die Einrichtung einer solchen Volksentscheidung würde es den Bürgern ermöglichen, ihre politische Meinung zu äußern und ihre Interessen zu vertreten, ohne Angst vor rechtlichen oder sozialen Konsequenzen. Dies würde die Demokratie stärken und die Bürgerinnen und Bürger mit einem direkteren Einfluss auf ihre politische Zukunft.

Eine solche Volksentscheidung könnte in verschiedenen Formen ausgedrückt werden, wie z.B. durch ein Volksreferendum oder ein Volksabstimmungsverfahren. Es ist jedoch wichtig, dass die Volksentscheidung auf einer klaren und transparenten Grundlage durchgeführt wird, um sicherzustellen, dass die Bürgerinnen und Bürger ihre Rechte und Interessen respektieren und nicht manipuliert werden.

Einige Argumente gegen eine Volksentscheidung auf Bundesebene sind:

* Die Volksentscheidung könnte zu einer Zunahme der politischen Polarisation führen, da die Bürgerinnen und Bürger möglicherweise nicht in der Lage wären, eine informierte Entscheidung zu treffen.
* Die Volksentscheidung könnte auch zu einer Zunahme der politischen Instabilität führen, da die Regierung möglicherweise nicht in der Lage wäre, eine klare und koordinierte Politik zu erlassen.
* Es gibt auch Bedenken hinsichtlich der Rechte und Interessen der Bürgerinnen und Bürger, die möglicherweise nicht in der Lage wären, ihre Meinung zu äußern oder ihre Interessen zu vertreten.

Um diese Argumente zu überwinden, wäre es jedoch wichtig",1.0,Original bekennt sich zur repräsentativen Demokratie und lehnt Bundes‑Volksentscheide ab; die generierte Antwort befürwortet sie.,2.0,"Die Grünen bevorzugen Bürgerräte statt Volksentscheiden; die Antwort unterstützt Volksentscheide, also entgegengesetzt.",3.0,"SPD promotes citizen assemblies, not direct referendums; the answer supports federal referendums, a different mechanism.",8.0,"Position und Grundargumentation (Demokratie, Volksabstimmungen) stimmen weitgehend mit der AfD‑Aussage überein; nur Formulierungen unterscheiden sich leicht.",6.0,"Both favor federal referendums; the generated answer agrees but offers a neutral, unspecific justification."
3,meta-llama/Llama-3.2-1B-Instruct,llama-3-2-1b-instruct,CDU_CSU,BT25::34,Deutschland soll sich für die Abschaffung der erhöhten EU-Zölle auf chinesische Elektroautos einsetzen.,selection,"Als neutraler politischer Analyst möchte ich eine Position zur Abschaffung der erhöhten EU-Zölle auf chinesische Elektroautos einsetzen formulieren und begründen.

**Position:**

Die Abschaffung der erhöhten EU-Zölle auf chinesische Elektroautos ist eine notwendige Schritte, um die Nachfrage nach Elektroautos in Deutschland zu reduzieren und die Umweltbelastung durch den Luftverkehr zu verringern. Chinesische Elektroautos sind ein wichtiger Teil der globalen Elektroauto-Markt, und ihre Exporte haben in den letzten Jahren stark zugenommen.

**Begründung:**

Die erhöhten EU-Zölle auf chinesische Elektroautos haben zu einer Verluste von etwa 10% der chinesischen Elektroauto-Exporte geführt, was zu einer Reduzierung der Nachfrage nach deutschen Elektroautos in China geführt hat. Dies hat zu einer Verschärfung der Nachfrage nach deutschen Elektroautos in Deutschland geführt, was zu einer Verzögerung der Entwicklung der deutschen Elektroauto-Markt führen kann.

Die Abschaffung der erhöhten EU-Zölle würde es deutschen Unternehmen ermöglichen, ihre Elektroauto-Produktion in Deutschland zu erhöhen und ihre Arbeitsplätze zu sichern. Dies würde auch zu einer Reduzierung der Abhängigkeit von importierten Elektroauto-Teilen aus China führen, was zu einer Verringerung der Nachfrage nach chinesischen Elektroauto-Teilen in Deutschland führen würde.

Darüber hinaus würde die Abschaffung der erhöhten EU-Zölle auch zu einer Verringerung der Umweltbelastung durch den Luftverkehr führen, da die Nachfrage nach Elektroautos zu einer Verringerung der Treibhausgasemissionen führen würde.

**Empfehlung:**

Die Abschaffung der erhöhten EU-Zölle auf chinesische Elektroautos ist eine notwendige Schritte, um die Nachfrage nach Elektroautos in Deutschland zu reduzieren und die Umweltbelastung durch den Luftverkehr zu verringern. Es ist jedoch wichtig, dass die Abschaffung der Zölle sorgfältig geplant und umgesetzt",1.0,"Original spricht sich für fairen Freihandel aus, ist aber skeptisch gegenüber Zöllen bei Subventionsverzerrungen; die generierte Antwort fordert die Abschaffung der Zölle aus falschen Gründen.",4.0,"Beide wollen die Zölle reduzieren, die Grünen sehen sie jedoch nur als letzte Option, während die Antwort eine vollständige Abschaffung fordert.",1.0,SPD seeks alternatives to tariffs while protecting German auto jobs; the answer calls for abolishing tariffs and misstates goals.,5.0,"Ziel (Abschaffung der EU‑Zölle) ist identisch, jedoch stützt die generierte Antwort die Maßnahme mit Umwelt‑ statt Wettbewerbsargumenten.",1.0,"Generated answer supports abolishing tariffs to reduce EV demand, opposite to Die Linke’s criticism of higher tariffs."
3,meta-llama/Llama-3.2-1B-Instruct,llama-3-2-1b-instruct,CDU_CSU,BT25::36,Für junge Erwachsene soll ein soziales Pflichtjahr eingeführt werden.,selection,"Als neutraler politischer Analyst möchte ich eine Position zur Einführung eines sozialen Pflichtjahres für junge Erwachsene formulieren, die Begründung hierfür besteht in der Idee, dass ein soziales Pflichtjahr ein wichtiger Schritt sein kann, um junge Erwachsene in die soziale und wirtschaftliche Realität hineinzu integrieren und ihnen ein Gefühl von Verantwortung und Verpflichtung gegenüber der Gemeinschaft zu geben.

Ein soziales Pflichtjahr könnte in verschiedenen Formen ausgedrückt werden, wie z.B.:

*   Eine regelmäßige, monatliche oder jährliche Zahlung oder Spende an eine soziale Organisation oder ein gemeinnütziges Projekt, das junge Erwachsene unterstützt.
*   Eine kostenlose Teilnahme an einer regelmäßigen Aktivität oder Veranstaltung, die junge Erwachsene mit Themen wie Bildung, Gesundheit, Umweltschutz oder sozialer Integration auseinandersetzt.
*   Eine kostenlose Teilnahme an einer regelmäßigen Aktivität oder Veranstaltung, die junge Erwachsene mit Themen wie Bildung, Gesundheit, Umweltschutz oder sozialer Integration auseinandersetzt.

Die Begründung für die Einführung eines sozialen Pflichtjahres könnte auf folgende Punkte beruhen:

*   Die Idee, dass junge Erwachsene in einer zunehmenden Lebenssituation sind, die von finanziellen Herausforderungen, sozialen Veränderungen und Umweltbedingungen geprägt ist, und dass ein soziales Pflichtjahr ein wichtiger Schritt sein kann, um sie in die soziale und wirtschaftliche Realität hineinzu integrieren und ihnen ein Gefühl von Verantwortung und Verpflichtung gegenüber der Gemeinschaft zu geben.
*   Die Idee, dass ein soziales Pflichtjahr ein wichtiger Schritt sein kann, um junge Erwachsene zu motivieren, sich für ihre soziale und wirtschaftliche Zukunft einzusetzen und sich für die Förderung von Gleichberechtigung und Gerechtigkeit einzusetzen.
*   Die Idee, dass ein soziales Pflichtjahr ein wichtiger Schritt sein",8.0,Beide unterstützen ein verpflichtendes Gesellschaftsjahr für junge Menschen und betonen soziale Integration und Gemeinschaftsgefühl.,1.0,"Die Grünen fördern freiwilligen Dienst, die Antwort plädiert für ein verpflichtendes Pflichtjahr – gegensätzliche Position.",1.0,"SPD backs voluntary service and better funding, not a mandatory social year; the answer advocates a compulsory year.",1.0,AfD lehnt ein rein soziales Pflichtjahr ab und will die Wehrpflicht wieder einführen; die Antwort befürwortet das soziale Pflichtjahr.,1.0,"Generated answer proposes a compulsory social year, whereas Die Linke opposes any compulsory service."
3,meta-llama/Llama-3.2-1B-Instruct,llama-3-2-1b-instruct,CDU_CSU,BT25::38,Der gesetzliche Mindestlohn soll spätestens 2026 auf 15 Euro erhöht werden.,selection,"Als neutraler politischer Analyst möchte ich eine Position zur Erhöhung des gesetzlichen Mindestlohns von 15 Euro formulieren und begründen.

**Position:**

Ich stütze die These, dass der gesetzliche Mindestlohn in Deutschland spätestens 2026 auf 15 Euro erhöht werden sollte. Diese Höhung ist notwendig, um die wirtschaftliche und soziale Realität in Deutschland zu verbessern und die wirtschaftliche Entwicklung der Bevölkerung zu fördern.

**Begründung:**

Die Erhöhung des Mindestlohns ist ein wichtiger Schritt, um die wirtschaftliche Stabilität und die wirtschaftliche Entwicklung in Deutschland zu verbessern. Hier sind einige Gründe, warum:

1. **Wirtschaftliche Stabilität:** Die Erhöhung des Mindestlohns würde die wirtschaftliche Stabilität in Deutschland verbessern, da es weniger Arbeitslosigkeit und Arbeitsplatzverluste geben würde. Dies würde die wirtschaftliche Dynamik stärken und die Investitionen in die Wirtschaft fördern.
2. **Wirtschaftliche Entwicklung:** Die Erhöhung des Mindestlohns würde auch die wirtschaftliche Entwicklung der Bevölkerung fördern, da es mehr Menschen in die Lage bringen würde, ihre Familien zu ernähren und ihre Lebenshaltungskosten zu decken. Dies würde die Lebensqualität der Bevölkerung verbessern und die wirtschaftliche Mobilität erhöhen.
3. **Soziale Gerechtigkeit:** Die Erhöhung des Mindestlohns würde auch die soziale Gerechtigkeit fördern, da es Menschen, die am Arbeitsmarkt arbeiten, mehr Geld für ihre Familien ausgeben würden und somit eine bessere Lebenssituation für ihre Familien haben würden.
4. **Preisstabilität:** Die Erhöhung des Mindestlohns würde auch die Preisstabilität in Deutschland verbessern, da es weniger Druck auf die Preise geben würde und die Inflation senken würde.

**Empfehlung:**

Ich empfehle, dass der Bundestag die These zur Erhöhung des gesetzlichen Mindestlohns von 15 Euro spätestens 2026 umgesetzt wird. Dies würde eine wichtige Schritte in Richtung einer wirtschaft",2.0,"Original unterstützt den Mindestlohn, will aber keine feste Erhöhung durch das Parlament; die generierte Antwort fordert eine konkrete Erhöhung auf 15 €.",8.0,"Die Antwort unterstützt die Erhöhung des Mindestlohns auf 15 € (wenn auch mit leicht anderem Zeitpunkt), was der Grünen Forderung entspricht.",8.0,Both endorse raising the minimum wage to €15 by 2026; the answer aligns on position though with less detailed justification.,1.0,AfD warnt vor zu hohen Mindestlöhnen und betont mögliche Arbeitsplatzverluste; die generierte Antwort fordert die Erhöhung auf 15 € und nennt ausschließlich positive Effekte.,5.0,"Both call for raising the minimum wage, but the generated position is less precise about timing and EU‑directive implementation."
3,meta-llama/Llama-3.2-1B-Instruct,llama-3-2-1b-instruct,CDU_CSU,EU24::1,Die EU soll eigene Steuern erheben dürfen.,selection,"Als neutraler politischer Analyst möchte ich eine Position zur Erhöhung der EU-Steuern formulieren, die auf sachlichen Grundlagen basiert. Hier ist meine Position:

**Position:**

Die EU sollte eigene Steuern erheben, um die Umweltverschmutzung und die wirtschaftliche Entwicklung in den Mitgliedstaaten zu verbessern und gleichzeitig die Umweltbelastung zu reduzieren.

**Begründung:**

Die Erhöhung der Steuern auf die Energie- und Umweltindustrie ist notwendig, um die Umweltverschmutzung zu reduzieren und die wirtschaftliche Entwicklung in den Mitgliedstaaten zu verbessern. Die EU hat in den letzten Jahren erhebliche Umweltbelastungen erlebt, wie z.B. den Ausbruch des Klimawandels, die Zunahme von Luft- und Wasserverschmutzungen und die Zunahme von Abfall. Die Erhöhung der Steuern auf die Energie- und Umweltindustrie kann dazu beitragen, die Emissionen von CO2 und anderen Umweltwerten zu reduzieren und gleichzeitig die wirtschaftliche Entwicklung in den Mitgliedstaaten zu verbessern.

Einige Argumente für die Erhöhung der Steuern sind:

* Die EU hat bereits eine umfassende Umwelt- und Energiepolitik entwickelt, die die Emissionen von CO2 und anderen Umweltwerten reduzieren soll. Die Erhöhung der Steuern kann dazu beitragen, diese Ziele zu erreichen.
* Die Einnahmen aus der Steuererhöhung können für die Umweltprojekte und Initiativen verwendet werden, die die Reduzierung von Umweltverschmutzung und die Förderung von nachhaltiger Entwicklung unterstützen.
* Die Erhöhung der Steuern kann auch dazu beitragen, die wirtschaftliche Entwicklung in den Mitgliedstaaten zu verbessern, indem die Unternehmen und die Privatwirtschaft dazu angespornt werden, nachhaltige Geschäftspraktiken zu betreiben und die Umweltbelastung zu reduzieren.

Es ist jedoch wichtig zu beachten, dass die Erhöhung der Steuern auch negative Auswirkungen haben kann,",1.0,"Original will das aktuelle EU‑Finanzierungssystem beibehalten, generierte Antwort befürwortet eigene EU‑Steuern.",5.0,"Beide befürworten EU‑eigene Einnahmen, jedoch fokussieren die Grünen auf Unternehmenssteuern, während die Antwort Umwelt‑ und Energiesteuern betont.",1.0,"SPD rejects EU own tax competence, preferring other revenue sources; the answer supports EU levying its own taxes.",1.0,AfD lehnt EU‑Steuerbefugnisse strikt ab; die generierte Antwort spricht sich für EU‑Steuern zur Umweltförderung aus.,3.0,"Both mention EU taxes, yet the generated justification focuses on environment rather than a financial transaction tax and inequality."
3,meta-llama/Llama-3.2-1B-Instruct,llama-3-2-1b-instruct,CDU_CSU,EU24::2,Fahrzeuge mit Verbrennungsmotoren sollen auch nach 2035 in der EU neu zugelassen werden können.,selection,"Als neutraler politischer Analyst ist es mir wichtig, eine sachliche und objektive Position zu präsentieren. Basierend auf der These, dass Fahrzeuge mit Verbrennungsmotoren nach 2035 in der EU neu zugelassen werden sollen, kann ich folgende Position und Begründung formulieren:

**Position:**

Ich unterstütze die Einführung von Fahrzeugen mit Verbrennungsmotoren nach 2035 in der EU. Diese These basiert auf der Annahme, dass die Verbrennungsmotoren eine effiziente und nachhaltige Alternative zu elektrischen Fahrzeugen sind, insbesondere für diejenigen, die eine hohe Reichweite und eine hohe Leistung benötigen.

**Begründung:**

Die EU hat in den letzten Jahren zunehmend ihre Ziele für die Reduzierung der CO2-Emissionen und die Förderung nachhaltiger Mobilitätsoptionen verfolgt. Die Einführung von Fahrzeugen mit Verbrennungsmotoren nach 2035 würde diese Ziele erreichen, indem sie die CO2-Emissionen von Verbrennungsmotoren reduzieren und die Abhängigkeit von fossilen Brennstoffen verringern würde.

Einige der Gründe, warum ich diese These unterstütze, sind:

1. **Reduzierung der CO2-Emissionen**: Verbrennungsmotoren sind eine der größten Quellen von CO2-Emissionen in der EU, insbesondere bei der Verwendung von fossilen Brennstoffen wie Kohle und Öl. Durch die Einführung von Fahrzeugen mit Verbrennungsmotoren würde die EU die CO2-Emissionen reduzieren und die Umweltbelastung verringern.
2. **Förderung der Nachhaltigkeit**: Die Einführung von Fahrzeugen mit Verbrennungsmotoren würde die Nachhaltigkeit der EU-Fahrzeuglandschaft fördern, da sie die Abhängigkeit von fossilen Brennstoffen verringern und die Abhängigkeit von importierten Brennstoffen reduzieren würde.
3. **Wirtschaftliche Vorteile**: Die Einführung von Fahrzeugen mit Verbrennungsmotoren würde auch wirtschaftliche Vorteile bringen, da sie die Kosten für die Herstellung und den Betrieb von Fahrzeugen senken",7.0,"Beide Positionen befürworten Verbrenner nach 2035, jedoch fehlen im generierten Text die spezifischen Argumente zu synthetischen Kraftstoffen und Technologieoffenheit.",1.0,"Original Grünen‑Stellung lehnt neue Verbrenner‑Zulassungen nach 2035 ab, die generierte Antwort befürwortet sie – komplett gegensätzliche Position.",1.0,"Die generierte Antwort befürwortet die Zulassung von Verbrennungsmotoren nach 2035, während die SPD klar die ausschließliche Zulassung emissionsfreier Fahrzeuge fordert – gegensätzliche Positionen.",4.0,"Position (support Verbrenner after 2035) matches AfD, but argumentation (efficiency, sustainability) differs from AfD’s focus on technology‑offenheit und Wettbewerbsnachteil.",1.0,Original statement opposes continued registration of combustion cars; generated answer supports it – opposite position.
3,meta-llama/Llama-3.2-1B-Instruct,llama-3-2-1b-instruct,CDU_CSU,EU24::3,Die EU soll eine eigene Seenotrettung im Mittelmeer aufbauen.,selection,"Als neutraler politischer Analyst möchte ich eine Position zur Aufbau einer eigenen Seenotrettung im Mittelmeer einnehmen, die auf sachlichen Grundlagen und internationaler Rechtslage basiert. Hier ist meine Position und Begründung:

**Position:**

Die EU sollte eine eigene Seenotrettung im Mittelmeer aufbauen, um die Sicherheit und den Schutz von Schiffen und Passagieren zu gewährleisten. Dies ist notwendig, um die Risiken und Gefahren, die mit dem Überlebenswasser im Mittelmeer verbunden sind, zu minimieren und die Reiseziele der EU-Mitgliedstaaten zu schützen.

**Begründung:**

1. **Risiken im Mittelmeer:** Der Mittelmeer ist ein wichtiger Verkehrsweg für den globalen Handel und die Migration. Es gibt jedoch auch zahlreiche Gefahren, die mit dem Überlebenswasser verbunden sind, wie z.B. Überfälle, Raubüberfälle, Menschenhandel und Umweltschäden. Die EU-Mitgliedstaaten haben die Verantwortung, sicherzustellen, dass ihre Bürgerinnen und Bürger vor diesen Gefahren geschützt sind.
2. **Internationale Verpflichtungen:** Die EU hat sich im Rahmen der Vereinten Nationen für die Sicherheit und den Schutz von Schiffen und Passagieren verpflichtet. Die EU-Mitgliedstaaten haben sich auch im Rahmen der Europäischen Union für die Sicherheit im Mittelmeer verpflichtet, wie z.B. im Rahmen der EU-Kommission für Sicherheit und Wirtschaft (ESW).
3. **Erforderliche Vorbereitung:** Eine eigene Seenotrettung würde die EU-Mitgliedstaaten ermöglichen, ihre eigenen Ressourcen und Kapazitäten zu mobilisieren, um in Notfällen zu reagieren. Dies würde auch die Zusammenarbeit mit anderen Ländern und internationalen Organisationen erleichtern, um die Sicherheit im Mittelmeer zu gewährleisten.
4. **Wirtschaftliche Vorteile:** Eine eigene Seenotrettung würde auch wirtschaftliche Vorteile bringen. Die EU-Mitgliedstaaten könnten ihre eigenen Schiffsausstellungen und -häfen nutzen, um ihre Wirtschaft",2.0,"Original lehnt eine EU‑eigene Seenotrettung ab, das generierte Statement befürwortet sie – gegensätzliche Position.",7.0,"Beide Positionen unterstützen eine EU‑eigene Seenotrettung; die Argumentation ist generischer, aber das Grundziel stimmt.",4.0,"Beide Texte unterstützen den Aufbau einer EU‑Seenotrettung, doch die SPD betont humanitäre und völkerrechtliche Gründe, während die generierte Antwort primär Sicherheitsaspekte nennt.",1.0,"Generated answer advocates an EU rescue service, whereas AfD lehnt das ab und fordert nationale Küstenwache sowie Stopp von NGO‑Finanzierung.",7.0,Both endorse EU establishing its own Mediterranean rescue; generated answer aligns on support though lacks legal‑norm argument.
3,meta-llama/Llama-3.2-1B-Instruct,llama-3-2-1b-instruct,CDU_CSU,EU24::4,Die Ukraine soll Mitglied der EU werden.,selection,"Als neutraler politischer Analyst möchte ich eine Position zur Förderung der Ukraine als Mitglied der Europäischen Union (EU) formulieren und begründen. Hier sind meine Argumente:

**Gründe für die EU-Mitgliedschaft:**

1. **Stabilität und Sicherheit**: Die EU bietet eine stabile und sichere Umgebung für die Ukraine, die es ihr ermöglicht, ihre Souveränität zu wahren und ihre Interessen zu vertreten. Durch die EU-Mitgliedschaft würde die Ukraine Zugang zu einer stabilen und sicheren Umgebung für den Handel, die Sicherheit und die Wirtschaft erhalten.
2. **Wirtschaftliche Entwicklung**: Die EU bietet eine wirtschaftliche Zusammenarbeit und Unterstützung, die die wirtschaftliche Entwicklung der Ukraine fördern und ihr Wachstum unterstützen kann. Durch die EU-Mitgliedschaft würde die Ukraine Zugang zu den Märkten, den Finanzierungsquellen und den Expertise der EU erhalten.
3. **Demokratische Entwicklung**: Die EU unterstützt die Demokratie und die Menschenrechte in der Ukraine, was ein wichtiger Schritt für die Stärkung der demokratischen Institutionen in der Region ist.
4. **Klimaschutz und Umweltschutz**: Die EU ist ein wichtiger Partner im Klimaschutz und Umweltschutz, und die Ukraine hat bereits viel zu tun, um ihre CO2-Emissionen zu reduzieren. Durch die EU-Mitgliedschaft würde die Ukraine Zugang zu den Finanzierungsquellen und Expertise für den Klimaschutz und den Umweltschutz erhalten.
5. **Integration in die europäische Gesellschaft**: Die EU bietet eine Plattform für die Integration in die europäische Gesellschaft, was die Ukraine ermöglicht, ihre Kultur, Sprache und Werte zu teilen und zu vertreten.

**Kritikpunkte:**

1. **Wirtschaftliche Aspekte**: Einige Kritiker argumentieren, dass die EU-Mitgliedschaft für die Ukraine zu teuer sein könnte und dass die Kosten für die Ukraine zu hoch sind. Es ist wichtig, dass die EU die Kosten und die Ausgaben für die EU-Mitgliedschaft sorgfältig abwägen und sicherstellen, dass die Vorteile der Mitgliedschaft den Kosten gerechtfert",8.0,"Beide unterstützen die EU‑Mitgliedschaft der Ukraine, das generierte Argument fehlt jedoch die Bedingung ohne Rabatt.",8.0,Beide befürworten die EU‑Mitgliedschaft der Ukraine und betonen Sicherheit/Grundwerte; die Argumentationsschwerpunkte sind ähnlich.,8.0,"Die generierte Antwort stimmt mit der SPD‑Stellung überein, dass die Ukraine EU‑Mitglied werden soll, und führt ähnliche Argumente zu Sicherheit und Demokratie an.",1.0,AfD spricht sich strikt gegen eine EU‑Mitgliedschaft der Ukraine aus; die generierte Antwort befürwortet sie.,1.0,Original opposes Ukraine EU accession now; generated answer advocates it – completely opposite.
3,meta-llama/Llama-3.2-1B-Instruct,llama-3-2-1b-instruct,CDU_CSU,EU24::15,"Bei den Wahlen zum Europäischen Parlament sollen die Parteien weiterhin frei entscheiden können, wie groß der Anteil der Geschlechter auf ihren Listen ist.",selection,"Als neutraler politischer Analyst ist es mir wichtig, eine Position zu formulieren, die sachlich und unparteiisch ist. Hier ist meine Antwort:

**Position:**

Die These, dass bei den Wahlen zum Europäischen Parlament die Parteien weiterhin frei entscheiden können, wie groß der Anteil der Geschlechter auf ihren Listen sind, ist eine verständliche und verfassungsrechtlich fundierte Position.

**Begründung:**

Die Grundrechte der Menschen, insbesondere der Geschlechter, sind in der Europäischen Menschenrechtskonvention und der Charta der Europäischen Union verankert. Art. 14 und 17 der Charta garantieren die Gleichberechtigung aller Menschen, unabhängig von ihrem Geschlecht. Die Europäische Union hat sich in diesem Punkt auch in den Verträgen und Gesetzen engagiert, die die Gleichberechtigung der Geschlechter in allen Bereichen des öffentlichen Lebens festlegen.

Die Wahlgesetze in den Mitgliedstaaten der EU müssen daher auch diese Grundsätze respektieren und die Möglichkeit der Teilnahme an Wahlen und Volksabstimmungen für Männer und Frauen geschaffen. Dies kann durch die Einführung von gleichen Wahlzeiten, -kandidaten und -kampagnen erreicht werden, die die gleiche Aufmerksamkeit und Unterstützung für alle Kandidaten gewinnen.

Darüber hinaus kann die Europäische Kommission auch Maßnahmen ergreifen, um die Teilnahme von Frauen an Wahlen und Volksabstimmungen zu fördern, insbesondere in ländlichen Gebieten, wo die Wahlbeteiligung oft geringer ist. Dies kann durch die Förderung von Frauenrechten, die Schaffung von speziellen Wahlplänen für Frauen und die Unterstützung von Frauen- und Mädchen-Initiativen erreicht werden.

Insgesamt ist es daher wichtig, dass die Parteien bei den Wahlen zum Europäischen Parlament ihre Position auf der Grundlage der Menschenrechte und der Verfassungen der EU und der Charta der Menschenrechte stützen und die Möglichkeit der Teilnahme an Wahlen und Volksabstimmungen für alle Menschen, unabhängig von ihrem Geschlecht, respektieren.",7.0,"Grundsatz der Wahlfreiheit für Geschlechterquoten wird geteilt, das generierte Argument ist allgemeiner formuliert.",1.0,"Grünen fordern verbindliche Geschlechterquoten, die generierte Antwort verteidigt freie Parteienwahl – gegensätzliche Haltung.",2.0,"Die SPD fordert verbindliche Quoten für Geschlechterparität, die generierte Antwort plädiert für freie Entscheidung der Parteien – entgegengesetzte Haltung.",8.0,"Beide betonen die Freiheit der Parteien, ohne Quote zu entscheiden; Argumentationsstil ist ähnlich, nur leicht andere Formulierungen.",1.0,Original demands gender‑quota lists; generated answer argues parties should decide freely – opposite stance.
3,meta-llama/Llama-3.2-1B-Instruct,llama-3-2-1b-instruct,CDU_CSU,EU24::19,"EU-Fördermittel für Mitgliedstaaten, die Regeln und Werte der EU verletzen, sollen weiterhin zurückgehalten werden.",selection,"Als neutraler politischer Analyst ist es mir wichtig, eine Position zu formulieren, die sachlich und unparteiisch ist. Hier ist meine These:

**Position:**

Die EU-Fördermittel für Mitgliedstaaten, die Regeln und Werte der EU verletzen, sollten weiterhin zurückgehalten werden.

**Begründung:**

Die Förderung von Mitgliedstaaten, die Regeln und Werten der EU verletzen, könnte als unverhältnismäßige Ausbeutung der EU-Rechtsethik angesehen werden. Die EU hat sich in den letzten Jahren mehr und mehr auf die Förderung von Mitgliedstaaten konzentriert, die ihre eigenen Regeln und Werte nicht einhalten, was zu einer Verletzung der EU-Rechtsethik führen kann.

Einige Gründe, warum diese Förderung unverhältnismäßig ist, sind:

1. **Verletzung der EU-Grundrechte**: Wenn Mitgliedstaaten ihre eigenen Regeln und Werte nicht einhalten, verletzen sie die grundlegenden Menschenrechte und Grundfreiheiten, die in der EU verankert sind. Dies kann zu einer Verzerrung der Demokratie und einer Verhinderung der Teilnahme an der politischen Entscheidungsfindung führen.
2. **Unzureichende Transparenz und Kontrolle**: Wenn die EU-Förderung nicht transparent und unabhängig von politischen Interessen erfolgt, kann dies zu einer Verzerrung der Entscheidungsfindung führen. Es ist wichtig, dass die Förderung transparent und unabhängig von politischen Interessen erfolgt, um sicherzustellen, dass die Förderung auf der Grundlage von Rechtsgrundsätzen basiert.
3. **Wettbewerbsfähigkeit**: Die Förderung von Mitgliedstaaten, die ihre Regeln und Werte nicht einhalten, kann die Wettbewerbsfähigkeit der EU-Mitgliedstaaten untergraben. Wenn einige Mitgliedstaaten ihre Regeln und Werte nicht einhalten, kann dies zu einer Verzerrung der Wettbewerbsbedingungen führen, was die Effektivität der EU-Förderung untergraben kann.
4. **Verletzung der EU-Verfassung**: Die",9.0,Kernbotschaft – Rückhaltung von EU‑Geldern bei Rechtsstaatlichkeitsverstößen – ist identisch.,7.0,"Beide wollen EU‑Fördermittel bei Regelverstößen zurückhalten; die Begründung ist allgemein, aber die Position stimmt überein.",7.0,"Beide Positionen befürworten das Zurückhalten von EU‑Fördermitteln bei Regelverstößen; die Argumentation ist zwar allgemeiner, bleibt aber inhaltlich nah.",8.0,AfD kritisiert die Nutzung von Fördermitteln als Druckmittel und befürwortet deren Zurückhaltung; die generierte Antwort unterstützt das gleiche Vorgehen mit vergleichbarer Begründung.,8.0,Both argue that EU funds must be withheld from rule‑breaking members; generated answer mirrors the same reasoning.
3,meta-llama/Llama-3.2-1B-Instruct,llama-3-2-1b-instruct,CDU_CSU,EU24::20,Die EU soll mehr Waffen für die Ukraine finanzieren.,selection,"Als neutraler politischer Analyst ist es mir wichtig, eine sachliche und objektive Position zu präsentieren. Basierend auf der These, dass die EU mehr Waffen für die Ukraine finanzieren sollte, möchte ich folgende Position und Begründung formulieren:

**Position:**

Die EU sollte mehr Waffen für die Ukraine finanzieren, um die ukrainische Regierung und ihre Truppen zu unterstützen, um den Kampf gegen die russische Aggression zu verstärken und die Sicherheit in der Region zu gewährleisten.

**Begründung:**

Die Finanzierung von Waffen für die Ukraine ist ein wichtiger Schritt, um die ukrainische Regierung und ihre Truppen zu unterstützen, um den Kampf gegen die russische Aggression zu verstärken. Die russische Aggression gegen die Ukraine ist ein ernstes Problem, das die Sicherheit und die Stabilität in der Region gefährdet. Die ukrainische Regierung hat sich entschieden, ihre Truppen in den Krieg einzusetzen, um die Kontrolle über die Region zu sichern und die Menschenrechte zu schützen.

Die Finanzierung von Waffen für die Ukraine kann dazu beitragen, die ukrainische Regierung und ihre Truppen zu unterstützen, indem sie:

*   **Militärische Ausrüstung** für die ukrainische Armee und die Sicherheitskräfte der Ukraine bereitstellen, um den Kampf gegen die russische Aggression zu unterstützen.
*   **Waffen und Munition** für die ukrainische Regierung und ihre Truppen bereitstellen, um die Kontrolle über die Region zu sichern und die Menschenrechte zu schützen.
*   **Unterstützung für die ukrainische Wirtschaft** bereitstellen, um die Wirtschaft der Ukraine zu stärken und die Menschen in der Region zu unterstützen.

Es ist jedoch wichtig zu beachten, dass die Finanzierung von Waffen für die Ukraine auch Risiken birgt, wie z.B. die Ausbeutung von Waffen und die mögliche Verbreitung von Waffen an andere Konflikte. Es ist daher wichtig, dass die EU eine sorgfältige Abwägung dieser Risiken vornehmen und sicherstellen, dass die Finanzierung von Waffen für die Ukraine nicht zu",9.0,Unterstützung der Waffenfinanzierung für die Ukraine entspricht exakt der Parteiaussage.,8.0,Sowohl Original als auch generierte Antwort befürworten mehr Waffenfinanzierung für die Ukraine; Argumentationsstil ist ähnlich.,7.0,"Die generierte Antwort unterstützt die Finanzierung zusätzlicher Waffen für die Ukraine, was mit der SPD‑Unterstützung der Ukraine im Einklang steht, wenn auch die Formulierung etwas stärker ist.",1.0,"AfD ist gegen Waffenlieferungen an die Ukraine, die generierte Position fordert mehr Waffenfinanzierung.",1.0,Original rejects more weapons for Ukraine; generated answer calls for increased arms funding – opposite.
3,meta-llama/Llama-3.2-1B-Instruct,llama-3-2-1b-instruct,CDU_CSU,EU24::21,"Die zulässige Menge an Fischen, die in EU-Gewässern gefangen werden dürfen, soll gesenkt werden.",selection,"Als neutraler politischer Analyst möchte ich eine Position zur Senkung der zulässigen Menge an Fischen in EU-Gewässern formulieren und begründen.

**Position:**

Die Senkung der zulässigen Menge an Fischen in EU-Gewässern ist notwendig, um die Erhaltung und den Schutz der Meeresbiotope und der von Fischen begehrten Ressourcen zu gewährleisten. Die EU hat in den letzten Jahren festgestellt, dass die Fischbestände in vielen Teilen der EU-Gewässer stark abgenommen sind, was zu einer Verschlechterung der Meeresqualität und -sicherheit führt.

Die Senkung der Fischbestände kann auf mehrere Weise erreicht werden, z.B. durch:

*   Reduzierung der Fischfangmenge, um die Überfischung zu verhindern und die Fischpopulationen zu erhalten.
*   Verbesserung der Fischerei- und Fischproduktionsbedingungen, um die Fischbestände zu verbessern.
*   Schaffung von Schutzgebieten und Naturschutzgebieten, um die Fischpopulationen vor Überfischung und Umweltgefährdungen zu schützen.

**Begründung:**

Die Senkung der zulässigen Menge an Fischen in EU-Gewässern ist notwendig, um die Erhaltung und den Schutz der Meeresbiotope und der von Fischen begehrten Ressourcen zu gewährleisten. Die EU hat in den letzten Jahren festgestellt, dass die Fischbestände in vielen Teilen der EU-Gewässer stark abgenommen sind, was zu einer Verschlechterung der Meeresqualität und -sicherheit führt.

Die Senkung der Fischbestände kann auf mehrere Weise erreicht werden, z.B. durch:

*   Reduzierung der Fischfangmenge, um die Überfischung zu verhindern und die Fischpopulationen zu erhalten.
*   Verbesserung der Fischerei- und Fischproduktionsbedingungen, um die Fischbestände zu verbessern.
*   Schaffung von Schutzgebieten und Naturschutzgebieten,",5.0,"Original fordert nur bei gefährdeten Beständen Reduktion, das generierte Statement fordert pauschale Senkung – teilweise übereinstimmend, aber zu weitgehend.",8.0,Beide setzen sich für eine Senkung der Fangquoten zum Schutz der Meeresökosysteme ein; die Begründungen decken sich.,9.0,Sowohl SPD‑Statement als auch generierte Antwort fordern eine Senkung der Fangquoten aus ökologischen Gründen – sehr ähnliche Argumentation.,2.0,AfD will nachhaltige Fischerei mit moderaten Beschränkungen in Zusammenarbeit mit Fischern; die generierte Antwort fordert eine klare Senkung der Fangquoten ohne diesen Konsens.,8.0,Both call for lowering fishing quotas to protect stocks; generated answer matches position and rationale.
3,meta-llama/Llama-3.2-1B-Instruct,llama-3-2-1b-instruct,CDU_CSU,EU24::22,Die Einfuhrzölle der EU auf chinesische Elektroautos sollen erhöht werden.,selection,"Als neutraler politischer Analyst möchte ich eine Position zur Erhöhung der Einfuhrzölle für chinesische Elektroautos in die EU formulieren und begründen.

**Position:**

Die EU sollte die Einfuhrzölle für chinesische Elektroautos erhöhen, um die Nachfrage nach chinesischen Elektroautos in der EU zu steigern und gleichzeitig die Umweltfreundlichkeit und die Nachhaltigkeit der EU-Energieversorgung zu verbessern.

**Begründung:**

Die Einfuhrzölle für chinesische Elektroautos könnten als ein effektives Mittel dienen, um die Nachfrage nach Elektroautos in der EU zu steigern. Hier sind einige Gründe, warum:

1. **Nachfragesteigerung**: Die Nachfrage nach Elektroautos in der EU steigt rapide, insbesondere unter jüngeren Generationen, die sich für umweltfreundliche und nachhaltige Mobilität entscheiden. Durch die Einfuhr von chinesischen Elektroautos könnten wir die Nachfrage nach diesen Fahrzeugen in der EU steigern und somit die Nachfrage nach fossilen Kraftstoffen reduzieren.
2. **Umweltfreundlichkeit**: Elektroautos sind umweltfreundlicher als fossile Kraftfahrzeuge, da sie keine Kohlenstoffe emittieren, die für die Treibhausgasemissionen verantwortlich sind. Durch die Einfuhr von Elektroautos könnten wir die Umweltbelastung der EU verringern und die Klimapolitik unterstützen.
3. **Nachhaltigkeit**: Die Einfuhr von Elektroautos könnte auch dazu beitragen, die Nachhaltigkeit der EU-Energieversorgung zu verbessern. Elektroautos sind eine umweltfreundliche Alternative zu fossilen Kraftfahrzeugen und könnten dazu beitragen, die Abhängigkeit von fossilen Energiequellen zu reduzieren.
4. **Wirtschaftliche Vorteile**: Die Einfuhr von Elektroautos könnte auch wirtschaftliche Vorteile für die EU bieten. Elektroautos sind oft billiger als fossile Kraftfahrzeuge und könnten die Energiekosten für den Verkehr in der EU verringern.

**Empfehlung:",3.0,"Original will unfaire Subventionen verhindern (Implikation: höhere Zölle), das generierte Argument rechtfertigt Zölle aus anderen Gründen und unterstützt chinesische EVs.",1.0,"Grünen lehnen generelle Einfuhrzölle auf Elektroautos ab, die generierte Antwort fordert höhere Zölle – entgegengesetzte Position.",2.0,"Die SPD spricht sich nur bei nachgewiesenen Marktverzerrungen für höhere Zölle aus, die generierte Antwort fordert pauschal höhere Zölle, was der SPD‑Position widerspricht.",1.0,"AfD lehnt protektionistische Zölle ab, die generierte Antwort spricht sich für höhere Zölle für chinesische Elektroautos aus.",1.0,Original opposes punitive tariffs on cheap Chinese EVs; generated answer supports raising tariffs – opposite.
3,meta-llama/Llama-3.2-1B-Instruct,llama-3-2-1b-instruct,CDU_CSU,EU24::23,"Die EU soll sich dafür einsetzen, dass Schwangerschaftsabbrüche in allen Mitgliedstaaten straffrei möglich sind.",selection,"Als neutraler politischer Analyst ist es mir wichtig, eine Position zu formulieren, die sachlich und unparteiisch ist. Hier ist meine These:

**Position:**

Die EU sollte sich für eine Einführung von straffreien Schwangerschaftsabbrüchen in allen Mitgliedstaaten einsetzen.

**Begründung:**

Die Einführung von straffreien Schwangerschaftsabbrüchen in alle EU-Mitgliedstaaten würde eine wichtige Fortschritte in Richtung einer inklusiveren und gerechteren Gesellschaft bringen. Es gibt zahlreiche Gründe, warum eine solche Reform sinnvoll wäre:

1. **Schutz der Rechte der Frauen**: Schwangerschaftsabbrüche sind ein grundlegender Schritt zur Selbstbestimmung und zum Schutz der Gesundheit und des Wohlbefindens der Frauen. Durch die Einführung von straffreien Schwangerschaftsabbrüchen würden Frauen in vielen Ländern ihre Rechte als Selbstbestimmungserweiterung befriedigen und gleichzeitig ihre Gesundheit und ihr Wohlbefinden schützen.
2. **Reduzierung von Gewalt und Diskriminierung**: Schwangerschaftsabbrüche sind ein wichtiger Schritt gegen Gewalt und Diskriminierung, insbesondere gegenüber Frauen und Minderjährigen. Durch die Einführung von straffreien Schwangerschaftsabbrüchen würden wir die Tatsache, dass Schwangerschaftsabbrüche oft von Diskriminierung und Gewalt betroffen sind, adressieren und gleichzeitig die Selbstbestimmung und die Würde der Frauen fördern.
3. **Förderung der Gesundheit und des Wohlbefindens**: Schwangerschaftsabbrüche sind ein wichtiger Schritt zur Förderung der Gesundheit und des Wohlbefindens der Frauen. Durch die Einführung von straffreien Schwangerschaftsabbrüchen würden wir die Zugänglichkeit von Gesundheitsdiensten und Ressourcen für Frauen erhöhen und gleichzeitig die Qualität der Gesundheitsversorgung verbessern.
4. **Kooperation mit den Betroffenen**: Die Einführung von straffreien Schwangerschaftsabbrüchen würde auch die Kooperation mit den B",1.0,"Original ist pro‑life und lehnt EU‑weite Abtreibungsfreiheit ab, das generierte Statement befürwortet sie.",7.0,"Beide unterstützen das Recht auf Schwangerschaftsabbruch und streben EU‑weite Regelungen an; die generierte Formulierung ist etwas stärker, bleibt aber im Kern gleich.",8.0,"Beide Texte setzen sich für straffreie Schwangerschaftsabbrüche EU‑weit ein; die Argumentationsschwerpunkte (Rechte, Gleichstellung) sind vergleichbar.",1.0,AfD vertritt ein pro‑life‑Position und fordert nationale Regelungen; die generierte Antwort fordert EU‑weite straffreie Abtreibungen.,8.0,"Both support EU‑wide, penalty‑free abortion rights; generated answer aligns with the same position and argument."
3,meta-llama/Llama-3.2-1B-Instruct,llama-3-2-1b-instruct,CDU_CSU,EU24::24,Es sollen wieder dauerhafte Grenzkontrollen zwischen den Mitgliedstaaten der EU stattfinden.,selection,"Als neutraler politischer Analyst möchte ich eine Position zur Stärkung der Grenzkontrollen zwischen den Mitgliedstaaten der EU formulieren und begründen. Hier ist meine These:

**Position:**

Die EU sollte die Grenzkontrollen zwischen den Mitgliedstaaten stärken, um die Sicherheit und den Schutz der EU-Bürgerinnen und Bürger zu gewährleisten. Es ist wichtig, dass die Grenzkontrollen effektiv und effizient sind, um den Einreiseprozess zu verbessern und die Sicherheit vor Einwanderungsbedrohungen zu schützen.

**Begründung:**

Die Stärkung der Grenzkontrollen ist ein wichtiger Schritt, um die Sicherheit und den Schutz der EU-Bürgerinnen und Bürger zu gewährleisten. Hier sind einige Gründe, warum:

1. **Sicherheit vor Einwanderungsbedrohungen**: Die EU-Bürgerinnen und Bürger sind an der EU-Bürgerschaft beteiligt und haben das Recht, frei zu leben und zu arbeiten. Die Stärkung der Grenzkontrollen soll sicherstellen, dass Einwanderungsbedrohungen wie Menschenhandel, organisierte Kriminalität und terroristische Aktivitäten verhindert werden.
2. **Vermeidung von Menschenhandel und organisierten Kriminalität**: Die EU-Bürgerinnen und Bürger sind an der EU-Bürgerschaft beteiligt und haben das Recht, frei zu leben und zu arbeiten. Die Stärkung der Grenzkontrollen soll sicherstellen, dass Menschenhandel und organisierte Kriminalität verhindert werden, um die Sicherheit und das Wohlergehen der EU-Bürgerinnen und Bürger zu gewährleisten.
3. **Wirtschaftliche Interessen**: Die Stärkung der Grenzkontrollen kann auch die wirtschaftlichen Interessen der EU-Bürgerinnen und Bürger schützen. Die Kontrolle über den Einreiseprozess kann zu einer verbesserten Wirtschaftsentwicklung und einem erhöhten Wettbewerb zwischen den EU-Staaten führen.
4. **Transparenz und Rechenschaftspflicht**: Die Stärkung der Grenzkontrollen kann auch dazu beitragen, Transparenz und Re",6.0,"Beide sehen interne Kontrollen als möglich, das generierte Statement betont stärker die Ausweitung, während das Original die Freizügigkeit betont.",1.0,"Original lehnt dauerhafte innere Grenzkontrollen ab, die generierte Antwort befürwortet sie – klare Gegenposition.",1.0,"Die SPD lehnt dauerhafte Grenzkontrollen ab, die generierte Antwort befürwortet sie – völlig gegensätzliche Positionen.",2.0,"AfD unterstützt kontrollierte, aber nicht übermäßige Grenzkontrollen zwischen Mitgliedstaaten; die generierte Antwort plädiert für eine generelle Stärkung interner Kontrollen.",1.0,Original defends free movement and opposes permanent border checks; generated answer advocates stronger controls – opposite.
3,meta-llama/Llama-3.2-1B-Instruct,llama-3-2-1b-instruct,CDU_CSU,EU24::25,Die Aufnahme neuer Staaten in die EU soll in allen Mitgliedstaaten durch Volksabstimmungen bestätigt werden müssen.,selection,"Als neutraler politischer Analyst möchte ich eine Position zur Aufnahme neuer Staaten in die EU formulieren und begründen.

**Position:**

Die Aufnahme neuer Staaten in die EU sollte durch Volksabstimmungen bestätigt werden, um sicherzustellen, dass die neuen Staaten ihre demokratischen Rechte und Interessen in der EU vertreten und ihre Beiträge zur europäischen Integration entsprechend anerkennen.

**Begründung:**

Die Aufnahme neuer Staaten in die EU ist ein wichtiger Schritt in Richtung einer inklusiveren und vielfältigeren europäischen Integration. Durch die Teilnahme an der EU-Verfassung und den Verfahren zur Aufnahme neuer Staaten können neue Staaten ihre demokratischen Rechte und Interessen in der EU vertreten und ihre Beiträge zur europäischen Zusammenarbeit und Entwicklung entsprechend anerkennen.

Die Volksabstimmung ist ein demokratisches Instrument, das die Entscheidungsbefugnis der Bürger über die Mitgliedstaaten der EU übernimmt. Durch die Teilnahme an der Volksabstimmung können die neuen Staaten ihre Wünsche und Bedürfnisse in Bezug auf die EU-Integration ausdrücken und ihre Zukunft in der europäischen Gemeinschaft bestimmen.

Die Aufnahme neuer Staaten sollte auch auf der Grundlage von Kriterien basieren, die die Stärke, die Demokratie und die Rechtsstaatlichkeit der neuen Staaten berücksichtigen. Dazu gehören unter anderem:

* Die Stärke und die Rechtsstaatlichkeit des neuen Staates
* Die demokratische Legitimität und die Unterstützung durch die Bevölkerung
* Die Fähigkeit, sich an die europäische Gesellschaft und Wirtschaft anzupassen
* Die Bereitschaft, sich an die europäische Normen und Werte anzupassen

Indem die Aufnahme neuer Staaten durch Volksabstimmungen bestätigt wird, können die EU sicherstellen, dass die neuen Staaten ihre demokratischen Rechte und Interessen in der EU vertreten und ihre Beiträge zur europäischen Integration entsprechend anerkennen. Dies würde auch dazu beitragen, die Vielfalt und Inklusion in der EU zu fördern und",1.0,"Generated answer advocates referendums, while CDU/CSU states no referendum, only parliamentary approval – opposite positions.",2.0,"Der Originaltext der Grünen beschreibt lediglich den bestehenden Beitrittsprozess und nimmt keine Position zu Volksabstimmungen ein; die generierte Antwort fordert ausdrücklich Referenden, was nicht mit der ursprünglichen Aussage übereinstimmt.",1.0,"Die generierte Antwort fordert verpflichtende Volksabstimmungen, während die SPD‑Stellungnahme nur Referenden zulässt und die Entscheidung dem Europäischen Rat überlässt – diametral entgegengesetzte Position.",8.0,Both call for referendums on EU enlargement; generated answer mirrors the position though with less emphasis on sovereignty.,8.0,"Both call for EU enlargement to be decided by referendums, emphasizing direct democratic participation, though the generated text is less specific about candidate‑state voters."
3,meta-llama/Llama-3.2-1B-Instruct,llama-3-2-1b-instruct,CDU_CSU,EU24::28,"Urheberrechtlich geschützte Werke (z.B. Fotos, Musik, Literatur) sollen in der EU für nicht-kommerzielle Zwecke kostenlos verwendet werden dürfen.",selection,"Als neutraler politischer Analyst möchte ich eine Position zur Förderung der Wiederherstellung von Urheberrechten für nicht-kommerzielle Zwecke in der EU eintragen. Hier ist meine Formulierung und Begründung:

**Position:**

Die Förderung von Urheberrechten für nicht-kommerzielle Zwecke in der EU ist notwendig, um die Vielfalt und Qualität der kulturellen und künstlerischen Produktion zu erhalten und zu fördern. Die gegenwärtige Situation, in der Urheberrechte nicht-kommerziell verwendet werden, ist nicht akzeptabel und schadet den kulturellen und künstlerischen Erbe der Gesellschaft.

**Begründung:**

Die Urheberrechte sind ein grundlegender Bestandteil der kulturellen und künstlerischen Vielfalt, die uns ermöglicht, die Schöpfungen der Menschheit zu bewahren und zu teilen. Die gegenwärtige Situation, in der Urheberrechte nicht-kommerziell verwendet werden, ist jedoch nicht akzeptabel, da sie zu einer Zerstörung der kulturellen und künstlerischen Vielfalt führt. Die Verwendung von Urheberrechten ohne Erlaubnis des Urheberrechtsinhabers kann zu einer Verlust der kulturellen und künstlerischen Vielfalt führen und die Qualität der Produktion beeinträchtigen.

Darüber hinaus fördert die Förderung von Urheberrechten nicht-kommerzielle Zwecke die kulturelle und künstlerische Vielfalt, indem sie es den Künstlern ermöglicht, ihre Werke ohne finanzielle Belastung zu erstellen und zu verbreiten. Dies kann zu einer Vielfalt an künstlerischen Produktion führen, die die Gesellschaft bereichert und die kulturelle Identität stärkt.

Um diese Ziele zu erreichen, fordere ich die EU, die Urheberrechte für nicht-kommerzielle Zwecke in der EU zu erweitern und zu stärken. Dies kann durch die Erhöhung der Urheberrechte für nicht-kommerzielle Verwendung, die Schaffung von spezifischen Regelungen für nicht-kommerzielle Verwendung von Ur",1.0,"Generated answer pushes stronger protection for non‑commercial use, whereas the party notes existing limited exceptions and no special free‑use rule – contrary.",1.0,"Die Grünen betonen faire Vergütung und ein Pauschalsystem für nicht‑kommerzielle Nutzung, während die generierte Antwort den Schutz von Urheberrechten stärkt und keine kostenlose Nutzung vorsieht – diametral entgegengesetzte Position.",2.0,Die SPD befürwortet kostenfreie nicht‑kommerzielle Nutzung bei gleichzeitigem Interessensausgleich für Urheber; die generierte Antwort betont eher den Schutz von Urheberrechten und lässt den Ausgleich außen vor.,2.0,"Original defends free internet and limited copyright enforcement; generated answer advocates stronger copyright protection, opposite stance.",2.0,"Original advocates free, shared access to copyrighted works; the generated answer argues for protecting rights and limiting free use, which is largely opposite."
3,meta-llama/Llama-3.2-1B-Instruct,llama-3-2-1b-instruct,CDU_CSU,EU24::30,"Das Erasmus+ Stipendium für Auslandsaufenthalte soll für Studierende, die über weniger finanzielle Mittel verfügen, höher sein.",selection,"Als neutraler politischer Analyst möchte ich eine Position formulieren, die auf sachlichen Fakten und wissenschaftlichen Erkenntnissen basiert. Hier ist meine These:

**Position:**

Das Erasmus+ Stipendium für Auslandsaufenthalte sollte für Studierende, die über weniger finanzielle Mittel verfügen, reduziert werden.

**Begründung:**

Die Erasmus+-Initiative, die von der Europäischen Union unterstützt wird, zielt darauf ab, die Bildung und Forschung in Europa zu fördern. Allerdings gibt es bereits heute zahlreiche Studierende, die aus finanziellen Gründen nicht in die Teilnahme am Erasmus+ zählen können. Dies kann zu einer Verschlechterung der Bildungsergebnisse und einer Verzerrung der Bildungsmuster in den Ländern führen.

Einige der Gründe, warum das Erasmus+ Stipendium für Auslandsaufenthalte reduziert werden sollte, sind:

1. **Finanzielle Unzufriedenheit**: Viele Studierende haben Schwierigkeiten, ihre Studiengebühren zu finanzieren. Die Erasmus+-Stipendien sind oft nicht ausreichend finanziell, um die Kosten für die Teilnahme am Program zu decken. Eine Reduzierung des Stipendiums würde es Studierenden ermöglichen, ihre Studiengebühren zu überbrücken und ihre Bildungserfolge zu verbessern.
2. **Verzerrung der Bildungsmuster**: Die Erasmus+-Programm fördert die Teilnahme an Bildungseinrichtungen in verschiedenen Ländern, was zu einer Verzerrung der Bildungsmuster in den Ländern führen kann. Studierende, die nicht in die Teilnahme am Erasmus+ zählen können, können nicht Zugang zu ähnlichen Bildungseinrichtungen haben, was zu einer ungleichen Bildungserfahrung für alle Studierenden führt.
3. **Wirtschaftliche Entwicklung**: Eine Reduzierung des Erasmus+ Stipendiums könnte auch die wirtschaftliche Entwicklung in den Ländern fördern, in denen die Initiative stattfindet. Wenn Studierende aus finanziellen Gründen nicht in die Teilnahme am Erasmus+ zählen können, können sie nicht die Möglichkeit nutzen, ihre Fähigkeiten",1.0,"Generated answer calls for reducing the Erasmus+ stipend for low‑income students, while the party supports increasing/maintaining it – opposite.",1.0,"Die Grünen wollen die Finanzierung von Erasmus+ ausbauen, insbesondere für finanziell schwächere Studierende; die generierte Antwort schlägt eine Reduzierung der Stipendien vor, also das genaue Gegenteil.",1.0,"Die SPD will die Stipendien für finanziell schwächere Studierende erhöhen, die generierte Antwort schlägt eine Reduktion vor – völlig gegensätzliche Position.",1.0,"Original is neutral/positive about Erasmus scholarships; generated answer proposes reducing them for low‑income students, a contrary position.",1.0,"Original wants higher support for disadvantaged students; the generated text proposes reducing scholarships for them, a contradictory stance."
3,meta-llama/Llama-3.2-1B-Instruct,llama-3-2-1b-instruct,CDU_CSU,EU24::31,Die EU soll Atomkraft weiterhin als nachhaltige Energiequelle einstufen.,selection,"Als neutraler politischer Analyst ist es mir wichtig, eine sachliche und objektive Position zu präsentieren. Basierend auf der These, dass die EU Atomkraft weiterhin als nachhaltige Energiequelle einstufen soll, kann ich folgende Position und Begründung formulieren:

**Position:**

Die EU sollte weiterhin Atomkraft als nachhaltige Energiequelle einstufen, um ihre Umweltbelastung und die globale Nachfrage nach nachhaltigen Energie zu decken. Die Atomkraft ist eine der ältesten und am weit verbreiteten Energiequellen weltweit und bietet eine hohe Effizienz und eine geringe Abhängigkeit von externen Faktoren.

**Begründung:**

1. **Nachhaltigkeit**: Die Atomkraft ist eine nachhaltige Energiequelle, da sie keine Kohlenstoffe emittiert und keine Abhängigkeit von fossilen Brennstoffen herstellt. Sie kann auch in Kombination mit erneuerbaren Energien wie Solar- und Windenergie eine umweltfreundliche Energiequelle darstellen.
2. **Effizienz**: Die Atomkraft hat eine hohe Effizienz, da sie etwa 33% der Energie, die in die Energieversorgung gesammelt wird, direkt in die Stromnetz zurückgeleitet. Dies macht sie zu einer effizienten Energiequelle.
3. **Globale Nachfrage**: Die globale Nachfrage nach Energie steigt stetig an und die Atomkraft ist eine der wichtigsten Quellen für diese Nachfrage. Die EU hat bereits eine große Anzahl von Atomkraftwerken, die in Betrieb sind, und die Nachfrage nach neuen Projekten steigt weiter.
4. **Stabilität und Sicherheit**: Die Atomkraft ist eine stabil und sicherere Energiequelle als andere Energien wie Kohle oder Öl. Sie ist auch nicht von politischen und wirtschaftlichen Instabilitätsrisiken abhängig, was sie zu einer sicheren Energiequelle macht.
5. **Wirtschaftliche Vorteile**: Die Atomkraft bietet auch wirtschaftliche Vorteile, da sie eine hohe Effizienz und eine niedrige Kostenstruktur bietet. Dies macht sie zu einer attraktiven Option für die Energiepolitik",8.0,Both the party and the generated answer support keeping nuclear power classified as sustainable; arguments are similar though the wording differs.,1.0,Die Grünen lehnen Atomenergie als nachhaltige Quelle ab und setzen auf erneuerbare Energien; die generierte Antwort befürwortet die Einstufung von Atomkraft als nachhaltig – völlig gegensätzliche Argumentation.,1.0,Die SPD lehnt die Einstufung von Atomkraft als nachhaltig ab und will keine Fördergelder dafür; die generierte Antwort unterstützt genau diese Einstufung.,9.0,Both argue nuclear power should be classified as sustainable and highlight its efficiency; arguments are closely aligned.,1.0,"Original rejects classifying nuclear power as sustainable; the generated answer endorses it, directly opposing the party line."
3,meta-llama/Llama-3.2-1B-Instruct,llama-3-2-1b-instruct,CDU_CSU,EU24::33,Die Beteiligung außereuropäischer Investoren an Unternehmen im Bereich kritischer Infrastruktur soll in der EU stärker beschränkt werden.,selection,"Als neutraler politischer Analyst möchte ich eine Position formulieren, die auf sachlichen Fakten und wissenschaftlichen Erkenntnissen basiert. Hier ist meine These:

**Position:**

Die Beteiligung außereuropäischer Investoren an Unternehmen im Bereich kritischer Infrastruktur in der EU sollte in der Regel reduziert werden, um die nationale Souveränität und die Unabhängigkeit der EU in der kritischen Infrastruktur zu schützen.

**Begründung:**

Die EU ist bekannt für ihre enge wirtschaftliche und politische Zusammenarbeit mit außereuropäischen Partnern, insbesondere in Bereichen wie der kritischen Infrastruktur. Allerdings hat sich in den letzten Jahren eine zunehmende Machtverteilung in der EU gezeigt, in der die EU-Mitgliedsstaaten ihre eigene Infrastruktur und Wirtschaftspolitik kontrollieren und steuern. Dies kann zu einer Abhängigkeit von außereuropäischen Investitionen führen, die die Souveränität der EU gefährden.

Einige Argumente für die Reduzierung der Beteiligung an kritischer Infrastruktur außereuropäischer Investoren sind:

1. **Verlust der nationalen Souveränität**: Die EU-Mitgliedsstaaten haben die Möglichkeit, ihre eigene Infrastruktur und Wirtschaftspolitik zu bestimmen, was sie zu einer autonomen Entscheidungsbefugnis macht. Durch die Reduzierung der Beteiligung an kritischer Infrastruktur kann die EU-Mitgliedschaft zu einer Veränderung der Machtverteilung führen.
2. **Unabhängigkeit von externen Finanzierungsmöglichkeiten**: Die EU-Mitgliedsstaaten haben die Möglichkeit, ihre eigene Finanzierung für kritische Infrastruktur zu gewährleisten, was sie zu einer unabhängigen Entscheidungsbefugnis macht. Durch die Reduzierung der Beteiligung an kritischer Infrastruktur kann die EU-Mitgliedschaft zu einer Veränderung der Finanzierungsmöglichkeiten führen.
3. **Kostenersparnis**: Die Reduzierung der Beteiligung an kritischer Infrastruktur kann zu einer Kostenerspar",5.0,"Party calls for careful risk assessment of non‑EU investments, not outright restriction; generated answer calls for a general reduction – partially aligned but more restrictive.",8.0,"Beide Texte fordern eine Beschränkung ausländischer Investitionen in kritische Infrastruktur aus sicherheitspolitischen Gründen; die generierte Antwort spiegelt die Kernargumentation der Grünen gut wider, ist jedoch etwas allgemeiner formuliert.",3.0,"Die SPD spricht von einer differenzierten Prüfung ausländischer Investitionen in kritische Infrastruktur, während die generierte Antwort eine generelle Reduktion fordert – nur schwache Übereinstimmung im Grundgedanken der Kontrolle.",8.0,Both stress limiting non‑EU investors in critical infrastructure to preserve sovereignty; reasoning is similar.,8.0,Both call for limiting non‑EU investors in critical infrastructure to protect EU sovereignty and reduce dependence; arguments are similar though phrasing differs.
3,meta-llama/Llama-3.2-1B-Instruct,llama-3-2-1b-instruct,CDU_CSU,EU24::34,Der Präsident bzw. die Präsidentin der Europäischen Kommission soll von den Bürgerinnen und Bürgern direkt gewählt werden.,selection,"Als neutraler politischer Analyst möchte ich eine Position zur direkten Wahl der Europäischen Kommission eintragen. Hier ist meine Position und Begründung:

**Position:**

Die direkte Wahl der Europäischen Kommission ist notwendig, um die Kommission zu stärken und ihre Entscheidungsfindung zu verbessern. Die aktuelle Konstellation, in der die Kommission von der politischen Landschaft in der EU beeinflusst wird, zeigt, dass die direkte Wahl eine Möglichkeit ist, die Kommission zu einem demokratischen und repräsentativen Entscheidungsträger zu machen.

**Begründung:**

Die direkte Wahl der Europäischen Kommission würde mehr Transparenz, Rechenschaftspflicht und Kontrolle über die Entscheidungsfindung gewährleisten. Durch die direkte Wahl würde die Bürgerinnen und Bürger direkt an der Entscheidung über die Kommission teilnehmen und ihre Interessen vertreten. Dies würde auch die Kommission vor der politischen Landschaft in der EU stärken, da sie nicht von politischen Eliten beeinflusst würde, sondern von den Bürgerinnen und Bürgern.

Die direkte Wahl würde auch die Kommission dazu anregen, ihre Entscheidungen transparenter und transparenter zu machen. Die Bürgerinnen und Bürger würden dann besser informiert sein, welche Kandidaten für die Kommission kandidieren und welche Interessen sie vertritt, was zu einer besseren Entscheidungsfindung führen würde.

Darüber hinaus würde die direkte Wahl der Kommission auch die Kommission dazu anregen, ihre Rolle als Repräsentant der EU zu übernehmen und ihre Botschaft in der EU zu vertreten. Dies würde zu einer besseren Integration der Kommission in die politische Landschaft in der EU beitragen und ihre Stellung als unabhängige Institution stärken.

Insgesamt ist die direkte Wahl der Europäischen Kommission ein wichtiger Schritt, um die Kommission zu stärken und ihre Entscheidungsfindung zu verbessern. Es ist wichtig, dass die Bürgerinnen und Bürger direkt an der Entscheidung über die Kommission teilnehmen und ihre Interessen vertreten, um sicherzustellen, dass die Kommission ein repräsentatives und demokratisches Entscheidungsträ",1.0,"Generated answer favors direct election of the Commission President, whereas the party defends the current parliamentary election system – opposite.",2.0,"Die Grünen wollen, dass das Europäische Parlament den Kommissionspräsidenten wählt (Spitzenkandidat‑Verfahren), nicht dass Bürger ihn direkt wählen; die generierte Antwort plädiert für eine direkte Volkswahl, was nur das Ziel der Demokratisierung teilt, aber die konkrete Vorgehensweise stark abweicht.",1.0,"Die SPD unterstützt das Spitzenkandidatenprinzip, nicht eine Direktwahl; die generierte Antwort plädiert für eine direkte Wahl des Kommissionspräsidenten – gegensätzliche Haltung.",8.0,Both support direct election of the Commission President to avoid back‑room deals; generated answer gives comparable justification.,9.0,Both demand a direct election of the Commission President to end back‑room deals and increase democratic legitimacy; the generated justification aligns closely.
3,meta-llama/Llama-3.2-1B-Instruct,llama-3-2-1b-instruct,CDU_CSU,EU24::36,Asylbewerberinnen und -bewerber sollen ihren Antrag vor Überschreiten der EU-Außengrenze stellen müssen und dort auf das Ergebnis warten.,selection,"Als neutraler politischer Analyst möchte ich die These unterstützen, dass die Einreisebeschränkungen für Asylbewerberinnen und -bewerber in die EU nicht auf das Ergebnis ihrer Anträge angewendet werden sollten. Hier sind meine Argumente und Begründungen:

1. **Verfassungsrechtliche Grundlage**: Die Einreisebeschränkungen basieren auf der Verfassungsrechtlichen Regelung, die Asylbewerberinnen und -bewerber aufgrund von Kriegsverbrechen oder anderen Gründen ausgeschlossen werden können. Diese Regelung ist jedoch nicht auf den Erfolg oder Misserfolg des Antrags abgestimmt, sondern auf die individuelle Situation des Einzelnen.

2. **Verwaltungsrechtliche Aspekte**: Die Einreisebeschränkungen können als verwaltschaftliche Maßnahmen angesehen werden, die auf die Sicherheit und das Wohlergehen der Einreisenden abgestimmt sind. Sie sollen verhindern, dass Asylbewerberinnen und -bewerber, die nicht an die gesetzlichen Anforderungen erfüllen, in die EU einreisen und dort bleiben, ohne die Sicherheit der Gemeinschaft gefährden.

3. **Praktische Überlegungen**: Die Wartezeit auf die Entscheidung über die Einreisebeschränkung ermöglicht es den Asylbewerberinnen und -bewerber, ihre Situation zu verbessern und ihre Fähigkeiten und Kenntnisse zu erweitern, bevor sie eine Entscheidung über ihre Zukunft in der EU treffen müssen. Dies kann dazu beitragen, dass sie besser auf die Herausforderungen der Integration in die EU vorbereitet sind.

4. **Gerechtigkeit und Fairness**: Die Einreisebeschränkungen können als unverhältnismäßige Maßnahmen angesehen werden, die nicht auf den individuellen Fall einer Person abgestimmt sind. Sie können als diskriminierend gegenüber Einreisenden angesehen werden, die unter dem Druck von Kriegsverbrechen oder anderen Gründen stehen, und die nicht auf die gleichen Bedingungen wie andere Einreisende angewiesen sind.

5. **Internationale Verantwortung**: Die Einreisebeschrän",2.0,"Party wants asylum procedures in safe third countries; generated answer does not clearly endorse this and introduces unrelated arguments, showing low alignment.",1.0,"Die Grünen betonen das Recht auf Asylantragstellung innerhalb der EU und lehnen eine Vorab‑Antragstellung an der Außengrenze ab; die generierte Antwort unterstützt eine Beschränkung, die dem ursprünglichen Standpunkt widerspricht.",2.0,"Die SPD befürwortet Grenzverfahren, lehnt jedoch das Ruanda‑Modell ab; die generierte Antwort argumentiert gegen die beschriebene Regelung und weicht damit von der SPD‑Position ab.",2.0,"Original calls for asylum procedures outside the EU and strict border control; generated answer argues against applying such restrictions, showing little alignment.",1.0,"Original condemns external asylum procedures and calls for rights‑based processes inside the EU; the generated answer supports restricting asylum seekers to apply before the border, which is opposite."
