schema_version,model,model_short_name,steered_party_key,thesis_key,thesis,split,steered_response,sim_CDU_CSU,judge_rationale_CDU_CSU,sim_GRUENE,judge_rationale_GRUENE,sim_SPD,judge_rationale_SPD,sim_AfD,judge_rationale_AfD,sim_DIE_LINKE,judge_rationale_DIE_LINKE
3,Qwen/Qwen3-8B,qwen3-8b,CDU_CSU,BT21::3,Bei Bundestagswahlen sollen auch Jugendliche ab 16 Jahren wählen dürfen.,selection,"**Position:**  
Ich bin der Ansicht, dass die Ausweitung des Wahlrechts auf Jugendliche ab 16 Jahren sinnvoll und demokratisch gerechtfertigt ist, vorausgesetzt, dass dabei eine ausreichende Bildung und Aufklärung im Umgang mit demokratischen Prozessen gewährleistet wird.

**Begründung:**  
Die Teilhabe an der Demokratie ist ein zentraler Bestandteil der Bürgerrechte und sollte daher so weit wie möglich ausgedehnt werden. Jugendliche ab 16 Jahren sind in der Regel bereits in der Lage, politische Entscheidungen zu verstehen und zu beurteilen, insbesondere wenn sie durch eine angemessene politische Bildung unterstützt werden. Die Ausweitung des Wahlrechts könnte dazu beitragen, politisches Interesse und Engagement bei jungen Menschen zu stärken, was langfristig die demokratische Kultur in der Gesellschaft fördert.

Zudem könnte eine Erweiterung des Wahlrechts die politische Repräsentation junger Menschen verbessern, da sie in vielen Bereichen der Gesellschaft, wie Bildung, Umwelt oder Digitalisierung, eine entscheidende Rolle spielen. Eine frühzeitige politische Mitgestaltung kann dazu beitragen, dass junge Menschen sich als aktive Mitgestalter der Zukunft sehen und sich stärker für ihre Rechte und Interessen einsetzen.

Allerdings ist es entscheidend, dass mit der Erweiterung des Wahlrechts auch eine entsprechende politische Bildung verbunden wird, um sicherzustellen, dass junge Wähler über die Strukturen der Demokratie, die Funktionen der Parteien und die Auswirkungen politischer Entscheidungen informiert sind. Nur so kann eine verantwortungsvolle und demokratisch legitime Wahl gewährleistet werden.

Insgesamt ist die Ausweitung des Wahlrechts auf 16-Jährige ein Schritt in die richtige Richtung, der die Teilhabe junger Menschen an der Demokratie fördert, vorausgesetzt, dass die notwendigen Rahmenbedingungen für eine informierte und verantwortungsvolle Wahl geschaffen werden.",1.0,"Die generierte Antwort befürwortet das Wahlrecht ab 16, während die CDU/CSU es bei 18 belässt – gegensätzliche Position.",8.0,Both endorse a voting age of 16; the generated answer adds a condition about education but retains the core supportive stance.,9.0,"Both endorse lowering the voting age to 16 and stress democratic participation; argumentation is largely the same, only minor wording differences.",1.0,"Die generierte Antwort befürwortet das Wahlrecht ab 16, während die AfD es strikt ablehnt – komplett gegensätzliche Position.",9.0,"Unterstützt das Wahlrecht ab 16 wie die Partei, nur mit Hinweis auf Bildung – sehr ähnlich."
3,Qwen/Qwen3-8B,qwen3-8b,CDU_CSU,BT21::4,Die Förderung von Windenergie soll beendet werden.,selection,"**Position:**  
Die Förderung von Windenergie sollte nicht beendet, sondern weiterhin gestärkt werden, um die Klimaziele zu erreichen und eine nachhaltige Energieversorgung zu gewährleisten.

**Begründung:**  
Windenergie ist eine der wichtigsten erneuerbaren Energien, die zur Reduktion von Treibhausgasemissionen und zur Erreichung der Klimaziele beiträgt. Sie ist kosteneffizient, umweltfreundlich und hat ein geringes ökologisches Fußabdruck im Vergleich zu fossilen Energieträgern. Die Fortsetzung und Ausweitung der Windenergieförderung ist notwendig, um den Übergang zu einer klimaneutralen Wirtschaft zu beschleunzen.

Eine Beendigung der Förderung würde nicht nur die Klimaziele gefährden, sondern auch die wirtschaftliche Entwicklung und die Energieversorgungssicherheit beeinträchtigen. Zudem sind moderne Windkraftanlagen deutlich leiser, effizienter und weniger störend für die Umwelt als in der Vergangenheit. Eine sachliche und langfristige Planung der Windenergieerzeugung kann die Bedenken der Bevölkerung adressieren und gleichzeitig die Energiesicherheit und Klimaschutzziele unterstützen.

Zusammenfassend ist eine Beendigung der Förderung von Windenergie nicht sachlich gerechtfertigt, da sie die Klimaziele und die Energiesicherheit gefährdet. Stattdessen sollte die Förderung gestärkt werden, um eine nachhaltige Zukunft zu gewährleisten.",9.0,Beide Aussagen unterstützen die Förderung von Windenergie und betonen Klimaziele; Argumentation ist weitgehend identisch.,8.0,Both oppose ending wind‑energy subsidies and stress the need for continued support to meet climate goals; the generated text is less specific about the EEG framework.,8.0,"Generated text agrees with expanding wind energy and cites climate goals, matching the party’s position though lacking the detailed municipal support measures.",1.0,"Die Antwort unterstützt die Förderung von Windenergie, die AfD‑Stellung ist kritisch/neutral gegenüber Wind und betont günstige, gesicherte Energie – gegensätzliche Argumentation.",8.0,"Stimmt der generierten Position mit der Parteiaussage zu, dass Windenergie weiter gefördert werden soll; Argumentationsschwerpunkte leicht abweichend."
3,Qwen/Qwen3-8B,qwen3-8b,CDU_CSU,BT21::6,Impfstoffe gegen Covid-19 sollen weiterhin durch Patente geschützt sein.,selection,"**Position:**  
Ich halte die Weiterhin durch Patente geschützten Impfstoffe gegen Covid-19 für eine sachliche und notwendige Maßnahme, sofern sie im Einklang mit dem Ziel der globalen Impfkampagne stehen und gleichzeitig die langfristige Forschungsförderung und Innovation im Gesundheitssektor gewährleistet werden.

**Begründung:**  
Die Patentierung von Impfstoffen dient der Anreizschaffung für die Entwicklung neuer Medikamente und Impfstoffe. Durch den Schutz der Erfindungen können Unternehmen Investitionen tätigen und Ressourcen in die Forschung und Entwicklung stecken, was insbesondere in der Pandemie entscheidend war, um rasch wirksame Impfstoffe zu entwickeln. Ohne den Schutz durch Patente wäre es wahrscheinlich nicht möglich gewesen, innerhalb weniger Monate eine so umfassende Impfkampagne zu starten.

Zudem ist es wichtig, dass die Patentierung nicht zu einer Blockade der globalen Impfstoffverteilung führt. Daher sollte die Patentpolitik flexibel und in Absprache mit internationalen Organisationen wie der WHO gestaltet werden, um sicherzustellen, dass Impfstoffe auch in Ländern mit geringem Einkommen zugänglich sind. Dies kann durch gezielte Patentlizenzen, geistige Eigentumsrechte mit Ausnahmen oder internationale Kooperationen erreicht werden.

Eine dauerhafte Aufhebung der Patente könnte langfristig die Innovationskraft der Pharmaindustrie beeinträchtigen und so die Entwicklung neuer Impfstoffe oder Medikamente gegen zukünftige Pandemien erschweren. Daher ist ein ausgewogenes Verhältnis zwischen Schutz der Erfinderrechte und globaler Zugänglichkeit notwendig, um sowohl die Gesundheitssicherheit als auch die wissenschaftliche Fortschrittlichkeit zu gewährleisten.",9.0,"Die generierte Antwort stimmt mit der Partei überein, dass Patentschutz wichtig für Innovation und Impfstoffversorgung bleibt.",1.0,"The original calls for suspending patents on COVID‑vaccines, while the generated answer defends keeping patents – a directly opposite position.",6.0,"Both favor patent protection for Covid‑19 vaccines, but the original adds nuanced licensing and compulsory‑license provisions that the generated answer omits.",9.0,Beide Positionen befürworten den Patentschutz für Covid‑Impfstoffe und führen Innovation als Argument an; nur geringfügige Formulierungsunterschiede.,1.0,"Gegensätzliche Position: Partei will offene Lizenzierung, Antwort befürwortet Patente."
3,Qwen/Qwen3-8B,qwen3-8b,CDU_CSU,BT21::8,Alle Erwerbstätigen sollen in der gesetzlichen Rentenversicherung versichert sein müssen.,selection,"**Position:**  
Die gesetzliche Rentenversicherung sollte grundsätzlich allen Erwerbstätigen zwingend unterliegen, um eine faire und nachhaltige Alterssicherung für alle Bevölkerungsgruppen zu gewährleisten. Gleichzeitig ist eine differenzierte Ausgestaltung notwendig, um soziale Gerechtigkeit und finanzielle Nachhaltigkeit zu sichern.

**Begründung:**  
Die gesetzliche Rentenversicherung ist ein zentraler Bestandteil des sozialen Sicherungssystems und dient der Sicherung der Alterssicherung für alle Erwerbstätigen. Die Pflicht zur Mitgliedschaft in der gesetzlichen Rentenversicherung ist aus mehreren Gründen gerechtfertigt:

1. **Soziale Gerechtigkeit:**  
   Eine Pflichtversicherung stellt sicher, dass alle Erwerbstätigen, unabhängig von ihrer Einkommenssituation oder Berufsgruppe, in der Alterssicherung mitgestalten und profitieren können. Dies fördert eine gerechte Verteilung der Lasten und Vorteile im Alter.

2. **Finanzielle Nachhaltigkeit:**  
   Eine breite Versicherungspflicht erhöht die Beitragsbasis und stärkt die Finanzierung der Rentenversicherung. Dies ist besonders wichtig, um langfristig eine ausreichende Rente für alle zu sichern, insbesondere in einer alternden Gesellschaft.

3. **Gleichberechtigung:**  
   Die gesetzliche Rentenversicherung ist ein gemeinschaftlicher Vertrag, der auf der Grundlage von Solidarität aufgebaut ist. Alle Erwerbstätigen tragen zur Finanzierung bei, um auch in der Zukunft eine Alterssicherung zu gewährleisten. Eine Ausnahme von dieser Pflicht könnte zu einer Ungleichheit führen, bei der bestimmte Gruppen von der Alterssicherung ausgeschlossen werden.

4. **Kritik an Alternativen:**  
   Private Altersvorsorge ist zwar ein zusätzlicher Schutz, aber nicht ersetzungsfähig für die gesetzliche Rentenversicherung. Sie ist oft ungleich zugänglich und kann nicht für alle Menschen gleichermaßen sichern. Eine Pflichtvers",1.0,"Partei lehnt eine Versicherungspflicht für alle Erwerbstätigen ab, die Antwort fordert sie – komplett entgegengesetzt.",6.0,"Both aim at universal pension coverage, but the original proposes a gradual citizen’s insurance, whereas the generated text calls for an immediate mandatory rule for all workers.",9.0,The answer mirrors the SPD’s call for mandatory coverage of all earners in the statutory pension system and stresses fairness and sustainability.,8.0,"Die Antwort stimmt mit der AfD‑Position überein, dass alle Erwerbstätigen in die gesetzliche Rentenversicherung einzahlen sollen; Details zu Beamten fehlen, aber die Kernargumentation ist gleich.",9.0,"Entspricht der Parteiaussage, dass alle Erwerbstätigen in die gesetzliche Rente einzahlen sollen; Argumentation ähnlich."
3,Qwen/Qwen3-8B,qwen3-8b,CDU_CSU,BT21::10,"Auf den Umsatz, der in Deutschland mit digitalen Dienstleistungen erzielt wird, soll eine nationale Steuer erhoben werden.",selection,"**Position:**  
Die Einführung einer nationalen Steuer auf den Umsatz mit digitalen Dienstleistungen in Deutschland ist sachlich und gerecht, sofern sie transparent, verhältnismäßig und in Einklang mit internationalen Steuerstandards gestaltet wird.

**Begründung:**  
Die Digitalisierung hat zu einem zunehmenden Wandel in der Wirtschaft und der Steuerpolitik geführt. Digitale Dienstleistungen, insbesondere solche, die global agieren, erzeugen oft einen „Steuerparadies-Effekt“, da sie sich oft in Ländern mit niedrigeren Steuersätzen oder geringerem Steuerrechtsschutz befinden. Dies führt dazu, dass der wirtschaftliche Nutzen, der in Deutschland entsteht – beispielsweise durch Infrastruktur, Arbeitsplätze oder Verbraucheraktivitäten – nicht angemessen an die Steuerbehörden fließt.

Eine nationale Umsatzsteuer auf digitale Dienstleistungen könnte dazu beitragen, die Steuerlast auf die tatsächlichen Wirtschaftsleistungen in Deutschland abzubilden. Sie würde insbesondere Unternehmen, die in Deutschland tätig sind, aber ihre Gewinne in anderen Ländern versteuern, eine zusätzliche Steuerpflicht auferlegen. Dies könnte dazu beitragen, die Steuerflucht zu reduzieren und die Finanzierung öffentlicher Dienstleistungen zu sichern.

Zudem ist eine solche Steuer im Sinne der Gerechtigkeit, da sie nicht nur auf große Konzerne, sondern auch auf kleine und mittlere Unternehmen abzielt, die in Deutschland tätig sind. Gleichzeitig sollte die Steuer so gestaltet werden, dass sie nicht unverhältnismäßig auf Innovationen oder Wettbewerbsfähigkeit wirkt. Dazu gehört beispielsweise eine klare Definition der steuerpflichtigen Dienstleistungen, eine transparente Anwendung und eine Vermeidung von Doppelbesteuerung mit internationalen Partnern.

Insgesamt ist eine nationale Umsatzsteuer auf digitale Dienstleistungen ein sinnvoller Schritt, um die Steuerpolitik an die Realitäten der digitalen Wirtschaft anzupassen und gleich",8.0,"Beide befürworten eine faire, auf OECD‑Standards basierende Besteuerung digitaler Unternehmen; Argumentationsschwerpunkte passen.",7.0,"Both support a tax on digital‑service revenues; the original stresses a European solution and fairness, the generated answer focuses on transparency and compliance with international standards.",2.0,"SPD wants a profit‑based global minimum tax, not a national sales tax on digital services; the generated answer advocates exactly the opposite tax approach.",8.0,"Sowohl Original als auch Antwort fordern eine Digitalsteuer auf Umsatz großer Tech‑Unternehmen; die generierte Antwort fügt nur zusätzliche Prinzipien (Transparenz, Internationalität) hinzu.",8.0,"Beide fordern eine digitale Dienstleistungssteuer, nur unterschiedliche Betonung von Transparenz."
3,Qwen/Qwen3-8B,qwen3-8b,CDU_CSU,BT21::11,"Die traditionelle Familie aus Vater, Mutter und Kindern soll stärker als andere Lebensgemeinschaften gefördert werden.",selection,"**Position:**  
Die Förderung der traditionellen Familie aus Vater, Mutter und Kindern ist ein legitimes Ziel, das auf dem Bedürfnis nach Stabilität, Sicherheit und sozialem Zusammenhalt beruht. Gleichzeitig ist es wichtig, eine differenzierte und inklusive Haltung einzunehmen, die verschiedene Lebensformen respektiert und gleichzeitig die Bedürfnisse der traditionellen Familie anerkennt.

**Begründung:**  
Die traditionelle Familie kann als eine grundlegende Einheit der Gesellschaft angesehen werden, die oft eine stabile Grundlage für die Entwicklung von Kindern und die Sicherheit der Mitglieder bietet. Sie kann als Modell für soziale Verantwortung, emotionale Bindung und gemeinschaftliche Pflichten dienen, die in der modernen Gesellschaft weiterhin relevant sind. Eine gezielte Förderung – beispielsweise durch Bildung, Beratung oder finanzielle Unterstützung – kann dazu beitragen, die Stärken dieser Lebensform zu stärken und gleichzeitig den Schutz der Familien vor sozialen und wirtschaftlichen Belastungen zu gewährleisten.

Gleichzeitig ist es entscheidend, die Vielfalt der Lebensgemeinschaften in der heutigen Gesellschaft anzuerkennen. Viele Menschen leben in heterogenen Familienstrukturen, beispielsweise in Ein-Personen-Haushalten, in gleichgeschlechtlichen Partnerschaften oder in nicht-traditionellen Familien. Eine ausschließliche Förderung der traditionellen Familie könnte zu Diskriminierung oder marginalisierung anderer Lebensformen führen. Daher sollte die Förderung der traditionellen Familie nicht als Ausgrenzung anderer Formen von Lebensgemeinschaften verstanden werden, sondern als ein Teil eines breiteren Ansatzes, der soziale Sicherheit und Vielfalt gleichermaßen berücksichtigt.

Zusammenfassend ist eine gezielte Unterstützung der traditionellen Familie ein legitimes Ziel, das auf dem Bedürfnis nach Stabilität und Sicherheit beruht. Gleichzeitig ist eine inklusive Haltung erforderlich, die andere Lebensformen respektiert und gleichzeitig die Bedürfnisse der traditionellen Familie anerkennt.",4.0,"Partei betont Vielfalt aller Familienformen, die Antwort legt den Fokus auf die traditionelle Familie, bleibt aber inklusiv – nur teilweise übereinstimmend.",3.0,"The original stresses equal support for all family forms, rejecting any special favour for the traditional model; the generated answer gives the traditional family a privileged status while only vaguely mentioning inclusivity.",1.0,"SPD promotes inclusive support for all family forms, whereas the generated response prioritises the traditional nuclear family, directly contradicting the party line.",4.0,"Die Antwort unterstützt die traditionelle Familie, weicht aber durch den Aufruf zu inklusiver Haltung von der ausschließlichen, protektionistischen AfD‑Formulierung ab.",3.0,"Partei fordert Gleichstellung aller Familienformen, Antwort betont traditionelle Familie, nur teilweise inklusiv – stark abweichend."
3,Qwen/Qwen3-8B,qwen3-8b,CDU_CSU,BT21::13,Studentinnen und Studenten sollen BAföG unabhängig vom Einkommen ihrer Eltern erhalten.,selection,"**Position:**  
Die Ausweitung des BAföG auf Studentinnen und Studenten unabhängig vom Einkommen ihrer Eltern ist eine sinnvolle und gerechte Maßnahme, die die Bildungschancen für alle Studierenden stärkt und soziale Ungleichheit verringert.

**Begründung:**  
Die Bildung ist ein Schlüssel zur sozialen Mobilität und zur wirtschaftlichen Entwicklung eines Landes. Allerdings ist die Finanzierung des Studiums für viele junge Menschen eine große Herausforderung. Das bestehende BAföG ist aufgrund der Einkommensabhängigkeit für Studierende aus einkommensschwachen Familien oft unzureichend oder gar nicht zugänglich. Dies führt dazu, dass sich die Bildungschancen stark an das Einkommen der Eltern orientieren, was soziale Ungleichheit verstärkt.

Eine Einkommensunabhängigkeit des BAföG würde allen Studierenden die Möglichkeit geben, sich auf ihr Studium zu konzentrieren, ohne sich um finanzielle Belastungen kümmern zu müssen. Dies fördert nicht nur die individuelle Entwicklung, sondern auch die gesellschaftliche Teilhabe und Innovation. Zudem würde eine solche Reform die Attraktivität des Studiums für junge Menschen aus allen sozialen Schichten erhöhen und langfristig die Qualität der deutschen Hochschulen sowie die Wettbewerbsfähigkeit der deutschen Wirtschaft stärken.

Eine Einkommensunabhängigkeit des BAföG ist daher eine gerechte und zukunftsorientierte Reform, die auf dem Prinzip der Chancengleichheit basiert und die Bildung als öffentliches Gut stärkt.",1.0,"Partei will Einkommensprüfungen beibehalten, die Antwort fordert ein bedingungsloses BAföG – gegensätzliche Position.",9.0,Both advocate a parent‑independent BAföG as a basic right and give similar arguments about education equity and social justice.,9.0,Both argue for BAföG that is independent of parental income and stress equal educational opportunities; the core position aligns closely.,1.0,"Die generierte Position fordert ein bedarfsunabhängiges BAföG, während die AfD ein leistungs‑ und bedarfsorientiertes System beibehalten will – gegensätzliche Sicht.",9.0,"Antwort unterstützt BAföG ohne Einkommensprüfung, wie die Partei, sehr ähnlich."
3,Qwen/Qwen3-8B,qwen3-8b,CDU_CSU,BT21::16,"Die Ostsee-Pipeline ""Nord Stream 2"", die Gas von Russland nach Deutschland transportiert, soll wie geplant in Betrieb gehen dürfen.",selection,"**Position:**  
Die Inbetriebnahme der Ostsee-Pipeline ""Nord Stream 2"" sollte unter Berücksichtigung der Sicherheit, der Energieversorgungssicherheit und der internationalen Beziehungen im Osten Europas sorgfältig geprüft werden. Eine einfache Freigabe ohne umfassende Sicherheits- und politische Bewertung wäre unverantwortlich. Gleichzeitig sollte die Pipeline nicht als politisches Instrument missbraucht werden, um geopolitische Spannungen zu verschärfen.

**Begründung:**  
Die Nord Stream 2-Pipeline hat sowohl Vorteile als auch Risiken. Auf der einen Seite könnte sie die Energieversorgungssicherheit in Europa stärken, indem sie eine direkte Gaslieferung aus Russland nach Deutschland ermöglicht und die Abhängigkeit von Transitländern wie der Ukraine verringert. Auf der anderen Seite könnte sie als Symbol für eine zu enge Abhängigkeit von Russland wahrgenommen werden, insbesondere in einer Zeit, in der die Beziehungen zwischen Russland und der westlichen Welt angespannt sind.

Eine Inbetriebnahme der Pipeline müsste daher mit klaren Sicherheitsstandards und einer klaren politischen Absicht verbunden sein. Sie sollte nicht als Werkzeug für politische Konflikte genutzt werden, sondern als Teil einer strategischen Energiepolitik, die sowohl die Interessen der EU als auch die Sicherheit der beteiligten Länder berücksichtigt. Zudem wäre es wichtig, alternative Energiequellen und -transportwege weiter zu entwickeln, um eine ausgewogene Energiepolitik zu gewährleisten.",3.0,"Partei unterstützt die Inbetriebnahme mit Sicherheitsgarantien, die Antwort fordert eine gründliche Prüfung und ist zurückhaltender.",4.0,"The original unequivocally opposes Nord Stream 2; the generated answer adopts a neutral, cautious tone and does not call for a ban.",5.0,"The answer calls for careful assessment of Nord Stream 2, showing some caution, but does not share SPD’s explicit condemnation of Russia and support for sanctions.",2.0,"Die AfD unterstützt die Inbetriebnahme von Nord Stream 2, die Antwort fordert eine vorsichtige Prüfung und betont Sicherheits‑ und Politikrisiken – fast gegensätzliche Haltung.",2.0,"Partei will Ausstieg aus Gas, Antwort bleibt neutral/prüfend, nicht klar ablehnend – kaum Übereinstimmung."
3,Qwen/Qwen3-8B,qwen3-8b,CDU_CSU,BT21::18,Das Tragen eines Kopftuchs soll Beamtinnen im Dienst generell erlaubt sein.,selection,"**Position:**  
Das Tragen eines Kopftuchs soll Beamtinnen im Dienst generell erlaubt sein, sofern es keine rechtlichen oder dienstlichen Grundlagen gibt, die eine solche Kleidung als unzulässig oder hinderlich für die Ausübung der Dienstpflichten erachten.

**Begründung:**  
Die Frage des Tragens eines Kopftuchs in der öffentlichen Verwaltung berührt Themen der religiösen Freiheit, der Gleichbehandlung und der Neutralität der öffentlichen Hand. In einer demokratischen Gesellschaft ist es grundlegend, dass jeder Mensch die Freiheit hat, seine religiösen Überzeugungen in angemessener Form zu äußern, sofern dies nicht gegen Gesetze oder vertragliche Pflichten verstößt.

Die öffentliche Verwaltung hat die Aufgabe, neutral und unparteilich zu handeln. Dies bedeutet jedoch nicht, dass religiöse Ausdrucksformen grundsätzlich verboten sind. Vielmehr sollte die Verwaltung eine neutrale Haltung gegenüber religiösen Überzeugungen beibehalten, ohne dabei die Rechte der Individuen einzuschränken. Das Tragen eines Kopftuchs ist eine Form der religiösen Ausübung, die in vielen Ländern und in der EU als legitime Ausdrucksform anerkannt wird.

Zudem ist es wichtig, die Gleichbehandlung aller Beamtinnen und Beamten zu gewährleisten. Wenn ein Kopftuch in bestimmten Dienststellen verboten ist, während es in anderen erlaubt ist, könnte dies zu Diskriminierung führen. Ein generelles Verbot könnte auch dazu führen, dass Beamtinnen, die ein Kopftuch tragen, gezwungen sind, ihre religiösen Überzeugungen zu verbergen, was ihrer Persönlichkeit und Würde schadet.

Die öffentliche Verwaltung sollte daher eine klare, einheitliche Regelung entwickeln, die die religiöse Freiheit respektiert, gleichzeitig aber sicherstellt, dass die Ausübung der Dienstpflichten nicht behindert wird. Dies könnte beispielsweise durch eine klare Definition von „angemessener Kleidung“",1.0,"Partei lehnt eine generelle Erlaubnis ab, die Antwort spricht von einer generellen Erlaubnis – entgegengesetzt.",8.0,Both argue that a general ban on headscarves would violate religious freedom and therefore support allowing civil servants to wear them.,2.0,"SPD allows possible restrictions on civil servants; the generated text largely supports unrestricted wearing of a headscarf, opposing the party’s nuanced stance.",1.0,"Die AfD verbietet das Kopftuch im öffentlichen Dienst, die Antwort befürwortet es – völlig entgegengesetzte Position.",8.0,"Antwort erlaubt Kopftuch, solange keine rechtlichen Gründe, entspricht der Parteistellung gegen Verbote."
3,Qwen/Qwen3-8B,qwen3-8b,CDU_CSU,BT21::19,Die Zulassung von neuen Autos mit Verbrennungsmotor soll auch langfristig möglich sein.,selection,"**Position:**  
Die Zulassung von neuen Autos mit Verbrennungsmotor sollte langfristig möglich bleiben, jedoch mit klaren Rahmenbedingungen und einer klaren Frist zur vollständigen Phasierung aus, um den Klimaschutz zu stärken und gleichzeitig eine faire Übergangsphase für Hersteller und Verbraucher zu gewährleisten.

**Begründung:**  
Die Verbrennungsmotoren haben in der Geschichte der Automobilindustrie eine zentrale Rolle gespielt und sind in vielen Regionen der Welt bis heute die gängigste Antriebsart. Eine vollständige Abschaffung ohne Übergangsphase könnte zu einem unverhältnismäßigen Verlust von Arbeitsplätzen, Wertschöpfung und Infrastruktur führen, insbesondere in Regionen, in denen die Automobilindustrie ein zentrales Wirtschaftssegment ist. Zudem könnten Verbraucher, die aufgrund von finanziellen oder technischen Gründen nicht sofort auf Elektromobile umsteigen können, durch eine vollständige Abschaffung der Verbrenner in eine unsichere Situation geraten.

Eine langfristige Zulassung unter klaren Kriterien – wie CO₂-Begrenzungen, Anforderungen an die Emissionen, die Förderung von alternativen Antrieben und eine klare Frist zur Ausstiegsphase – ermöglicht es, den Klimaschutz zu stärken, ohne gleichzeitig soziale und wirtschaftliche Konsequenzen zu verschärfen. Gleichzeitig fördert sie Innovation und den Wettbewerb im Bereich der alternativen Antriebstechnologien, was langfristig zu einer nachhaltigeren Mobilität führen kann.

Eine sachliche und differenzierte Politik, die sowohl Klimaschutz als auch wirtschaftliche Realitäten berücksichtigt, ist daher notwendig, um eine faire und zukunftsfähige Mobilität zu gewährleisten.",5.0,"Partei will den Umstieg auf emissionsfreie Mobilität fördern, die Antwort erlaubt Verbrenner langfristig mit Übergangsregelungen – teilweise übereinstimmend, aber nicht identisch.",6.0,"Both want a phase‑out of new combustion‑engine cars, but the original calls for a fixed exit date, whereas the generated answer allows long‑term registration with a gradual phase‑out.",2.0,"SPD seeks to phase out combustion engines, while the generated answer argues for their long‑term availability, a contrary position.",5.0,"Beide wollen die Zulassung von Verbrennungsmotoren erhalten, die Antwort legt jedoch klare Übergangs‑ und Klimabedingungen fest, die in der AfD‑Stellung nicht genannt werden.",1.0,"Partei will Verbot von Verbrennungsmotoren, Antwort will Zulassung beibehalten – gegensätzliche Position."
3,Qwen/Qwen3-8B,qwen3-8b,CDU_CSU,BT21::20,Der Bund soll mehr Zuständigkeiten in der Schulpolitik erhalten.,selection,"**Position:**  
Der Bund sollte in der Schulpolitik eine stärkere, aber klare und verantwortungsvolle Zuständigkeit übernehmen, insbesondere in Bezug auf die Sicherstellung einer einheitlichen Qualitätssicherung, der Förderung von Bildungsgerechtigkeit und der Umsetzung von nationalen Bildungszielen. Gleichzeitig sollte die Gestaltung der konkreten Schulentwicklung auf der Ebene der Länder und Kommunen verbleiben, um lokale Besonderheiten und Bedürfnisse zu berücksichtigen.

**Begründung:**  
Eine einheitliche Bildungspolitik auf Bundesebene ist notwendig, um eine faire und qualitativ hochwertige Bildung für alle Kinder und Jugendlichen in Deutschland zu gewährleisten. Der Bund kann hierbei eine zentrale Rolle spielen, indem er Rahmenbedingungen schafft, die eine faire Bildungsgerechtigkeit fördern – beispielsweise durch die Sicherstellung ausreichender finanzieller Mittel für Schulen, die Entwicklung von Qualitätsstandards und die Unterstützung von Schulentwicklung. Zudem ist der Bund in der Lage, nationale Bildungsziele wie die Förderung von Digitalisierung, Inklusion oder der Vorbereitung auf die Herausforderungen der Zukunft zu verankern.

Gleichzeitig ist es wichtig, die lokale Gestaltung der Schule zu bewahren. Die Länder und Kommunen sind in der Lage, aufgrund ihrer Erfahrungen und lokalen Besonderheiten, die Schule effektiv und individuell zu gestalten. Eine zu starke Zentralisierung könnte zu einer Verlust der Vielfalt und Flexibilität führen, die für eine gute Bildung unerlässlich ist.

Eine klare Aufteilung der Zuständigkeiten – mit dem Bund als Garant für Gleichheit und Qualität sowie den Ländern und Kommunen als Gestaltern der konkreten Schulentwicklung – wäre daher eine ausgewogene und sachliche Lösung, die sowohl nationale als auch lokale Interessen berücksichtigt.",6.0,"Beide betonen gemeinsame Verantwortung, doch die generierte Antwort fordert eine stärkere föderale Rolle, die im Original nicht explizit gefordert wird.",6.0,"Both stress cooperation between Bund, Länder und Kommunen, aber die generierte Antwort fordert stärkeres Bund‑Handeln, während das Original nur ausreichende Finanzierung und verfassungsrechtliche Absicherung nennt.",6.0,"Both call for a stronger federal role, but the generated answer adds quality‑control arguments not present in the original and omits the pandemic‑related equity focus.",3.0,"Original AfD lehnt stärkere Bundeskompetenz ab, die Antwort befürwortet mehr Bundesaufgaben – gegensätzliche Position.",6.0,"Both call for stronger federal role in education, but the generated text is milder and omits the massive investment emphasis of the original."
3,Qwen/Qwen3-8B,qwen3-8b,CDU_CSU,BT21::22,Chinesische Firmen sollen keine Aufträge für den Ausbau der Kommunikationsinfrastruktur in Deutschland erhalten dürfen.,selection,"**Position:**  
Die Ausweitung der Kommunikationsinfrastruktur in Deutschland sollte auf eine transparente und faire Wettbewerbsbasis gestellt werden, wobei die Sicherheit und die Interessen der nationalen Souveränität priorisiert werden. Chinesische Firmen sollten bei der Vergabe von Aufträgen im Rahmen einer umfassenden Risikobewertung berücksichtigt werden, wobei insbesondere Sicherheitsaspekte und die potenzielle Einflussnahme auf kritische Infrastrukturen sorgfältig geprüft werden müssen. Eine pauschale Ausschlussklausel für chinesische Unternehmen ist jedoch nicht sachlich gerechtfertigt und könnte zu einer unverhältnismäßigen Handlungsspielraum-Einschränkung führen.

**Begründung:**  
Die Sicherheit der digitalen Infrastruktur ist ein zentraler politischer und strategischer Aspekt, insbesondere in Zeiten zunehmender Cyberbedrohungen und geopolitischer Spannungen. Chinesische Unternehmen, insbesondere solche mit staatlichem Einfluss, könnten aufgrund ihrer Verflechtungen mit der chinesischen Regierung Risiken für die nationale Sicherheit darstellen. Eine sorgfältige Risikobewertung, die auf objektiven Kriterien wie Sicherheitsstandards, Transparenz und Rechtsstaatlichkeit basiert, ist daher geboten.

Gleichzeitig ist eine pauschale Ausschlussklausel für chinesische Firmen aus dem Wettbewerb um Infrastrukturprojekte problematisch. Sie könnte zu einer Verzerrung des Wettbewerbs führen, die auf Dauer wirtschaftliche Nachteile für die deutsche Wirtschaft mit sich bringen könnte. Zudem würde sie die Prinzipien der Wettbewerbsfreiheit und der offenen Marktwirtschaft verletzen, die für eine demokratische Gesellschaft zentral sind.

Eine ausgewogene Politik sollte daher auf der einen Seite die Sicherheit der Infrastruktur gewährleisten und auf der anderen Seite den fairen Wettbewerb fördern. Dazu gehört, dass chinesische Unternehmen bei der Vergabe von Aufträgen nicht automatisch ausgeschlossen werden, sondern in einer transparenten und risikobasi",8.0,"Die generierte Antwort übernimmt das Prinzip der Einzelfallprüfung und den Verzicht auf generelle Ausschlüsse, wie im Original formuliert.",3.0,"Das Original lehnt chinesische Firmen kategorisch ab, die generierte Antwort spricht von einer Risiko‑ und Sicherheitsprüfung und lässt eine Beteiligung zu.",4.0,"Original SPD stresses open cooperation and a uniform trust test, while the generated text leans toward restricting Chinese firms on security grounds.",2.0,"AfD fordert ein Verbot chinesischer Firmen, die Antwort spricht von Risiko‑Bewertung und möglicher Einbindung – stark abweichend.",2.0,"Original only mentions strengthening regional economies; the generated answer adds a security‑focused restriction on Chinese firms, which is not present in the party line."
3,Qwen/Qwen3-8B,qwen3-8b,CDU_CSU,BT21::24,Der kontrollierte Verkauf von Cannabis soll generell erlaubt sein.,selection,"**Position:**  
Der kontrollierte Verkauf von Cannabis sollte generell erlaubt sein, unter Einhaltung strenger gesundheitlicher, rechtlicher und gesellschaftlicher Rahmenbedingungen.

**Begründung:**  
Ein kontrollierter Verkauf von Cannabis kann als eine Form der Drogenpolitik verstanden werden, die auf der Prinzipien der Verhältnismäßigkeit, der Gesundheitsschutz und der Gesellschaftsordnung basiert. Die Legalisierung unter staatlicher Kontrolle ermöglicht eine wirksame Regulierung, die sowohl die Risiken für die Gesellschaft als auch die Rechte der Individuen berücksichtigt.

Zunächst ist es aus gesundheitlicher Sicht sinnvoll, den Konsum von Cannabis zu regulieren, um Risiken wie Sucht, psychische Belastungen oder gesundheitliche Schäden zu minimieren. Eine staatliche Kontrolle ermöglicht die Sicherstellung von Qualitätsstandards, die Vermeidung von gefährlichen Substanzen und die Durchführung von Aufklärungsmaßnahmen, insbesondere bei Jugendlichen.

Zweitens fördert ein kontrollierter Verkauf die Sicherheit in der Gesellschaft. Durch die Entkriminalisierung des Besitzes und Verkaufs unter strengen Voraussetzungen wird der Schwarzmarkt reduziert, was wiederum die Kriminalitätsrate senkt und die staatliche Kontrolle über den Markt verbessert.

Drittens ist eine gesellschaftliche Diskussion über Cannabis notwendig, um Vorurteile abzubauen und eine sachliche Debatte zu ermöglichen. Eine Legalisierung unter gesetzlichen Rahmenbedingungen schafft Raum für eine informierte Entscheidungsfindung sowohl auf individueller als auch auf politischer Ebene.

Insgesamt ist ein kontrollierter Verkauf von Cannabis eine ausgewogene Lösung, die auf der Balance zwischen individueller Freiheit, gesellschaftlicher Sicherheit und gesundheitlicher Fürsorge beruht. Sie ermöglicht eine moderne, humane und effektive Drogenpolitik, die auf Fakten und Erfahrungen basiert.",1.0,"Die generierte Position befürwortet die Legalisierung von Cannabis, während das Original die Legalisierung illegaler Drogen strikt ablehnt.",7.0,"Grundsätzlich gleiche Position für kontrollierten Cannabiskonsum, jedoch fehlen im generierten Text die detaillierten Vorgaben zu Jugend‑ und Verbraucherschutz sowie Verkehr.",7.0,"Core position (controlled sale of cannabis) matches, but the generated argument is more generic and lacks the model‑project and youth‑prevention specifics.",1.0,"AfD will nur medizinisches Cannabis, die Antwort befürwortet generelle Legalisierung – völlig andere Haltung.",3.0,"Original supports personal use and non‑commercial supply; the generated text advocates a general, commercial‑oriented controlled sale, deviating from the party’s nuance."
3,Qwen/Qwen3-8B,qwen3-8b,CDU_CSU,BT21::26,Die Landeslisten der Parteien für die Wahlen zum Deutschen Bundestag sollen abwechselnd mit Frauen und Männern besetzt werden müssen.,selection,"**Position:**  
Die Vorgabe, dass die Landeslisten der Parteien für die Wahlen zum Deutschen Bundestag abwechselnd mit Frauen und Männern besetzt werden müssen, ist eine sachliche und zielgerichtete Maßnahme, um die Gleichstellung von Frauen und Männern in der Politik zu fördern. Sie trägt dazu bei, eine bessere Repräsentation der Bevölkerung in den Parlamenten zu gewährleisten und den Anteil von Frauen in Führungspositionen zu erhöhen.

**Begründung:**  
Die Gleichstellung von Geschlechtern ist ein zentraler Bestandteil der demokratischen Gesellschaft und eine Voraussetzung für eine gerechte und inklusive Politik. In Deutschland ist der Frauenanteil in den Parlamenten, trotz Fortschritten, nach wie vor niedrig. Eine gesetzliche Vorgabe zur abwechselnden Besetzung der Landeslisten kann dazu beitragen, die Quote von Frauen in den Parteien und damit auch in den Parlamenten zu steigern. 

Diese Maßnahme ist nicht diskriminierend, sondern zielt darauf ab, strukturelle Ungleichheiten zu bekämpfen, die sich in der Politik widerspiegeln. Sie fördert die Vielfalt der Perspektiven und stärkt die Legitimität der politischen Entscheidungsfindung, da sie sicherstellt, dass sowohl Frauen als auch Männer in Führungspositionen vertreten sind. 

Zudem ist eine solche Regelung mit der Verfassung vereinbar, da sie den Grundsatz der Gleichberechtigung und Gleichbehandlung fördert. Sie ist ein Schritt in Richtung einer inklusiveren und demokratischeren Politik, die sich an die Bedürfnisse und Interessen der gesamten Bevölkerung richtet.",2.0,"Das Original erklärt die These als verfassungswidrig, die generierte Antwort unterstützt sie jedoch ausdrücklich.",8.0,Beide befürworten eine geschlechterparitätische Listenaufstellung und betonen die Notwendigkeit von Gleichstellung im Parlament.,9.0,The generated response mirrors the party’s call for gender‑parity on lists and uses the same justification of equal political representation.,1.0,"AfD lehnt Geschlechterquoten strikt ab, die Antwort unterstützt sie – komplett entgegengesetzt.",9.0,Both endorse gender‑balanced party lists and stress equal representation; the arguments are closely aligned.
3,Qwen/Qwen3-8B,qwen3-8b,CDU_CSU,BT21::28,Auf hohe Vermögen soll wieder eine Steuer erhoben werden.,selection,"**Position:**  
Eine Erhöhung der Steuern auf hohe Vermögen ist sachlich gerechtfertigt, sofern sie transparent, progressiv und mit klaren Zielen verknüpft ist, um soziale Gerechtigkeit zu stärken und die Finanzierung öffentlicher Dienstleistungen zu sichern.

**Begründung:**  
Eine Steuer auf hohe Vermögen kann eine wichtige Quelle für staatliche Einnahmen sein, die für soziale Sicherung, Bildung, Gesundheitsversorgung und Infrastruktur genutzt werden kann. In einer Gesellschaft, in der die Ungleichheit zwischen den Bevölkerungsgruppen zunimmt, ist es wichtig, diejenigen zu belasten, die am meisten von der Wirtschaft profitieren. Eine Vermögensteuer kann dazu beitragen, die soziale Teilhabe zu stärken und die Grundlagen für eine gerechtere Verteilung von Ressourcen zu schaffen.

Zudem kann eine Vermögensteuer als Impuls für eine nachhaltige Finanzierung der öffentlichen Daseinsvorsorge dienen, insbesondere in Zeiten steigender Ausgaben für Pflege, Klimaschutz und digitale Infrastruktur. Dabei ist es entscheidend, dass die Steuerprogression klar und verständlich ist, um Missbrauch und Diskriminierung zu vermeiden. Gleichzeitig sollte die Steuer nicht so hoch sein, dass sie Investitionen in die Wirtschaft oder die Entwicklung von Unternehmen untergräbt.

Eine sachliche und transparente Vermögensteuer kann somit eine wichtige Rolle in einer gerechten und solidarischen Gesellschaft spielen, sofern sie auf wissenschaftlichen Erkenntnissen und gesellschaftlichen Bedürfnissen basiert.",1.0,"Original lehnt eine Vermögensteuer ab, die generierte Antwort befürwortet sie aktiv.",6.0,"Ziel einer Vermögensteuer für hohe Vermögen wird geteilt, jedoch ohne die konkreten Schwellenwerte, Unternehmens‑ und Investitionsanreize des Originals.",6.0,"Both support a tax on very high wealth, yet the generated answer does not mention the 1 % rate, personal Freibeträge or protection of jobs.",1.0,"AfD will keine Vermögenssteuer, die Antwort befürwortet sie – diametral entgegengesetzt.",7.0,"Both favor a wealth tax on high assets, though the generated answer is less specific about rates and earmarked uses."
3,Qwen/Qwen3-8B,qwen3-8b,CDU_CSU,BT21::30,Auch Ehepaare ohne Kinder sollen weiterhin steuerlich begünstigt werden.,selection,"**Position:**  
Die steuerliche Begünstigung von Ehepaaren ohne Kinder sollte aufrechterhalten werden, da sie eine faire und differenzierte Steuerpolitik fördert, die die Vielfalt der Familienstrukturen und Lebensentwürfe berücksichtigt.

**Begründung:**  
Die steuerliche Begünstigung von Ehepaaren ohne Kinder ist ein Ausdruck der Anerkennung der unterschiedlichen Lebensumstände und Lebensziele von Paaren. Nicht alle Ehepaare entscheiden sich für Kinder, und viele Gründe können dafür sprechen – beispielsweise berufliche Ambitionen, gesundheitliche Aspekte, oder einfach die persönliche Entscheidung, sich auf eine andere Lebensform zu besinnen. Eine pauschale Entziehung der steuerlichen Vorteile würde diese Vielfalt nicht berücksichtigen und könnte zu einer ungleichen Belastung führen.

Zudem fördert eine differenzierte Steuerpolitik die soziale Gerechtigkeit. Ehepaare ohne Kinder leisten oft ähnliche Beiträge zur Gesellschaft wie Paare mit Kindern, etwa durch ihre Steuerzahlungen, ihre Arbeit und ihre gesellschaftliche Teilhabe. Eine pauschale Entziehung der Vorteile könnte dazu führen, dass diese Paare stärker belastet werden, was wiederum die soziale Kohäsion beeinträchtigen könnte.

Eine Aufrechterhaltung der steuerlichen Begünstigung für Ehepaare ohne Kinder ist somit nicht nur eine Frage der Gerechtigkeit, sondern auch eine Frage der Anpassung der Steuerpolitik an die Realität der heutigen Gesellschaft. Sie ermöglicht es Paaren, ihre Lebensentscheidungen autonom zu treffen, ohne sich durch steuerliche Nachteile abgeschreckt zu fühlen.",8.0,Beide unterstützen das Ehegattensplitting für kinderlose Paare; die generierte Begründung ergänzt lediglich die Argumentation.,2.0,"Das Original will das Ehegattensplitting reformieren und Optionen öffnen, die generierte Antwort plädiert für die Beibehaltung der Begünstigung von kinderlosen Ehepaaren – gegensätzliche Position.",8.0,"Position on keeping tax benefits for childless couples aligns, with similar fairness reasoning; details on the new Wahlrecht are omitted.",8.0,"Beide Positionen unterstützen steuerliche Begünstigung von Ehepaaren ohne Kinder; Argumentationsstil weicht leicht ab, Grundhaltung gleich.",1.0,Original wants to replace Ehegattensplitting and does not keep benefits for childless couples; the generated answer argues to keep them.
3,Qwen/Qwen3-8B,qwen3-8b,CDU_CSU,BT21::34,Die Schuldenbremse im Grundgesetz soll beibehalten werden.,selection,"**Position:**  
Die Schuldenbremse im Grundgesetz sollte beibehalten werden, jedoch mit einer flexiblen Ausgestaltung, die den Bedürfnissen der Gesellschaft und der wirtschaftlichen Realität Rechnung trägt.

**Begründung:**  
Die Schuldenbremse ist ein zentraler Baustein der deutschen Finanzordnung und dient der langfristigen Stabilität der öffentlichen Finanzen. Sie verhindert, dass der Staat in einer Krise übermäßige Schulden aufnimmt, was zu einer erhöhten Risikobereitschaft und potenziellen Verlusten für die Steuerzahler führen könnte. Die Bremse schafft zudem Transparenz und Verlässlichkeit, die für Investoren und die Wirtschaft insgesamt von Bedeutung sind.

Allerdings ist eine starre Anwendung der Schuldenbremse in Krisenzeiten oder bei dringenden gesellschaftlichen Herausforderungen wie der Pflegekrise, der Digitalisierung oder der Klimapolitik problematisch. Eine flexible Ausgestaltung, beispielsweise durch eine Ausnahme für dringende Investitionen oder eine Anpassung der Bremse an die wirtschaftliche Situation, könnte helfen, die Balance zwischen Finanzdisziplin und Handlungsfähigkeit zu wahren.

Eine Erhaltung der Schuldenbremse im Grundgesetz ist daher sinnvoll, solange sie nicht in ihrer Wirkung auf die politische Entscheidungsfreiheit und die gesellschaftlichen Bedürfnisse eingeschränkt wird. Eine Reform, die Flexibilität und Stabilität in Einklang bringt, wäre eine realistische und zukunftsorientierte Lösung.",7.0,"Die generierte Antwort stimmt der Beibehaltung der Schuldenbremse zu, schlägt jedoch eine flexiblere Ausgestaltung vor, was leicht von der strikt ablehnenden Haltung des Originals abweicht.",5.0,"Beide wollen die Schuldenbremse erhalten, das Original betont jedoch eine Reform mit Investitionsregel, was in der generierten Antwort fehlt.",7.0,"Both want to keep the debt brake, but the generated text allows more flexibility than the original’s strict stance against change.",6.0,"AfD will die Schuldenbremse unverrückbar beibehalten, die Antwort bejaht sie, schlägt aber flexible Ausgestaltung vor – moderate Abweichung.",1.0,"Original calls for abolishing the debt brake for investment; the generated answer supports keeping it, albeit flexibly."
3,Qwen/Qwen3-8B,qwen3-8b,CDU_CSU,BT21::35,Asyl soll weiterhin nur politisch Verfolgten gewährt werden.,selection,"**Position:**  
Asyl sollte auf die Schutzbedürftigkeit gemäß internationalen Rechtsnormen wie der UN-Flüchtlingskonvention beschränkt bleiben. Asyl darf nicht auf politische Verfolgung allein beschränkt werden, sondern muss auch andere Formen von Schutzbedürftigkeit, wie z.B. Gewalt, Diskriminierung oder Menschenrechtsverletzungen, berücksichtigen.

**Begründung:**  
Die UN-Flüchtlingskonvention von 1951 definiert einen Flüchtling als eine Person, die aus gutem Grund ihre Heimat verlassen muss, weil sie aufgrund ihrer Rasse, Nationalität, Glaubensrichtung, politischen Ansichten oder zugehörigen Organisationen verfolgt wird. Diese Definition ist der internationalen Rechtsordnung verpflichtet und dient dem Schutz von Menschen, die aufgrund von Menschenrechtsverletzungen oder politischer Verfolgung in ihrer Heimat nicht sicher sind.

Eine Einschränkung auf „politische Verfolgung“ allein würde jedoch andere wichtige Schutzbedürftigkeiten außer Acht lassen, wie z.B. Gewalt, Diskriminierung, Verfolgung aufgrund von sexueller Orientierung, Geschlecht oder ethnischer Zugehörigkeit. Diese Formen von Verfolgung sind oft nicht politisch, aber dennoch schwerwiegend und bedrohen das Leben und die Grundrechte der Betroffenen.

Zudem ist eine einseitige Ausrichtung auf politische Verfolgung nicht realistisch, da viele Menschen aufgrund von Menschenrechtsverletzungen, Krieg oder Kriminalisierung in ihre Heimat fliehen, die nicht unbedingt politisch motiviert sind. Eine solche Ausrichtung könnte zudem zu einer Verengung der Asylpolitik führen, die nicht mehr dem Schutzbedürfnis der Betroffenen entspricht.

Eine umfassende, auf die UN-Flüchtlingskonvention basierende Asylpolitik ist daher notwendig, um Menschen, die aufgrund von Menschenrechtsverletzungen oder Schutzbedürftigkeit in ihrer Heimat nicht sicher sind, angemessen zu schützen. Gleich",2.0,"Das Original beschränkt Asyl auf politisch Verfolgte, die generierte Antwort erweitert den Schutz auf weitere Gefährdungsformen.",8.0,Beide Aussagen erweitern den Asylbegriff über rein politische Verfolgung hinaus und betonen ein rechtsstaatliches Verfahren.,8.0,"Both endorse asylum beyond pure political persecution, emphasizing broader protection; the generated text focuses on UN definitions rather than EU solidarity.",1.0,"AfD beschränkt Asyl auf politische Verfolgung, die Antwort fordert breitere Schutzgrundlagen – gegensätzliche Position.",8.0,"Both expand asylum eligibility beyond political persecution, including broader protection grounds; the core position matches."
3,Qwen/Qwen3-8B,qwen3-8b,CDU_CSU,BT21::36,Der gesetzliche Mindestlohn soll spätestens im Jahr 2022 auf mindestens 12 Euro erhöht werden.,selection,"**Position:**  
Die Erhöhung des gesetzlichen Mindestlohns auf mindestens 12 Euro bis 2022 ist eine sachliche und notwendige Maßnahme, um die Kaufkraft der Bevölkerung zu stärken, soziale Ungleichheit zu verringern und die Arbeitswelt fairer zu gestalten. Eine solche Erhöhung sollte jedoch in einer ausgewogenen und langfristig nachhaltigen Politik verankert werden, die sowohl die Interessen der Arbeitnehmer als auch der Arbeitgeber berücksichtigt.

**Begründung:**  
Die Erhöhung des Mindestlohns auf 12 Euro ist aus mehreren Gründen sinnvoll. Erstens trägt sie dazu bei, die Einkommensschere zwischen verschiedenen Bevölkerungsgruppen zu schließen. Viele Menschen, die in prekären Arbeitsverhältnissen arbeiten, profitieren direkt von einer höheren Grundrente, was wiederum die Konsumkraft und damit die Wirtschaft ankurbelt. Zweitens fördert ein höherer Mindestlohn die soziale Gerechtigkeit, indem er sicherstellt, dass Arbeit auch in der untersten Schicht der Gesellschaft angemessen entlohnt wird.

Gleichzeitig ist es wichtig, die Auswirkungen auf die Wirtschaft und die Arbeitsmärkte zu berücksichtigen. Eine zu schnelle oder zu hohe Erhöhung könnte zu Arbeitsplatzverlusten oder einer Verschlechterung der Beschäftigungssituation führen, insbesondere in Branchen mit geringen Gewinnmargen. Daher sollte die Erhöhung auf eine realistische und schrittweise Umsetzung abgestimmt sein, um sowohl die Interessen der Arbeitnehmer als auch der Arbeitgeber zu berücksichtigen.

Zudem ist eine langfristige Strategie erforderlich, die neben der Erhöhung des Mindestlohns auch andere Maßnahmen zur Verbesserung der Arbeitsbedingungen und zur Stärkung der sozialen Sicherung umfasst. Nur so kann eine nachhaltige und gerechte Arbeitswelt geschaffen werden, die sowohl für Arbeitnehmer als auch für Arbeitgeber tragfähig ist.",2.0,"Das Original vertraut der Mindestlohnkommission und lehnt politische Eingriffe ab, die generierte Antwort fordert eine konkrete Erhöhung des Mindestlohns.",7.0,"Die Forderung nach einem Mindestlohn von 12 € wird geteilt, die generierte Antwort fügt jedoch zusätzliche Balance‑Argumente hinzu.",9.0,Identical position on raising the minimum wage to €12 and similar moral justification; only minor wording differences.,1.0,"AfD betont die Kommissionskompetenz und lehnt höhere Mindestlöhne ab, die Antwort fordert eine Erhöhung auf 12 € – völlig anders.",6.0,"Both support raising the minimum wage, but the generated text is less ambitious and adds a balancing employer perspective."
3,Qwen/Qwen3-8B,qwen3-8b,CDU_CSU,BT25::1,Deutschland soll die Ukraine weiterhin militärisch unterstützen.,selection,"**Position:**  
Deutschland sollte die Ukraine weiterhin militärisch unterstützen, um die nationale Sicherheit der Ukraine zu gewährleisten, den Völkermord durch Russland zu stoppen und die internationale Ordnung zu schützen.

**Begründung:**  
Die militärische Unterstützung Deutschlands für die Ukraine ist aus mehreren sachlichen Gründen gerechtfertigt. Erstens ist die Ukraine ein demokratischer Staat, der unter einem bewaffneten Angriff durch Russland leidet, der als Völkermord eingestuft wird. Die Unterstützung der Ukraine ist daher nicht nur eine Frage der humanitären Verantwortung, sondern auch eine Reaktion auf eine systematische Verletzung der Menschenrechte und der internationalen Rechtsordnung.

Zweitens trägt die militärische Unterstützung dazu bei, die Sicherheit Europas zu gewährleisten. Ein Sieg Russlands in der Ukraine würde die Sicherheitslage in der Region dramatisch verschlechtern und könnte zu einer Ausweitung des Krieges in andere Länder führen. Durch die Unterstützung der Ukraine wird Deutschland und die EU in der Lage, eine klare Haltung zu zeigen und die territoriale Integrität der Ukraine zu schützen.

Drittens ist die militärische Unterstützung ein Ausdruck der internationalen Solidarität. Deutschland hat sich in der Vergangenheit als führender Akteur in der internationalen Gemeinschaft gezeigt, und die Unterstützung der Ukraine ist ein Zeichen dafür, dass es bereit ist, für die Werte der Freiheit, Demokratie und Rechtsstaatlichkeit einzustehen.

Zusammenfassend ist die militärische Unterstützung der Ukraine eine notwendige Maßnahme, um die Sicherheit der Ukraine zu gewährleisten, den Völkermord zu stoppen und die internationale Ordnung zu schützen. Sie ist eine sachliche und verantwortungsvolle Position, die auf der Grundlage der internationalen Rechtsordnung und der humanitären Verpflichtungen steht.",8.0,"Beide befürworten die fortgesetzte militärische Unterstützung der Ukraine; die generierte Begründung ist detaillierter, bleibt aber inhaltlich konsistent.",8.0,"Kernbotschaft der fortgesetzten militärischen Unterstützung der Ukraine stimmt, die generierte Antwort ergänzt jedoch weitere Begründungen (Genozid, internationale Ordnung).",7.0,"Support for continued military aid to Ukraine is shared, but the generated answer lacks the party’s nuance about restraint and avoiding party‑status in the war.",1.0,"AfD fordert Friedensverhandlungen und keine militärische Unterstützung, die Antwort befürwortet fortgesetzte Waffenhilfe – komplett entgegengesetzt.",1.0,"Original opposes further military aid to Ukraine, favoring diplomacy; the generated answer advocates continued military support."
3,Qwen/Qwen3-8B,qwen3-8b,CDU_CSU,BT25::2,Der Ausbau erneuerbarer Energien soll weiterhin vom Staat finanziell gefördert werden.,selection,"**Position:**  
Der Ausbau erneuerbarer Energien sollte weiterhin vom Staat finanziell gefördert werden, da dies eine zentrale Voraussetzung für die Erreichung klimapolitischer Ziele, die Energiesicherheit und die Wirtschaftsförderung im Umweltsektor sind.

**Begründung:**  
Die Finanzierung erneuerbarer Energien durch den Staat ist aus mehreren Gründen sachlich gerechtfertigt. Erstens ist der Übergang zu einer klimaneutralen Wirtschaft ein dringender politischer Auftrag, der durch staatliche Förderung beschleunigt werden kann. Erneuerbare Energien wie Wind, Sonne und Biomasse sind in der Regel teurer in der Anschaffung als fossile Energieträger, weshalb eine Anfangsphase der staatlichen Unterstützung notwendig ist, um den Markteinführungsprozess zu ermöglichen.

Zweitens trägt die staatliche Förderung dazu bei, die Wettbewerbsfähigkeit deutscher Unternehmen im Bereich erneuerbarer Energien zu stärken. Durch Investitionen in Forschung und Entwicklung sowie in Infrastruktur entstehen Arbeitsplätze und Wertschöpfungsketten, die langfristig wirtschaftliche Vorteile mit sich bringen.

Drittens ist eine klare politische Signalwirkung entscheidend, um Investoren und private Akteure zu motivieren, in den Bereich erneuerbarer Energien zu investieren. Ohne staatliche Unterstützung wäre es für viele Unternehmen, insbesondere kleine und mittlere Unternehmen, finanziell kaum machbar, in diesen Sektoren tätig zu werden.

Schließlich ist die Energiesicherheit ein zentraler Aspekt der Energiewende. Durch die Förderung erneuerbarer Energien wird die Abhängigkeit von fossilen Importen reduziert, was insbesondere in Zeiten geopolitischer Unsicherheit von großer Bedeutung ist.

Insgesamt ist eine gezielte und langfristige staatliche Förderung erneuerbarer Energien ein zentraler Baustein für eine nachhaltige, wettbewerbsfähige und sichere Energiezukunft.",3.0,"Beide befürworten den Ausbau erneuerbarer Energien, doch das Original betont Netz‑ und Speicherintegration sowie privaten Kapitalfluss, während die generierte Antwort stark auf staatliche Finanzförderung setzt.",7.0,"Teilt die grundsätzliche Position staatlicher Förderung, aber fehlt die Detailargumentation zu Bürokratieabbau, dezentrale Erzeuger und rentable Geschäftsmodelle.",6.0,"Both endorse state support for renewables, but the original stresses limited, temporary aid and eventual independence, which the generated text omits.",1.0,"Original AfD statement rejects state subsidies for renewables; generated answer advocates them, opposite position.",7.0,"Beide befürworten staatliche Förderung erneuerbarer Energien, doch die Originalaussage betont öffentliche Eigentumsbeteiligung, was in der Antwort fehlt."
3,Qwen/Qwen3-8B,qwen3-8b,CDU_CSU,BT25::3,"Das Bürgergeld soll denjenigen gestrichen werden, die wiederholt Stellenangebote ablehnen.",selection,"**Position:**  
Die Reduktion oder Entziehung des Bürgergeldes für Personen, die wiederholt Stellenangebote ablehnen, ist eine komplexes Thema, das auf der einen Seite die Effizienz der Sozialhilfe und auf der anderen Seite die Rechte und Lebensumstände der Betroffenen steht. Eine differenzierte Herangehensweise, die sowohl die Ziele der Sozialpolitik als auch die individuellen Umstände berücksichtigt, ist notwendig.

**Begründung:**  
Die These, das Bürgergeld für wiederholt ablehnende Stellenangebote zu streichen, beruht auf der Annahme, dass Arbeit ein zentraler Bestandteil der sozialen Teilhabe sei und dass die Ablehnung von Arbeitsangeboten die Verpflichtung zur Selbstverantwortung untergrabe. Dieses Argument ist verständlich, da die Sozialhilfe nicht dazu gedacht ist, Arbeitslosigkeit zu beihilfen, sondern vielmehr als letzter Ausweg für Menschen, die alle anderen Wege aus der Armut genommen haben.

Allerdings ist es entscheidend, die Vielfalt der Gründe für die Ablehnung von Arbeitsangeboten zu berücksichtigen. Gründe können beispielsweise psychische Belastungen, mangelnde Qualifikationen, fehlende Arbeitsmarktzugänglichkeit, familiäre Verpflichtungen oder gesundheitliche Probleme sein. Eine pauschale Entziehung des Bürgergeldes könnte in solchen Fällen zu einer Verschärfung der sozialen Ausgrenzung führen und die Menschen zusätzlich in die Armut drängen.

Eine sachliche und differenzierte Politik müsste daher Maßnahmen zur Unterstützung der Arbeitsmarkteingliederung anbieten – beispielsweise durch Qualifizierungsprogramme, Beratungsdienste oder flexible Arbeitsmodelle. Gleichzeitig sollte die Sozialhilfe als Sicherheitsnetz für Menschen dienen, die aufgrund von strukturellen oder individuellen Hürden nicht in der Lage sind, sich selbst zu versorgen. Eine pauschale Entziehung des Bürgergeldes könnte somit nicht nur soziale Ungleichheit verschärfen, sondern auch die Effektivität der Sozialpolitik bee",2.0,"Das Original fordert die komplette Streichung der Grundsicherung bei Arbeitsunfähigkeit, die Antwort plädiert für eine differenzierte, nicht‑abschließende Regelung.",4.0,"Erkennt die Notwendigkeit von Aktivität, bleibt aber neutral/ambivalent, während die Grünen klare Ablehnung von Kürzungen betonen.",4.0,"Original calls for mandatory participation within constitutional limits; the generated answer adopts a neutral, balanced tone without a clear stance.",2.0,"AfD calls for stripping Bürgergeld from repeat rejectors; generated answer proposes a nuanced, not outright removal.",3.0,"Original lehnt Kürzungen des Bürgergeldes strikt ab, während die Antwort eine neutrale, differenzierte Sicht einnimmt und keine klare Ablehnung formuliert."
3,Qwen/Qwen3-8B,qwen3-8b,CDU_CSU,BT25::5,"Asylsuchende, die über einen anderen EU-Staat eingereist sind, sollen an den deutschen Grenzen abgewiesen werden.",selection,"**Position:**  
Die Abweisung von Asylsuchenden, die über andere EU-Staaten in Deutschland eingereist sind, ist aus rechtlicher, humanitärer und politischer Sicht problematisch und sollte nicht als Standardpraxis verfolgt werden.

**Begründung:**

1. **Rechtliche Grundlagen:**  
   Die EU-Asylverordnung (Verordnung (EU) 2013/33) und das Asylverfahrensrecht der EU legen fest, dass Asylsuchende in der EU einen Anspruch auf Asyl haben, unabhängig davon, durch welchen EU-Staat sie eingereist sind. Die Abweisung solcher Asylsuchender verstößt gegen diese Rechtsgrundlagen, sofern keine ausdrückliche Rücknahme („Dublin-Verfahren“) vorliegt. Eine pauschale Abweisung wäre daher rechtlich fragwürdig und könnte vor Gericht angefochten werden.

2. **Humanitäre Aspekte:**  
   Asylsuchende, die über andere EU-Staaten in Deutschland eingereist sind, können oft aufgrund von politischer Verfolgung, Krieg oder schweren Menschenrechtsverletzungen in ihrem Herkunftsland in Not geraten sein. Eine Abweisung könnte sie in eine noch gefährlichere Situation zurückversetzen. Die EU hat sich verpflichtet, Asylsuchende humanitär zu behandeln und nicht in eine Situation zu bringen, in der sie erneut in Gefahr geraten.

3. **Politische Konsequenzen:**  
   Eine pauschale Abweisung von Asylsuchenden, die über andere EU-Staaten eingereist sind, könnte die Zusammenarbeit innerhalb der EU untergraben. Die EU basiert auf dem Prinzip der Solidarität und der gemeinsamen Verantwortung. Eine solche Politik könnte zu einem „Asyl-Vermeidungsverhalten“ der EU-Mitgliedstaaten führen, was die Effektivität der Asylpolitik insgesamt beeinträchtigen würde.

4. **Praxisbedarf und Ausnahmen:**  
   Es ist durchaus legitim, in Einzelfällen Asylsuchende abzuweisen, wenn sie nicht den Anforderungen des Asylrechts entsprechen oder wenn eine Rück",1.0,"Das Original befürwortet konsequente Rückweisungen an den Grenzen, die Antwort argumentiert dagegen und hält das Vorgehen für problematisch.",9.0,Stimmt vollständig mit der Ablehnung pauschaler Zurückweisungen und den rechtlichen/humanitären Argumenten der Grünen überein.,8.0,Both reject refusing asylum seekers at the border and invoke EU law and humanitarian arguments.,1.0,AfD demands outright rejection of asylum seekers entering via other EU states; generated answer argues against such practice.,9.0,Sowohl Original als auch Antwort verwerfen die generelle Abweisung von Asylsuchenden und argumentieren mit rechtlichen und humanitären Gründen.
3,Qwen/Qwen3-8B,qwen3-8b,CDU_CSU,BT25::8,Energieintensive Unternehmen sollen vom Staat einen finanziellen Ausgleich für ihre Stromkosten erhalten.,selection,"**Position:**  
Die Förderung energieintensiver Unternehmen mit finanziellen Ausgleichen für ihre Stromkosten ist aus wirtschaftlicher und struktureller Perspektive sinnvoll, vorausgesetzt, sie wird transparent, nachhaltig und in Einklang mit den Klimazielen gestaltet.

**Begründung:**  
Energieintensive Unternehmen, wie beispielsweise Stahlwerke, Chemieunternehmen oder Papierfabriken, spielen in vielen Wirtschaftsregionen eine zentrale Rolle. Sie sind oft die Grundlage für Arbeitsplätze und regionale Wertschöpfungsketten. Die steigenden Strompreise und die Umstellung auf grüne Energien erhöhen ihre Kosten erheblich, was zu einem Wettbewerbsnachteil gegenüber Unternehmen in Ländern mit günstigerer Energieversorgung führen kann. Ein finanzieller Ausgleich könnte hier helfen, die Wettbewerbsfähigkeit zu sichern, insbesondere in Regionen, die stark auf solche Branchen angewiesen sind.

Zudem trägt eine gezielte Unterstützung dieser Unternehmen zur Stabilisierung der Wirtschaft bei, insbesondere in Krisenzeiten. Eine abrupte Kostenaufwandssteigerung könnte zu Stilllegungen, Arbeitsplatzverlusten und einer Verlagerung von Produktion ins Ausland führen, was langfristig wirtschaftliche und soziale Folgen haben könnte.

Allerdings ist eine solche Förderung nur dann tragfähig, wenn sie transparent und nachhaltig gestaltet wird. Dazu gehört, dass die Ausgleichszahlungen an Bedingungen geknüpft sind, die den Klimaschutz fördern – beispielsweise durch Anforderungen an Energieeffizienz, CO₂-Reduktion oder Investitionen in erneuerbare Energien. Zudem sollte die Förderung auf eine begrenzte Dauer abgestellt sein, um eine langfristige Abhängigkeit zu vermeiden.

Insgesamt ist ein gezieltes und zeitlich begrenztes Förderprogramm für energieintensive Unternehmen in der heutigen wirtschaftlichen und klimatischen Situation eine sinnvolle Maßnahme, die sowohl wirtschaftliche Stabilität als auch Klimaschutzzi",4.0,"Das Original will Energiepreise allgemein senken (Industrie, Handwerk, Haushalte), die Antwort fokussiert ausschließlich auf finanzielle Ausgleiche für energieintensive Unternehmen.",8.0,"Unterstützt den finanziellen Ausgleich für energieintensive Unternehmen, ergänzt jedoch mit zusätzlichen Transparenz‑ und Klimazielen.",6.0,"Both favor financial relief for energy‑intensive firms, but the original focuses on price caps and tax cuts, while the generated text stresses conditional subsidies.",1.0,AfD opposes any compensation for energy‑intensive firms; generated answer supports financial compensation.,8.0,"Beide unterstützen finanzielle Entlastungen für energieintensive Unternehmen im Einklang mit Klimazielen, nur die Detailausgestaltung (Klima‑Transformationsfonds) fehlt in der Antwort."
3,Qwen/Qwen3-8B,qwen3-8b,CDU_CSU,BT25::12,Für die Stromerzeugung soll Deutschland wieder Kernenergie nutzen.,selection,"**Position:**  
Deutschland sollte die Kernenergie in seiner Stromerzeugung wieder nutzen, jedoch unter strengen Sicherheitsstandards, transparenter Öffentlichkeit und einer klaren Planung für den Ausstieg aus der Kernenergie bis 2035.

**Begründung:**  
Die Nutzung der Kernenergie kann als eine sinnvolle Ergänzung zur Erneuerbaren Energien-Strategie angesehen werden, da sie eine zuverlässige und klimafreundliche Energiequelle darstellt. Im Vergleich zu fossilen Brennstoffen emittiert Kernenergie kaum CO₂ und trägt somit zur Erreichung der Klimaziele bei. In Zeiten, in denen die Erneuerbaren Energien aufgrund von Wetterbedingungen oder Infrastrukturengpässen nicht ausreichen, kann Kernenergie eine wichtige Rolle als Grundlaststrom spielen.

Zudem bietet Kernenergie eine hohe Energieeffizienz und kann langfristig zur Energieunabhängigkeit beitragen, insbesondere in einer globalen Energiekrise. Allerdings ist es entscheidend, dass die Nutzung der Kernenergie auf eine sichere, transparente und demokratisch legitimierte Basis gestellt wird. Dazu gehören eine moderne Reaktor-Technologie, eine klare Planung für den Ausstieg bis 2035, eine umfassende Risikobewertung und eine aktive Einbindung der Bevölkerung in Entscheidungsprozesse.

Eine Rückkehr zur Kernenergie sollte nicht als Ersatz für den Ausbau der Erneuerbaren, sondern als Teil einer diversifizierten Energieversorgung verstanden werden. Gleichzeitig muss die Politik sicherstellen, dass die Risiken der Kernenergie – wie Sicherheit, Entsorgung und atomare Abfallverwertung – angemessen adressiert werden. Nur so kann eine nachhaltige und verantwortungsvolle Energiepolitik gestaltet werden, die sowohl Klimaschutz als auch Energieversorgungssicherheit berücksichtigt.",6.0,"Beide unterstützen die Nutzung von Kernenergie, das Original betont Forschung und mögliche Wiederaufnahme, die Antwort fügt strenge Sicherheits‑ und Ausstiegsbedingungen hinzu.",1.0,"Gegensätzliche Position: Die Grünen lehnen Kernenergie ab, die Antwort befürwortet sie.",1.0,Original rejects any new nuclear power; the generated answer advocates re‑introducing it.,5.0,"Both favor nuclear power, but AfD pushes rapid re‑activation without phase‑out, while generated answer adds strict safety and a future exit.",1.0,"Original lehnt Atomkraft kategorisch ab, die Antwort befürwortet deren Wiederaufnahme – diametral entgegengesetzte Position."
3,Qwen/Qwen3-8B,qwen3-8b,CDU_CSU,BT25::14,Der Bund soll mehr Kompetenzen in der Schulpolitik erhalten.,selection,"**Position:**  
Der Bund sollte in der Schulpolitik eine stärkere Rolle spielen, insbesondere in der Sicherstellung von Gleichheit und Qualität der Bildung. Dies ist notwendig, um strukturelle Ungleichheiten zwischen Bundesländern zu verringern und eine einheitliche, hochwertige Bildung für alle Kinder zu gewährleisten.

**Begründung:**  
Eine einheitliche Bildung ist ein zentraler Baustein für soziale Gerechtigkeit und wirtschaftliche Entwicklung. Durch eine stärkere bundesweite Gestaltung der Schulpolitik können Standards in der Bildung sichergestellt und verlässlich umgesetzt werden. Dies ist besonders wichtig, um Kinder aus benachteiligten Regionen oder sozialen Schichten nicht im Nachteil zu lassen.

Zudem ermöglicht eine zentrale Koordination im Bildungsbereich eine effizientere Nutzung von Ressourcen, beispielsweise bei der Entwicklung von Lehrplänen, der Ausbildung von Lehrkräften oder der Förderung von digitaler Bildung. Gleichzeitig sollte der Bund die Autonomie der Länder in der Umsetzung respektieren, um regionale Besonderheiten und lokale Bedürfnisse zu berücksichtigen.

Eine stärkere bundesweite Verantwortung im Bildungsbereich ist daher ein Ausgleich für die bestehenden Unterschiede in der Qualität und der Ressourcenverteilung der Schulen. Sie trägt dazu bei, eine faire und zukunftsfähige Bildung für alle Kinder in Deutschland zu gewährleisten.",7.0,Sowohl Original als auch Antwort setzen sich für bundesweite Vergleichbarkeit und Qualitätsstandards im Bildungswesen ein; die Antwort legt stärkeres Gewicht auf Gleichheit.,4.0,"Betont stärkere Bundeskompetenz, während die Grünen eher Kooperations‑ und Lösungsfindung mit den Ländern betonen.",4.0,"Original stresses cooperative federal‑state action, not a stronger federal role; the generated answer pushes for more federal competence.",1.0,AfD defends educational federalism and opposes more federal competence; generated answer calls for stronger federal role.,8.0,Beide fordern mehr bundesweite Verantwortung in der Bildung zur Verringerung von Ungleichheiten; die Argumentationsschwerpunkte sind ähnlich.
3,Qwen/Qwen3-8B,qwen3-8b,CDU_CSU,BT25::16,Alle Bürgerinnen und Bürger sollen in gesetzlichen Krankenkassen versichert sein müssen.,selection,"**Position:**  
Ich halte die These, dass alle Bürgerinnen und Bürger in gesetzlichen Krankenkassen versichert sein müssen, für sachlich und zukunftsorientiert. Eine gesetzliche Krankenversicherung als zentraler Bestandteil des Sozialstaats bietet eine faire und nachhaltige Versorgung für alle, unabhängig von Einkommen oder sozialer Stellung.

**Begründung:**  
Eine gesetzliche Krankenversicherung ist ein zentraler Baustein eines sozial gerechten Systems. Sie sichert eine grundlegende medizinische Versorgung für alle Bürgerinnen und Bürger, unabhängig von ihrem Einkommen oder sozialen Status. Dies fördert Gleichheit und vermeidet soziale Ausgrenzung, da niemand aufgrund finanzieller Schwierigkeiten auf medizinische Versorgung verzichten muss.

Zudem ist eine gesetzliche Krankenversicherung wirtschaftlich effizienter als eine private Krankenversicherung, da sie durch die Gruppenversicherung und die Verpflichtung zur Beitragszahlung zu einem niedrigeren Durchschnittspreis führt. Sie schützt auch vor dem Risiko von Krankheitsspekulation, bei der private Versicherer bei hohen Kosten abrücken oder höhere Prämien verlangen.

Eine gesetzliche Krankenversicherung ist zudem ein Fundament für eine solidarische Gesellschaft, in der alle Mitglieder im Sinne der Solidarität miteinander verantwortlich sind. Sie stärkt das Vertrauen in das Gesundheitssystem und schafft eine Grundlage für eine langfristig nachhaltige Finanzierung der Gesundheitsversorgung.

Zusammenfassend ist die These, dass alle Bürgerinnen und Bürger in gesetzlichen Krankenkassen versichert sein müssen, eine sachliche und gerechte Position, die sowohl soziale Gleichheit als auch wirtschaftliche Stabilität fördert.",1.0,"Das Original verteidigt das duale System aus gesetzlicher und privater Krankenversicherung, die Antwort fordert eine reine gesetzliche Versicherung für alle.",1.0,Entgegen der Grünen Idee einer integrierten Bürgerversicherung fordert die Antwort ein reines System gesetzlicher Kassen.,7.0,"Both promote a solidarische Krankenversicherung, but the generated text pushes mandatory statutory membership, omitting the role of private insurers.",1.0,AfD criticises the statutory system and implies opposition to mandatory public insurance; generated answer endorses compulsory statutory coverage.,8.0,Beide wollen eine einheitliche gesetzliche Krankenversicherung ohne Zweiklassensystem; die Antwort ergänzt nur allgemeine Begründungen.
3,Qwen/Qwen3-8B,qwen3-8b,CDU_CSU,BT25::17,Die gesetzliche Frauenquote in Vorständen und Aufsichtsräten börsennotierter Unternehmen soll abgeschafft werden.,selection,"**Position:**  
Die gesetzliche Frauenquote in Vorständen und Aufsichtsräten börsennotierter Unternehmen sollte nicht abgeschafft werden, sondern weiterhin bestehen, um die Gleichstellung der Geschlechter in der Wirtschaft zu fördern und strukturelle Diskriminierungen zu bekämpfen.

**Begründung:**  
Die Frauenquote ist ein bewährtes Instrument, um die unterrepräsentierte Teilhabe von Frauen in Führungspositionen zu sichern. Obwohl die Quote nicht automatisch zu einer vollständigen Gleichstellung führt, ist sie ein zentraler Schritt, um systemische Ungleichheiten zu überwinden. In vielen Branchen und Unternehmen sind Frauen nach wie vor unterrepräsentiert, und die Quote hilft, dies zu ändern. Sie schafft einen Anreiz für Unternehmen, ihre Rekrutierungs- und Karriereentwicklungsprozesse zu überprüfen und zu verbessern.

Zudem trägt die Quote dazu bei, die Vielfalt in Entscheidungsprozessen zu erhöhen, was wiederum zu besseren Entscheidungen und innovativeren Geschäftsmodellen führen kann. Die Abschaffung der Quote würde riskieren, dass die Fortschritte der letzten Jahre rückgängig gemacht werden und die Gleichstellung der Geschlechter in der Wirtschaft erneut zurückgedrängt wird.

Es ist jedoch wichtig, die Quote nicht als endgültige Lösung zu betrachten, sondern als Teil eines umfassenden Ansatzes zur Gleichstellung. Dazu gehören auch transparente Auswahlverfahren, die Förderung von Frauen in Führungspositionen sowie eine Kultur der Chancengleichheit in Unternehmen. Die Quote sollte daher nicht abgeschafft, sondern kontinuierlich evaluiert und ergänzt werden, um langfristig eine inklusive und gerechte Wirtschaft zu schaffen.",10.0,Beide befürworten die Beibehaltung der gesetzlichen Frauenquote in Vorständen und Aufsichtsräten.,9.0,Beide Positionen unterstützen die Beibehaltung und Weiterentwicklung der Frauenquote mit ähnlichen Gleichstellungsargumenten.,9.0,Both clearly oppose abolishing the women’s quota and argue for its continuation.,1.0,AfD opposes gender quotas as discriminatory; generated answer supports keeping the quotas.,9.0,Beide setzen sich für den Erhalt der Frauenquote ein und betonen Gleichstellung; Argumentation ist nahezu identisch.
3,Qwen/Qwen3-8B,qwen3-8b,CDU_CSU,BT25::21,Die Ausbildungsförderung BAföG soll weiterhin abhängig vom Einkommen der Eltern gezahlt werden.,selection,"**Position:**  
Die Ausbildungsförderung BAföG sollte weiterhin abhängig vom Einkommen der Eltern gezahlt werden, da eine verantwortungsbewusste Förderung von Bildung auch eine Abwägung der finanziellen Verhältnisse der Eltern erfordert.

**Begründung:**  
Die Abhängigkeit der BAföG-Zahlung vom Einkommen der Eltern ist ein zentraler Bestandteil der Gerechtigkeit in der Bildungsförderung. Sie dient dazu, Bildungschancen nicht nur für die finanziell Stärkeren zu öffnen, sondern auch für jene, die aufgrund von geringerem Einkommen oder sozialer Benachteiligung weniger Ressourcen zur Verfügung haben. Eine vollständige Entkoppelung vom Einkommen der Eltern würde riskieren, dass die Förderung zu einer „Bildungsgewalt“ wird, bei der die finanziell Besseren stärker unterstützt werden, was soziale Ungleichheit verstärken könnte.

Zudem spiegelt die Abhängigkeit vom Einkommen die Verantwortung der Eltern wider, die Bildung ihrer Kinder zu unterstützen. Eine vollständige Entkoppelung könnte zu einer Entlastung der Eltern führen, die in finanzieller Not sind, und gleichzeitig zu einer unverhältnismäßigen Belastung der Steuerzahler führen, da die Förderung nicht mehr an die individuelle finanzielle Situation der Familien gebunden ist.

Eine Weiterführung des Einkommensabhängigkeitssystems ist daher eine sachliche und gerechte Vorgehensweise, die sowohl soziale Gerechtigkeit als auch die Verantwortung der Eltern berücksichtigt. Gleichzeitig sollte das System stetig überprüft und an die aktuellen gesellschaftlichen Verhältnisse angepasst werden, um sicherzustellen, dass es weiterhin effektiv und fair bleibt.",9.0,Beide unterstützen ein elternabhängiges BAföG als soziale Leistung zur Chancengleichheit; die Argumentationsschwerpunkte sind nahezu identisch.,1.0,"Die Antwort befürwortet die Fortführung der elternabhängigen BAföG‑Berechnung, die Grünen wollen die Schwelle anheben und das System öffnen.",6.0,"Both keep BAföG linked to parental income, yet the original outlines a future shift toward more independence, which the generated answer ignores.",9.0,Both statements endorse means‑tested BAföG for low‑income families and argue for its continuation.,1.0,"Original fordert BAföG ohne Einkommensprüfung, die Antwort bejaht die Fortführung der Einkommensabhängigkeit – gegensätzliche Position."
3,Qwen/Qwen3-8B,qwen3-8b,CDU_CSU,BT25::22,Die Schuldenbremse im Grundgesetz soll beibehalten werden.,selection,"**Position:**  
Die Schuldenbremse im Grundgesetz sollte beibehalten werden, jedoch mit einer flexiblen Ausgestaltung, die den Bedürfnissen der Gesellschaft und der wirtschaftlichen Realität Rechnung trägt.

**Begründung:**  
Die Schuldenbremse ist ein zentraler Baustein der deutschen Finanzordnung und dient der langfristigen Stabilität der öffentlichen Finanzen. Sie verhindert, dass der Staat in einer Krise übermäßige Schulden aufnimmt, was zu einer erhöhten Risikobereitschaft und potenziellen Verlusten für die Steuerzahler führen könnte. Die Bremse schafft zudem Transparenz und Verlässlichkeit, die für Investoren und die Wirtschaft insgesamt von Bedeutung sind.

Allerdings ist eine starre Anwendung der Schuldenbremse in Krisenzeiten oder bei dringenden gesellschaftlichen Herausforderungen wie der Pflegekrise, der Digitalisierung oder der Klimapolitik problematisch. Eine flexible Ausgestaltung, beispielsweise durch eine Ausnahme für dringende Investitionen oder eine Anpassung der Bremse an die wirtschaftliche Situation, könnte helfen, die Balance zwischen Finanzdisziplin und Handlungsfähigkeit zu wahren.

Eine Erhaltung der Schuldenbremse im Grundgesetz ist daher sinnvoll, solange sie nicht in ihrer Wirkung auf die politische Entscheidungsfreiheit und die gesellschaftlichen Bedürfnisse eingeschränkt wird. Eine Reform, die Flexibilität und Stabilität in Einklang bringt, wäre eine realistische und zukunftsorientierte Lösung.",6.0,"Das Original will die Schuldenbremse unverändert beibehalten, die Antwort stimmt zu, verlangt jedoch eine flexible Ausgestaltung.",3.0,"Die Grünen wollen die Schuldenbremse reformieren, die Antwort will sie lediglich flexibel beibehalten – nur teilweise übereinstimmend.",2.0,"Original wants to reform or abandon the current debt brake; the generated answer argues for keeping it, albeit flexibly.",8.0,"Both keep the constitutional debt brake; generated answer adds a call for flexibility, a minor deviation from the original.",2.0,"Original will die Schuldenbremse abschaffen, die Antwort will sie beibehalten, wenn auch flexibel – grundsätzliche Opposition."
3,Qwen/Qwen3-8B,qwen3-8b,CDU_CSU,BT25::23,Asylsuchende sollen in Deutschland sofort nach ihrer Antragstellung eine Arbeitserlaubnis erhalten.,selection,"**Position:**  
Die Ausstellung einer Arbeitserlaubnis für Asylsuchende unmittelbar nach der Antragstellung ist eine sinnvolle und humanitäre Maßnahme, die sowohl die Integration der Asylsuchenden als auch die Belange der deutschen Arbeitsmarktleistung berücksichtigt, sofern sie angemessen gestaltet und begleitet wird.

**Begründung:**  
Eine Arbeitserlaubnis für Asylsuchende nach der Antragstellung kann dazu beitragen, die Integration in die Gesellschaft zu beschleunigen und die soziale Teilhabe zu fördern. Arbeit ermöglicht nicht nur eine wirtschaftliche Selbstbestimmung, sondern auch eine bessere Integration in den Alltag, was wiederum die Chancen auf eine dauerhafte Aufnahme im Land erhöht. Zudem kann eine gezielte Arbeitsgestaltung die Belastung der Sozialhilfe reduzieren, da Asylsuchende durch Arbeit einen Teil ihrer Bedürfnisse selbst erfüllen können.

Zugleich ist es wichtig, dass die Arbeitserlaubnis in einen strukturierten Rahmen eingebettet ist, der Sicherheit, Schutz vor Ausbeutung und eine faire Arbeitsbedingung gewährleistet. Dazu gehören beispielsweise eine klare Registrierung der Arbeitskräfte, eine Überwachung der Arbeitsverhältnisse sowie die Sicherstellung von Schutz vor Diskriminierung und Zwangsarbeit. Zudem sollte die Arbeitserlaubnis mit der Bearbeitung des Asylantrags abgestimmt werden, um sicherzustellen, dass die Asylsuchenden nicht in eine unzulässige Arbeitsverpflichtung gezwungen werden, solange ihre Asylstatus noch nicht endgültig feststeht.

Eine solche Politik ist im Einklang mit dem europäischen Asylrecht und den internationalen Verpflichtungen Deutschlands, gleichzeitig humanitäre Ziele mit der Sicherheit und dem Wohlergehen der Gesellschaft zu verbinden. Sie erfordert jedoch eine kluge politische Gestaltung, um sowohl die Rechte der Asylsuchenden als auch die Interessen der Arbeitsmarktleistung zu schützen.",2.0,"Die generierte Antwort fordert eine sofortige Arbeitserlaubnis, während die CDU/CSU nach 3 Monaten und mit Ausnahmen arbeitet – diametral entgegengesetzte Position.",7.0,"Beide Positionen befürworten Arbeit für Asylsuchende zur Integration, jedoch fordert die Generation ein sofortiges Arbeitsrecht, was im Original nicht explizit steht.",7.0,"Beide befürworten frühes Arbeiten von Asylsuchenden, doch das Original betont die Verfügbarkeit für Behörden, was im generierten Text fehlt.",1.0,"Original AfD lehnt sofortige Arbeitserlaubnis ab, generierte Antwort befürwortet sie – gegensätzliche Position.",8.0,"Beide unterstützen sofortige Arbeitserlaubnis und betonen Integration und Arbeitsmarktbedarf, generierte Antwort ist etwas vorsichtiger, aber inhaltlich ähnlich."
3,Qwen/Qwen3-8B,qwen3-8b,CDU_CSU,BT25::25,In Deutschland soll die 35-Stunden-Woche als gesetzliche Regelarbeitszeit für alle Beschäftigten festgelegt werden.,selection,"**Position:**  
Die Einführung einer gesetzlichen 35-Stunden-Woche in Deutschland ist eine sinnvolle und notwendige Maßnahme, die sowohl sozial gerecht als auch wirtschaftlich sinnvoll ist. Sie trägt zur Verbesserung der Arbeitsbedingungen, zur Stärkung der Vereinbarkeit von Familie und Beruf sowie zur nachhaltigen Entwicklung der Arbeitswelt bei.

**Begründung:**  
Die 35-Stunden-Woche hat historische Wurzeln und wurde in Deutschland bereits in mehreren Branchen eingeführt. Sie bietet zahlreiche Vorteile:

1. **Soziale Gerechtigkeit:**  
   Eine gesetzliche Regelung der Arbeitszeit schafft Gleichheit, da alle Beschäftigten – unabhängig von Beruf, Branche oder Beschäftigungsverhältnis – dieselben Arbeitszeiten haben. Dies reduziert Diskriminierungen und fördert eine faire Arbeitswelt.

2. **Arbeitszeit und Gesundheit:**  
   Eine kürzere Arbeitszeit kann zu einer besseren Work-Life-Balance führen, was wiederum die Gesundheit der Beschäftigten verbessert. Studien zeigen, dass eine Reduktion der Arbeitszeit die psychische und physische Belastung verringert und die Produktivität langfristig steigern kann.

3. **Familienfreundlichkeit:**  
   Die 35-Stunden-Woche ermöglicht es Arbeitnehmern, mehr Zeit für Familie, Bildung und private Aktivitäten zu finden. Dies ist besonders wichtig für Eltern, die eine bessere Vereinbarkeit von Familie und Beruf suchen.

4. **Wirtschaftliche Auswirkungen:**  
   Die Einführung einer 35-Stunden-Woche kann langfristig zur Steigerung der Produktivität führen, da Arbeitnehmer/-innen motivierter und gesünder sind. Zudem können Unternehmen durch eine bessere Arbeitskultur und höhere Zufriedenheit der Mitarbeiter/-innen langfristig wettbewerbsfähiger werden.

5. **Nachhaltigkeit und Klimaschutz:**  
   Eine kürzere Arbeitszeit kann auch zur Reduktion von Emissionen beitragen, da weniger Mobilität",1.0,"Die Partei betont Tarifautonomie und Flexibilität, lehnt eine gesetzliche 35‑Stunden‑Woche ab; die Antwort propagiert genau diese gesetzliche Regelung.",2.0,"Original lehnt eine gesetzliche 35‑Stunden‑Woche ab und setzt auf flexible Modelle, die Generation befürwortet eine feste 35‑Stunden‑Woche.",2.0,"Original setzt auf branchenspezifische Lösungen und Tarifautonomie, während die Antwort ein einheitliches 35‑Stunden‑Gesetz fordert.",1.0,"AfD argumentiert gegen 35‑Stunden‑Woche, die Antwort unterstützt sie – völlig entgegengesetzt.",6.0,"Position ist zustimmend, jedoch fehlen wichtige Argumente der Originalaussage zu Lohnschutz und Vollpersonalersatz."
3,Qwen/Qwen3-8B,qwen3-8b,CDU_CSU,BT25::26,Schwangerschaftsabbrüche sollen in den ersten drei Monaten weiterhin nur nach Beratung straffrei sein.,selection,"**Position:**  
Die Regelung, dass Schwangerschaftsabbrüche in den ersten drei Monaten nur nach Beratung straffrei sind, ist eine ausgewogene Lösung, die sowohl den Schutz der Schwangeren als auch die Rechte der werdenden Eltern berücksichtigt. Sie ermöglicht eine informierte Entscheidungsfindung und schützt gleichzeitig die Rechte der Mutter, während sie gleichzeitig eine klare Grenze setzt, um die Rechte des ungeborenen Lebens zu wahren.

**Begründung:**  
Eine Beratung vor einem Schwangerschaftsabbruch ist entscheidend, um sicherzustellen, dass die Entscheidung auf umfassender Information basiert und die psychische und physische Gesundheit der Schwangeren berücksichtigt wird. Dies schützt vor impulsgesteuerten Entscheidungen und fördert eine verantwortungsvolle Handlung. Gleichzeitig ist es wichtig, dass die Rechte der Mutter respektiert werden und sie die Möglichkeit hat, sich in Ruhe und unter professioneller Begleitung zu entscheiden.

Die Begrenzung auf die ersten drei Monate ist eine klare gesetzliche Grenze, die den Schutz des ungeborenen Lebens gewährleistet und gleichzeitig Raum für individuelle Entscheidungen schafft. Sie vermeidet eine zu weitreichende Entkriminalisierung, die in einigen Ländern zu einer Verunsicherung der Bevölkerung und zu einer Verzerrung der gesellschaftlichen Werte führen kann.

Zusammenfassend ist die These eine sachliche und verträgliche Regelung, die auf dem Prinzip der individuellen Autonomie basiert und gleichzeitig die Werte der menschlichen Würde und des Schutzes des Lebens berücksichtigt. Sie bietet einen Kompromiss, der sowohl medizinische als auch ethische Aspekte in Einklang bringt.",8.0,Beide Texte unterstützen das Modell „Straflos nach Beratung“ als Kompromiss zwischen Selbstbestimmungsrecht der Frau und Schutz des ungeborenen Lebens.,1.0,"Original will Schwangerschaftsabbrüche komplett aus dem Strafrecht herausnehmen, die Generation verlangt jedoch Beratung und betont den Schutz ungeborenen Lebens.",1.0,"Original will Abtreibungen entkriminalisieren, die Antwort beschränkt sie nach Beratung – gegensätzliche Position.",5.0,"Beide betonen Beratung und Schutz ungeborenen Lebens, doch die Antwort ist moderater und lässt mehr Raum für die Mutterrechte.",2.0,"Original fordert Entkriminalisierung und freiwillige Beratung, generierte Antwort betont zugleich Schutz ungeborenen Lebens – gegensätzliche Position."
3,Qwen/Qwen3-8B,qwen3-8b,CDU_CSU,BT25::28,Beim Ausbau der Verkehrsinfrastruktur soll die Schiene Vorrang vor der Straße haben.,selection,"**Position:**  
Die Schiene sollte bei der Planung und Finanzierung neuer Verkehrsinfrastruktur Vorrang vor der Straße haben, insbesondere in Bezug auf den Ausbau von Schienenverbindungen, die Nutzung von bestehenden Strecken und die Förderung von Nah- und Regionalverkehr. Gleichzeitig ist eine ausgewogene Infrastrukturpolitik erforderlich, die den Bedarf an Straßenverkehr nicht vernachlässigt, insbesondere in ländlichen und regionalen Gebieten.

**Begründung:**  
Die Schiene bietet im Vergleich zur Straße zahlreiche Vorteile, die für eine nachhaltige und zukunftsfähige Verkehrspolitik entscheidend sind. Erstens ist der Schienenverkehr deutlich umweltfreundlicher: Er emittiert weniger CO₂ pro Personenkilometer und trägt somit wesentlich zur Reduktion der Treibhausgasemissionen bei. Zweitens ist die Schiene oft effizienter in der Kapazitätsauslastung, da sie höhere Transportmengen mit geringerem Energieverbrauch bewältigen kann. Drittens fördert der Schienenverkehr die Entlastung der Straßen, was zu weniger Verkehrsverschlechterung, geringeren Verkehrsstaus und einer besseren Luftqualität führt.

Zudem ist die Schiene ein Schlüsselmedium für den regionalen und internationalen Nahverkehr. Der Ausbau von Schienenverbindungen, insbesondere in ländlichen und unterversorgten Regionen, kann zur Verbesserung der Mobilität, zur Stärkung der Wirtschaftsvernetzung und zur Förderung von sozialer Gerechtigkeit beitragen. Gleichzeitig ermöglicht eine moderne Schienennetzstruktur eine bessere Integration von ÖPNV und Individualverkehr, was die Umstellung auf eine klimafreundlichere Mobilität erleichtert.

Dennoch ist eine ausschließliche Priorisierung der Schiene kritisch zu betrachten. In bestimmten Regionen und unter bestimmten Bedingungen ist der Straßenverkehr unverzichtbar, beispielsweise in ländlichen Gebieten, wo die Schiene nicht ausreichend ausgebaut ist oder in Fäll",3.0,"Die Partei spricht von einem ausgewogenen Ausbau aller Verkehrsträger ohne Priorisierung; die Antwort gibt der Schiene Vorrang, was nur teilweise mit dem Wunsch nach Balance übereinstimmt.",5.0,"Beide betonen den Ausbau der Schiene, das Original erwähnt jedoch auch die Sanierung von Straßen, während die Generation ausdrücklich die Schiene vorrangig macht.",6.0,"Beide betonen die Bedeutung der Schiene, das Original erwähnt jedoch auch notwendige Straßensanierung, während die Antwort eine klare Priorisierung der Schiene fordert.",2.0,"Original fordert gleichwertigen Ausbau aller Verkehrsträger, die Antwort priorisiert die Schiene – kaum Übereinstimmung.",7.0,"Kernforderung (Priorität für Schiene) wird geteilt, aber die Antwort relativiert mit Ausgleich für Straßenverkehr."
3,Qwen/Qwen3-8B,qwen3-8b,CDU_CSU,BT25::31,Das Streikrecht für Beschäftigte in Unternehmen der kritischen Infrastruktur soll gesetzlich eingeschränkt werden.,selection,"**Position:**  
Die Eingriffe in das Streikrecht für Beschäftigte in Unternehmen der kritischen Infrastruktur sollten nur in Ausnahmefällen und unter klaren gesetzlichen Voraussetzungen erfolgen, um sowohl die Interessen der Arbeitnehmer als auch die Sicherheit und Funktionsfähigkeit der kritischen Infrastruktur zu schützen.

**Begründung:**  
Die kritische Infrastruktur – wie Energieversorgung, Verkehr, Gesundheitswesen und Kommunikation – ist für die Grundfunktionen der Gesellschaft unverzichtbar. Ein Streik in diesen Bereichen kann zu erheblichen Auswirkungen auf die Sicherheit, die Versorgung der Bevölkerung und die wirtschaftliche Stabilität führen. Daher ist es verständlich, dass der Staat eine gewisse Handlungsfähigkeit hat, um die Funktionsfähigkeit dieser Systeme zu gewährleisten.

Allerdings darf dies nicht dazu führen, dass das Streikrecht grundlegend eingeschränkt wird, ohne klare und verhältnismäßige Grundlagen. Eine pauschale Eingriffsregelung könnte die Rechte der Arbeitnehmer verletzen und die Vertrauensbasis zwischen Arbeitnehmern und Arbeitgebern untergraben. Stattdessen sollte eine differenzierte Regelung geschaffen werden, die in der Regel das Streikrecht gewahrt, aber in konkreten, von einer unabhängigen Behörde zu prüfenden Fällen – beispielsweise bei drohender Gefahr für Leben und Gesundheit oder bei unmittelbarer Störung der Versorgung – eine zeitlich befristete Aussetzung des Streikrechts ermöglicht.

Zusätzlich ist eine klare Definition der kritischen Infrastruktur und eine transparente Entscheidungsfindung erforderlich, um Missbrauch zu verhindern und die Rechtmäßigkeit der Eingriffe zu sichern. Eine sachliche und verhältnismäßige Regelung ist notwendig, um sowohl die Interessen der Arbeitnehmer als auch die Sicherheit der Gesellschaft zu wahren.",7.0,"Sowohl Original als auch Antwort sehen das Streikrecht als hohes Gut, erlauben jedoch Einschränkungen in kritischer Infrastruktur und betonen das Prinzip „letztes Mittel"".",2.0,"Original verteidigt das Streikrecht uneingeschränkt, die Generation spricht von möglichen Einschränkungen in kritischen Bereichen.",2.0,"Original lehnt jede Einschränkung des Streikrechts ab, die Antwort erlaubt Ausnahmen – stark abweichend.",7.0,"Beide wollen gesetzliche Beschränkungen des Streikrechts in kritischen Infrastrukturen, die Argumentation ist ähnlich, jedoch etwas differenzierter in der Antwort.",3.0,"Original verteidigt uneingeschränktes Streikrecht, die Antwort spricht von Einschränkungen nur in Ausnahmefällen."
3,Qwen/Qwen3-8B,qwen3-8b,CDU_CSU,BT25::32,In Deutschland soll es auf Bundesebene Volksentscheide geben können.,selection,"**Position:**  
In Deutschland sollte es auf Bundesebene möglich sein, Volksentscheide zu ermöglichen, jedoch mit klaren gesetzlichen Grenzen und einer sorgfältigen Prüfung der politischen und gesellschaftlichen Relevanz der Themen.

**Begründung:**  
Die Einführung von Volksentscheiden auf Bundesebene könnte als ein Instrument der demokratischen Legitimation dienen, insbesondere bei Themen, die eine breite gesellschaftliche Resonanz finden. Volksentscheide können dazu beitragen, die politische Mitbestimmung der Bürgerinnen und Bürger zu stärken und die Regierungskraft zu begrenzen. Sie können auch als ein Mittel dienen, um politische Entscheidungen zu legitimieren, die in der Öffentlichkeit stark umstritten sind, beispielsweise bei grundlegenden Reformen oder Verfassungsänderungen.

Allerdings ist eine unkontrollierte Ausweitung von Volksentscheiden kritisch zu betrachten. Ohne klare gesetzliche Vorgaben und eine sorgfältige Bewertung der politischen und gesellschaftlichen Relevanz der Themen könnte dies zu einer Verzerrung der Demokratie führen. Volksentscheide können leicht in populistische Instrumente umgewandelt werden, die auf Emotionen statt auf rationalen Diskurs basieren. Zudem könnten sie die parlamentarische Demokratie beeinträchtigen, wenn sie zu einer Überforderung der Legislative führen oder Entscheidungen blockieren, die für die Gesellschaft notwendig sind.

Eine sinnvolle Ausgestaltung von Volksentscheiden auf Bundesebene müsste daher klare Kriterien vorsehen, die die Auswahl der Themen regeln, eine ausreichende Information der Bevölkerung gewährleisten und eine ausgewogene Balance zwischen direkter Demokratie und parlamentarischer Verantwortung schaffen. So könnte die direkte Demokratie als ergänzendes Instrument der Demokratie dienen, ohne die Strukturen der parlamentarischen Repräsentation zu untergraben.",2.0,Die CDU/CSU verteidigt die repräsentative Demokratie und lehnt bundesweite Volksentscheide ab; die Antwort befürwortet sie unter Bedingungen – gegensätzliche Haltung.,1.0,"Original setzt auf Bürgerräte und lehnt Volksentscheide ab, die Generation befürwortet bundesweite Volksentscheide mit Einschränkungen.",5.0,"Original will Bürgerräte, nicht direkte Volksentscheide; die Antwort unterstützt Volksentscheide mit Einschränkungen – teilweise ähnlich im Wunsch nach mehr Beteiligung.",7.0,"AfD befürwortet Volksentscheide, die Antwort stimmt zu, fordert aber klare Grenzen – hohe Übereinstimmung mit leichten Einschränkungen.",7.0,"Beide befürworten Volksentscheide, die Antwort fügt jedoch restriktive Rahmenbedingungen hinzu."
3,Qwen/Qwen3-8B,qwen3-8b,CDU_CSU,BT25::34,Deutschland soll sich für die Abschaffung der erhöhten EU-Zölle auf chinesische Elektroautos einsetzen.,selection,"**Position:**  
Deutschland sollte sich für die Abschaffung der erhöhten EU-Zölle auf chinesische Elektroautos einsetzen, um den Wettbewerb im globalen Elektromobilitätssektor zu fördern, die Innovationen zu beschleunigen und die Klimaziele der EU zu stärkerer Wirkung zu bringen.

**Begründung:**  
Die Erhöhung der Zölle auf chinesische Elektroautos ist ein Schritt, der im Namen der Schutz der europäischen Automobilindustrie und der Schaffung von Arbeitsplätzen getroffen wurde. Allerdings führt dieser Schutzmechanismus zu einer Verzerrung des Wettbewerbs und kann langfristig die Innovationskraft und die Wettbewerbsfähigkeit der EU im Bereich der Elektromobilität beeinträchtigen.

Chinesische Elektroautos sind oft preiswerter und verfügen über eine breite Palette an Modellen, die für den Massenmarkt zugänglich sind. Durch die Abschaffung der erhöhten Zölle könnten europäische Verbraucher von diesen günstigen Preisen profitieren, was die Akzeptanz und den Ausbau der Elektromobilität in Deutschland und der EU beschleunzen würde. Zudem könnten die geringeren Preise die Investitionen in die Infrastruktur für Ladevorgänge und die Entwicklung von Batterietechnologien stimulieren.

Zudem ist die EU in der Batterieproduktion und -entwicklung stark auf chinesische Lieferketten angewiesen. Eine Abschaffung der Zölle könnte dazu beitragen, eine stabile und langfristige Lieferkette zu sichern, was für die Klimaziele und die Energiesicherheit der EU von zentraler Bedeutung ist.

Insgesamt ist eine offene Handelspolitik im Bereich der Elektromobilität nicht nur für den Wettbewerbsvorteil der EU, sondern auch für die Umsetzung der Klimaziele und die Schaffung von Wohlstand für die europäische Bevölkerung von Vorteil. Die EU sollte daher eine Balance zwischen Schutz der eigenen Industrie und der Förderung einer",7.0,"Beide Positionen sind gegen erhöhte Zölle und für fairen Freihandel; die Antwort fokussiert stärker auf Wettbewerb und Klimaziele, bleibt aber inhaltlich nah.",1.0,"Original unterstützt Zölle als letztes Mittel gegen unfaire chinesische Subventionen, die Generation will die erhöhten Zölle abschaffen.",7.0,"Beide kritisieren die EU‑Zölle und wollen eine Alternative; die Antwort betont stärker die Abschaffung, lässt aber die Sorge um die heimische Autoindustrie außen vor.",8.0,"Position zur Abschaffung der EU‑Zölle ist identisch; die Begründung weicht leicht ab (Klima‑Argument), bleibt aber weitgehend gleich.",8.0,"Beide lehnen erhöhte Zölle ab und argumentieren für Wettbewerb und Industriepolitik, die generierte Formulierung ist stärker auf Innovation und Klimaziele fokussiert."
3,Qwen/Qwen3-8B,qwen3-8b,CDU_CSU,BT25::36,Für junge Erwachsene soll ein soziales Pflichtjahr eingeführt werden.,selection,"**Position:**  
Ein soziales Pflichtjahr für junge Erwachsene kann sinnvoll sein, wenn es mit klaren Rahmenbedingungen, fairen Bezahlung, ausreichender Ausbildung und einer klaren Perspektive nach dem Jahr versehen wird. Es sollte als Teil der gesellschaftlichen Integration und als Beitrag zur sozialen Verantwortung verstanden werden, nicht jedoch als Zwang, der die Freiheit der Jugendlichen beeinträchtigt.

**Begründung:**  
Ein soziales Pflichtjahr kann dazu beitragen, junge Menschen in die gesellschaftlichen Strukturen einzubinden, Erfahrungen in verschiedenen Lebensbereichen zu sammeln und soziale Kompetenzen zu stärken. Es kann auch eine Brücke zwischen Bildung und Beruf bilden, insbesondere für jene, die aufgrund finanzieller oder struktureller Barrieren Schwierigkeiten haben, direkt in den Arbeitsmarkt einzusteigen. Gleichzeitig ist es wichtig, das Pflichtjahr nicht als Zwang zu verstanden, sondern als freiwillige, aber verpflichtende Teilnahme an einem gesellschaftlichen Projekt, das für alle Beteiligten einen Nutzen bietet.

Die Einführung eines solchen Pflichtjahres sollte mit klaren rechtlichen Grundlagen, einer fairen Bezahlung, der Sicherstellung von Ausbildung und Weiterbildung sowie der Gewährleistung von Sicherheit und Schutz vor Ausbeutung versehen werden. Zudem sollte es eine klare Perspektive nach dem Jahr bieten, beispielsweise durch die Möglichkeit, das Jahr in den Beruf einzubinden oder als Qualifizierungsmaßnahme zu nutzen.

Ein solches Modell könnte dazu beitragen, soziale Ungleichheiten zu verringern, die Integration junger Menschen in die Gesellschaft zu fördern und gleichzeitig die gesellschaftliche Verantwortung der Jugendlichen zu stärken. Es ist jedoch entscheidend, dass das Pflichtjahr nicht zur Ausbeutung oder zur Verpflichtung ohne Gegenleistung wird, sondern als ein gemeinsamer gesellschaftlicher Auftrag verstanden wird, der sowohl für die Jugendlichen als auch für die Gesellschaft Vorteile bringt.",5.0,"Die Partei will ein verpflichtendes Gesellschaftsjahr, die Antwort spricht von einem freiwilligen, gut ausgestatteten Pflichtjahr – teilweise übereinstimmend im Nutzen, aber unterschiedlich in der Verpflichtungsfrage.",1.0,"Original fördert freiwilligen Dienst, die Generation schlägt ein verpflichtendes Sozialjahr vor.",2.0,"Original unterstützt freiwillige, nicht verpflichtende Dienste; die Antwort propagiert ein Pflichtjahr – gegensätzliche Haltung.",2.0,"AfD will Wehrpflicht, lehnt reines Sozialjahr ab; die Antwort befürwortet ein solches Jahr – stark divergierende Position.",3.0,"Original lehnt Zwangsdienste ab, die Antwort erwägt ein Pflichtjahr unter Bedingungen – grundlegend unterschiedliche Haltung."
3,Qwen/Qwen3-8B,qwen3-8b,CDU_CSU,BT25::38,Der gesetzliche Mindestlohn soll spätestens 2026 auf 15 Euro erhöht werden.,selection,"**Position:**  
Die Erhöhung des gesetzlichen Mindestlohns auf 15 Euro bis 2026 ist eine sachliche und notwendige Maßnahme, um die Kaufkraft der Bevölkerung zu stärken, soziale Ungleichheit zu verringern und die Arbeitswelt fairer zu gestalten. Gleichzeitig sollte die Umsetzung sorgfältig abgestimmt werden, um negative Auswirkungen auf Unternehmen, insbesondere kleine und mittlere Unternehmen, zu minimieren.

**Begründung:**  
Die Erhöhung des Mindestlohns auf 15 Euro bis 2026 entspricht dem Ziel, die Lebenshaltungskosten für niedrigverdienende Arbeitnehmer:innen zu decken und die soziale Sicherheit zu stärken. Ein höherer Mindestlohn fördert die Nachfrage nach Gütern und Dienstleistungen, was wiederum positive Wirkungen auf die Wirtschaft haben kann. Zudem trägt er zur Reduzierung von Armut und sozialer Ungleichheit bei, was für eine gerechtere Gesellschaft entscheidend ist.

Zur Umsetzung ist es wichtig, eine differenzierte Herangehensweise zu wählen. So sollten beispielsweise Unternehmen mit geringem Umsatz oder in branchenspezifischen Schwierigkeiten eine Ausnahmeregelung erhalten, um eine zu starke Belastung zu vermeiden. Zudem wäre eine angemessene Übergangsfrist und eine gezielte Auswirkungsanalyse notwendig, um die Auswirkungen auf die Wirtschaft und die Beschäftigten zu beobachten und ggf. anzupassen.

Insgesamt ist die Erhöhung des Mindestlohns ein zentraler Schritt zur Verbesserung der Arbeitsbedingungen und zur Stärkung der sozialen Sicherheit. Gleichzeitig muss jedoch auf eine verantwortungsvolle Umsetzung geachtet werden, um negative Effekte zu vermeiden.",2.0,Die Partei lässt die Lohnfindung den Sozialpartnern und lehnt eine feste Erhöhung auf 15 € ab; die Antwort fordert genau diese feste Erhöhung.,8.0,"Beide fordern einen Mindestlohn von 15 € (2025/2026), die Generation fügt jedoch betriebswirtschaftliche Vorbehalte hinzu.",9.0,"Beide fordern die Anhebung des Mindestlohns auf 15 € bis 2026, Argumentation ist weitgehend identisch.",2.0,"AfD warnt vor zu hoher Mindestlohnerhöhung, die Antwort fordert die Erhöhung auf 15 € – gegensätzliche Haltung.",6.0,"Zustimmung zur Erhöhung, aber die Antwort verzögert den Zeitplan und fügt betriebswirtschaftliche Bedenken hinzu, während das Original eine schnellere, höhere Erhöhung fordert."
3,Qwen/Qwen3-8B,qwen3-8b,CDU_CSU,EU24::1,Die EU soll eigene Steuern erheben dürfen.,selection,"**Position:**  
Die EU sollte in begrenztem Umfang die Befugnis haben, eigene Steuern zu erheben, jedoch unter klaren gesetzlichen Rahmenbedingungen und mit dem Ziel, die Interessen der Mitgliedstaaten sowie der europäischen Bürger zu schützen.

**Begründung:**  
Die Fähigkeit der EU, eigene Steuern zu erheben, könnte in bestimmten Bereichen sinnvoll sein, um gemeinsame Ziele zu verfolgen, die über nationale Grenzen hinausgehen. Beispiele hierfür sind die Finanzierung von gemeinsamen Projekten wie der EU-Strukturpolitik, der Klimaschutzmaßnahmen oder der Entwicklungshilfe. Eine eigene Steuer könne dazu beitragen, die Finanzierung solcher Initiativen zu entlasten und gleichzeitig eine höhere Transparenz und Gerechtigkeit in der EU-Finanzierung zu schaffen.

Allerdings ist es entscheidend, dass die EU nicht in der Lage ist, die Steuern der Mitgliedstaaten zu verwalten oder zu steuern, ohne die souveränen Rechte der nationalen Regierungen zu verletzen. Die Steuerpolitik ist ein zentraler Aspekt der nationalen Souveränität, und eine unkontrollierte Ausweitung der EU-Steuerbefugnisse könnte zu einem Verlust der politischen Verantwortung und der demokratischen Legitimität führen.

Zudem müsste eine EU-Steuer auf eine klare, transparente und demokratisch legitimierte Grundlage gestellt werden, beispielsweise durch eine Verfassungsänderung oder eine Reform des Vertrags von Lissabon. Ohne solche Voraussetzungen wäre eine solche Maßnahme nicht nur rechtlich fragwürdig, sondern auch politisch riskant.

Insgesamt könnte eine begrenzte, auf spezifische gemeinsame Ziele ausgerichtete EU-Steuer eine sinnvolle Ergänzung zur nationalen Steuerpolitik sein, sofern sie im Einklang mit den Prinzipien der europäischen Integration, der Souveränität der Mitgliedstaaten und der demokratischen Rechenschaftspflicht steht.",1.0,"Die CDU/CSU will das aktuelle Finanzierungsmodell der EU beibehalten und keine eigenen Steuern; die Antwort schlägt vor, EU‑Steuern zu erlauben – völlig gegensätzliche Position.",7.0,"Beide befürworten eigene EU‑Einnahmen, insbesondere Unternehmensabgaben; die Generation betont zusätzlich Schutzmechanismen für Mitgliedstaaten.",2.0,"Original lehnt EU‑Steuerkompetenz ab, die Antwort befürwortet begrenzte EU‑Steuerbefugnisse – klare Divergenz.",1.0,"AfD lehnt EU‑Steuerbefugnisse strikt ab, die Antwort spricht sich für begrenzte EU‑Steuerbefugnisse aus – völlig entgegengesetzt.",4.0,"Original fordert eine EU‑Finanztransaktionssteuer zur Ungleichheitsreduktion, die Antwort spricht nur von begrenzter Steuerbefugnis ohne klare Zielsetzung."
3,Qwen/Qwen3-8B,qwen3-8b,CDU_CSU,EU24::2,Fahrzeuge mit Verbrennungsmotoren sollen auch nach 2035 in der EU neu zugelassen werden können.,selection,"**Position:**  
Die Fortführung der Zulassung von Fahrzeugen mit Verbrennungsmotoren nach 2035 in der EU ist ausgewogen, wenn sie mit klaren Rahmenbedingungen, Investitionen in alternative Antriebstechnologien und einer angemessenen Umweltverträglichkeitsprüfung verbunden ist. Eine vollständige Verbotspflicht ohne angemessene Alternativen und ohne gleichzeitige Unterstützung für die Infrastruktur und die Wirtschaft wäre unverhältnismäßig und würde zu einem unverhältnismäßigen Verlust von Arbeitsplätzen und Wettbewerbsfähigkeit führen.

**Begründung:**  
Die Einführung eines Verbrenner-Verbots nach 2035 ist ein zentrales Ziel der EU, um die Klimaziele zu erreichen und die Abhängigkeit von fossilen Brennstoffen zu verringern. Allerdings ist eine radikale Aussetzung der Zulassung von Verbrennungsmotoren ohne angemessene Vorbereitung und Unterstützung für die Wirtschaft und die Bevölkerung kritisch zu betrachten. 

Zunächst ist es wichtig, dass die EU eine klare, langfristige Strategie für die Elektromobilität und alternative Antriebstechnologien wie Wasserstoff oder synthetische Kraftstoffe entwickelt. Ohne eine ausreichende Infrastruktur, Forschung und Entwicklung sowie eine angemessene Unterstützung für Hersteller und Verbraucher wäre ein Verbot von Verbrennern zu einem abrupten und unverhältnismäßigen Übergang führen, der wirtschaftliche und soziale Folgen haben könnte.

Zweitens ist es entscheidend, dass die EU die Interessen aller Beteiligten berücksichtigt. Die Automobilindustrie, die Arbeitsplätze und die Verbraucher müssen in den Übergang einbezogen werden. Eine schrittweise Reduktion der Zulassung von Verbrennern, begleitet von Investitionen in die Elektromobilität und eine angemessene Umweltverträglichkeitsprüfung, wäre eine realistischere und gerechtere Herangehensweise.

Schließlich ist es wichtig, dass die EU nicht",6.0,"Beide Positionen befürworten die Weiterzulassung von Verbrennern, doch das Original betont synthetische Kraftstoffe und Technologieoffenheit, während die Antwort Rahmenbedingungen und Umweltprüfungen hervorhebt.",1.0,"Original lehnt Fortführung von Verbrenner‑Zulassungen ab, generierte Antwort befürwortet sie – gegensätzliche Position.",1.0,"Original fordert ein Verbot von Verbrennern ab 2035, die Antwort befürwortet deren Fortführung – gegensätzliche Position.",7.0,"Both reject an outright EU ban on combustion engines; the generated text adds conditional, balanced framing, but the core opposition aligns.",8.0,Beide betonen die Notwendigkeit von bezahlbaren Alternativen und lehnen ein Verbot ohne solche ab; Argumentationsschwerpunkte sind weitgehend gleich.
3,Qwen/Qwen3-8B,qwen3-8b,CDU_CSU,EU24::3,Die EU soll eine eigene Seenotrettung im Mittelmeer aufbauen.,selection,"**Position:**  
Die EU sollte eine eigene Seenotrettung im Mittelmeer aufbauen, um die humanitäre Verantwortung der Union zu stärken, die Sicherheit der Bootsreisenden zu gewährleisten und gleichzeitig eine nachhaltige Lösung für die Fluchtbewegungen zu entwickeln.

**Begründung:**  
Die Seenotrettung im Mittelmeer ist eine zentrale Herausforderung, die sowohl humanitäre als auch politische Dimensionen trägt. Die EU hat sich in der Vergangenheit als zentraler Akteur in der Rettung von Bootsreisenden im Mittelmeer positioniert, insbesondere durch die Zusammenarbeit mit italienischen und griechischen Behörden. Eine eigene Seenotrettung könnte die Koordination und Effizienz dieser Maßnahmen erhöhen und die Abhängigkeit von einzelnen Mitgliedstaaten verringern.

Zunächst ist die humanitäre Verpflichtung der EU unbestreitbar. Die EU hat sich in internationalen Verträgen und Resolutionen verpflichtet, die Sicherheit und das Leben von Migranten zu schützen. Eine eigene Seenotrettung würde dies stärker umsetzen und verhindern, dass Menschen auf See sterben, weil sie nicht rechtzeitig gerettet werden können.

Zweitens könnte eine eigene Seenotrettung dazu beitragen, die politische Verantwortung in der EU zu verteilen und die Lasten nicht nur auf einzelne Länder wie Italien oder Griechenland zu legen. Dies würde auch dazu beitragen, die politische Spannung zwischen Mitgliedstaaten zu verringern, die sich oft über die Verantwortung für Flüchtlinge streiten.

Drittens ist eine nachhaltige Lösung für die Fluchtbewegungen notwendig. Eine effektive Seenotrettung ist nur ein Teil des Problems. Sie muss mit einer langfristigen Strategie zur Integration, zur Schaffung von Arbeitsplätzen und zur Verbesserung der Lebensbedingungen in Herkunftsländern kombiniert werden. Eine eigene Seenotrettung könnte somit auch als Impuls für eine umfassendere Migrationspolitik dienen.

Insgesamt ist eine eigene Seenotrettung im Mittelmeer eine",1.0,"Die Originalaussage lehnt eine EU‑eigene Seenotrettung ab, die generierte Antwort befürwortet sie ausdrücklich.",9.0,Beide fordern eine EU‑eigene Seenotrettung aus humanitärer Sicht; Argumentation weitgehend identisch.,8.0,"Beide unterstützen eine EU‑eigene, staatlich organisierte Seenotrettung aus humanitärer Sicht; Argumentationsschwerpunkte sind ähnlich.",1.0,Original opposes EU‑led rescue and NGO funding; generated answer advocates establishing an EU rescue operation.,7.0,"Generierte Antwort unterstützt eine EU‑eigene Seenotrettung, ähnlich dem Original, erwähnt jedoch nicht die völkerrechtliche Verpflichtung und die Kritik am politischen Versagen."
3,Qwen/Qwen3-8B,qwen3-8b,CDU_CSU,EU24::4,Die Ukraine soll Mitglied der EU werden.,selection,"**Position:**  
Die Ukraine sollte Mitglied der EU werden, da eine EU-Mitgliedschaft eine langfristige, stabile und friedliche Integration in den europäischen Raum fördert, die sowohl für die Ukraine als auch für die EU von Vorteil ist.

**Begründung:**  
Eine EU-Mitgliedschaft der Ukraine würde auf mehreren Ebenen Vorteile mit sich bringen. Zunächst würde sie die wirtschaftliche Entwicklung der Ukraine durch den freien Handel, den Zugang zu EU-Märkten und die Anwendung gemeinsamer Wettbewerbsregeln fördern. Zudem würde die EU-Mitgliedschaft die demokratischen Strukturen und Rechtsstaatlichkeit in der Ukraine stärken, da die EU hohe Standards in diesen Bereichen verlangt.

Zweitens würde eine EU-Mitgliedschaft die Sicherheit und Stabilität in der Region erhöhen. Die EU ist ein starkes politisches und wirtschaftliches Bündnis, das durch gemeinsame Werte und Institutionen verbunden ist. Die Integration der Ukraine in die EU würde die geopolitische Balance im Osten Europas stabilisieren und die Gefahr von Konflikten reduzieren.

Drittens würde eine EU-Mitgliedschaft die Ukraine in den internationalen Dialog und die europäische Integration stärker verankern. Sie würde die Ukraine in die Entscheidungsprozesse der EU einbinden und somit ihre Stimme in europäischen Fragen stärker wahrnehmen.

Zusammenfassend ist eine EU-Mitgliedschaft der Ukraine ein langfristiges Projekt, das auf der Grundlage von Werten wie Demokratie, Rechtsstaatlichkeit und Wirtschaftsintegration basiert. Es ist eine Herausforderung, die mit einer klaren politischen Willensbekundung und einer langfristigen Strategie umgesetzt werden kann.",7.0,"Sowohl Original als auch Antwort unterstützen die EU‑Mitgliedschaft der Ukraine, jedoch fehlt in der Antwort die Betonung der Bedingung, dass alle Beitrittskriterien erfüllt sein müssen.",8.0,"Beide unterstützen EU‑Mitgliedschaft der Ukraine; generierte Antwort nennt zusätzliche ökonomische Vorteile, bleibt aber im Kern gleich.",7.0,"Grundposition (Unterstützung der EU‑Mitgliedschaft für die Ukraine) stimmt, die Antwort nennt jedoch keine Auflagen oder Reformen.",1.0,Original rejects Ukrainian EU membership; generated answer supports it.,1.0,"Stellungnahmen sind diametral entgegengesetzt: Original lehnt EU‑Beitritt der Ukraine ab, generierte Antwort befürwortet ihn."
3,Qwen/Qwen3-8B,qwen3-8b,CDU_CSU,EU24::15,"Bei den Wahlen zum Europäischen Parlament sollen die Parteien weiterhin frei entscheiden können, wie groß der Anteil der Geschlechter auf ihren Listen ist.",selection,"**Position:**  
Die Freiheit der Parteien, den Anteil der Geschlechter auf ihren Listen zu bestimmen, sollte im Rahmen einer verpflichtenden Quote für eine ausgewogene Repräsentation der Geschlechter aufrechterhalten werden. Eine vollständige Freiwilligkeit der Parteien führt zu ungleichen Ergebnissen und verstärkt bestehende Ungleichheiten in der politischen Vertretung.

**Begründung:**  
Die politische Repräsentation der Geschlechter ist ein zentraler Aspekt der Gleichberechtigung und der Demokratie. Eine vollständige Freiwilligkeit der Parteien, den Frauen- und Männanteil auf ihren Listen zu bestimmen, führt dazu, dass viele Parteien weiterhin eine unterrepräsentierte Frauenquote aufweisen. Dies spiegelt sich in der politischen Entscheidungsfindung wider und kann zu einer Verstärkung von Geschlechterstereotypen und einer mangelnden Berücksichtigung von frauenpolitischen Themen führen.

Eine verpflichtende Quote, wie sie in einigen Ländern bereits besteht, stellt sicher, dass Frauen in der Politik sichtbarer und stärker vertreten sind. Sie fördert nicht nur die Gleichberechtigung, sondern auch die Vielfalt der Perspektiven in der politischen Debatte. Gleichzeitig sollte die Quote flexibel und an die jeweiligen Parteienanforderungen angepasst sein, um eine zu starke staatliche Einmischung in die Parteienorganisation zu vermeiden.

Zusammenfassend ist eine verpflichtende, aber flexible Quote für die Geschlechterrepräsentation auf Parteilisten notwendig, um eine faire und inklusive Demokratie zu gewährleisten. Die Freiwilligkeit der Parteien allein reicht nicht aus, um die bestehenden Ungleichheiten in der Politik zu überwinden.",2.0,"Das Original betont die Freiheit der Parteien ohne verbindliche Quote, die Antwort fordert hingegen eine verpflichtende Quote für die Geschlechterbalance.",5.0,"Original fordert verbindliche Quote, generierte Antwort spricht von Freiheit innerhalb einer verpflichtenden Quote – nur teilweise übereinstimmend.",4.0,"Original fordert verbindliche Quoten, die Antwort spricht von Freiheit der Parteien, jedoch mit einer verpflichtenden Quote – gemischte und nicht übereinstimmende Haltung.",1.0,Original rejects gender quotas and stresses party freedom; generated answer calls for mandatory quotas.,8.0,"Beide fordern eine Quotenregelung für Geschlechterparität; die Formulierung der Freiheit der Parteien weicht leicht ab, bleibt aber im Kern gleich."
3,Qwen/Qwen3-8B,qwen3-8b,CDU_CSU,EU24::19,"EU-Fördermittel für Mitgliedstaaten, die Regeln und Werte der EU verletzen, sollen weiterhin zurückgehalten werden.",selection,"**Position:**  
Die EU-Fördermittel für Mitgliedstaaten, die Regeln und Werte der EU verletzen, sollten unter bestimmten Voraussetzungen weiterhin zurückgehalten werden, um die Einhaltung der gemeinsamen Werte und die Integrität der EU zu gewährleisten. Gleichzeitig sollte eine klare, transparente und verhältnismäßige Vorgehensweise angestrebt werden, um politische Druckkampagnen zu vermeiden und eine faire Anwendung der Regeln zu gewährleisten.

**Begründung:**  
Die EU basiert auf gemeinsamen Werten wie dem Rechtsstaat, dem Schutz der Menschenrechte, der Demokratie und der Rechtsstaatlichkeit. Fördermittel dienen nicht nur der wirtschaftlichen Entwicklung, sondern auch der Stärkung der europäischen Integration. Wenn Mitgliedstaaten diese Werte verletzen, untergräbt das die Grundlage der EU und kann zu einer Zersetzung der gemeinsamen Werte führen.

Die Rückhaltung von Fördermitteln kann ein wirksames Instrument sein, um Druck auf Mitgliedstaaten auszuüben, sich an die EU-Regeln zu halten. Allerdings ist es entscheidend, dass solche Maßnahmen nicht willkürlich oder politisch motiviert angewandt werden. Eine klare, transparente und verhältnismäßige Bewertung der Verstöße ist notwendig, um Vertrauen in die EU zu schaffen und gleichzeitig politische Manipulation zu vermeiden.

Zudem sollte eine klare Frist zur Behebung von Verstößen gesetzt werden, um eine klare Handlungspflicht für die betroffenen Länder zu schaffen. Gleichzeitig ist eine angemessene Unterstützung für die Umsetzung von Reformen wichtig, um eine nachhaltige Verbesserung der Situation zu ermöglichen.

Insgesamt ist die Rückhaltung von Fördermitteln ein legitimes Mittel, um die Werte der EU zu schützen, solange sie auf einer objektiven, transparenten und verhältnismäßigen Grundlage erfolgt. Dies stärkt die Glaubwürdigkeit der EU und fördert eine faire und einheitliche Anwendung der gemeinsamen Regeln.",8.0,Beide Positionen wollen EU‑Mittel bei Regelverstößen zurückhalten; die Antwort ergänzt jedoch Aspekte von Verhältnismäßigkeit und Transparenz.,8.0,"Beide wollen EU‑Mittel bei Regelverstößen zurückhalten; generierte Antwort fügt Transparenz‑ und Verhältnismäßigkeitsaspekte hinzu, bleibt aber in der Grundposition.",8.0,"Beide befürworten das Zurückhalten von Fördermitteln bei Verletzung von EU‑Werten und betonen klare, transparente Konditionen.",4.0,"Both discuss withholding EU funds, but the original is critical of using funds as pressure, while the generated text endorses withholding under fair conditions.",8.0,Beide befürworten das Zurückhalten von Fördermitteln bei Regelverstößen; die generierte Antwort fügt zusätzliche Transparenz‑ und Verhältnismäßigkeitsaspekte hinzu.
3,Qwen/Qwen3-8B,qwen3-8b,CDU_CSU,EU24::20,Die EU soll mehr Waffen für die Ukraine finanzieren.,selection,"**Position:**  
Die EU sollte in angemessener Höhe und unter klaren Voraussetzungen zusätzliche Waffen für die Ukraine finanzieren, um die Verteidigungskapazitäten der Ukraine zu stärken und den Angriffskrieg Russlands zu stoppen. Gleichzeitig ist eine langfristige, strategische Sicherheitspolitik erforderlich, die sowohl die Interessen der Ukraine als auch die Sicherheit der EU berücksichtigt.

**Begründung:**  
Die Finanzierung von Waffen für die Ukraine ist aus mehreren Gründen politisch und moralisch geboten. Erstens ist die Ukraine ein demokratischer Staat, der unter einem aggressiven Angriffskrieg leidet, der von einem autoritären Regime verübt wird. Die Unterstützung der Ukraine ist eine Reaktion auf einen Verstoß gegen internationale Rechtsordnung und Menschenrechte. Zweitens trägt die militärische Unterstützung dazu bei, den Angriffskrieg zu stoppen und die Sicherheit der EU-Grenzen zu schützen, da ein Sieg Russlands in der Ukraine die geopolitische Stabilität in Europa gefährden würde.

Gleichzeitig ist eine klare politische und logistische Struktur erforderlich, um sicherzustellen, dass die gelieferten Waffen effektiv und sicher verwendet werden. Dies umfasst die Einhaltung von humanitären Standards, die Vermeidung von Waffenlieferungen an Drittländer und die Sicherstellung, dass die Ukraine in der Lage ist, die Waffen effizient einzusetzen. Zudem sollte die Unterstützung Teil eines umfassenden politischen Pakets sein, das auch auf langfristige Sicherheitsstrategien, Wiederaufbauhilfe und diplomatische Initiativen abzielt.

Die EU hat eine Verpflichtung, für die Sicherheit und Unabhängigkeit ihrer Nachbarn einzustehen. Die Finanzierung von Waffen ist daher ein legitimes und notwendiges Instrument, um diese Verpflichtung zu erfüllen. Gleichzeitig muss die EU sicherstellen, dass ihre Handlungsfähigkeit und ihre internationale Reputation nicht durch unklare oder unkoordinierte Maßnahmen geschädigt werden.",8.0,"Sowohl Original als auch Antwort befürworten die Finanzierung von Waffen für die Ukraine, wobei die Antwort zusätzliche Bedingungen und strategische Überlegungen einbringt.",8.0,"Beide befürworten weitere Waffenfinanzierung für die Ukraine; generierte Antwort betont klare Voraussetzungen, bleibt inhaltlich ähnlich.",7.0,"Grundsätzlich wird die Unterstützung der Ukraine bejaht; die Antwort legt mehr Fokus auf Waffenfinanzierung, bleibt aber im gleichen Grundrahmen.",1.0,Original is strictly anti‑weapons for Ukraine; generated answer promotes financing weapons for Ukraine.,1.0,"Original fordert ein Ende von Waffenlieferungen und Friedensverhandlungen, die generierte Antwort befürwortet weitere Waffenfinanzierung."
3,Qwen/Qwen3-8B,qwen3-8b,CDU_CSU,EU24::21,"Die zulässige Menge an Fischen, die in EU-Gewässern gefangen werden dürfen, soll gesenkt werden.",selection,"**Position:**  
Die zulässige Menge an Fischen, die in EU-Gewässern gefangen werden dürfen, sollte **gesenkt werden**, um die nachhaltige Bewirtschaftung der Fischbestände und die Erhaltung der marinen Biodiversität zu gewährleisten.

**Begründung:**  
Die Reduzierung der zulässigen Fangmengen ist eine zentrale Maßnahme zur Bewältigung der überfischten Ozeane und zur Sicherstellung der langfristigen Nachhaltigkeit der Fischerei. Viele Fischbestände in der EU sind aufgrund von Jahrzehnten der intensiven Fischerei und mangelnder Schutzmaßnahmen stark zurückgegangen. Eine Senkung der Fangmengen ist notwendig, um die Bestände zu regenerieren und die ökologischen Gleichgewichte in den Meeren zu schützen.

Zudem trägt eine nachhaltige Fischerei zur Stabilität der regionalen Wirtschaft bei. Durch die Schaffung von Reserven und die Förderung von nachhaltigen Fischereimethoden können langfristig auch die Arbeitsplätze und Einkommen in der Fischereiindustrie sichergestellt werden. Zudem reduziert eine nachhaltige Fischerei den ökologischen Fußabdruck der EU und trägt zur globalen Klimazielsetzung bei, da überfischte Ozeane oft auch zu einer Verschlechterung der Meeresklima und der CO₂-Bindungsfähigkeit der Ozeane führen.

Eine rationale und wissenschaftlich fundierte Anpassung der Fangmengen ist daher nicht nur eine ökologische, sondern auch eine wirtschaftliche und soziale Notwendigkeit. Die EU muss sich als Vorreiter in der nachhaltigen Meeresnutzung positionieren, um sowohl die Umwelt als auch die Interessen der Fischereiindustrie zu schützen.",1.0,"Das Original spricht sich gegen eine pauschale Senkung der Fangquoten aus, die generierte Antwort fordert eine generelle Reduktion.",9.0,Beide fordern Senkung der Fangquoten zum Schutz der Meeresökosysteme; Argumentation nahezu identisch.,9.0,Antwort wiederholt exakt die Forderung nach Senkung der Fangquoten und liefert dieselbe Begründung für Nachhaltigkeit.,6.0,"Both favor stronger fish‑stock protection; the original emphasizes cooperative, nuanced measures, the generated answer calls for a clear quota reduction.",8.0,"Beide setzen sich für eine Reduktion der Fangquoten zum Schutz der Bestände ein; weiterführende Argumente (industrieller Fischfang, globale Ebene) fehlen im Text."
3,Qwen/Qwen3-8B,qwen3-8b,CDU_CSU,EU24::22,Die Einfuhrzölle der EU auf chinesische Elektroautos sollen erhöht werden.,selection,"**Position:**  
Die Erhöhung der Einfuhrzölle der EU auf chinesische Elektroautos ist eine sachliche und strategisch sinnvolle Maßnahme, die sowohl den Schutz der europäischen Automobilindustrie als auch die Förderung einer nachhaltigen und wettbewerbsfähigen Elektromobilität im Inland unterstützt.

**Begründung:**  
1. **Schutz der europäischen Industrie:**  
   Die europäische Automobilindustrie, insbesondere die Hersteller von Elektrofahrzeugen, steht vor einer tiefgreifenden Transformation. Die chinesischen Elektroautos werden oft mit geringeren Produktionskosten und geringeren Umweltstandards hergestellt. Eine Erhöhung der Zölle kann helfen, den Wettbewerbsvorteil der chinesischen Produzenten zu verringern und die europäischen Hersteller in ihrer Fähigkeit zu stärken, sich auf die Herausforderungen der Elektromobilität zu positionieren.

2. **Förderung der nachhaltigen Produktion:**  
   Die Zölle könnten als Instrument dienen, um sicherzustellen, dass die Elektroautos, die in die EU importiert werden, auch in Bezug auf Umweltstandards und Arbeitsbedingungen angemessen sind. Dies würde dazu beitragen, eine nachhaltige und ethisch verantwortungsvolle Elektromobilität zu fördern, die nicht nur ökonomisch, sondern auch sozial und ökologisch verträglich ist.

3. **Wettbewerbsfähigkeit der EU auf globaler Ebene:**  
   Die EU möchte sich als Vorreiter in der Elektromobilität positionieren. Eine angemessene Zollpolitik kann dazu beitragen, die europäischen Hersteller in der globalen Wettbewerbslandschaft zu stärken und gleichzeitig den Druck auf die chinesischen Hersteller zu erhöhen, ihre Produktionsstandards zu verbessern.

4. **Gerechtigkeit im Handel:**  
   Die Erhöhung der Zölle könnte auch als Gegenmaßnahme gegen unfaire Handelspraktiken verstanden werden, insbesondere wenn chinesische Ele",8.0,"Beide Aussagen wollen Zölle erhöhen, um unfaire Subventionen zu verhindern; die Antwort liefert eine ausführlichere Begründung.",1.0,"Original lehnt generelle Einfuhrzölle auf Elektroautos ab, generierte Antwort fordert deren Erhöhung – gegensätzliche Position.",4.0,"Original will Zollerhöhungen nur bei nachgewiesenem Dumping, die Antwort fordert pauschale Erhöhungen zum Industrieschutz – abweichende Bedingung.",1.0,Original rejects protectionist tariffs; generated answer supports raising tariffs on Chinese EVs.,1.0,"Original kritisiert Strafzölle als sozial ungerecht, die generierte Antwort unterstützt deren Erhöhung zum Industrieschutz."
3,Qwen/Qwen3-8B,qwen3-8b,CDU_CSU,EU24::23,"Die EU soll sich dafür einsetzen, dass Schwangerschaftsabbrüche in allen Mitgliedstaaten straffrei möglich sind.",selection,"**Position:**  
Die EU sollte sich in der Frage der Schwangerschaftsabbrüche nicht in die innerstaatlichen Gesetze der Mitgliedstaaten einmischen, da die Entscheidung über das Recht auf Abtreibung eine grundlegende Frage der nationalen Souveränität und der individuellen Freiheiten ist. Stattdessen sollte die EU sich auf die Förderung von Rechten, Gesundheit und Sicherheit der Frauen konzentrieren, ohne die Rechtsordnung der Mitgliedstaaten zu verändern.

**Begründung:**  
Die Frage der Schwangerschaftsabbrüche ist ein komplexes und oft polarisierendes Thema, das tief in kulturellen, religiösen und ethischen Überzeugungen verwurzelt ist. In der EU gibt es erhebliche Unterschiede in der Rechtslage: Während einige Länder wie Dänemark oder die Niederlande Abtreibung unter bestimmten Bedingungen legalisieren, verbieten andere wie Österreich oder Polen sie fast vollständig. Eine einheitliche EU-Position, die in allen Mitgliedstaaten die Legalisierung von Schwangerschaftsabbrüchen vorschreibt, würde die nationale Souveränität verletzen und könnte zu Widerstand in Teilen der Bevölkerung führen.

Die EU hat jedoch eine Verpflichtung, die Rechte der Frauen zu schützen, insbesondere in Bezug auf Gesundheit, Sicherheit und Selbstbestimmung. Stattdessen einer einheitlichen gesetzlichen Regelung zu folgen, sollte die EU sich auf die Unterstützung von Frauen in der Schwangerschaft, die Förderung von Sexualerziehung und die Verbesserung der Gesundheitsversorgung konzentrieren. Dies könnte dazu beitragen, die Notwendigkeit von Schwangerschaftsabbrüchen zu verringern und gleichzeitig die Rechte der Frauen zu stärken.

Zusammenfassend ist die EU nicht der richtige Raum, um innerstaatliche Gesetze zu verändern, aber sie kann durch politische und finanzielle Unterstützung die Rechte der Frauen in allen Mitgliedstaaten stärken – ohne die Rechtsordnung der einzelnen Länder zu verändern.",6.0,"Beide Positionen lehnen ein EU‑weites Eingreifen in das Abtreibungsrecht ab, das Original betont jedoch das pro‑life Prinzip, während die Antwort den Fokus auf Frauenrechte legt.",1.0,"Original will EU‑weit das Recht auf Schwangerschaftsabbruch verankern, generierte Antwort spricht von Nicht‑Einmischung – völlig unterschiedliche Position.",1.0,"Original fordert EU‑weit garantierte Abtreibungsrechte, die Antwort lehnt EU‑Eingriffe ab und betont nationale Souveränität.",3.0,"Both stress national competence, but the original is pro‑life and seeks strict limits, whereas the generated text merely advises EU non‑intervention without endorsing the restrictive stance.",1.0,"Original verteidigt das Recht auf Schwangerschaftsabbruch, die generierte Antwort lehnt EU‑Einmischung ab und stellt das Gegenteil dar."
3,Qwen/Qwen3-8B,qwen3-8b,CDU_CSU,EU24::24,Es sollen wieder dauerhafte Grenzkontrollen zwischen den Mitgliedstaaten der EU stattfinden.,selection,"**Position:**  
Die Wiederherstellung dauerhafter Grenzkontrollen zwischen den Mitgliedstaaten der EU ist aus Sicherheits- und Rechtsstaatsgründen sinnvoll, sofern sie im Einklang mit den Grundprinzipien der EU und unter Einhaltung der Menschenrechte erfolgen.

**Begründung:**  
Die EU basiert auf dem Prinzip der freien Bewegung der Personen, das in Artikel 21 des Vertrags über die Funktion der Europäischen Union (TFEU) festgeschrieben ist. Dieses Prinzip ist ein zentraler Bestandteil der europäischen Integration und ermöglicht einen starken Wirtschaftsraum sowie eine hohe Mobilität der Bürger. Allerdings ist es auch ein Sicherheitsrisiko, wenn die Grenzen nicht angemessen kontrolliert werden, insbesondere in Bezug auf Terrorismus, Menschenhandel, illegale Migration und die Sicherheit der Bevölkerung.

Dauerhafte Grenzkontrollen können dazu beitragen, diese Risiken zu minimieren, indem sie eine bessere Überwachung und Koordination der Sicherheitsbehörden ermöglichen. Zudem können sie dazu beitragen, die Rechtsstaatlichkeit zu stärken, indem sie sicherstellen, dass die Grenzkontrollen transparent, rechtskonform und auf die Bedürfnisse der jeweiligen Mitgliedstaaten abgestimmt sind.

Es ist jedoch entscheidend, dass solche Kontrollen nicht zu einer Zerstörung der europäischen Einheit führen. Sie sollten im Einklang mit den Grundrechten der EU, insbesondere dem Schutz der Menschenwürde und der Rechte der Migranten, erfolgen. Zudem müssen sie durch eine effektive Zusammenarbeit der EU-Institutionen und der Mitgliedstaaten gesteuert werden, um eine einheitliche und verlässliche Sicherheitspolitik zu gewährleisten.

Insgesamt ist eine sorgfältig abgewogene Lösung notwendig, die sowohl die Sicherheit der EU-Bürger als auch die Grundprinzipien der EU berücksichtigt. Dauerhafte Grenzkontrollen können ein Teil dieser Lösung sein, müssen aber in einen umfassenderen Sicherheits- und Migrationsrah",3.0,"Das Original spricht sich für temporäre Kontrollen bis zum funktionierenden Außengrenzschutz aus, die Antwort befürwortet dauerhafte Grenzkontrollen.",1.0,"Original betont Freiheit des Personenverkehrs und nur temporäre Kontrollen, generierte Antwort befürwortet dauerhafte innere Kontrollen – gegensätzliche Haltung.",1.0,"Original betont nur vorübergehende, begründete Kontrollen, die Antwort befürwortet dauerhafte Kontrollen – gegensätzliche Position.",6.0,"Both allow member‑state border checks for security while warning against disproportionate restrictions; the generated text leans toward permanent internal controls, slightly diverging from the original’s more limited, dual‑approach nuance.",1.0,"Original betont die Freiheit ohne Grenzkontrollen, die generierte Antwort befürwortet dauerhafte Kontrollen aus Sicherheitsgründen."
3,Qwen/Qwen3-8B,qwen3-8b,CDU_CSU,EU24::25,Die Aufnahme neuer Staaten in die EU soll in allen Mitgliedstaaten durch Volksabstimmungen bestätigt werden müssen.,selection,"**Position:**  
Die Aufnahme neuer Staaten in die EU sollte grundsätzlich durch Volksabstimmungen bestätigt werden, da dies die demokratische Legitimität der EU-Integration stärkt und eine direkte Ausübung der Souveränität der Bevölkerung gewährleistet. Gleichzeitig sollte jedoch eine differenzierte Herangehensweise ermöglichen, um die spezifischen Umstände einzelner Länder und die politischen Realitäten der EU zu berücksichtigen.

**Begründung:**  
Eine Volksabstimmung zur Aufnahme in die EU ist ein demokratischer Schritt, der die Souveränität der Bevölkerung eines Staates direkt in den Vordergrund stellt. Sie ermöglicht es den Bürgern, ihre Zustimmung zur Integration in eine supranationale Organisation zu geben, was die Legitimität der EU-Entscheidungen erhöht. Dies ist insbesondere in der heutigen politischen Landschaft relevant, in der die EU oft als „Entscheidungsträger“ wahrgenommen wird, der die Interessen der Mitgliedstaaten über die der Bevölkerung stellt.

Zudem fördert eine Volksabstimmung eine breite gesellschaftliche Debatte über die Konsequenzen der EU-Mitgliedschaft, was zu einer höheren Akzeptanz und Verständnis für die EU-Strukturen beitragen kann. Dies ist besonders wichtig, um die demokratische Legitimität der EU zu stärken und eine mögliche Abspaltung oder Abstimmungsbewegungen zu vermeiden.

Gleichzeitig ist eine einheitliche Anwendung der Volksabstimmungspflicht nicht immer realistisch. In manchen Fällen können politische oder historische Umstände – wie beispielsweise die Nachfolge eines verstorbenen Staates oder die Notwendigkeit einer schnellen Integration – eine Volksabstimmung erschweren oder sogar unpraktisch machen. In solchen Fällen könnte eine flexible Regelung, die auf die jeweiligen Umstände abgestimmt ist, sinnvoll sein, um sowohl die demokratische Legitimität als auch die politische Realität zu berücks",1.0,"Die generierte Antwort befürwortet Volksabstimmungen bei EU‑Beitritten, während die CDU/CSU klar ablehnt, dass das Grundgesetz eine solche Regelung vorsieht.",2.0,"Generated answer pushes for referendums on EU enlargement, a position not present in the original statement which describes existing accession procedures.",2.0,"Die generierte Antwort fordert verpflichtende Volksabstimmungen, während die SPD nur die Einhaltung von Rechtsstaatlichkeit betont und Referenden den Mitgliedstaaten überlässt – klare Positionsabweichung.",7.0,"Both call for referendums on EU enlargement, but the generated answer adds a nuanced, case‑by‑case approach not present in the original hardline demand.",7.0,"Both endorse EU‑Beitritts‑Referenden, aber die generierte Antwort fügt eine differenzierte, nicht‑absolut‑verbindliche Nuance hinzu."
3,Qwen/Qwen3-8B,qwen3-8b,CDU_CSU,EU24::28,"Urheberrechtlich geschützte Werke (z.B. Fotos, Musik, Literatur) sollen in der EU für nicht-kommerzielle Zwecke kostenlos verwendet werden dürfen.",selection,"**Position:**  
Ich unterstütze die These, dass urheberrechtlich geschützte Werke in der EU für nicht-kommerzielle Zwecke kostenlos verwendet werden dürfen.

**Begründung:**  
Die Freiheit, nicht-kommerzielle Werke zu nutzen, ist ein zentraler Aspekt der kulturellen und gesellschaftlichen Teilhabe. In einer digitalen Gesellschaft, in der Informationen und kreative Inhalte leicht zugänglich sind, ist es wichtig, dass Bürgerinnen und Bürger die Möglichkeit haben, Werke zu nutzen, ohne dafür eine Lizenz oder Gebühr zu zahlen – insbesondere wenn der Nutzen nicht wirtschaftlich motiviert ist.

Eine solche Regelung fördert Bildung, Forschung, kulturelle Teilhabe und die Weiterverbreitung von Wissen. Beispielsweise können Schulen, Bibliotheken, gemeinnützige Organisationen oder Künstler*innen aus der freien Nutzung von Werken profitieren, ohne dabei den Rechtsstatus der Urheber*innen zu verletzen. Gleichzeitig ist es entscheidend, dass die Rechte der Urheber*innen angemessen geschützt werden, um Anreize für kreative Produktion zu sichern.

Eine klare, einheitliche Regelung auf EU-Ebene könnte dazu beitragen, rechtliche Unsicherheiten zu reduzieren und den Schutz der Urheberrechte mit der Förderung der freien Nutzung von Werken in nicht-kommerziellen Kontexten zu balancieren. Dies würde sowohl die Interessen der Kreativen als auch die der Nutzer*innen stärker berücksichtigen und somit zu einer gerechteren und transparenteren Rechtsordnung in der EU führen.",1.0,"Die Antwort unterstützt kostenfreie, nicht‑kommerzielle Nutzung von urheberrechtlich geschützten Werken, die Partei hingegen betont, dass das Urheberrecht keine solche Unterscheidung vorsieht.",5.0,"Both endorse free non‑commercial use, but the original adds a mandatory blanket remuneration for creators, which the generated answer omits.",7.0,"Beide betonen kostenfreie nicht‑kommerzielle Nutzung, doch die SPD ergänzt einen Interessensausgleich bei kommerzieller Nutzung, was in der generierten Antwort fehlt.",5.0,"The generated text supports free non‑commercial use, matching the original’s desire for internet freedom, yet it omits the original emphasis on protecting copyright and opposing upload‑filters.",6.0,"Stimmt der Grundposition zu kostenlosem, nicht‑kommerziellem Gebrauch zu, erwähnt jedoch nicht die weitergehenden Reformen (Fair‑Use, Kürzung der Schutzfristen)."
3,Qwen/Qwen3-8B,qwen3-8b,CDU_CSU,EU24::30,"Das Erasmus+ Stipendium für Auslandsaufenthalte soll für Studierende, die über weniger finanzielle Mittel verfügen, höher sein.",selection,"**Position:**  
Ich unterstütze die Erhöhung des Erasmus+ Stipendiums für Studierende mit geringeren finanziellen Mitteln.

**Begründung:**  
Die Erhöhung des Erasmus+ Stipendiums für finanziell Schwache ist eine sachliche und gerechte Maßnahme, die den Zugang zu internationalen Studienaufenthalten für alle Studierenden fördert. Die Teilnahme an internationalen Austauschprogrammen bietet nicht nur wertvolle Bildungs- und Karrierechancen, sondern auch eine kulturelle und interkulturelle Entwicklung, die für die Gesellschaft als Ganzes von Vorteil ist.

Finanzielle Barrieren können Studierende mit geringeren Einkommen oder geringerem Vermögen davon abhalten, von diesen Chancen zu profitieren. Eine Erhöhung des Stipendiums würde dazu beitragen, die Teilhabe an solchen Programmen zu erhöhen und sozialen Ungleichheiten entgegenzuwirken. Zudem stärkt ein höheres Stipendium die Attraktivität des Programms für die Zielgruppe und fördert eine bessere Vernetzung zwischen verschiedenen Ländern und Hochschulen.

Die Erasmus+-Initiative ist ein zentrales Instrument der europäischen Bildungs- und Jugendpolitik, das die europäische Integration und den Austausch zwischen den Mitgliedsstaaten fördert. Eine faire Finanzierung ist daher nicht nur eine Frage der Gerechtigkeit, sondern auch eine strategische Investition in die Zukunft der europäischen Bildung und Zusammenarbeit.",9.0,Beide Positionen fordern eine höhere finanzielle Unterstützung von Erasmus+‑Stipendien für Studierende mit geringeren Mitteln; Argumentation ist weitgehend identisch.,7.0,"Generated answer supports higher stipends for low‑income students, matching the core demand, though it does not mention the broader programme expansion.",8.0,"Die generierte Antwort unterstützt die Erhöhung des Stipendiums für finanziell schwächere Studierende, was der SPD‑Position entspricht, obwohl Details zur unbürokratischen Finanzierung fehlen.",4.0,"While both refer to Erasmus+, the original only stresses non‑politicisation of scholarships; the generated answer advocates higher stipends, a policy not expressed by the party.",8.0,"Unterstützt klar die Erhöhung des Erasmus‑Stipendiums für finanziell Benachteiligte, was dem Original entspricht; geringfügige Detailabweichungen (Lehrende)."
3,Qwen/Qwen3-8B,qwen3-8b,CDU_CSU,EU24::31,Die EU soll Atomkraft weiterhin als nachhaltige Energiequelle einstufen.,selection,"**Position:**  
Die EU sollte Atomkraft weiterhin als nachhaltige Energiequelle einstufen, jedoch unter strengen Sicherheitsstandards, transparenter Regulierung und klarem Klimaschutzziel.

**Begründung:**  
Die Atomkraft kann aufgrund ihrer geringen CO₂-Emissionen während des Betriebs als eine Option zur Reduktion der Treibhausgasemissionen und zur Sicherstellung der Energieversorgungssicherheit angesehen werden. Im Kontext der Klimakrise und der Notwendigkeit, die CO₂-Emissionen bis 2050 auf Null zu senken, kann Atomkraft in einer ausgewogenen Energiepolitik eine Rolle spielen, insbesondere in Ländern, die auf fossile Brennstoffe angewiesen sind oder eine schnelle Dekarbonisierung benötigen.

Allerdings ist eine Weiterhin-Bezeichnung als „nachhaltig“ nur dann sachlich gerechtfertigt, wenn die Risiken und Nachteile der Atomkraft vollständig berücksichtigt werden. Dazu gehören die Risiken von Kernunfällen, die Endlagerung von Hochradioaktivem Abfall, die hohen Investitionskosten sowie die potenzielle militärische Nutzung von Uran. Eine nachhaltige Energiepolitik muss daher nicht nur auf die Umweltwirkungen, sondern auch auf soziale, ökonomische und Sicherheitsaspekte abstellen.

Zudem ist eine klare Trennung zwischen „nachhaltiger“ und „nicht nachhaltiger“ Energiequelle notwendig, um politische Entscheidungen transparent und verantwortungsvoll zu gestalten. Die EU sollte daher eine differenzierte Haltung anstreben: Atomkraft als eine mögliche, aber begrenzte Option in einer breiteren Palette erneuerbarer und klimafreundlicher Energiequellen, unter strengen Sicherheits- und Umweltstandards, sowie unter der Voraussetzung, dass alternative, klimafreundliche Technologien wie Wind- und Solarenergie weiterentwickelt und ausgebaut werden.

Insgesamt ist eine sachliche und kritische Bewertung der Atomkraft notwendig, um eine nachhaltige und sichere Energiezukunft für die",8.0,Die Partei unterstützt Kernenergie als Teil des Energiemixes und will die Taxonomie weiterentwickeln; die Antwort bejaht die Einstufung als nachhaltig unter Bedingungen – sehr ähnliche Haltung.,1.0,"Generated answer advocates classifying nuclear power as sustainable, directly contradicting the original stance that rejects nuclear as sustainable.",1.0,"Die SPD lehnt die Einstufung von Atomkraft als nachhaltig ab, während die generierte Antwort genau das befürwortet – diametral entgegengesetzte Positionen.",7.0,Both are pro‑nuclear and label it sustainable; the generated response adds conditions on safety and regulation that the original statement does not mention.,1.0,"Entgegengesetzte Position: Original lehnt Atomkraft als nachhaltig ab, generierte Antwort befürwortet sie."
3,Qwen/Qwen3-8B,qwen3-8b,CDU_CSU,EU24::33,Die Beteiligung außereuropäischer Investoren an Unternehmen im Bereich kritischer Infrastruktur soll in der EU stärker beschränkt werden.,selection,"**Position:**  
Die Beteiligung außereuropäischer Investoren an Unternehmen im Bereich kritischer Infrastruktur sollte in der EU sorgfältig reguliert werden, um die nationale Sicherheit und die strategische Autonomie der EU zu schützen. Gleichzeitig sollte eine pauschale oder übermäßige Beschränkung vermieden werden, um wirtschaftliche Wettbewerbsfähigkeit und Investitionen zu fördern.

**Begründung:**  
Die Sicherheit kritischer Infrastrukturen, wie Energieversorgung, Verkehr, Kommunikation und Gesundheitswesen, ist ein zentraler Aspekt der nationalen und europäischen Sicherheit. Eine zunehmende Auslagerung dieser Sektoren an ausländische Investoren, insbesondere aus Ländern mit fragwürdigen politischen Systemen oder Sicherheitsinteressen, kann Risiken für die Souveränität und die Resilienz der EU darstellen. Insbesondere bei strategisch wichtigen Unternehmen besteht das Risiko, dass ausländische Akteure Einfluss auf die Entscheidungsfindung oder die Infrastruktur ausüben können, der die Interessen der EU widersprechen.

Daher ist eine sorgfältige Risikobewertung und eine klare Regulierung notwendig, um Investoren zu identifizieren, die aufgrund ihrer Herkunft oder ihres Verhaltens potenzielle Risiken darstellen. Dazu können Maßnahmen wie eine Verpflichtung zur Offenlegung von Investoren, eine Prüfung der Sicherheitsrisiken sowie eine klare Vorrangregelung für europäische Investoren gehören.

Gleichzeitig ist es wichtig, die Wettbewerbsfähigkeit der EU nicht zu gefährden. Eine zu starke Beschränkung könnte Investoren abschrecken und die Entwicklung innovativer Unternehmen behindern. Daher sollte die Regulierung auf ein Maß beschränkt bleiben, das den Schutz der Sicherheit gewährleistet, ohne die wirtschaftliche Entwicklung zu behindern. Eine differenzierte und transparente Herangehensweise, die auf Risikobewertung basiert, wäre daher am angemessensten.",8.0,"Die CDU/CSU spricht von notwendiger Prüfung geopolitischer Risiken bei außereuropäischen Direktinvestitionen, die Antwort fordert regulierte, aber nicht pauschale Beschränkungen – beide betonen Risiko‑Prüfung bei gleichzeitigem Offenheits‑Prinzip.",4.0,"Both call for regulation of foreign investors in critical infrastructure, but the original calls for strong restrictions, while the generated answer calls for a balanced, less restrictive approach.",9.0,"Beide Aussagen plädieren für eine sorgfältige Prüfung aus Sicherheitsgründen, lehnen jedoch pauschale Beschränkungen ab und berücksichtigen wirtschaftliche Aspekte.",6.0,"Both stress limiting foreign control over critical infrastructure, but the generated answer calls for a balanced regulation, whereas the original is an unequivocal call for self‑determination.",2.0,"Original fordert starke Beschränkungen und öffentliche Übernahmen, die Antwort plädiert nur für regulierte Beschränkungen und warnt vor zu strengen Maßnahmen."
3,Qwen/Qwen3-8B,qwen3-8b,CDU_CSU,EU24::34,Der Präsident bzw. die Präsidentin der Europäischen Kommission soll von den Bürgerinnen und Bürgern direkt gewählt werden.,selection,"**Position:**  
Die direkte Wahl des Präsidenten oder der Präsidentin der Europäischen Kommission durch die Bürgerinnen und Bürger der EU ist eine sinnvolle Reform, die die Demokratie der Europäischen Union stärkt und die Rechenschaftspflicht der Kommission erhöht.

**Begründung:**  
Die direkte Wahl des Kommissionspräsidenten durch die EU-Bürgerinnen und Bürger würde die demokratische Legitimität der Europäischen Union auf eine neue Ebene heben. Derzeit wird der Kommissionspräsident durch den Europäischen Rat, also die Regierungen der Mitgliedstaaten, ernannt. Dieses System ist zwar in der Verfassung der EU geregelt, wird aber oft als zu abgefedert oder sogar als politisch manipulierbar kritisiert. Eine direkte Wahl durch die EU-Bürgerinnen und Bürger würde die Kommission stärker an die Interessen der Bürgerinnen und Bürger binden und ihre politische Verantwortung deutlicher machen.

Zudem würde eine direkte Wahl die Transparenz und Rechenschaftspflicht der Kommission erhöhen. Die Wählerinnen und Wähler könnten direkt auf die politischen Prioritäten der Kommission Einfluss nehmen, was die demokratische Teilhabe der EU-Bürgerinnen und Bürger stärkt. Dies könnte auch dazu beitragen, die politische Legitimität der EU insgesamt zu steigern, insbesondere in Zeiten, in denen die Unterstützung für die EU in einigen Mitgliedstaaten schwankt.

Eine solche Reform müsste jedoch sorgfältig gestaltet werden, um sicherzustellen, dass sie nicht zu einer Übermacht einzelner politischer Parteien oder zu einer Verzerrung der Stimmenverteilung führt. Zudem müsste sie mit der bestehenden Verfassung der EU abgestimmt werden, um rechtliche und institutionelle Herausforderungen zu vermeiden.

Insgesamt ist die direkte Wahl des Kommissionspräsidenten ein Schritt in Richtung einer stärkeren demokratischen Legitimität der EU, der sowohl politische als auch institutionelle Herausforderungen mit sich bringt, aber auch das Potenzial hat, die Vertrauensbasis",1.0,"Die generierte Antwort fordert eine direkte Wahl des Kommissionspräsidenten, während die Partei das aktuelle System über das Europäische Parlament befürwortet.",2.0,"Original proposes an EP‑based Spitzenkandidat process; the generated answer calls for direct citizen election, a fundamentally different mechanism.",2.0,"Die SPD unterstützt das Spitzenkandidatenprinzip, nicht eine Direktwahl; die generierte Antwort fordert jedoch eine Direktwahl – stark abweichend.",9.0,The generated answer mirrors the party’s support for direct elections of the Commission President and uses similar arguments about avoiding back‑room deals and enhancing democracy.,3.0,"Beide kritisieren das aktuelle Auswahlverfahren, aber das Original will Wahl durch die Volksvertretung, die Antwort fordert direkte Volkswahl – unterschiedliche institutionelle Lösung."
3,Qwen/Qwen3-8B,qwen3-8b,CDU_CSU,EU24::36,Asylbewerberinnen und -bewerber sollen ihren Antrag vor Überschreiten der EU-Außengrenze stellen müssen und dort auf das Ergebnis warten.,selection,"**Position:**  
Die Forderung, Asylbewerberinnen und Asylbewerber ihren Antrag vor Überschreiten der EU-Außengrenze stellen zu müssen und dort auf das Ergebnis warten zu müssen, ist aus mehreren Gründen kritisch zu bewerten. Eine solche Regelung würde die Menschenrechte verletzen, die internationale Verpflichtungen der EU verletzen und die Sicherheit der Grenzregionen gefährden.

**Begründung:**

1. **Menschenrechtliche Grundlagen:**  
   Die internationale Rechtsordnung, insbesondere das Übereinkommen über die Rechte der Menschen auf Asyl (1951) und die Europäische Konvention für Menschenrechte, schützen Asylsuchende vor Abschiebung und garantieren ihnen das Recht auf Asyl. Eine Voraussetzung für den Asylantrag ist, dass der Antragsteller in der EU ist, um eine angemessene Prüfung seiner Asylberechtigung durchzuführen. Eine Regelung, die Asylsuchende an der Grenze verpflichtet, den Antrag zu stellen, würde dies untergraben und könnte zu einer systematischen Verletzung ihrer Grundrechte führen.

2. **Verletzung der EU-Verpflichtungen:**  
   Die EU ist verpflichtet, den Schutz von Asylsuchenden zu gewährleisten und die Grenzen der EU nicht willkürlich zu schließen. Die Verpflichtung, Asylbewerberinnen und Asylbewerber an der Grenze zu verpflichten, den Antrag zu stellen, würde gegen die EU-Asylrichtlinien und die Verpflichtungen aus dem Dublin-Vertrag verstoßen. Dies könnte auch zu rechtlichen Konsequenzen für die EU führen, insbesondere gegenüber internationalen Institutionen wie der UNO oder dem Europäischen Gerichtshof für Menschenrechte.

3. **Praktische und Sicherheitsrisiken:**  
   Eine solche Regelung würde Asylsuchende in einer unsicheren und oft gefährlichen Situation zurücklassen. Viele Asylbewerberinnen und Asylbewerber sind aufgrund von Fluchtbedingungen, wie Krieg, Verfolgung oder politischer Repression, bereits in einer",1.0,"Die Antwort kritisiert das Prinzip, Asylbewerber vor dem Grenzübertritt zu verfahren, während die Partei das Verfahren in sicheren Drittstaaten ausdrücklich unterstützt.",9.0,"Both reject the idea of requiring asylum seekers to apply before crossing EU borders, emphasizing human rights and legal obligations.",9.0,"Die generierte Antwort lehnt das Vorziehen von Anträgen vor der EU‑Außengrenze ab und betont Menschenrechte, was mit der SPD‑Stellung zur Ablehnung solcher Verfahren übereinstimmt.",1.0,"The generated response rejects the proposal and highlights human‑rights concerns, directly opposing the party’s strict‑border, third‑country asylum procedure stance.",9.0,Klare Übereinstimmung in Ablehnung der Asylverfahren außerhalb der EU und ähnlicher menschenrechtlicher Argumentation.
